;FLAVOR:RepRap
;TIME:1060
;Filament used: 1.853m
;Layer height: 0.15
;MINX:-17.003
;MINY:-44.416
;MINZ:0.4
;MAXX:16.997
;MAXY:15.084
;MAXZ:7.45
;POSTPROCESSED
;Generated with Cura_SteamEngine 4.13.1
T0
M190 S80
M104 S235
M109 S235
M82 ;absolute extrusion mode
G28 ;Home
G1 Z15.0 F6000 ;Move the platform down 15mm
;Prime the extruder
G92 E0
G1 F200 E3
G92 E0
M83 ;relative extrusion mode
G1 F1500 E-6.5
;LAYER_COUNT:48
;LAYER:0
M107 P1
M204 T5000
M566 X1800 Y1800
G0 F3600 X7.247 Y15.084 Z0.4
M204 P3000
M566 X1200 Y1200
;TYPE:SKIRT
G1 F1500 E6.5
G1 F3000 X-7.253 Y15.084 E1.20568
G1 X-8.135 Y15.044 E0.07341
G1 X-9.01 Y14.924 E0.07344
G1 X-9.87 Y14.726 E0.07338
G1 X-10.709 Y14.451 E0.07342
G1 X-11.52 Y14.101 E0.07345
G1 X-12.295 Y13.679 E0.07338
G1 X-13.03 Y13.188 E0.0735
G1 X-13.717 Y12.634 E0.07338
G1 X-14.35 Y12.019 E0.07339
G1 X-14.926 Y11.35 E0.07341
G1 X-15.439 Y10.631 E0.07344
G1 X-15.884 Y9.868 E0.07345
G1 X-16.259 Y9.069 E0.07339
G1 X-16.56 Y8.239 E0.07341
G1 X-16.785 Y7.385 E0.07343
G1 X-16.931 Y6.514 E0.07343
G1 X-17.003 Y5.334 E0.0983
G1 X-17.003 Y-34.666 E3.32601
G1 X-16.963 Y-35.548 E0.07341
G1 X-16.843 Y-36.423 E0.07344
G1 X-16.645 Y-37.283 E0.07338
G1 X-16.37 Y-38.122 E0.07342
G1 X-16.02 Y-38.933 E0.07345
G1 X-15.598 Y-39.708 E0.07338
G1 X-15.107 Y-40.443 E0.0735
G1 X-14.553 Y-41.13 E0.07338
G1 X-13.938 Y-41.763 E0.07339
G1 X-13.269 Y-42.339 E0.07341
G1 X-12.55 Y-42.852 E0.07344
G1 X-11.787 Y-43.297 E0.07345
G1 X-10.988 Y-43.672 E0.07339
G1 X-10.158 Y-43.973 E0.07341
G1 X-9.304 Y-44.198 E0.07343
G1 X-8.433 Y-44.344 E0.07343
G1 X-7.253 Y-44.416 E0.0983
G1 X7.247 Y-44.416 E1.20568
G1 X8.129 Y-44.376 E0.07341
G1 X9.004 Y-44.256 E0.07344
G1 X9.864 Y-44.058 E0.07338
G1 X10.703 Y-43.783 E0.07342
G1 X11.514 Y-43.433 E0.07345
G1 X12.289 Y-43.011 E0.07338
G1 X13.024 Y-42.52 E0.0735
G1 X13.711 Y-41.966 E0.07338
G1 X14.344 Y-41.351 E0.07339
G1 X14.92 Y-40.682 E0.07341
G1 X15.433 Y-39.963 E0.07344
G1 X15.878 Y-39.2 E0.07345
G1 X16.253 Y-38.401 E0.07339
G1 X16.554 Y-37.571 E0.07341
G1 X16.779 Y-36.717 E0.07343
G1 X16.925 Y-35.846 E0.07343
G1 X16.997 Y-34.666 E0.0983
G1 X16.997 Y5.334 E3.32601
G1 X16.957 Y6.216 E0.07341
G1 X16.837 Y7.091 E0.07344
G1 X16.639 Y7.951 E0.07338
G1 X16.364 Y8.79 E0.07342
G1 X16.014 Y9.601 E0.07345
G1 X15.592 Y10.376 E0.07338
G1 X15.101 Y11.111 E0.0735
G1 X14.547 Y11.798 E0.07338
G1 X13.932 Y12.431 E0.07339
G1 X13.263 Y13.007 E0.07341
G1 X12.544 Y13.52 E0.07344
G1 X11.781 Y13.965 E0.07345
G1 X10.982 Y14.34 E0.07339
G1 X10.152 Y14.641 E0.07341
G1 X9.298 Y14.866 E0.07343
G1 X8.427 Y15.012 E0.07343
G1 X7.247 Y15.084 E0.0983
M566 X1800 Y1800
G0 F3600 X7.247 Y14.584
M566 X1200 Y1200
G1 F3000 X-7.253 Y14.584 E1.20568
G1 X-8.112 Y14.544 E0.0715
G1 X-8.964 Y14.424 E0.07154
G1 X-9.801 Y14.226 E0.07152
G1 X-10.615 Y13.951 E0.07144
G1 X-11.401 Y13.602 E0.07151
G1 X-12.151 Y13.181 E0.07152
G1 X-12.859 Y12.692 E0.07155
G1 X-13.518 Y12.14 E0.07148
G1 X-14.123 Y11.528 E0.07156
G1 X-14.668 Y10.863 E0.07149
G1 X-15.15 Y10.151 E0.07149
G1 X-15.563 Y9.397 E0.07148
G1 X-15.904 Y8.607 E0.07155
G1 X-16.171 Y7.79 E0.07147
G1 X-16.361 Y6.951 E0.07153
G1 X-16.471 Y6.098 E0.07151
G1 X-16.503 Y5.334 E0.06358
G1 X-16.503 Y-34.666 E3.32601
G1 X-16.463 Y-35.525 E0.0715
G1 X-16.343 Y-36.377 E0.07154
G1 X-16.145 Y-37.214 E0.07152
G1 X-15.87 Y-38.028 E0.07144
G1 X-15.521 Y-38.814 E0.07151
G1 X-15.1 Y-39.564 E0.07152
G1 X-14.611 Y-40.272 E0.07155
G1 X-14.059 Y-40.931 E0.07148
G1 X-13.447 Y-41.536 E0.07156
G1 X-12.782 Y-42.081 E0.07149
G1 X-12.07 Y-42.563 E0.07149
G1 X-11.316 Y-42.976 E0.07148
G1 X-10.526 Y-43.317 E0.07155
G1 X-9.709 Y-43.584 E0.07147
G1 X-8.87 Y-43.774 E0.07153
G1 X-8.017 Y-43.884 E0.07151
G1 X-7.253 Y-43.916 E0.06358
G1 X7.247 Y-43.916 E1.20568
G1 X8.106 Y-43.876 E0.0715
G1 X8.958 Y-43.756 E0.07154
G1 X9.795 Y-43.558 E0.07152
G1 X10.609 Y-43.283 E0.07144
G1 X11.395 Y-42.934 E0.07151
G1 X12.145 Y-42.513 E0.07152
G1 X12.853 Y-42.024 E0.07155
G1 X13.512 Y-41.472 E0.07148
G1 X14.117 Y-40.86 E0.07156
G1 X14.662 Y-40.195 E0.07149
G1 X15.144 Y-39.483 E0.07149
G1 X15.557 Y-38.729 E0.07148
G1 X15.898 Y-37.939 E0.07155
G1 X16.165 Y-37.122 E0.07147
G1 X16.355 Y-36.283 E0.07153
G1 X16.465 Y-35.43 E0.07151
G1 X16.497 Y-34.666 E0.06358
G1 X16.497 Y5.334 E3.32601
G1 X16.457 Y6.193 E0.0715
G1 X16.337 Y7.045 E0.07154
G1 X16.139 Y7.882 E0.07152
G1 X15.864 Y8.696 E0.07144
G1 X15.515 Y9.482 E0.07151
G1 X15.094 Y10.232 E0.07152
G1 X14.605 Y10.94 E0.07155
G1 X14.053 Y11.599 E0.07148
G1 X13.441 Y12.204 E0.07156
G1 X12.776 Y12.749 E0.07149
G1 X12.064 Y13.231 E0.07149
G1 X11.31 Y13.644 E0.07148
G1 X10.52 Y13.985 E0.07155
G1 X9.703 Y14.252 E0.07147
G1 X8.864 Y14.442 E0.07153
G1 X8.011 Y14.552 E0.07151
G1 X7.247 Y14.584 E0.06358
M566 X1800 Y1800
G0 F3600 X7.247 Y14.084
M566 X1200 Y1200
G1 F3000 X-7.253 Y14.084 E1.20568
G1 X-8.088 Y14.044 E0.06951
G1 X-8.916 Y13.924 E0.06957
G1 X-9.729 Y13.726 E0.06958
G1 X-10.519 Y13.452 E0.06953
G1 X-11.279 Y13.103 E0.06954
G1 X-12.002 Y12.683 E0.06953
G1 X-12.682 Y12.196 E0.06955
G1 X-13.313 Y11.646 E0.0696
G1 X-13.888 Y11.039 E0.06952
G1 X-14.402 Y10.379 E0.06956
G1 X-14.851 Y9.673 E0.06957
G1 X-15.231 Y8.928 E0.06954
G1 X-15.538 Y8.15 E0.06955
G1 X-15.769 Y7.346 E0.06956
G1 X-15.922 Y6.524 E0.06952
G1 X-16.003 Y5.334 E0.09918
G1 X-16.003 Y-34.666 E3.32601
G1 X-15.963 Y-35.501 E0.06951
G1 X-15.843 Y-36.329 E0.06957
G1 X-15.645 Y-37.142 E0.06958
G1 X-15.371 Y-37.932 E0.06953
G1 X-15.022 Y-38.692 E0.06954
G1 X-14.602 Y-39.415 E0.06953
G1 X-14.115 Y-40.095 E0.06955
G1 X-13.565 Y-40.726 E0.0696
G1 X-12.958 Y-41.301 E0.06952
G1 X-12.298 Y-41.815 E0.06956
G1 X-11.592 Y-42.264 E0.06957
G1 X-10.847 Y-42.644 E0.06954
G1 X-10.069 Y-42.951 E0.06955
G1 X-9.265 Y-43.182 E0.06956
G1 X-8.443 Y-43.335 E0.06952
G1 X-7.253 Y-43.416 E0.09918
G1 X7.247 Y-43.416 E1.20568
G1 X8.082 Y-43.376 E0.06951
G1 X8.91 Y-43.256 E0.06957
G1 X9.723 Y-43.058 E0.06958
G1 X10.513 Y-42.784 E0.06953
G1 X11.273 Y-42.435 E0.06954
G1 X11.996 Y-42.015 E0.06953
G1 X12.676 Y-41.528 E0.06955
G1 X13.307 Y-40.978 E0.0696
G1 X13.882 Y-40.371 E0.06952
G1 X14.396 Y-39.711 E0.06956
G1 X14.845 Y-39.005 E0.06957
G1 X15.225 Y-38.26 E0.06954
G1 X15.532 Y-37.482 E0.06955
G1 X15.763 Y-36.678 E0.06956
G1 X15.916 Y-35.856 E0.06952
G1 X15.997 Y-34.666 E0.09918
G1 X15.997 Y5.334 E3.32601
G1 X15.957 Y6.169 E0.06951
G1 X15.837 Y6.997 E0.06957
G1 X15.639 Y7.81 E0.06958
G1 X15.365 Y8.6 E0.06953
G1 X15.016 Y9.36 E0.06954
G1 X14.596 Y10.083 E0.06953
G1 X14.109 Y10.763 E0.06955
G1 X13.559 Y11.394 E0.0696
G1 X12.952 Y11.969 E0.06952
G1 X12.292 Y12.483 E0.06956
G1 X11.586 Y12.932 E0.06957
G1 X10.841 Y13.312 E0.06954
G1 X10.063 Y13.619 E0.06955
G1 X9.259 Y13.85 E0.06956
G1 X8.437 Y14.003 E0.06952
G1 X7.247 Y14.084 E0.09918
M566 X1800 Y1800
G0 F3600 X7.247 Y13.584
M566 X1200 Y1200
G1 F3000 X-7.253 Y13.584 E1.20568
G1 X-8.064 Y13.544 E0.06752
G1 X-8.867 Y13.424 E0.06751
G1 X-9.655 Y13.227 E0.06754
G1 X-10.42 Y12.952 E0.0676
G1 X-11.153 Y12.604 E0.06747
G1 X-11.849 Y12.185 E0.06755
G1 X-12.5 Y11.7 E0.0675
G1 X-13.101 Y11.153 E0.06757
G1 X-13.645 Y10.55 E0.06753
G1 X-14.127 Y9.896 E0.06755
G1 X-14.542 Y9.198 E0.06752
G1 X-14.887 Y8.463 E0.06751
G1 X-15.157 Y7.697 E0.06753
G1 X-15.351 Y6.909 E0.06748
G1 X-15.467 Y6.105 E0.06755
G1 X-15.503 Y5.334 E0.06418
G1 X-15.503 Y-34.666 E3.32601
G1 X-15.463 Y-35.477 E0.06752
G1 X-15.343 Y-36.28 E0.06751
G1 X-15.146 Y-37.068 E0.06754
G1 X-14.871 Y-37.833 E0.0676
G1 X-14.523 Y-38.566 E0.06747
G1 X-14.104 Y-39.262 E0.06755
G1 X-13.619 Y-39.913 E0.0675
G1 X-13.072 Y-40.514 E0.06757
G1 X-12.469 Y-41.058 E0.06753
G1 X-11.815 Y-41.54 E0.06755
G1 X-11.117 Y-41.955 E0.06752
G1 X-10.382 Y-42.3 E0.06751
G1 X-9.616 Y-42.57 E0.06753
G1 X-8.828 Y-42.764 E0.06748
G1 X-8.024 Y-42.88 E0.06755
G1 X-7.253 Y-42.916 E0.06418
G1 X7.247 Y-42.916 E1.20568
G1 X8.058 Y-42.876 E0.06752
G1 X8.861 Y-42.756 E0.06751
G1 X9.649 Y-42.559 E0.06754
G1 X10.414 Y-42.284 E0.0676
G1 X11.147 Y-41.936 E0.06747
G1 X11.843 Y-41.517 E0.06755
G1 X12.494 Y-41.032 E0.0675
G1 X13.095 Y-40.485 E0.06757
G1 X13.639 Y-39.882 E0.06753
G1 X14.121 Y-39.228 E0.06755
G1 X14.536 Y-38.53 E0.06752
G1 X14.881 Y-37.795 E0.06751
G1 X15.151 Y-37.029 E0.06753
G1 X15.345 Y-36.241 E0.06748
G1 X15.461 Y-35.437 E0.06755
G1 X15.497 Y-34.666 E0.06418
G1 X15.497 Y5.334 E3.32601
G1 X15.457 Y6.145 E0.06752
G1 X15.337 Y6.948 E0.06751
G1 X15.14 Y7.736 E0.06754
G1 X14.865 Y8.501 E0.0676
G1 X14.517 Y9.234 E0.06747
G1 X14.098 Y9.93 E0.06755
G1 X13.613 Y10.581 E0.0675
G1 X13.066 Y11.182 E0.06757
G1 X12.463 Y11.726 E0.06753
G1 X11.809 Y12.208 E0.06755
G1 X11.111 Y12.623 E0.06752
G1 X10.376 Y12.968 E0.06751
G1 X9.61 Y13.238 E0.06753
G1 X8.822 Y13.432 E0.06748
G1 X8.018 Y13.548 E0.06755
G1 X7.247 Y13.584 E0.06418
M566 X1800 Y1800
G0 F3600 X7.247 Y13.084
M566 X1200 Y1200
G1 F3000 X-7.253 Y13.084 E1.20568
G1 X-8.039 Y13.044 E0.06544
G1 X-8.817 Y12.925 E0.06544
G1 X-9.579 Y12.727 E0.06546
G1 X-10.317 Y12.453 E0.06546
G1 X-11.023 Y12.105 E0.06545
G1 X-11.691 Y11.688 E0.06548
G1 X-12.312 Y11.205 E0.06542
G1 X-12.882 Y10.661 E0.06552
G1 X-13.393 Y10.063 E0.06541
G1 X-13.841 Y9.416 E0.06544
G1 X-14.221 Y8.726 E0.0655
G1 X-14.529 Y8.002 E0.06542
G1 X-14.762 Y7.25 E0.06546
G1 X-14.918 Y6.479 E0.06541
G1 X-15.003 Y5.334 E0.09547
G1 X-15.003 Y-34.666 E3.32601
G1 X-14.963 Y-35.452 E0.06544
G1 X-14.844 Y-36.23 E0.06544
G1 X-14.646 Y-36.992 E0.06546
G1 X-14.372 Y-37.73 E0.06546
G1 X-14.024 Y-38.436 E0.06545
G1 X-13.607 Y-39.104 E0.06548
G1 X-13.124 Y-39.725 E0.06542
G1 X-12.58 Y-40.295 E0.06552
G1 X-11.982 Y-40.806 E0.06541
G1 X-11.335 Y-41.254 E0.06544
G1 X-10.645 Y-41.634 E0.0655
G1 X-9.921 Y-41.942 E0.06542
G1 X-9.169 Y-42.175 E0.06546
G1 X-8.398 Y-42.331 E0.06541
G1 X-7.253 Y-42.416 E0.09547
G1 X7.247 Y-42.416 E1.20568
G1 X8.033 Y-42.376 E0.06544
G1 X8.811 Y-42.257 E0.06544
G1 X9.573 Y-42.059 E0.06546
G1 X10.311 Y-41.785 E0.06546
G1 X11.017 Y-41.437 E0.06545
G1 X11.685 Y-41.02 E0.06548
G1 X12.306 Y-40.537 E0.06542
G1 X12.876 Y-39.993 E0.06552
G1 X13.387 Y-39.395 E0.06541
G1 X13.835 Y-38.748 E0.06544
G1 X14.215 Y-38.058 E0.0655
G1 X14.523 Y-37.334 E0.06542
G1 X14.756 Y-36.582 E0.06546
G1 X14.912 Y-35.811 E0.06541
G1 X14.997 Y-34.666 E0.09547
G1 X14.997 Y5.334 E3.32601
G1 X14.957 Y6.12 E0.06544
G1 X14.838 Y6.898 E0.06544
G1 X14.64 Y7.66 E0.06546
G1 X14.366 Y8.398 E0.06546
G1 X14.018 Y9.104 E0.06545
G1 X13.601 Y9.772 E0.06548
G1 X13.118 Y10.393 E0.06542
G1 X12.574 Y10.963 E0.06552
G1 X11.976 Y11.474 E0.06541
G1 X11.329 Y11.922 E0.06544
G1 X10.639 Y12.302 E0.0655
G1 X9.915 Y12.61 E0.06542
G1 X9.163 Y12.843 E0.06546
G1 X8.392 Y12.999 E0.06541
G1 X7.247 Y13.084 E0.09547
M566 X1800 Y1800
G0 F3600 X7.247 Y12.584
M566 X1200 Y1200
G1 F3000 X-7.253 Y12.584 E1.20568
G1 X-8.013 Y12.544 E0.06328
G1 X-8.765 Y12.425 E0.06331
G1 X-9.5 Y12.227 E0.06329
G1 X-10.211 Y11.953 E0.06336
G1 X-10.889 Y11.607 E0.06329
G1 X-11.526 Y11.191 E0.06326
G1 X-12.117 Y10.71 E0.06336
G1 X-12.654 Y10.171 E0.06326
G1 X-13.131 Y9.578 E0.06328
G1 X-13.544 Y8.938 E0.06333
G1 X-13.887 Y8.258 E0.06333
G1 X-14.157 Y7.546 E0.06332
G1 X-14.351 Y6.81 E0.06329
G1 X-14.467 Y6.058 E0.06327
G1 X-14.503 Y5.334 E0.06028
G1 X-14.503 Y-34.666 E3.32601
G1 X-14.463 Y-35.426 E0.06328
G1 X-14.344 Y-36.178 E0.06331
G1 X-14.146 Y-36.913 E0.06329
G1 X-13.872 Y-37.624 E0.06336
G1 X-13.526 Y-38.302 E0.06329
G1 X-13.11 Y-38.939 E0.06326
G1 X-12.629 Y-39.53 E0.06336
G1 X-12.09 Y-40.067 E0.06326
G1 X-11.497 Y-40.544 E0.06328
G1 X-10.857 Y-40.957 E0.06333
G1 X-10.177 Y-41.3 E0.06333
G1 X-9.465 Y-41.57 E0.06332
G1 X-8.729 Y-41.764 E0.06329
G1 X-7.977 Y-41.88 E0.06327
G1 X-7.253 Y-41.916 E0.06028
G1 X7.247 Y-41.916 E1.20568
G1 X8.007 Y-41.876 E0.06328
G1 X8.759 Y-41.757 E0.06331
G1 X9.494 Y-41.559 E0.06329
G1 X10.205 Y-41.285 E0.06336
G1 X10.883 Y-40.939 E0.06329
G1 X11.52 Y-40.523 E0.06326
G1 X12.111 Y-40.042 E0.06336
G1 X12.648 Y-39.503 E0.06326
G1 X13.125 Y-38.91 E0.06328
G1 X13.538 Y-38.27 E0.06333
G1 X13.881 Y-37.59 E0.06333
G1 X14.151 Y-36.878 E0.06332
G1 X14.345 Y-36.142 E0.06329
G1 X14.461 Y-35.39 E0.06327
G1 X14.497 Y-34.666 E0.06028
G1 X14.497 Y5.334 E3.32601
G1 X14.457 Y6.094 E0.06328
G1 X14.338 Y6.846 E0.06331
G1 X14.14 Y7.581 E0.06329
G1 X13.866 Y8.292 E0.06336
G1 X13.52 Y8.97 E0.06329
G1 X13.104 Y9.607 E0.06326
G1 X12.623 Y10.198 E0.06336
G1 X12.084 Y10.735 E0.06326
G1 X11.491 Y11.212 E0.06328
G1 X10.851 Y11.625 E0.06333
G1 X10.171 Y11.968 E0.06333
G1 X9.459 Y12.238 E0.06332
G1 X8.723 Y12.432 E0.06329
G1 X7.971 Y12.548 E0.06327
G1 X7.247 Y12.584 E0.06028
M566 X1800 Y1800
G0 F3600 X7.247 Y12.084
M566 X1200 Y1200
G1 F3000 X-7.253 Y12.084 E1.20568
G1 X-7.986 Y12.044 E0.06104
G1 X-8.711 Y11.925 E0.06109
G1 X-9.419 Y11.727 E0.06113
G1 X-10.101 Y11.454 E0.06108
G1 X-10.749 Y11.108 E0.06108
G1 X-11.356 Y10.694 E0.06109
G1 X-11.914 Y10.217 E0.06104
G1 X-12.417 Y9.681 E0.06112
G1 X-12.859 Y9.094 E0.0611
G1 X-13.234 Y8.463 E0.06103
G1 X-13.539 Y7.795 E0.06106
G1 X-13.769 Y7.097 E0.06111
G1 X-13.922 Y6.378 E0.06112
G1 X-14.003 Y5.334 E0.08707
G1 X-14.003 Y-34.666 E3.32601
G1 X-13.963 Y-35.399 E0.06104
G1 X-13.844 Y-36.124 E0.06109
G1 X-13.646 Y-36.832 E0.06113
G1 X-13.373 Y-37.514 E0.06108
G1 X-13.027 Y-38.162 E0.06108
G1 X-12.613 Y-38.769 E0.06109
G1 X-12.136 Y-39.327 E0.06104
G1 X-11.6 Y-39.83 E0.06112
G1 X-11.013 Y-40.272 E0.0611
G1 X-10.382 Y-40.647 E0.06103
G1 X-9.714 Y-40.952 E0.06106
G1 X-9.016 Y-41.182 E0.06111
G1 X-8.297 Y-41.335 E0.06112
G1 X-7.253 Y-41.416 E0.08707
G1 X7.247 Y-41.416 E1.20568
G1 X7.98 Y-41.376 E0.06104
G1 X8.705 Y-41.257 E0.06109
G1 X9.413 Y-41.059 E0.06113
G1 X10.095 Y-40.786 E0.06108
G1 X10.743 Y-40.44 E0.06108
G1 X11.35 Y-40.026 E0.06109
G1 X11.908 Y-39.549 E0.06104
G1 X12.411 Y-39.013 E0.06112
G1 X12.853 Y-38.426 E0.0611
G1 X13.228 Y-37.795 E0.06103
G1 X13.533 Y-37.127 E0.06106
G1 X13.763 Y-36.429 E0.06111
G1 X13.916 Y-35.71 E0.06112
G1 X13.997 Y-34.666 E0.08707
G1 X13.997 Y5.334 E3.32601
G1 X13.957 Y6.067 E0.06104
G1 X13.838 Y6.792 E0.06109
G1 X13.64 Y7.5 E0.06113
G1 X13.367 Y8.182 E0.06108
G1 X13.021 Y8.83 E0.06108
G1 X12.607 Y9.437 E0.06109
G1 X12.13 Y9.995 E0.06104
G1 X11.594 Y10.498 E0.06112
G1 X11.007 Y10.94 E0.0611
G1 X10.376 Y11.315 E0.06103
G1 X9.708 Y11.62 E0.06106
G1 X9.01 Y11.85 E0.06111
G1 X8.291 Y12.003 E0.06112
G1 X7.247 Y12.084 E0.08707
M566 X1800 Y1800
G0 F3600 X7.247 Y11.584
M566 X1200 Y1200
G1 F3000 X-7.253 Y11.584 E1.20568
G1 X-7.959 Y11.544 E0.0588
G1 X-8.655 Y11.425 E0.05871
G1 X-9.334 Y11.227 E0.05881
G1 X-9.986 Y10.955 E0.05874
G1 X-10.603 Y10.61 E0.05878
G1 X-11.178 Y10.198 E0.05882
G1 X-11.702 Y9.724 E0.05875
G1 X-12.169 Y9.193 E0.0588
G1 X-12.573 Y8.614 E0.05871
G1 X-12.91 Y7.992 E0.05882
G1 X-13.174 Y7.336 E0.0588
G1 X-13.362 Y6.655 E0.05874
G1 X-13.472 Y5.957 E0.05876
G1 X-13.503 Y5.334 E0.05187
G1 X-13.503 Y-34.666 E3.32601
G1 X-13.463 Y-35.372 E0.0588
G1 X-13.344 Y-36.068 E0.05871
G1 X-13.146 Y-36.747 E0.05881
G1 X-12.874 Y-37.399 E0.05874
G1 X-12.529 Y-38.016 E0.05878
G1 X-12.117 Y-38.591 E0.05882
G1 X-11.643 Y-39.115 E0.05875
G1 X-11.112 Y-39.582 E0.0588
G1 X-10.533 Y-39.986 E0.05871
G1 X-9.911 Y-40.323 E0.05882
G1 X-9.255 Y-40.587 E0.0588
G1 X-8.574 Y-40.775 E0.05874
G1 X-7.876 Y-40.885 E0.05876
G1 X-7.253 Y-40.916 E0.05187
G1 X7.247 Y-40.916 E1.20568
G1 X7.953 Y-40.876 E0.0588
G1 X8.649 Y-40.757 E0.05871
G1 X9.328 Y-40.559 E0.05881
G1 X9.98 Y-40.287 E0.05874
G1 X10.597 Y-39.942 E0.05878
G1 X11.172 Y-39.53 E0.05882
G1 X11.696 Y-39.056 E0.05875
G1 X12.163 Y-38.525 E0.0588
G1 X12.567 Y-37.946 E0.05871
G1 X12.904 Y-37.324 E0.05882
G1 X13.168 Y-36.668 E0.0588
G1 X13.356 Y-35.987 E0.05874
G1 X13.466 Y-35.289 E0.05876
G1 X13.497 Y-34.666 E0.05187
G1 X13.497 Y5.334 E3.32601
G1 X13.457 Y6.04 E0.0588
G1 X13.338 Y6.736 E0.05871
G1 X13.14 Y7.415 E0.05881
G1 X12.868 Y8.067 E0.05874
G1 X12.523 Y8.684 E0.05878
G1 X12.111 Y9.259 E0.05882
G1 X11.637 Y9.783 E0.05875
G1 X11.106 Y10.25 E0.0588
G1 X10.527 Y10.654 E0.05871
G1 X9.905 Y10.991 E0.05882
G1 X9.249 Y11.255 E0.0588
G1 X8.568 Y11.443 E0.05874
G1 X7.87 Y11.553 E0.05876
G1 X7.247 Y11.584 E0.05187
M566 X1800 Y1800
G0 F3600 X7.247 Y11.084
M566 X1200 Y1200
G1 F3000 X-7.253 Y11.084 E1.20568
G1 X-7.93 Y11.044 E0.05639
G1 X-8.597 Y10.925 E0.05634
G1 X-9.246 Y10.728 E0.0564
G1 X-9.867 Y10.456 E0.05637
G1 X-10.451 Y10.112 E0.05636
G1 X-10.992 Y9.703 E0.05639
G1 X-11.48 Y9.232 E0.05639
G1 X-11.909 Y8.708 E0.05631
G1 X-12.274 Y8.136 E0.05642
G1 X-12.569 Y7.526 E0.05634
G1 X-12.79 Y6.885 E0.05638
G1 X-12.934 Y6.223 E0.05633
G1 X-13.003 Y5.334 E0.07414
G1 X-13.003 Y-34.666 E3.32601
G1 X-12.963 Y-35.343 E0.05639
G1 X-12.844 Y-36.01 E0.05634
G1 X-12.647 Y-36.659 E0.0564
G1 X-12.375 Y-37.28 E0.05637
G1 X-12.031 Y-37.864 E0.05636
G1 X-11.622 Y-38.405 E0.05639
G1 X-11.151 Y-38.893 E0.05639
G1 X-10.627 Y-39.322 E0.05631
G1 X-10.055 Y-39.687 E0.05642
G1 X-9.445 Y-39.982 E0.05634
G1 X-8.804 Y-40.203 E0.05638
G1 X-8.142 Y-40.347 E0.05633
G1 X-7.253 Y-40.416 E0.07414
G1 X7.247 Y-40.416 E1.20568
G1 X7.924 Y-40.376 E0.05639
G1 X8.591 Y-40.257 E0.05634
G1 X9.24 Y-40.06 E0.0564
G1 X9.861 Y-39.788 E0.05637
G1 X10.445 Y-39.444 E0.05636
G1 X10.986 Y-39.035 E0.05639
G1 X11.474 Y-38.564 E0.05639
G1 X11.903 Y-38.04 E0.05631
G1 X12.268 Y-37.468 E0.05642
G1 X12.563 Y-36.858 E0.05634
G1 X12.784 Y-36.217 E0.05638
G1 X12.928 Y-35.555 E0.05633
G1 X12.997 Y-34.666 E0.07414
G1 X12.997 Y5.334 E3.32601
G1 X12.957 Y6.011 E0.05639
G1 X12.838 Y6.678 E0.05634
G1 X12.641 Y7.327 E0.0564
G1 X12.369 Y7.948 E0.05637
G1 X12.025 Y8.532 E0.05636
G1 X11.616 Y9.073 E0.05639
G1 X11.145 Y9.561 E0.05639
G1 X10.621 Y9.99 E0.05631
G1 X10.049 Y10.355 E0.05642
G1 X9.439 Y10.65 E0.05634
G1 X8.798 Y10.871 E0.05638
G1 X8.136 Y11.015 E0.05633
G1 X7.247 Y11.084 E0.07414
M566 X1800 Y1800
G0 F3600 X7.247 Y10.584
M566 X1200 Y1200
G1 F3000 X-7.253 Y10.584 E1.20568
G1 X-7.9 Y10.544 E0.0539
G1 X-8.536 Y10.425 E0.0538
G1 X-9.153 Y10.228 E0.05386
G1 X-9.742 Y9.957 E0.05391
G1 X-10.292 Y9.615 E0.05385
G1 X-10.796 Y9.208 E0.05387
G1 X-11.246 Y8.742 E0.05387
G1 X-11.635 Y8.225 E0.0538
G1 X-11.958 Y7.663 E0.0539
G1 X-12.209 Y7.066 E0.05385
G1 X-12.385 Y6.442 E0.05391
G1 X-12.482 Y5.802 E0.05382
G1 X-12.503 Y5.334 E0.03895
G1 X-12.503 Y-34.666 E3.32601
G1 X-12.463 Y-35.313 E0.0539
G1 X-12.344 Y-35.949 E0.0538
G1 X-12.147 Y-36.566 E0.05386
G1 X-11.876 Y-37.155 E0.05391
G1 X-11.534 Y-37.705 E0.05385
G1 X-11.127 Y-38.209 E0.05387
G1 X-10.661 Y-38.659 E0.05387
G1 X-10.144 Y-39.048 E0.0538
G1 X-9.582 Y-39.371 E0.0539
G1 X-8.985 Y-39.622 E0.05385
G1 X-8.361 Y-39.798 E0.05391
G1 X-7.721 Y-39.895 E0.05382
G1 X-7.253 Y-39.916 E0.03895
G1 X7.247 Y-39.916 E1.20568
G1 X7.894 Y-39.876 E0.0539
G1 X8.53 Y-39.757 E0.0538
G1 X9.147 Y-39.56 E0.05386
G1 X9.736 Y-39.289 E0.05391
G1 X10.286 Y-38.947 E0.05385
G1 X10.79 Y-38.54 E0.05387
G1 X11.24 Y-38.074 E0.05387
G1 X11.629 Y-37.557 E0.0538
G1 X11.952 Y-36.995 E0.0539
G1 X12.203 Y-36.398 E0.05385
G1 X12.379 Y-35.774 E0.05391
G1 X12.476 Y-35.134 E0.05382
G1 X12.497 Y-34.666 E0.03895
G1 X12.497 Y5.334 E3.32601
G1 X12.457 Y5.981 E0.0539
G1 X12.338 Y6.617 E0.0538
G1 X12.141 Y7.234 E0.05386
G1 X11.87 Y7.823 E0.05391
G1 X11.528 Y8.373 E0.05385
G1 X11.121 Y8.877 E0.05387
G1 X10.655 Y9.327 E0.05387
G1 X10.138 Y9.716 E0.0538
G1 X9.576 Y10.039 E0.0539
G1 X8.979 Y10.29 E0.05385
G1 X8.355 Y10.466 E0.05391
G1 X7.715 Y10.563 E0.05382
G1 X7.247 Y10.584 E0.03895
M566 X1800 Y1800
G0 F3600 X7.247 Y10.084
M566 X1200 Y1200
G1 F3000 X-7.253 Y10.084 E1.20568
G1 X-7.868 Y10.044 E0.05125
G1 X-8.472 Y9.925 E0.05119
G1 X-9.056 Y9.728 E0.05125
G1 X-9.61 Y9.458 E0.05124
G1 X-10.124 Y9.118 E0.05124
G1 X-10.59 Y8.715 E0.05123
G1 X-10.999 Y8.255 E0.05118
G1 X-11.346 Y7.745 E0.05129
G1 X-11.623 Y7.195 E0.05121
G1 X-11.827 Y6.614 E0.0512
G1 X-11.955 Y6.011 E0.05126
G1 X-12.003 Y5.334 E0.05643
G1 X-12.003 Y-34.666 E3.32601
G1 X-11.963 Y-35.281 E0.05125
G1 X-11.844 Y-35.885 E0.05119
G1 X-11.647 Y-36.469 E0.05125
G1 X-11.377 Y-37.023 E0.05124
G1 X-11.037 Y-37.537 E0.05124
G1 X-10.634 Y-38.003 E0.05123
G1 X-10.174 Y-38.412 E0.05118
G1 X-9.664 Y-38.759 E0.05129
G1 X-9.114 Y-39.036 E0.05121
G1 X-8.533 Y-39.24 E0.0512
G1 X-7.93 Y-39.368 E0.05126
G1 X-7.253 Y-39.416 E0.05643
G1 X7.247 Y-39.416 E1.20568
G1 X7.862 Y-39.376 E0.05125
G1 X8.466 Y-39.257 E0.05119
G1 X9.05 Y-39.06 E0.05125
G1 X9.604 Y-38.79 E0.05124
G1 X10.118 Y-38.45 E0.05124
G1 X10.584 Y-38.047 E0.05123
G1 X10.993 Y-37.587 E0.05118
G1 X11.34 Y-37.077 E0.05129
G1 X11.617 Y-36.527 E0.05121
G1 X11.821 Y-35.946 E0.0512
G1 X11.949 Y-35.343 E0.05126
G1 X11.997 Y-34.666 E0.05643
G1 X11.997 Y5.334 E3.32601
G1 X11.957 Y5.949 E0.05125
G1 X11.838 Y6.553 E0.05119
G1 X11.641 Y7.137 E0.05125
G1 X11.371 Y7.691 E0.05124
G1 X11.031 Y8.205 E0.05124
G1 X10.628 Y8.671 E0.05123
G1 X10.168 Y9.08 E0.05118
G1 X9.658 Y9.427 E0.05129
G1 X9.108 Y9.704 E0.05121
G1 X8.527 Y9.908 E0.0512
G1 X7.924 Y10.036 E0.05126
G1 X7.247 Y10.084 E0.05643
M566 X1800 Y1800
G0 F3600 X7.247 Y9.584
M566 X1200 Y1200
G1 F3000 X-7.253 Y9.584 E1.20568
G1 X-7.834 Y9.544 E0.04842
G1 X-8.405 Y9.425 E0.0485
G1 X-8.954 Y9.229 E0.04847
G1 X-9.47 Y8.96 E0.04839
G1 X-9.946 Y8.622 E0.04854
G1 X-10.37 Y8.223 E0.04841
G1 X-10.736 Y7.769 E0.04849
G1 X-11.036 Y7.27 E0.04841
G1 X-11.266 Y6.734 E0.0485
G1 X-11.42 Y6.172 E0.04845
G1 X-11.503 Y5.334 E0.07002
G1 X-11.503 Y-34.666 E3.32601
G1 X-11.463 Y-35.247 E0.04842
G1 X-11.344 Y-35.818 E0.0485
G1 X-11.148 Y-36.367 E0.04847
G1 X-10.879 Y-36.883 E0.04839
G1 X-10.541 Y-37.359 E0.04854
G1 X-10.142 Y-37.783 E0.04841
G1 X-9.688 Y-38.149 E0.04849
G1 X-9.189 Y-38.449 E0.04841
G1 X-8.653 Y-38.679 E0.0485
G1 X-8.091 Y-38.833 E0.04845
G1 X-7.253 Y-38.916 E0.07002
G1 X7.247 Y-38.916 E1.20568
G1 X7.828 Y-38.876 E0.04842
G1 X8.399 Y-38.757 E0.0485
G1 X8.948 Y-38.561 E0.04847
G1 X9.464 Y-38.292 E0.04839
G1 X9.94 Y-37.954 E0.04854
G1 X10.364 Y-37.555 E0.04841
G1 X10.73 Y-37.101 E0.04849
G1 X11.03 Y-36.602 E0.04841
G1 X11.26 Y-36.066 E0.0485
G1 X11.414 Y-35.504 E0.04845
G1 X11.497 Y-34.666 E0.07002
G1 X11.497 Y5.334 E3.32601
G1 X11.457 Y5.915 E0.04842
G1 X11.338 Y6.486 E0.0485
G1 X11.142 Y7.035 E0.04847
G1 X10.873 Y7.551 E0.04839
G1 X10.535 Y8.027 E0.04854
G1 X10.136 Y8.451 E0.04841
G1 X9.682 Y8.817 E0.04849
G1 X9.183 Y9.117 E0.04841
G1 X8.647 Y9.347 E0.0485
G1 X8.085 Y9.501 E0.04845
G1 X7.247 Y9.584 E0.07002
M566 X1800 Y1800
G0 F3600 X7.247 Y9.084
M566 X1200 Y1200
G1 F3000 X-7.253 Y9.084 E1.20568
G1 X-7.799 Y9.044 E0.04552
G1 X-8.333 Y8.925 E0.04549
G1 X-8.844 Y8.73 E0.04548
G1 X-9.322 Y8.462 E0.04557
G1 X-9.755 Y8.127 E0.04552
G1 X-10.135 Y7.733 E0.04552
G1 X-10.454 Y7.288 E0.04553
G1 X-10.704 Y6.801 E0.04552
G1 X-10.881 Y6.283 E0.04552
G1 X-10.98 Y5.745 E0.04549
G1 X-11.003 Y5.334 E0.03423
G1 X-11.003 Y-34.666 E3.32601
G1 X-10.963 Y-35.212 E0.04552
G1 X-10.844 Y-35.746 E0.04549
G1 X-10.649 Y-36.257 E0.04548
G1 X-10.381 Y-36.735 E0.04557
G1 X-10.046 Y-37.168 E0.04552
G1 X-9.652 Y-37.548 E0.04552
G1 X-9.207 Y-37.867 E0.04553
G1 X-8.72 Y-38.117 E0.04552
G1 X-8.202 Y-38.294 E0.04552
G1 X-7.664 Y-38.393 E0.04549
G1 X-7.253 Y-38.416 E0.03423
G1 X7.247 Y-38.416 E1.20568
G1 X7.793 Y-38.376 E0.04552
G1 X8.327 Y-38.257 E0.04549
G1 X8.838 Y-38.062 E0.04548
G1 X9.316 Y-37.794 E0.04557
G1 X9.749 Y-37.459 E0.04552
G1 X10.129 Y-37.065 E0.04552
G1 X10.448 Y-36.62 E0.04553
G1 X10.698 Y-36.133 E0.04552
G1 X10.875 Y-35.615 E0.04552
G1 X10.974 Y-35.077 E0.04549
G1 X10.997 Y-34.666 E0.03423
G1 X10.997 Y5.334 E3.32601
G1 X10.957 Y5.88 E0.04552
G1 X10.838 Y6.414 E0.04549
G1 X10.643 Y6.925 E0.04548
G1 X10.375 Y7.403 E0.04557
G1 X10.04 Y7.836 E0.04552
G1 X9.646 Y8.216 E0.04552
G1 X9.201 Y8.535 E0.04553
G1 X8.714 Y8.785 E0.04552
G1 X8.196 Y8.962 E0.04552
G1 X7.658 Y9.061 E0.04549
G1 X7.247 Y9.084 E0.03423
M566 X1800 Y1800
G0 F3600 X7.247 Y8.584
M566 X1200 Y1200
G1 F3000 X-7.253 Y8.584 E1.20568
G1 X-7.761 Y8.544 E0.04237
G1 X-8.256 Y8.425 E0.04233
G1 X-8.727 Y8.23 E0.04239
G1 X-9.162 Y7.964 E0.0424
G1 X-9.549 Y7.634 E0.04229
G1 X-9.881 Y7.247 E0.0424
G1 X-10.147 Y6.812 E0.0424
G1 X-10.343 Y6.342 E0.04234
G1 X-10.462 Y5.847 E0.04233
G1 X-10.503 Y5.334 E0.04279
G1 X-10.503 Y-34.666 E3.32601
G1 X-10.463 Y-35.174 E0.04237
G1 X-10.344 Y-35.669 E0.04233
G1 X-10.149 Y-36.14 E0.04239
G1 X-9.883 Y-36.575 E0.0424
G1 X-9.553 Y-36.962 E0.04229
G1 X-9.166 Y-37.294 E0.0424
G1 X-8.731 Y-37.56 E0.0424
G1 X-8.261 Y-37.756 E0.04234
G1 X-7.766 Y-37.875 E0.04233
G1 X-7.253 Y-37.916 E0.04279
G1 X7.247 Y-37.916 E1.20568
G1 X7.755 Y-37.876 E0.04237
G1 X8.25 Y-37.757 E0.04233
G1 X8.721 Y-37.562 E0.04239
G1 X9.156 Y-37.296 E0.0424
G1 X9.543 Y-36.966 E0.04229
G1 X9.875 Y-36.579 E0.0424
G1 X10.141 Y-36.144 E0.0424
G1 X10.337 Y-35.674 E0.04234
G1 X10.456 Y-35.179 E0.04233
G1 X10.497 Y-34.666 E0.04279
G1 X10.497 Y5.334 E3.32601
G1 X10.457 Y5.842 E0.04237
G1 X10.338 Y6.337 E0.04233
G1 X10.143 Y6.808 E0.04239
G1 X9.877 Y7.243 E0.0424
G1 X9.547 Y7.63 E0.04229
G1 X9.16 Y7.962 E0.0424
G1 X8.725 Y8.228 E0.0424
G1 X8.255 Y8.424 E0.04234
G1 X7.76 Y8.543 E0.04233
G1 X7.247 Y8.584 E0.04279
M566 X1800 Y1800
G0 F3600 X7.247 Y8.084
M566 X1200 Y1200
G1 F3000 X-7.253 Y8.084 E1.20568
G1 X-7.72 Y8.044 E0.03897
G1 X-8.173 Y7.925 E0.03895
G1 X-8.6 Y7.732 E0.03896
G1 X-8.987 Y7.468 E0.03895
G1 X-9.325 Y7.143 E0.03899
G1 X-9.602 Y6.765 E0.03897
G1 X-9.81 Y6.345 E0.03897
G1 X-9.945 Y5.896 E0.03899
G1 X-10.003 Y5.334 E0.04698
G1 X-10.003 Y-34.666 E3.32601
G1 X-9.963 Y-35.133 E0.03897
G1 X-9.844 Y-35.586 E0.03895
G1 X-9.651 Y-36.013 E0.03896
G1 X-9.387 Y-36.4 E0.03895
G1 X-9.062 Y-36.738 E0.03899
G1 X-8.684 Y-37.015 E0.03897
G1 X-8.264 Y-37.223 E0.03897
G1 X-7.815 Y-37.358 E0.03899
G1 X-7.253 Y-37.416 E0.04698
G1 X7.247 Y-37.416 E1.20568
G1 X7.714 Y-37.376 E0.03897
G1 X8.167 Y-37.257 E0.03895
G1 X8.594 Y-37.064 E0.03896
G1 X8.981 Y-36.8 E0.03895
G1 X9.319 Y-36.475 E0.03899
G1 X9.596 Y-36.097 E0.03897
G1 X9.804 Y-35.677 E0.03897
G1 X9.939 Y-35.228 E0.03899
G1 X9.997 Y-34.666 E0.04698
G1 X9.997 Y5.334 E3.32601
G1 X9.957 Y5.801 E0.03897
G1 X9.838 Y6.254 E0.03895
G1 X9.645 Y6.681 E0.03896
G1 X9.381 Y7.068 E0.03895
G1 X9.056 Y7.406 E0.03899
G1 X8.678 Y7.683 E0.03897
G1 X8.258 Y7.891 E0.03897
G1 X7.809 Y8.026 E0.03899
G1 X7.247 Y8.084 E0.04698
M566 X1800 Y1800
G0 F3600 X7.247 Y7.584
M566 X1200 Y1200
G1 F3000 X-7.253 Y7.584 E1.20568
G1 X-7.675 Y7.544 E0.03525
G1 X-8.082 Y7.426 E0.03524
G1 X-8.459 Y7.233 E0.03522
G1 X-8.794 Y6.973 E0.03526
G1 X-9.074 Y6.655 E0.03523
G1 X-9.29 Y6.29 E0.03527
G1 X-9.433 Y5.891 E0.03524
G1 X-9.503 Y5.334 E0.04668
G1 X-9.503 Y-34.666 E3.32601
G1 X-9.463 Y-35.088 E0.03525
G1 X-9.345 Y-35.495 E0.03524
G1 X-9.152 Y-35.872 E0.03522
G1 X-8.892 Y-36.207 E0.03526
G1 X-8.574 Y-36.487 E0.03523
G1 X-8.209 Y-36.703 E0.03527
G1 X-7.81 Y-36.846 E0.03524
G1 X-7.253 Y-36.916 E0.04668
G1 X7.247 Y-36.916 E1.20568
G1 X7.669 Y-36.876 E0.03525
G1 X8.076 Y-36.758 E0.03524
G1 X8.453 Y-36.565 E0.03522
G1 X8.788 Y-36.305 E0.03526
G1 X9.068 Y-35.987 E0.03523
G1 X9.284 Y-35.622 E0.03527
G1 X9.427 Y-35.223 E0.03524
G1 X9.497 Y-34.666 E0.04668
G1 X9.497 Y5.334 E3.32601
G1 X9.457 Y5.756 E0.03525
G1 X9.339 Y6.163 E0.03524
G1 X9.146 Y6.54 E0.03522
G1 X8.886 Y6.875 E0.03526
G1 X8.568 Y7.155 E0.03523
G1 X8.203 Y7.371 E0.03527
G1 X7.804 Y7.514 E0.03524
G1 X7.247 Y7.584 E0.04668
M566 X1800 Y1800
G0 F3600 X7.247 Y7.084
M566 X1200 Y1200
G1 F3000 X-7.253 Y7.084 E1.20568
G1 X-7.624 Y7.044 E0.03103
G1 X-7.979 Y6.926 E0.03111
G1 X-8.301 Y6.736 E0.03109
G1 X-8.574 Y6.482 E0.03101
G1 X-8.788 Y6.175 E0.03112
G1 X-8.931 Y5.83 E0.03105
G1 X-9.003 Y5.334 E0.04167
G1 X-9.003 Y-34.666 E3.32601
G1 X-8.963 Y-35.037 E0.03103
G1 X-8.845 Y-35.392 E0.03111
G1 X-8.655 Y-35.714 E0.03109
G1 X-8.401 Y-35.987 E0.03101
G1 X-8.094 Y-36.201 E0.03112
G1 X-7.749 Y-36.344 E0.03105
G1 X-7.253 Y-36.416 E0.04167
G1 X7.247 Y-36.416 E1.20568
G1 X7.618 Y-36.376 E0.03103
G1 X7.973 Y-36.258 E0.03111
G1 X8.295 Y-36.068 E0.03109
G1 X8.568 Y-35.814 E0.03101
G1 X8.782 Y-35.507 E0.03112
G1 X8.925 Y-35.162 E0.03105
G1 X8.997 Y-34.666 E0.04167
G1 X8.997 Y5.334 E3.32601
G1 X8.957 Y5.705 E0.03103
G1 X8.839 Y6.06 E0.03111
G1 X8.649 Y6.382 E0.03109
G1 X8.395 Y6.655 E0.03101
G1 X8.088 Y6.869 E0.03112
G1 X7.743 Y7.012 E0.03105
G1 X7.247 Y7.084 E0.04167
M566 X1800 Y1800
G0 F3600 X7.247 Y6.584
M566 X1200 Y1200
G1 F3000 X-7.253 Y6.584 E1.20568
G1 X-7.566 Y6.544 E0.02624
G1 X-7.859 Y6.427 E0.02623
G1 X-8.114 Y6.241 E0.02624
G1 X-8.313 Y5.996 E0.02625
G1 X-8.445 Y5.709 E0.02627
G1 X-8.503 Y5.334 E0.03155
G1 X-8.503 Y-34.666 E3.32601
G1 X-8.463 Y-34.979 E0.02624
G1 X-8.346 Y-35.272 E0.02623
G1 X-8.16 Y-35.527 E0.02624
G1 X-7.915 Y-35.726 E0.02625
G1 X-7.628 Y-35.858 E0.02627
G1 X-7.253 Y-35.916 E0.03155
G1 X7.247 Y-35.916 E1.20568
G1 X7.56 Y-35.876 E0.02624
G1 X7.853 Y-35.759 E0.02623
G1 X8.108 Y-35.573 E0.02624
G1 X8.307 Y-35.328 E0.02625
G1 X8.439 Y-35.041 E0.02627
G1 X8.497 Y-34.666 E0.03155
G1 X8.497 Y5.334 E3.32601
G1 X8.457 Y5.647 E0.02624
G1 X8.34 Y5.94 E0.02623
G1 X8.154 Y6.195 E0.02624
G1 X7.909 Y6.394 E0.02625
G1 X7.622 Y6.526 E0.02627
G1 X7.247 Y6.584 E0.03155
M566 X1800 Y1800
G0 F3600 X7.247 Y6.084
M566 X1200 Y1200
G1 F3000 X-7.253 Y6.084 E1.20568
G1 X-7.494 Y6.044 E0.02031
G1 X-7.709 Y5.929 E0.02027
G1 X-7.876 Y5.751 E0.02029
G1 X-7.977 Y5.529 E0.02028
G1 X-8.003 Y5.334 E0.01636
G1 X-8.003 Y-34.666 E3.32601
G1 X-7.963 Y-34.907 E0.02031
G1 X-7.848 Y-35.122 E0.02027
G1 X-7.67 Y-35.289 E0.02029
G1 X-7.448 Y-35.39 E0.02028
G1 X-7.253 Y-35.416 E0.01636
G1 X7.247 Y-35.416 E1.20568
G1 X7.488 Y-35.376 E0.02031
G1 X7.703 Y-35.261 E0.02027
G1 X7.87 Y-35.083 E0.02029
G1 X7.971 Y-34.861 E0.02028
G1 X7.997 Y-34.666 E0.01636
G1 X7.997 Y5.334 E3.32601
G1 X7.957 Y5.575 E0.02031
G1 X7.842 Y5.79 E0.02027
G1 X7.664 Y5.957 E0.02029
G1 X7.442 Y6.058 E0.02028
G1 X7.247 Y6.084 E0.01636
M566 X1800 Y1800
G0 F3600 X7.247 Y5.584
M566 X1200 Y1200
G1 F3000 X-7.253 Y5.584 E1.20568
G1 X-7.387 Y5.545 E0.0116
G1 X-7.48 Y5.439 E0.01173
G1 X-7.503 Y5.334 E0.00894
G1 X-7.503 Y-34.666 E3.32601
G1 X-7.464 Y-34.8 E0.0116
G1 X-7.358 Y-34.893 E0.01173
G1 X-7.253 Y-34.916 E0.00894
G1 X7.247 Y-34.916 E1.20568
G1 X7.381 Y-34.877 E0.0116
G1 X7.474 Y-34.771 E0.01173
G1 X7.497 Y-34.666 E0.00894
G1 X7.497 Y5.334 E3.32601
G1 X7.458 Y5.468 E0.0116
G1 X7.352 Y5.561 E0.01173
G1 X7.247 Y5.584 E0.00894
M566 X1800 Y1800
;MESH:Roborama2026-Lasermount.3mf
G0 F3600 X6.997 Y5.084
M566 X1200 Y1200
;TYPE:WALL-OUTER
G1 F3000 X-7.003 Y5.084 E1.1641
G1 X-7.003 Y-34.416 E3.28444
G1 X6.997 Y-34.416 E1.1641
G1 X6.997 Y5.084 E3.28444
M566 X1800 Y1800
G0 F3600 X6.747 Y5.084
G0 X6.427 Y4.514
G0 X1.787 Y1.317
G0 X1.401 Y0.859
M566 X1200 Y1200
G1 F3000 X1.727 Y0.402 E0.04668
G1 X1.929 Y-.119 E0.04646
G1 X1.996 Y-.658 E0.04516
G1 X1.951 Y-1.12 E0.0386
G1 X1.771 Y-1.65 E0.04654
G1 X1.466 Y-2.118 E0.04645
G1 X1.055 Y-2.497 E0.04649
G1 X0.563 Y-2.763 E0.04651
G1 X0.02 Y-2.899 E0.04655
G1 X-.196 Y-2.916 E0.01802
G1 X-.76 Y-2.859 E0.04714
G1 X-1.285 Y-2.666 E0.04651
G1 X-1.742 Y-2.353 E0.04606
G1 X-2.113 Y-1.934 E0.04653
G1 X-2.369 Y-1.429 E0.04708
G1 X-2.492 Y-.89 E0.04597
G1 X-2.478 Y-.331 E0.0465
G1 X-2.324 Y0.214 E0.04709
G1 X-2.042 Y0.697 E0.04651
G1 X-1.651 Y1.096 E0.04645
G1 X-1.172 Y1.387 E0.0466
G1 X-.637 Y1.55 E0.0465
G1 X-0.079 Y1.577 E0.04645
G1 X0.471 Y1.464 E0.04669
G1 X0.975 Y1.219 E0.0466
G1 X1.401 Y0.859 E0.04638
M566 X1800 Y1800
G0 F3600 X1.546 Y0.656
G0 X2.034 Y1.004
G0 X2.456 Y0.013
G0 X2.538 Y-.651
G0 X0.598 Y-13.95
G0 X0.364 Y-14.503
M566 X1200 Y1200
G1 F3000 X0.878 Y-14.721 E0.04642
G1 X1.323 Y-15.061 E0.04657
G1 X1.668 Y-15.494 E0.04604
G1 X1.899 Y-16.01 E0.04701
G1 X1.994 Y-16.555 E0.046
G1 X1.951 Y-17.12 E0.04712
G1 X1.771 Y-17.65 E0.04654
G1 X1.467 Y-18.118 E0.0464
G1 X1.055 Y-18.497 E0.04655
G1 X0.564 Y-18.763 E0.04643
G1 X0.027 Y-18.899 E0.04606
G1 X-.203 Y-18.916 E0.01918
G1 X-.76 Y-18.859 E0.04656
G1 X-1.279 Y-18.668 E0.04598
G1 X-1.746 Y-18.349 E0.04703
G1 X-2.113 Y-17.934 E0.04607
G1 X-2.367 Y-17.436 E0.04648
G1 X-2.479 Y-17 E0.03743
G1 X-2.492 Y-16.442 E0.04641
G1 X-2.365 Y-15.89 E0.0471
G1 X-2.108 Y-15.393 E0.04652
G1 X-1.736 Y-14.975 E0.04653
G1 X-1.272 Y-14.661 E0.04659
G1 X-.746 Y-14.472 E0.04647
G1 X-.191 Y-14.417 E0.04637
G1 X0.364 Y-14.503 E0.0467
M566 X1800 Y1800
G0 F3600 X0.594 Y-14.6
G0 X0.502 Y-14.018
M566 X1200 Y1200
;TYPE:WALL-INNER
G1 F3000 X1.131 Y-14.285 E0.05682
G1 X1.676 Y-14.701 E0.05701
G1 X2.098 Y-15.232 E0.0564
G1 X2.381 Y-15.863 E0.0575
G1 X2.497 Y-16.531 E0.05638
G1 X2.445 Y-17.221 E0.05754
G1 X2.224 Y-17.87 E0.05701
G1 X1.852 Y-18.443 E0.05681
G1 X1.348 Y-18.907 E0.05696
G1 X0.747 Y-19.232 E0.05681
G1 X0.107 Y-19.394 E0.05489
G1 X-.21 Y-19.418 E0.02643
G1 X-.874 Y-19.35 E0.0555
G1 X-1.51 Y-19.116 E0.05635
G1 X-2.079 Y-18.727 E0.05731
G1 X-2.53 Y-18.218 E0.05655
G1 X-2.838 Y-17.614 E0.05638
G1 X-2.978 Y-17.069 E0.04679
G1 X-2.993 Y-16.391 E0.05639
G1 X-2.838 Y-15.716 E0.05759
G1 X-2.523 Y-15.108 E0.05694
G1 X-2.068 Y-14.596 E0.05695
G1 X-1.5 Y-14.212 E0.05701
G1 X-.857 Y-13.981 E0.05681
G1 X-.177 Y-13.913 E0.05682
G1 X0.502 Y-14.018 E0.05713
M566 X1800 Y1800
G0 F3600 X0.529 Y-13.922
G0 X-.203 Y-3.517
G0 X-.202 Y-3.418
M566 X1200 Y1200
G1 F3000 X-.873 Y-3.35 E0.05608
G1 X-1.516 Y-3.114 E0.05695
G1 X-2.075 Y-2.731 E0.05634
G1 X-2.53 Y-2.217 E0.05708
G1 X-2.843 Y-1.6 E0.05753
G1 X-2.993 Y-.94 E0.05628
G1 X-2.976 Y-.256 E0.05689
G1 X-2.788 Y0.411 E0.05762
G1 X-2.443 Y1.003 E0.05697
G1 X-1.964 Y1.491 E0.05686
G1 X-1.378 Y1.847 E0.05701
G1 X-.723 Y2.046 E0.05692
G1 X-0.04 Y2.079 E0.05686
G1 X0.633 Y1.941 E0.05712
G1 X1.25 Y1.641 E0.05705
G1 X1.772 Y1.2 E0.05682
G1 X2.17 Y0.641 E0.05706
G1 X2.418 Y0.004 E0.05684
G1 X2.499 Y-.651 E0.05488
G1 X2.443 Y-1.226 E0.04804
G1 X2.224 Y-1.87 E0.05656
G1 X1.851 Y-2.443 E0.05685
G1 X1.348 Y-2.907 E0.0569
G1 X0.745 Y-3.233 E0.057
G1 X0.101 Y-3.394 E0.0552
G1 X-.202 Y-3.418 E0.02527
M566 X1800 Y1800
G0 F3600 X-.203 Y-3.517
G0 X0.759 Y-3.27
G0 X1.371 Y-2.939
G0 X6.427 Y4.514
G0 X6.497 Y4.584
M566 X1200 Y1200
G1 F3000 X-6.503 Y4.584 E1.08095
G1 X-6.503 Y-33.916 E3.20129
G1 X6.497 Y-33.916 E1.08095
G1 X6.497 Y4.584 E3.20129
M566 X1800 Y1800
G0 F3600 X5.997 Y4.084
M566 X1200 Y1200
G1 F3000 X-6.003 Y4.084 E0.9978
G1 X-6.003 Y-33.416 E3.11814
G1 X5.997 Y-33.416 E0.9978
G1 X5.997 Y4.084 E3.11814
M566 X1800 Y1800
G0 F3600 X2.143 Y1.541
M566 X1200 Y1200
G1 F3000 X2.613 Y0.88 E0.06744
G1 X2.907 Y0.127 E0.06722
G1 X3.002 Y-.644 E0.06459
G1 X2.935 Y-1.332 E0.05748
G1 X2.677 Y-2.09 E0.06658
G1 X2.236 Y-2.768 E0.06725
G1 X1.641 Y-3.317 E0.06732
G1 X0.927 Y-3.703 E0.06749
G1 X0.182 Y-3.889 E0.06385
G1 X-.208 Y-3.92 E0.03253
G1 X-.986 Y-3.841 E0.06502
G1 X-1.747 Y-3.562 E0.0674
G1 X-2.408 Y-3.109 E0.06663
G1 X-2.947 Y-2.5 E0.06762
G1 X-3.317 Y-1.771 E0.06798
G1 X-3.494 Y-.99 E0.06659
G1 X-3.474 Y-.181 E0.06729
G1 X-3.252 Y0.608 E0.06815
G1 X-2.844 Y1.309 E0.06744
G1 X-2.277 Y1.886 E0.06727
G1 X-1.584 Y2.307 E0.06742
G1 X-.809 Y2.542 E0.06734
G1 X-0.001 Y2.581 E0.06726
G1 X0.795 Y2.418 E0.06756
G1 X1.525 Y2.063 E0.0675
G1 X2.143 Y1.541 E0.06726
M566 X1800 Y1800
G0 F3600 X2.538 Y-.651
G0 X0.64 Y-13.533
M566 X1200 Y1200
G1 F3000 X1.384 Y-13.849 E0.06721
G1 X2.029 Y-14.341 E0.06745
G1 X2.529 Y-14.97 E0.06681
G1 X2.863 Y-15.716 E0.06796
G1 X3 Y-16.507 E0.06675
G1 X2.939 Y-17.322 E0.06796
G1 X2.677 Y-18.09 E0.06747
G1 X2.237 Y-18.768 E0.06721
G1 X1.641 Y-19.317 E0.06738
G1 X0.93 Y-19.701 E0.06719
G1 X0.188 Y-19.889 E0.06365
G1 X-.217 Y-19.92 E0.03377
G1 X-.988 Y-19.841 E0.06444
G1 X-1.741 Y-19.564 E0.06671
G1 X-2.412 Y-19.105 E0.0676
G1 X-2.946 Y-18.502 E0.06697
G1 X-3.309 Y-17.792 E0.06631
G1 X-3.477 Y-17.138 E0.05615
G1 X-3.494 Y-16.34 E0.06637
G1 X-3.311 Y-15.542 E0.06808
G1 X-2.938 Y-14.823 E0.06735
G1 X-2.4 Y-14.217 E0.06738
G1 X-1.728 Y-13.763 E0.06743
G1 X-.968 Y-13.49 E0.06715
G1 X-.163 Y-13.409 E0.06727
G1 X0.64 Y-13.533 E0.06756
M566 X1800 Y1800
G0 F3600 X0.778 Y-13.048
M566 X1200 Y1200
G1 F3000 X1.637 Y-13.413 E0.07761
G1 X2.382 Y-13.981 E0.0779
G1 X2.96 Y-14.708 E0.07723
G1 X3.345 Y-15.569 E0.07842
G1 X3.503 Y-16.483 E0.07713
G1 X3.433 Y-17.423 E0.07838
G1 X3.13 Y-18.31 E0.07794
G1 X2.622 Y-19.093 E0.07761
G1 X1.934 Y-19.727 E0.07779
G1 X1.113 Y-20.17 E0.07757
G1 X0.269 Y-20.384 E0.0724
G1 X-.223 Y-20.422 E0.04103
G1 X-1.102 Y-20.332 E0.07347
G1 X-1.972 Y-20.012 E0.07708
G1 X-2.745 Y-19.483 E0.07789
G1 X-3.362 Y-18.786 E0.0774
G1 X-3.779 Y-17.97 E0.0762
G1 X-3.976 Y-17.206 E0.0656
G1 X-3.995 Y-16.289 E0.07627
G1 X-3.784 Y-15.368 E0.07857
G1 X-3.353 Y-14.538 E0.07776
G1 X-2.732 Y-13.838 E0.07781
G1 X-1.956 Y-13.314 E0.07786
G1 X-1.079 Y-12.999 E0.07748
G1 X-.15 Y-12.905 E0.07764
G1 X0.778 Y-13.048 E0.07807
M566 X1800 Y1800
G0 F3600 X-.213 Y-4.422
M566 X1200 Y1200
G1 F3000 X-1.099 Y-4.332 E0.07405
G1 X-1.978 Y-4.01 E0.07784
G1 X-2.742 Y-3.487 E0.07699
G1 X-3.364 Y-2.783 E0.07811
G1 X-3.791 Y-1.942 E0.07843
G1 X-3.995 Y-1.04 E0.0769
G1 X-3.972 Y-.106 E0.07769
G1 X-3.716 Y0.805 E0.07868
G1 X-3.245 Y1.615 E0.07791
G1 X-2.59 Y2.281 E0.07767
G1 X-1.79 Y2.767 E0.07783
G1 X-.895 Y3.038 E0.07776
G1 X0.038 Y3.083 E0.07767
G1 X0.957 Y2.895 E0.078
G1 X1.8 Y2.485 E0.07795
G1 X2.514 Y1.882 E0.07771
G1 X3.056 Y1.119 E0.07782
G1 X3.396 Y0.25 E0.07759
G1 X3.505 Y-.638 E0.07439
G1 X3.427 Y-1.438 E0.06684
G1 X3.13 Y-2.31 E0.0766
G1 X2.621 Y-3.093 E0.07765
G1 X1.934 Y-3.727 E0.07773
G1 X1.109 Y-4.173 E0.07798
G1 X0.263 Y-4.384 E0.0725
G1 X-.213 Y-4.422 E0.03971
M566 X1800 Y1800
G0 F3600 X1.881 Y-2.468
G0 X5.497 Y3.584
M566 X1200 Y1200
G1 F3000 X-5.503 Y3.584 E0.91465
G1 X-5.503 Y-32.916 E3.03499
G1 X5.497 Y-32.916 E0.91465
G1 X5.497 Y3.584 E3.03499
M566 X1800 Y1800
G0 F3600 X5.007 Y3.094
M566 X1200 Y1200
;TYPE:SKIN
G1 F3000 X1.668 Y3.094 E0.27764
G1 X2.069 Y2.899 E0.03708
G1 X2.877 Y2.217 E0.08792
G1 X3.491 Y1.354 E0.08807
G1 X3.875 Y0.371 E0.08775
G1 X3.997 Y-.632 E0.08401
G1 X3.909 Y-1.542 E0.07602
G1 X3.575 Y-2.526 E0.0864
G1 X2.999 Y-3.411 E0.0878
G1 X2.221 Y-4.129 E0.08803
G1 X1.288 Y-4.634 E0.08821
G1 X0.342 Y-4.87 E0.08107
G1 X-.219 Y-4.914 E0.04679
G1 X-1.21 Y-4.814 E0.08282
G1 X-2.204 Y-4.449 E0.08805
G1 X-3.069 Y-3.857 E0.08716
G1 X-3.772 Y-3.061 E0.0883
G1 X-4.255 Y-2.109 E0.08876
G1 X-4.487 Y-1.089 E0.08698
G1 X-4.46 Y-0.033 E0.08784
G1 X-4.171 Y0.997 E0.08895
G1 X-3.637 Y1.915 E0.08831
G1 X-2.896 Y2.668 E0.08784
G1 X-2.196 Y3.094 E0.06814
G1 X-5.013 Y3.094 E0.23423
G1 X-5.013 Y-32.426 E2.9535
G1 X5.007 Y-32.426 E0.83317
G1 X5.007 Y3.094 E2.9535
M566 X1800 Y1800
G0 F3600 X0.913 Y-12.573
M566 X1200 Y1200
G1 F3000 X1.886 Y-12.986 E0.08789
G1 X2.727 Y-13.628 E0.08798
G1 X3.382 Y-14.451 E0.08746
G1 X3.817 Y-15.425 E0.0887
G1 X3.997 Y-16.459 E0.08727
G1 X3.917 Y-17.523 E0.08872
G1 X3.575 Y-18.526 E0.08811
G1 X3 Y-19.411 E0.08776
G1 X2.22 Y-20.129 E0.08815
G1 X1.292 Y-20.63 E0.08769
G1 X0.349 Y-20.87 E0.08091
G1 X-.229 Y-20.914 E0.0482
G1 X-1.213 Y-20.813 E0.08225
G1 X-2.199 Y-20.451 E0.08734
G1 X-3.072 Y-19.853 E0.08799
G1 X-3.77 Y-19.064 E0.08759
G1 X-4.24 Y-18.145 E0.08583
G1 X-4.464 Y-17.273 E0.07486
G1 X-4.487 Y-16.238 E0.08608
G1 X-4.248 Y-15.198 E0.08873
G1 X-3.76 Y-14.258 E0.08807
G1 X-3.057 Y-13.466 E0.08806
G1 X-2.179 Y-12.873 E0.0881
G1 X-1.188 Y-12.517 E0.08756
G1 X-.137 Y-12.411 E0.08783
G1 X0.913 Y-12.573 E0.08834
M566 X1800 Y1800
G0 F3600 X-4.787 Y2.283
M566 X1200 Y1200
G1 F3000 X-4.202 Y2.868 E0.06879
M566 X1800 Y1800
G0 F3600 X-3.495 Y2.868
M566 X1200 Y1200
G1 F3000 X-4.787 Y1.576 E0.15193
M566 X1800 Y1800
G0 F3600 X-4.108 Y1.547
M566 X1200 Y1200
G1 F3000 X-4.787 Y0.869 E0.07979
M566 X1800 Y1800
G0 F3600 X-4.579 Y0.37
M566 X1200 Y1200
G1 F3000 X-4.787 Y0.161 E0.02452
M566 X1800 Y1800
G0 F3600 X-4.694 Y-.451
M566 X1200 Y1200
G1 F3000 X-4.787 Y-.545 E0.011
M566 X1800 Y1800
G0 F3600 X-4.7 Y-1.164
M566 X1200 Y1200
G1 F3000 X-4.787 Y-1.252 E0.01029
M566 X1800 Y1800
G0 F3600 X-4.568 Y-1.74
M566 X1200 Y1200
G1 F3000 X-4.787 Y-1.959 E0.02575
M566 X1800 Y1800
G0 F3600 X-4.413 Y-2.291
M566 X1200 Y1200
G1 F3000 X-4.787 Y-2.666 E0.04404
M566 X1800 Y1800
G0 F3600 X-4.175 Y-2.761
M566 X1200 Y1200
G1 F3000 X-4.787 Y-3.373 E0.07197
M566 X1800 Y1800
G0 F3600 X-4.787 Y-4.08
M566 X1200 Y1200
G1 F3000 X-3.928 Y-3.221 E0.10101
M566 X1800 Y1800
G0 F3600 X-3.597 Y-3.597
M566 X1200 Y1200
G1 F3000 X-4.787 Y-4.787 E0.13993
M566 X1800 Y1800
G0 F3600 X-4.787 Y-5.494
M566 X1200 Y1200
G1 F3000 X-3.265 Y-3.972 E0.17898
M566 X1800 Y1800
G0 F3600 X-2.858 Y-4.273
M566 X1200 Y1200
G1 F3000 X-4.787 Y-6.202 E0.22684
M566 X1800 Y1800
G0 F3600 X-4.787 Y-6.909
M566 X1200 Y1200
G1 F3000 X-2.438 Y-4.56 E0.27622
M566 X1800 Y1800
G0 F3600 X-1.953 Y-4.781
M566 X1200 Y1200
G1 F3000 X-4.787 Y-7.616 E0.33332
M566 X1800 Y1800
G0 F3600 X-4.787 Y-8.323
M566 X1200 Y1200
G1 F3000 X-1.436 Y-4.971 E0.39411
M566 X1800 Y1800
G0 F3600 X-.835 Y-5.077
M566 X1200 Y1200
G1 F3000 X-4.787 Y-9.03 E0.46478
M566 X1800 Y1800
G0 F3600 X-4.787 Y-9.737
M566 X1200 Y1200
G1 F3000 X-.187 Y-5.137 E0.54092
M566 X1800 Y1800
G0 F3600 X0.626 Y-5.03
M566 X1200 Y1200
G1 F3000 X-4.787 Y-10.444 E0.63659
M566 X1800 Y1800
G0 F3600 X-4.787 Y-11.151
M566 X1200 Y1200
G1 F3000 X1.694 Y-4.669 E0.76217
G1 X1.782 Y-4.581
M566 X1800 Y1800
G0 F3600 X3.798 Y-2.565
M566 X1200 Y1200
G1 F3000 X4.781 Y-1.582 E0.11559
M566 X1800 Y1800
G0 F3600 X4.136 Y-1.52
M566 X1200 Y1200
G1 F3000 X4.781 Y-.875 E0.07585
M566 X1800 Y1800
G0 F3600 X4.212 Y-.737
M566 X1200 Y1200
G1 F3000 X4.781 Y-.168 E0.06691
M566 X1800 Y1800
G0 F3600 X4.155 Y-0.086
M566 X1200 Y1200
G1 F3000 X4.781 Y0.538 E0.0735
M566 X1800 Y1800
G0 F3600 X4.781 Y1.245
M566 X1200 Y1200
G1 F3000 X4.056 Y0.521 E0.0852
M566 X1800 Y1800
G0 F3600 X3.858 Y1.03
M566 X1200 Y1200
G1 F3000 X4.781 Y1.953 E0.10854
M566 X1800 Y1800
G0 F3600 X4.781 Y2.66
M566 X1200 Y1200
G1 F3000 X3.645 Y1.523 E0.13364
M566 X1800 Y1800
G0 F3600 X3.35 Y1.936
M566 X1200 Y1200
G1 F3000 X4.282 Y2.868 E0.1096
M566 X1800 Y1800
G0 F3600 X3.575 Y2.868
M566 X1200 Y1200
G1 F3000 X3.056 Y2.349 E0.06103
M566 X1800 Y1800
G0 F3600 X2.678 Y2.678
M566 X1200 Y1200
G1 F3000 X2.868 Y2.868 E0.02234
M566 X1800 Y1800
G0 F3600 X4.781 Y-2.289
M566 X1200 Y1200
G1 F3000 X-4.787 Y-11.858 E1.12518
M566 X1800 Y1800
G0 F3600 X-4.787 Y-12.565
M566 X1200 Y1200
G1 F3000 X4.781 Y-2.996 E1.12518
M566 X1800 Y1800
G0 F3600 X4.781 Y-3.703
M566 X1200 Y1200
G1 F3000 X-4.787 Y-13.273 E1.12524
M566 X1800 Y1800
G0 F3600 X-4.787 Y-13.98
M566 X1200 Y1200
G1 F3000 X4.781 Y-4.41 E1.12524
M566 X1800 Y1800
G0 F3600 X4.781 Y-5.118
M566 X1200 Y1200
G1 F3000 X-4.788 Y-14.688 E1.1253
M566 X1800 Y1800
G0 F3600 X-4.405 Y-15.011
M566 X1200 Y1200
G1 F3000 X-4.788 Y-15.395 E0.0451
M566 X1800 Y1800
G0 F3600 X-4.657 Y-15.97
M566 X1200 Y1200
G1 F3000 X-4.788 Y-16.102 E0.01546
M566 X1800 Y1800
G0 F3600 X-4.7 Y-16.721
M566 X1200 Y1200
G1 F3000 X-4.788 Y-16.809 E0.01035
M566 X1800 Y1800
G0 F3600 X-4.665 Y-17.393
M566 X1200 Y1200
G1 F3000 X-4.788 Y-17.516 E0.01446
M566 X1800 Y1800
G0 F3600 X-4.52 Y-17.955
M566 X1200 Y1200
G1 F3000 X-4.788 Y-18.223 E0.03151
M566 X1800 Y1800
G0 F3600 X-4.326 Y-18.468
M566 X1200 Y1200
G1 F3000 X-4.788 Y-18.93 E0.05433
M566 X1800 Y1800
G0 F3600 X-4.087 Y-18.937
M566 X1200 Y1200
G1 F3000 X-4.788 Y-19.637 E0.08237
M566 X1800 Y1800
G0 F3600 X-4.788 Y-20.344
M566 X1200 Y1200
G1 F3000 X-3.805 Y-19.361 E0.11559
M566 X1800 Y1800
G0 F3600 X-3.473 Y-19.736
M566 X1200 Y1200
G1 F3000 X-4.788 Y-21.051 E0.15463
M566 X1800 Y1800
G0 F3600 X-4.788 Y-21.759
M566 X1200 Y1200
G1 F3000 X-3.121 Y-20.091 E0.19609
M566 X1800 Y1800
G0 F3600 X-2.701 Y-20.378
M566 X1200 Y1200
G1 F3000 X-4.788 Y-22.466 E0.24547
M566 X1800 Y1800
G0 F3600 X-4.788 Y-23.173
M566 X1200 Y1200
G1 F3000 X-2.276 Y-20.661 E0.29539
M566 X1800 Y1800
G0 F3600 X-1.759 Y-20.851
M566 X1200 Y1200
G1 F3000 X-4.788 Y-23.88 E0.35619
M566 X1800 Y1800
G0 F3600 X-4.788 Y-24.587
M566 X1200 Y1200
G1 F3000 X-1.236 Y-21.035 E0.41769
M566 X1800 Y1800
G0 F3600 X-.595 Y-21.101
M566 X1200 Y1200
G1 F3000 X-4.788 Y-25.294 E0.49306
M566 X1800 Y1800
G0 F3600 X-4.788 Y-26.001
M566 X1200 Y1200
G1 F3000 X0.098 Y-21.114 E0.57461
M566 X1800 Y1800
G0 F3600 X0.977 Y-20.942
M566 X1200 Y1200
G1 F3000 X-4.788 Y-26.708 E0.67798
M566 X1800 Y1800
G0 F3600 X-4.788 Y-27.415
M566 X1200 Y1200
G1 F3000 X2.271 Y-20.356 E0.83008
G1 X2.359 Y-20.268
M566 X1800 Y1800
G0 F3600 X3.362 Y-19.264
M566 X1200 Y1200
G1 F3000 X4.781 Y-17.845 E0.16686
M566 X1800 Y1800
G0 F3600 X4.781 Y-17.138
M566 X1200 Y1200
G1 F3000 X4.029 Y-17.891 E0.08849
M566 X1800 Y1800
G0 F3600 X4.179 Y-17.033
M566 X1200 Y1200
G1 F3000 X4.781 Y-16.431 E0.07079
M566 X1800 Y1800
G0 F3600 X4.198 Y-16.307
M566 X1200 Y1200
G1 F3000 X4.781 Y-15.724 E0.06856
M566 X1800 Y1800
G0 F3600 X4.093 Y-15.705
M566 X1200 Y1200
G1 F3000 X4.781 Y-15.017 E0.0809
M566 X1800 Y1800
G0 F3600 X4.781 Y-14.31
M566 X1200 Y1200
G1 F3000 X3.94 Y-15.151 E0.0989
M566 X1800 Y1800
G0 F3600 X3.722 Y-14.661
M566 X1200 Y1200
G1 F3000 X4.781 Y-13.603 E0.12447
M566 X1800 Y1800
G0 F3600 X4.781 Y-12.896
M566 X1200 Y1200
G1 F3000 X3.472 Y-14.205 E0.15393
M566 X1800 Y1800
G0 F3600 X3.159 Y-13.811
M566 X1200 Y1200
G1 F3000 X4.781 Y-12.189 E0.19073
M566 X1800 Y1800
G0 F3600 X4.781 Y-11.481
M566 X1200 Y1200
G1 F3000 X2.836 Y-13.426 E0.22872
M566 X1800 Y1800
G0 F3600 X2.435 Y-13.12
M566 X1200 Y1200
G1 F3000 X4.781 Y-10.774 E0.27587
M566 X1800 Y1800
G0 F3600 X4.781 Y-10.067
M566 X1200 Y1200
G1 F3000 X2.035 Y-12.814 E0.32297
M566 X1800 Y1800
G0 F3600 X1.546 Y-12.595
M566 X1200 Y1200
G1 F3000 X4.781 Y-9.36 E0.38041
M566 X1800 Y1800
G0 F3600 X4.781 Y-8.653
M566 X1200 Y1200
G1 F3000 X1.049 Y-12.385 E0.43885
M566 X1800 Y1800
G0 F3600 X0.453 Y-12.273
M566 X1200 Y1200
G1 F3000 X4.781 Y-7.946 E0.50888
M566 X1800 Y1800
G0 F3600 X4.781 Y-7.239
M566 X1200 Y1200
G1 F3000 X-.165 Y-12.186 E0.58167
M566 X1800 Y1800
G0 F3600 X-.952 Y-12.266
M566 X1200 Y1200
G1 F3000 X4.781 Y-6.532 E0.67422
M566 X1800 Y1800
G0 F3600 X4.781 Y-5.825
M566 X1200 Y1200
G1 F3000 X-1.941 Y-12.548 E0.79051
G1 X-2.029 Y-12.636
M566 X1800 Y1800
G0 F3600 X1.151 Y-14.251
G0 X4.781 Y-18.553
M566 X1200 Y1200
G1 F3000 X-4.788 Y-28.123 E1.1253
M566 X1800 Y1800
G0 F3600 X-4.788 Y-28.83
M566 X1200 Y1200
G1 F3000 X4.781 Y-19.26 E1.1253
M566 X1800 Y1800
G0 F3600 X4.781 Y-19.967
M566 X1200 Y1200
G1 F3000 X-4.788 Y-29.537 E1.1253
M566 X1800 Y1800
G0 F3600 X-4.788 Y-30.244
M566 X1200 Y1200
G1 F3000 X4.781 Y-20.674 E1.1253
M566 X1800 Y1800
G0 F3600 X4.781 Y-21.381
M566 X1200 Y1200
G1 F3000 X-4.788 Y-30.951 E1.1253
M566 X1800 Y1800
G0 F3600 X-4.788 Y-31.658
M566 X1200 Y1200
G1 F3000 X4.781 Y-22.088 E1.1253
M566 X1800 Y1800
G0 F3600 X4.781 Y-22.795
M566 X1200 Y1200
G1 F3000 X-4.623 Y-32.2 E1.1059
M566 X1800 Y1800
G0 F3600 X-3.915 Y-32.2
M566 X1200 Y1200
G1 F3000 X4.781 Y-23.502 E1.0227
M566 X1800 Y1800
G0 F3600 X4.781 Y-24.209
M566 X1200 Y1200
G1 F3000 X-3.208 Y-32.2 E0.93956
M566 X1800 Y1800
G0 F3600 X-2.501 Y-32.2
M566 X1200 Y1200
G1 F3000 X4.781 Y-24.917 E0.85637
M566 X1800 Y1800
G0 F3600 X4.781 Y-25.624
M566 X1200 Y1200
G1 F3000 X-1.794 Y-32.2 E0.77323
M566 X1800 Y1800
G0 F3600 X-1.087 Y-32.2
M566 X1200 Y1200
G1 F3000 X4.781 Y-26.331 E0.69009
M566 X1800 Y1800
G0 F3600 X4.781 Y-27.038
M566 X1200 Y1200
G1 F3000 X-.38 Y-32.2 E0.60695
M566 X1800 Y1800
G0 F3600 X0.326 Y-32.2
M566 X1200 Y1200
G1 F3000 X4.781 Y-27.745 E0.52387
M566 X1800 Y1800
G0 F3600 X4.781 Y-28.452
M566 X1200 Y1200
G1 F3000 X1.033 Y-32.2 E0.44074
M566 X1800 Y1800
G0 F3600 X1.74 Y-32.2
M566 X1200 Y1200
G1 F3000 X4.781 Y-29.159 E0.3576
M566 X1800 Y1800
G0 F3600 X4.781 Y-29.866
M566 X1200 Y1200
G1 F3000 X2.448 Y-32.2 E0.2744
M566 X1800 Y1800
G0 F3600 X3.155 Y-32.2
M566 X1200 Y1200
G1 F3000 X4.781 Y-30.573 E0.19126
M566 X1800 Y1800
G0 F3600 X4.781 Y-31.28
M566 X1200 Y1200
G1 F3000 X3.862 Y-32.2 E0.10813
M566 X1800 Y1800
G0 F3600 X4.569 Y-32.2
M566 X1200 Y1200
G1 F3000 X4.781 Y-31.988 E0.02493
M566 X1800 Y1800
;MESH:NONMESH
G0 F600 X4.781 Y-31.988 Z0.55
G0 F3600 X2.456 Y0.013
G0 X0.77 Y2.955
;TIME_ELAPSED:86.527410
;LAYER:1
M106 S23.2 P1
M566 X1200 Y1200
;TYPE:WALL-INNER
;MESH:Roborama2026-Lasermount.3mf
G1 F4500 X1.649 Y2.579 E0.02981
G1 X2.377 Y2.021 E0.0286
G1 X2.972 Y1.272 E0.02983
G1 X3.348 Y0.416 E0.02915
G1 X3.503 Y-.486 E0.02854
G1 X3.428 Y-1.439 E0.02981
G1 X3.122 Y-2.325 E0.02923
G1 X2.61 Y-3.107 E0.02915
G1 X1.919 Y-3.739 E0.0292
G1 X1.093 Y-4.178 E0.02917
G1 X0.25 Y-4.385 E0.02707
G1 X-.218 Y-4.422 E0.01464
G1 X-1.114 Y-4.329 E0.02809
G1 X-1.974 Y-4.009 E0.02861
G1 X-2.637 Y-3.574 E0.02473
G1 X-3.265 Y-2.917 E0.02834
G1 X-3.722 Y-2.121 E0.02862
G1 X-3.977 Y-1.203 E0.02971
G1 X-3.993 Y-.264 E0.02928
G1 X-3.778 Y0.647 E0.02919
G1 X-3.344 Y1.481 E0.02932
G1 X-2.718 Y2.175 E0.02914
G1 X-1.942 Y2.693 E0.02909
G1 X-1.065 Y3.006 E0.02904
G1 X-.157 Y3.095 E0.02845
G1 X0.77 Y2.955 E0.02923
M566 X1800 Y1800
G0 F5400 X-.157 Y3.584
M566 X1200 Y1200
G1 F4500 X-5.503 Y3.584 E0.1667
G1 X-5.503 Y-32.916 E1.13812
G1 X5.497 Y-32.916 E0.343
G1 X5.497 Y3.584 E1.13812
G1 X-.157 Y3.584 E0.1763
M566 X1800 Y1800
G0 F5400 X2.142 Y0.772
G0 X2.422 Y0.137
G0 X2.536 Y-.531
G0 X-.132 Y-12.906
M566 X1200 Y1200
G1 F4500 X0.793 Y-13.054 E0.02921
G1 X1.652 Y-13.421 E0.02913
G1 X2.392 Y-13.993 E0.02916
G1 X2.961 Y-14.711 E0.02857
G1 X3.347 Y-15.581 E0.02968
G1 X3.503 Y-16.485 E0.0286
G1 X3.428 Y-17.438 E0.02981
G1 X3.122 Y-18.325 E0.02926
G1 X2.611 Y-19.106 E0.0291
G1 X1.919 Y-19.737 E0.0292
G1 X1.099 Y-20.176 E0.029
G1 X0.264 Y-20.387 E0.02685
G1 X-.244 Y-20.422 E0.01588
G1 X-1.115 Y-20.325 E0.02733
G1 X-1.975 Y-20.012 E0.02854
G1 X-2.756 Y-19.473 E0.02959
G1 X-3.363 Y-18.784 E0.02863
G1 X-3.777 Y-17.969 E0.0285
G1 X-3.976 Y-17.207 E0.02456
G1 X-3.995 Y-16.286 E0.02872
G1 X-3.78 Y-15.356 E0.02976
G1 X-3.344 Y-14.522 E0.02934
G1 X-2.717 Y-13.824 E0.02926
G1 X-1.942 Y-13.307 E0.02905
G1 X-1.062 Y-12.994 E0.02912
G1 X-.132 Y-12.906 E0.02913
M566 X1800 Y1800
G0 F5400 X-.148 Y-13.41
M566 X1200 Y1200
G1 F4500 X0.653 Y-13.538 E0.02529
G1 X1.397 Y-13.856 E0.02523
G1 X2.038 Y-14.351 E0.02525
G1 X2.53 Y-14.972 E0.0247
G1 X2.865 Y-15.727 E0.02576
G1 X3 Y-16.508 E0.02471
G1 X2.935 Y-17.335 E0.02587
G1 X2.67 Y-18.103 E0.02533
G1 X2.227 Y-18.779 E0.0252
G1 X1.628 Y-19.326 E0.02529
G1 X0.917 Y-19.706 E0.02514
G1 X0.185 Y-19.891 E0.02354
G1 X-.234 Y-19.92 E0.0131
G1 X-1 Y-19.835 E0.02403
G1 X-1.744 Y-19.564 E0.02469
G1 X-2.421 Y-19.096 E0.02566
G1 X-2.946 Y-18.501 E0.02474
G1 X-3.307 Y-17.791 E0.02484
G1 X-3.477 Y-17.138 E0.02104
G1 X-3.494 Y-16.338 E0.02495
G1 X-3.307 Y-15.531 E0.02583
G1 X-2.93 Y-14.809 E0.0254
G1 X-2.387 Y-14.205 E0.02533
G1 X-1.716 Y-13.757 E0.02516
G1 X-.953 Y-13.486 E0.02525
G1 X-.148 Y-13.41 E0.02521
M566 X1800 Y1800
G0 F5400 X-.212 Y-3.92
M566 X1200 Y1200
G1 F4500 X-.999 Y-3.838 E0.02467
G1 X-1.747 Y-3.56 E0.02488
G1 X-2.315 Y-3.187 E0.02119
G1 X-2.862 Y-2.615 E0.02468
G1 X-3.257 Y-1.927 E0.02474
G1 X-3.478 Y-1.131 E0.02576
G1 X-3.492 Y-.318 E0.02535
G1 X-3.306 Y0.471 E0.02528
G1 X-2.93 Y1.193 E0.02538
G1 X-2.388 Y1.794 E0.02524
G1 X-1.716 Y2.243 E0.0252
G1 X-.955 Y2.514 E0.02519
G1 X-.17 Y2.591 E0.02459
G1 X0.632 Y2.47 E0.02529
G1 X1.395 Y2.144 E0.02587
G1 X2.024 Y1.662 E0.02471
G1 X2.54 Y1.012 E0.02588
G1 X2.866 Y0.271 E0.02524
G1 X3 Y-.509 E0.02468
G1 X2.935 Y-1.336 E0.02587
G1 X2.67 Y-2.103 E0.0253
G1 X2.226 Y-2.78 E0.02524
G1 X1.628 Y-3.327 E0.02527
G1 X0.913 Y-3.707 E0.02525
G1 X0.17 Y-3.89 E0.02386
G1 X-.212 Y-3.92 E0.01195
M566 X1800 Y1800
G0 F5400 X-2.018 Y-2.83
G0 X-2.443 Y-2.386
G0 X-6.003 Y4.084
M566 X1200 Y1200
G1 F4500 X-6.003 Y-33.416 E1.1693
G1 X5.997 Y-33.416 E0.37418
G1 X5.997 Y4.084 E1.1693
G1 X-6.003 Y4.084 E0.37418
M566 X1800 Y1800
G0 F5400 X-6.503 Y4.584
M566 X1200 Y1200
G1 F4500 X-6.503 Y-33.916 E1.20048
G1 X6.497 Y-33.916 E0.40536
G1 X6.497 Y4.584 E1.20048
G1 X-6.503 Y4.584 E0.40536
M566 X1800 Y1800
G0 F5400 X-6.433 Y4.514
G0 X-2.598 Y0.962
G0 X-2.516 Y0.905
M566 X1200 Y1200
G1 F4500 X-2.058 Y1.413 E0.02133
G1 X-1.49 Y1.793 E0.02131
G1 X-.845 Y2.022 E0.02134
G1 X-.183 Y2.087 E0.02074
G1 X0.494 Y1.985 E0.02135
G1 X1.141 Y1.709 E0.02193
G1 X1.671 Y1.303 E0.02082
G1 X2.108 Y0.752 E0.02193
G1 X2.384 Y0.126 E0.02133
G1 X2.497 Y-.532 E0.02082
G1 X2.442 Y-1.233 E0.02193
G1 X2.218 Y-1.881 E0.02138
G1 X1.842 Y-2.453 E0.02134
G1 X1.337 Y-2.915 E0.02134
G1 X0.733 Y-3.236 E0.02133
G1 X0.09 Y-3.395 E0.02065
G1 X-.205 Y-3.418 E0.00923
G1 X-.884 Y-3.347 E0.02129
G1 X-1.52 Y-3.111 E0.02115
G1 X-1.993 Y-2.8 E0.01765
G1 X-2.459 Y-2.313 E0.02102
G1 X-2.792 Y-1.733 E0.02085
G1 X-2.979 Y-1.059 E0.02181
G1 X-2.991 Y-.372 E0.02142
G1 X-2.834 Y0.295 E0.02137
G1 X-2.516 Y0.905 E0.02145
M566 X1800 Y1800
G0 F5400 X-2.598 Y0.962
G0 X-2.871 Y0.308
G0 X-3.03 Y-.368
G0 X-.865 Y-13.881
G0 X-.844 Y-13.978
M566 X1200 Y1200
G1 F4500 X-.164 Y-13.914 E0.0213
G1 X0.513 Y-14.022 E0.02138
G1 X1.142 Y-14.291 E0.02133
G1 X1.684 Y-14.709 E0.02134
G1 X2.099 Y-15.233 E0.02084
G1 X2.383 Y-15.873 E0.02183
G1 X2.497 Y-16.531 E0.02082
G1 X2.442 Y-17.232 E0.02193
G1 X2.218 Y-17.881 E0.02141
G1 X1.843 Y-18.452 E0.0213
G1 X1.337 Y-18.915 E0.02139
G1 X0.735 Y-19.236 E0.02127
G1 X0.106 Y-19.395 E0.02023
G1 X-.224 Y-19.418 E0.01031
G1 X-.885 Y-19.345 E0.02074
G1 X-1.512 Y-19.116 E0.02081
G1 X-2.087 Y-18.719 E0.02179
G1 X-2.529 Y-18.218 E0.02083
G1 X-2.837 Y-17.613 E0.02117
G1 X-2.978 Y-17.069 E0.01752
G1 X-2.993 Y-16.39 E0.02118
G1 X-2.834 Y-15.706 E0.0219
G1 X-2.516 Y-15.096 E0.02145
G1 X-2.057 Y-14.586 E0.02139
G1 X-1.49 Y-14.207 E0.02127
G1 X-.844 Y-13.978 E0.02137
M566 X1800 Y1800
G0 F5400 X-.736 Y-14.47
M566 X1200 Y1200
;TYPE:WALL-OUTER
G1 F3000 X-.18 Y-14.418 E0.01741
G1 X0.373 Y-14.506 E0.01746
G1 X0.887 Y-14.726 E0.01743
G1 X1.33 Y-15.068 E0.01745
G1 X1.668 Y-15.494 E0.01696
G1 X1.901 Y-16.019 E0.01791
G1 X1.994 Y-16.555 E0.01696
G1 X1.949 Y-17.129 E0.01795
G1 X1.766 Y-17.659 E0.01748
G1 X1.46 Y-18.125 E0.01738
G1 X1.046 Y-18.503 E0.01748
G1 X0.553 Y-18.766 E0.01742
G1 X0.027 Y-18.899 E0.01692
G1 X-.214 Y-18.916 E0.00753
G1 X-.77 Y-18.855 E0.01744
G1 X-1.28 Y-18.668 E0.01694
G1 X-1.753 Y-18.342 E0.01791
G1 X-2.112 Y-17.935 E0.01692
G1 X-2.367 Y-17.435 E0.0175
G1 X-2.479 Y-17 E0.01401
G1 X-2.492 Y-16.442 E0.0174
G1 X-2.361 Y-15.881 E0.01796
G1 X-2.102 Y-15.383 E0.0175
G1 X-1.727 Y-14.967 E0.01746
G1 X-1.264 Y-14.657 E0.01737
G1 X-.736 Y-14.47 E0.01747
M566 X1800 Y1800
G0 F5400 X-.487 Y-14.447
G0 X-.543 Y-13.85
G0 X-.152 Y-3.514
G0 X-.198 Y-2.916
M566 X1200 Y1200
G1 F3000 X-.769 Y-2.856 E0.0179
G1 X-1.293 Y-2.662 E0.01742
G1 X-1.671 Y-2.413 E0.01411
G1 X-2.056 Y-2.011 E0.01736
G1 X-2.327 Y-1.539 E0.01697
G1 X-2.48 Y-.987 E0.01786
G1 X-2.49 Y-.426 E0.0175
G1 X-2.362 Y0.119 E0.01746
G1 X-2.102 Y0.617 E0.01752
G1 X-1.728 Y1.032 E0.01742
G1 X-1.264 Y1.343 E0.01742
G1 X-.736 Y1.53 E0.01747
G1 X-.196 Y1.583 E0.01692
G1 X0.357 Y1.5 E0.01744
G1 X0.887 Y1.274 E0.01797
G1 X1.318 Y0.944 E0.01693
G1 X1.676 Y0.492 E0.01798
G1 X1.902 Y-0.02 E0.01745
G1 X1.994 Y-.555 E0.01693
G1 X1.949 Y-1.13 E0.01798
G1 X1.766 Y-1.659 E0.01745
G1 X1.459 Y-2.126 E0.01743
G1 X1.046 Y-2.503 E0.01744
G1 X0.553 Y-2.766 E0.01742
G1 X0.01 Y-2.9 E0.01744
G1 X-.198 Y-2.916 E0.0065
M566 X1800 Y1800
G0 F5400 X-.446 Y-2.89
G0 X-.508 Y-3.487
G0 X-1.538 Y-3.146
G0 X-2.4 Y-2.431
G0 X-6.433 Y4.514
G0 X-7.003 Y5.084
M566 X1200 Y1200
G1 F3000 X-7.003 Y-34.416 E1.23166
G1 X6.997 Y-34.416 E0.43654
G1 X6.997 Y5.084 E1.23166
G1 X-7.003 Y5.084 E0.43654
M566 X1800 Y1800
G0 F5400 X-7.003 Y4.834
G0 X-6.433 Y4.514
G0 X-5.013 Y3.094
M566 X1200 Y1200
;TYPE:SKIN
G1 F3000 X-5.013 Y-32.426 E1.10756
G1 X5.007 Y-32.426 E0.31244
G1 X5.007 Y3.094 E1.10756
G1 X1.692 Y3.094 E0.10337
G1 X1.898 Y3.006 E0.00698
G1 X2.724 Y2.373 E0.03245
G1 X3.395 Y1.527 E0.03367
G1 X3.821 Y0.559 E0.03298
G1 X3.997 Y-.463 E0.03234
G1 X3.912 Y-1.539 E0.03366
G1 X3.565 Y-2.543 E0.03312
G1 X2.986 Y-3.427 E0.03295
G1 X2.203 Y-4.143 E0.03308
G1 X1.269 Y-4.639 E0.03298
G1 X0.328 Y-4.871 E0.03022
G1 X-.224 Y-4.914 E0.01726
G1 X-1.226 Y-4.81 E0.03141
G1 X-2.197 Y-4.449 E0.0323
G1 X-2.953 Y-3.953 E0.02819
G1 X-3.661 Y-3.213 E0.03193
G1 X-4.177 Y-2.311 E0.0324
G1 X-4.465 Y-1.274 E0.03356
G1 X-4.483 Y-.211 E0.03315
G1 X-4.241 Y0.819 E0.03299
G1 X-3.75 Y1.763 E0.03318
G1 X-3.041 Y2.549 E0.03301
G1 X-2.224 Y3.094 E0.03062
G1 X-5.013 Y3.094 E0.08696
M566 X1800 Y1800
G0 F5400 X-1.168 Y-12.512
M566 X1200 Y1200
G1 F3000 X-.116 Y-12.412 E0.03295
G1 X0.93 Y-12.58 E0.03303
G1 X1.903 Y-12.995 E0.03298
G1 X2.739 Y-13.642 E0.03296
G1 X3.384 Y-14.456 E0.03238
G1 X3.819 Y-15.438 E0.03349
G1 X3.997 Y-16.462 E0.03241
G1 X3.912 Y-17.538 E0.03366
G1 X3.565 Y-18.542 E0.03312
G1 X2.987 Y-19.426 E0.03293
G1 X2.204 Y-20.14 E0.03304
G1 X1.277 Y-20.636 E0.03278
G1 X0.342 Y-20.873 E0.03008
G1 X-.254 Y-20.914 E0.01863
G1 X-1.227 Y-20.805 E0.03053
G1 X-2.202 Y-20.451 E0.03234
G1 X-3.084 Y-19.842 E0.03342
G1 X-3.772 Y-19.061 E0.03245
G1 X-4.238 Y-18.144 E0.03207
G1 X-4.464 Y-17.275 E0.028
G1 X-4.487 Y-16.235 E0.03244
G1 X-4.243 Y-15.185 E0.03361
G1 X-3.75 Y-14.24 E0.03324
G1 X-3.04 Y-13.451 E0.0331
G1 X-2.163 Y-12.866 E0.03287
G1 X-1.168 Y-12.512 E0.03293
M566 X1800 Y1800
G0 F5400 X4.781 Y2.289
M566 X1200 Y1200
G1 F3000 X4.201 Y2.869 E0.02558
M566 X1800 Y1800
G0 F5400 X3.495 Y2.868
M566 X1200 Y1200
G1 F3000 X4.781 Y1.582 E0.05671
M566 X1800 Y1800
G0 F5400 X4.781 Y0.875
M566 X1200 Y1200
G1 F3000 X2.788 Y2.868 E0.08789
G1 X2.7 Y2.956
M566 X1800 Y1800
G0 F5400 X3.811 Y1.138
M566 X1200 Y1200
G1 F3000 X4.781 Y0.168 E0.04277
M566 X1800 Y1800
G0 F5400 X4.124 Y0.118
M566 X1200 Y1200
G1 F3000 X4.781 Y-.538 E0.02895
M566 X1800 Y1800
G0 F5400 X4.206 Y-.671
M566 X1200 Y1200
G1 F3000 X4.781 Y-1.245 E0.02533
M566 X1800 Y1800
G0 F5400 X4.154 Y-1.325
M566 X1200 Y1200
G1 F3000 X4.781 Y-1.953 E0.02767
M566 X1800 Y1800
G0 F5400 X4.781 Y-2.66
M566 X1200 Y1200
G1 F3000 X4.023 Y-1.902 E0.03343
M566 X1800 Y1800
G0 F5400 X3.842 Y-2.428
M566 X1200 Y1200
G1 F3000 X4.781 Y-3.367 E0.04141
M566 X1800 Y1800
G0 F5400 X4.781 Y-4.074
M566 X1200 Y1200
G1 F3000 X3.602 Y-2.895 E0.05199
M566 X1800 Y1800
G0 F5400 X3.322 Y-3.322
M566 X1200 Y1200
G1 F3000 X4.781 Y-4.781 E0.06434
M566 X1800 Y1800
G0 F5400 X4.781 Y-5.488
M566 X1200 Y1200
G1 F3000 X3.005 Y-3.713 E0.07829
M566 X1800 Y1800
G0 F5400 X2.636 Y-4.051
M566 X1200 Y1200
G1 F3000 X4.781 Y-6.195 E0.09457
M566 X1800 Y1800
G0 F5400 X4.781 Y-6.902
M566 X1200 Y1200
G1 F3000 X2.25 Y-4.372 E0.11159
M566 X1800 Y1800
G0 F5400 X1.788 Y-4.616
M566 X1200 Y1200
G1 F3000 X4.781 Y-7.609 E0.13198
M566 X1800 Y1800
G0 F5400 X4.781 Y-8.316
M566 X1200 Y1200
G1 F3000 X1.321 Y-4.857 E0.15255
M566 X1800 Y1800
G0 F5400 X0.754 Y-4.997
M566 X1200 Y1200
G1 F3000 X4.781 Y-9.024 E0.17758
M566 X1800 Y1800
G0 F5400 X4.781 Y-9.731
M566 X1200 Y1200
G1 F3000 X0.159 Y-5.108 E0.20384
M566 X1800 Y1800
G0 F5400 X-.551 Y-5.105
M566 X1200 Y1200
G1 F3000 X4.781 Y-10.438 E0.23515
M566 X1800 Y1800
G0 F5400 X4.781 Y-11.145
M566 X1200 Y1200
G1 F3000 X-1.366 Y-4.997 E0.27109
G1 X-1.454 Y-4.909
M566 X1800 Y1800
G0 F5400 X-2.653 Y-4.417
M566 X1200 Y1200
G1 F3000 X4.781 Y-11.852 E0.32784
M566 X1800 Y1800
G0 F5400 X4.781 Y-12.559
M566 X1200 Y1200
G1 F3000 X-4.787 Y-2.991 E0.42192
M566 X1800 Y1800
G0 F5400 X-4.787 Y-3.698
M566 X1200 Y1200
G1 F3000 X4.781 Y-13.266 E0.42192
M566 X1800 Y1800
G0 F5400 X4.781 Y-13.973
M566 X1200 Y1200
G1 F3000 X-4.787 Y-4.405 E0.42192
M566 X1800 Y1800
G0 F5400 X-4.787 Y-5.112
M566 X1200 Y1200
G1 F3000 X4.781 Y-14.68 E0.42192
M566 X1800 Y1800
G0 F5400 X4.781 Y-15.388
M566 X1200 Y1200
G1 F3000 X2.988 Y-13.594 E0.07909
M566 X1800 Y1800
G0 F5400 X2.79 Y-13.396
M566 X1200 Y1200
G1 F3000 X-4.787 Y-5.819 E0.33412
M566 X1800 Y1800
G0 F5400 X-4.787 Y-6.526
M566 X1200 Y1200
G1 F3000 X1.09 Y-12.404 E0.25918
M566 X1800 Y1800
G0 F5400 X0.216 Y-12.237
M566 X1200 Y1200
G1 F3000 X-4.787 Y-7.233 E0.22064
M566 X1800 Y1800
G0 F5400 X-4.787 Y-7.94
M566 X1200 Y1200
G1 F3000 X-.505 Y-12.222 E0.18882
M566 X1800 Y1800
G0 F5400 X-1.15 Y-12.284
M566 X1200 Y1200
G1 F3000 X-4.787 Y-8.647 E0.16038
M566 X1800 Y1800
G0 F5400 X-4.787 Y-9.355
M566 X1200 Y1200
G1 F3000 X-1.685 Y-12.457 E0.13679
M566 X1800 Y1800
G0 F5400 X-2.206 Y-12.643
M566 X1200 Y1200
G1 F3000 X-4.787 Y-10.062 E0.11381
M566 X1800 Y1800
G0 F5400 X-4.787 Y-10.769
M566 X1200 Y1200
G1 F3000 X-2.641 Y-12.914 E0.09461
M566 X1800 Y1800
G0 F5400 X-3.066 Y-13.197
M566 X1200 Y1200
G1 F3000 X-4.787 Y-11.476 E0.07589
M566 X1800 Y1800
G0 F5400 X-4.787 Y-12.183
M566 X1200 Y1200
G1 F3000 X-3.427 Y-13.543 E0.05997
M566 X1800 Y1800
G0 F5400 X-3.761 Y-13.915
M566 X1200 Y1200
G1 F3000 X-4.787 Y-12.89 E0.04522
M566 X1800 Y1800
G0 F5400 X-4.787 Y-13.597
M566 X1200 Y1200
G1 F3000 X-4.053 Y-14.331 E0.03237
M566 X1800 Y1800
G0 F5400 X-4.294 Y-14.796
M566 X1200 Y1200
G1 F3000 X-4.787 Y-14.304 E0.02172
M566 X1800 Y1800
G0 F5400 X-4.787 Y-15.011
M566 X1200 Y1200
G1 F3000 X-4.5 Y-15.298 E0.01266
M566 X1800 Y1800
G0 F5400 X-4.787 Y-15.718
M566 X1200 Y1200
G1 F3000 X-4.634 Y-15.871 E0.00675
M566 X1800 Y1800
G0 F5400 X-4.787 Y-16.425
M566 X1200 Y1200
G1 F3000 X-4.706 Y-16.506 E0.00357
M566 X1800 Y1800
G0 F5400 X-4.787 Y-17.132
M566 X1200 Y1200
G1 F3000 X-4.69 Y-17.23 E0.0043
M566 X1800 Y1800
G0 F5400 X-4.787 Y-17.839
M566 X1200 Y1200
G1 F3000 X-4.466 Y-18.16 E0.01416
M566 X1800 Y1800
G0 F5400 X-4.787 Y-18.546
M566 X1200 Y1200
G1 F3000 X4.781 Y-28.115 E0.42194
M566 X1800 Y1800
G0 F5400 X4.781 Y-27.408
M566 X1200 Y1200
G1 F3000 X-1.787 Y-20.839 E0.28965
M566 X1800 Y1800
G0 F5400 X-.847 Y-21.072
M566 X1200 Y1200
G1 F3000 X4.781 Y-26.701 E0.2482
M566 X1800 Y1800
G0 F5400 X4.781 Y-25.994
M566 X1200 Y1200
G1 F3000 X-0.086 Y-21.126 E0.21464
M566 X1800 Y1800
G0 F5400 X0.546 Y-21.052
M566 X1200 Y1200
G1 F3000 X4.781 Y-25.287 E0.18675
M566 X1800 Y1800
G0 F5400 X4.781 Y-24.58
M566 X1200 Y1200
G1 F3000 X1.11 Y-20.909 E0.16188
M566 X1800 Y1800
G0 F5400 X1.617 Y-20.709
M566 X1200 Y1200
G1 F3000 X4.781 Y-23.873 E0.13952
M566 X1800 Y1800
G0 F5400 X4.781 Y-23.166
M566 X1200 Y1200
G1 F3000 X2.077 Y-20.462 E0.11924
M566 X1800 Y1800
G0 F5400 X2.498 Y-20.175
M566 X1200 Y1200
G1 F3000 X4.781 Y-22.459 E0.1007
M566 X1800 Y1800
G0 F5400 X4.781 Y-21.752
M566 X1200 Y1200
G1 F3000 X2.868 Y-19.838 E0.08438
M566 X1800 Y1800
G0 F5400 X3.218 Y-19.482
M566 X1200 Y1200
G1 F3000 X4.781 Y-21.044 E0.0689
M566 X1800 Y1800
G0 F5400 X4.781 Y-20.337
M566 X1200 Y1200
G1 F3000 X3.498 Y-19.054 E0.05658
M566 X1800 Y1800
G0 F5400 X3.774 Y-18.623
M566 X1200 Y1200
G1 F3000 X4.781 Y-19.63 E0.04441
M566 X1800 Y1800
G0 F5400 X4.781 Y-18.923
M566 X1200 Y1200
G1 F3000 X3.956 Y-18.098 E0.03638
M566 X1800 Y1800
G0 F5400 X4.135 Y-17.57
M566 X1200 Y1200
G1 F3000 X4.781 Y-18.216 E0.02849
M566 X1800 Y1800
G0 F5400 X4.781 Y-17.509
M566 X1200 Y1200
G1 F3000 X4.187 Y-16.915 E0.02619
M566 X1800 Y1800
G0 F5400 X4.781 Y-16.802
M566 X1200 Y1200
G1 F3000 X4.18 Y-16.201 E0.0265
M566 X1800 Y1800
G0 F5400 X4.781 Y-16.095
M566 X1200 Y1200
G1 F3000 X4.019 Y-15.332 E0.03362
G1 X3.931 Y-15.244
M566 X1800 Y1800
G0 F5400 X1.873 Y-18.477
G0 X1.36 Y-18.947
G0 X0.749 Y-19.273
G0 X0.112 Y-19.434
G0 X-4.787 Y-19.253
M566 X1200 Y1200
G1 F3000 X4.781 Y-28.823 E0.42197
M566 X1800 Y1800
G0 F5400 X4.781 Y-29.53
M566 X1200 Y1200
G1 F3000 X-4.787 Y-19.96 E0.42197
M566 X1800 Y1800
G0 F5400 X-4.787 Y-20.668
M566 X1200 Y1200
G1 F3000 X4.781 Y-30.237 E0.42194
M566 X1800 Y1800
G0 F5400 X4.781 Y-30.944
M566 X1200 Y1200
G1 F3000 X-4.787 Y-21.375 E0.42194
M566 X1800 Y1800
G0 F5400 X-4.787 Y-22.082
M566 X1200 Y1200
G1 F3000 X4.781 Y-31.651 E0.42194
M566 X1800 Y1800
G0 F5400 X4.623 Y-32.2
M566 X1200 Y1200
G1 F3000 X-4.787 Y-22.789 E0.41498
M566 X1800 Y1800
G0 F5400 X-4.787 Y-23.496
M566 X1200 Y1200
G1 F3000 X3.915 Y-32.2 E0.38378
M566 X1800 Y1800
G0 F5400 X3.208 Y-32.2
M566 X1200 Y1200
G1 F3000 X-4.787 Y-24.203 E0.3526
M566 X1800 Y1800
G0 F5400 X-4.787 Y-24.91
M566 X1200 Y1200
G1 F3000 X2.501 Y-32.2 E0.32142
M566 X1800 Y1800
G0 F5400 X1.794 Y-32.2
M566 X1200 Y1200
G1 F3000 X-4.787 Y-25.617 E0.29025
M566 X1800 Y1800
G0 F5400 X-4.787 Y-26.324
M566 X1200 Y1200
G1 F3000 X1.087 Y-32.2 E0.25907
M566 X1800 Y1800
G0 F5400 X0.38 Y-32.2
M566 X1200 Y1200
G1 F3000 X-4.787 Y-27.031 E0.22789
M566 X1800 Y1800
G0 F5400 X-4.787 Y-27.739
M566 X1200 Y1200
G1 F3000 X-.326 Y-32.2 E0.19672
M566 X1800 Y1800
G0 F5400 X-1.033 Y-32.2
M566 X1200 Y1200
G1 F3000 X-4.787 Y-28.446 E0.16554
M566 X1800 Y1800
G0 F5400 X-4.787 Y-29.153
M566 X1200 Y1200
G1 F3000 X-1.74 Y-32.2 E0.13436
M566 X1800 Y1800
G0 F5400 X-2.448 Y-32.2
M566 X1200 Y1200
G1 F3000 X-4.787 Y-29.86 E0.10317
M566 X1800 Y1800
G0 F5400 X-4.787 Y-30.567
M566 X1200 Y1200
G1 F3000 X-3.155 Y-32.2 E0.07199
M566 X1800 Y1800
G0 F5400 X-3.862 Y-32.2
M566 X1200 Y1200
G1 F3000 X-4.787 Y-31.274 E0.04081
M566 X1800 Y1800
G0 F5400 X-4.787 Y-31.981
M566 X1200 Y1200
G1 F3000 X-4.569 Y-32.2 E0.00964
M566 X1800 Y1800
G0 F5400 X-4.002 Y-3.068
M566 X1200 Y1200
G1 F3000 X-4.787 Y-2.283 E0.03462
M566 X1800 Y1800
G0 F5400 X-4.547 Y-1.816
M566 X1200 Y1200
G1 F3000 X-4.787 Y-1.576 E0.01058
M566 X1800 Y1800
G0 F5400 X-4.694 Y-.962
M566 X1200 Y1200
G1 F3000 X-4.787 Y-.869 E0.0041
M566 X1800 Y1800
G0 F5400 X-4.706 Y-.243
M566 X1200 Y1200
G1 F3000 X-4.787 Y-.162 E0.00357
M566 X1800 Y1800
G0 F5400 X-4.584 Y0.341
M566 X1200 Y1200
G1 F3000 X-4.787 Y0.544 E0.00895
M566 X1800 Y1800
G0 F5400 X-4.446 Y0.91
M566 X1200 Y1200
G1 F3000 X-4.787 Y1.251 E0.01504
M566 X1800 Y1800
G0 F5400 X-4.205 Y1.376
M566 X1200 Y1200
G1 F3000 X-4.787 Y1.958 E0.02566
M566 X1800 Y1800
G0 F5400 X-4.787 Y2.665
M566 X1200 Y1200
G1 F3000 X-3.963 Y1.842 E0.03631
M566 X1800 Y1800
G0 F5400 X-3.638 Y2.223
M566 X1200 Y1200
G1 F3000 X-4.283 Y2.869 E0.02846
M566 X1800 Y1800
G0 F5400 X-3.576 Y2.869
M566 X1200 Y1200
G1 F3000 X-3.302 Y2.595 E0.01208
M566 X1800 Y1800
;MESH:NONMESH
G0 F600 X-3.302 Y2.595 Z0.7
G0 F5400 X1.32 Y2.749
;TIME_ELAPSED:110.698452
;LAYER:2
M106 S46.4 P1
M566 X1200 Y1200
;TYPE:WALL-INNER
;MESH:Roborama2026-Lasermount.3mf
G1 F6000 X2.122 Y2.251 E0.02944
G1 X2.769 Y1.573 E0.02922
G1 X3.226 Y0.76 E0.02908
G1 X3.472 Y-.138 E0.02903
G1 X3.489 Y-1.047 E0.02835
G1 X3.27 Y-1.983 E0.02997
G1 X2.832 Y-2.816 E0.02935
G1 X2.21 Y-3.508 E0.02901
G1 X1.455 Y-4.019 E0.02843
G1 X0.572 Y-4.334 E0.02923
G1 X-.186 Y-4.425 E0.02381
G1 X-1.117 Y-4.328 E0.02919
G1 X-1.956 Y-4.019 E0.02788
G1 X-2.641 Y-3.571 E0.02552
G1 X-3.271 Y-2.91 E0.02847
G1 X-3.722 Y-2.121 E0.02834
G1 X-3.977 Y-1.198 E0.02986
G1 X-3.993 Y-.255 E0.02941
G1 X-3.775 Y0.655 E0.02918
G1 X-3.338 Y1.488 E0.02933
G1 X-2.722 Y2.165 E0.02854
G1 X-2.082 Y2.618 E0.02445
G1 X-1.233 Y2.963 E0.02858
G1 X-.311 Y3.095 E0.02904
G1 X0.595 Y2.995 E0.02842
G1 X1.32 Y2.749 E0.02387
M566 X1800 Y1800
G0 F7200 X-.311 Y3.584
M566 X1200 Y1200
G1 F6000 X-5.503 Y3.584 E0.16189
G1 X-5.503 Y-32.916 E1.13812
G1 X5.497 Y-32.916 E0.343
G1 X5.497 Y3.584 E1.13812
G1 X-.311 Y3.584 E0.1811
M566 X1800 Y1800
G0 F7200 X1.991 Y0.996
G0 X2.331 Y0.393
G0 X2.513 Y-.277
G0 X0.066 Y-12.919
M566 X1200 Y1200
G1 F6000 X0.983 Y-13.114 E0.02923
G1 X1.818 Y-13.527 E0.02905
G1 X2.53 Y-14.135 E0.02919
G1 X3.065 Y-14.897 E0.02903
G1 X3.395 Y-15.746 E0.0284
G1 X3.509 Y-16.701 E0.02999
G1 X3.383 Y-17.633 E0.02933
G1 X3.032 Y-18.494 E0.02899
G1 X2.499 Y-19.232 E0.02839
G1 X1.761 Y-19.843 E0.02988
G1 X0.937 Y-20.233 E0.02843
G1 X0.066 Y-20.406 E0.02769
G1 X-.276 Y-20.419 E0.01067
G1 X-1.123 Y-20.324 E0.02658
G1 X-1.976 Y-20.009 E0.02835
G1 X-2.762 Y-19.469 E0.02974
G1 X-3.363 Y-18.784 E0.02841
G1 X-3.789 Y-17.946 E0.02931
G1 X-3.999 Y-17.013 E0.02982
G1 X-3.972 Y-16.099 E0.02851
G1 X-3.707 Y-15.172 E0.03006
G1 X-3.225 Y-14.362 E0.02939
G1 X-2.575 Y-13.707 E0.02877
G1 X-1.797 Y-13.236 E0.02836
G1 X-.87 Y-12.956 E0.03019
G1 X0.066 Y-12.919 E0.02921
M566 X1800 Y1800
G0 F7200 X0.023 Y-13.421
M566 X1200 Y1200
G1 F6000 X0.818 Y-13.59 E0.02534
G1 X1.541 Y-13.948 E0.02516
G1 X2.157 Y-14.474 E0.02526
G1 X2.621 Y-15.135 E0.02518
G1 X2.906 Y-15.868 E0.02452
G1 X3.005 Y-16.697 E0.02603
G1 X2.896 Y-17.503 E0.02536
G1 X2.592 Y-18.25 E0.02515
G1 X2.131 Y-18.887 E0.02452
G1 X1.49 Y-19.418 E0.02595
G1 X0.779 Y-19.755 E0.02453
G1 X0.008 Y-19.908 E0.02451
G1 X-.257 Y-19.918 E0.00827
G1 X-1.007 Y-19.834 E0.02353
G1 X-1.744 Y-19.562 E0.0245
G1 X-2.427 Y-19.092 E0.02585
G1 X-2.946 Y-18.501 E0.02453
G1 X-3.315 Y-17.775 E0.02539
G1 X-3.497 Y-16.965 E0.02589
G1 X-3.474 Y-16.176 E0.02461
G1 X-3.244 Y-15.372 E0.02608
G1 X-2.827 Y-14.671 E0.02543
G1 X-2.263 Y-14.103 E0.02496
G1 X-1.592 Y-13.696 E0.02447
G1 X-.787 Y-13.453 E0.02622
G1 X0.023 Y-13.421 E0.02528
M566 X1800 Y1800
G0 F7200 X-.19 Y-3.922
M566 X1200 Y1200
G1 F6000 X-1.003 Y-3.837 E0.02549
G1 X-1.73 Y-3.569 E0.02416
G1 X-2.319 Y-3.184 E0.02194
G1 X-2.867 Y-2.609 E0.02477
G1 X-3.257 Y-1.927 E0.0245
G1 X-3.478 Y-1.126 E0.02591
G1 X-3.492 Y-.31 E0.02545
G1 X-3.303 Y0.478 E0.02527
G1 X-2.925 Y1.199 E0.02538
G1 X-2.389 Y1.788 E0.02483
G1 X-1.84 Y2.177 E0.02098
G1 X-1.102 Y2.477 E0.02484
G1 X-.303 Y2.591 E0.02517
G1 X0.486 Y2.504 E0.02475
G1 X1.105 Y2.294 E0.02038
G1 X1.804 Y1.86 E0.02566
G1 X2.364 Y1.273 E0.0253
G1 X2.76 Y0.569 E0.02519
G1 X2.973 Y-.21 E0.02518
G1 X2.988 Y-.994 E0.02445
G1 X2.798 Y-1.807 E0.02603
G1 X2.419 Y-2.528 E0.0254
G1 X1.879 Y-3.128 E0.02517
G1 X1.227 Y-3.569 E0.02454
G1 X0.457 Y-3.844 E0.02549
G1 X-.19 Y-3.922 E0.02032
M566 X1800 Y1800
G0 F7200 X1.574 Y-2.778
G0 X5.997 Y4.084
M566 X1200 Y1200
G1 F6000 X-6.003 Y4.084 E0.37418
G1 X-6.003 Y-33.416 E1.1693
G1 X5.997 Y-33.416 E0.37418
G1 X5.997 Y4.084 E1.1693
M566 X1800 Y1800
G0 F7200 X6.497 Y4.584
M566 X1200 Y1200
G1 F6000 X-6.503 Y4.584 E0.40536
G1 X-6.503 Y-33.916 E1.20048
G1 X6.497 Y-33.916 E0.40536
G1 X6.497 Y4.584 E1.20048
M566 X1800 Y1800
G0 F7200 X6.427 Y4.514
G0 X2.039 Y1.032
G0 X1.959 Y0.973
M566 X1200 Y1200
G1 F6000 X2.294 Y0.378 E0.02129
G1 X2.474 Y-.282 E0.02133
G1 X2.487 Y-.941 E0.02055
G1 X2.326 Y-1.631 E0.02209
G1 X2.006 Y-2.24 E0.02145
G1 X1.548 Y-2.748 E0.02133
G1 X0.999 Y-3.119 E0.02066
G1 X0.341 Y-3.354 E0.02179
G1 X-.194 Y-3.419 E0.0168
G1 X-.889 Y-3.346 E0.02179
G1 X-1.504 Y-3.119 E0.02044
G1 X-1.997 Y-2.797 E0.01836
G1 X-2.463 Y-2.308 E0.02106
G1 X-2.792 Y-1.733 E0.02066
G1 X-2.979 Y-1.054 E0.02196
G1 X-2.991 Y-.365 E0.02149
G1 X-2.831 Y0.301 E0.02136
G1 X-2.512 Y0.91 E0.02144
G1 X-2.056 Y1.411 E0.02112
G1 X-1.598 Y1.736 E0.01751
G1 X-.971 Y1.991 E0.02111
G1 X-.295 Y2.087 E0.02129
G1 X0.377 Y2.013 E0.02108
G1 X0.89 Y1.839 E0.01689
G1 X1.486 Y1.469 E0.02187
G1 X1.959 Y0.973 E0.02137
M566 X1800 Y1800
G0 F7200 X2.039 Y1.032
G0 X2.331 Y0.393
G0 X2.513 Y-.277
G0 X0.684 Y-13.972
G0 X0.652 Y-14.066
M566 X1200 Y1200
G1 F6000 X1.264 Y-14.369 E0.02129
G1 X1.784 Y-14.813 E0.02132
G1 X2.177 Y-15.373 E0.02133
G1 X2.417 Y-15.99 E0.02064
G1 X2.501 Y-16.693 E0.02208
G1 X2.409 Y-17.373 E0.0214
G1 X2.152 Y-18.006 E0.0213
G1 X1.763 Y-18.542 E0.02065
G1 X1.219 Y-18.993 E0.02203
G1 X0.621 Y-19.277 E0.02064
G1 X-0.05 Y-19.41 E0.02133
G1 X-.238 Y-19.417 E0.00587
G1 X-.891 Y-19.344 E0.02049
G1 X-1.512 Y-19.115 E0.02064
G1 X-2.092 Y-18.715 E0.02197
G1 X-2.529 Y-18.218 E0.02064
G1 X-2.841 Y-17.604 E0.02148
G1 X-2.995 Y-16.917 E0.02195
G1 X-2.976 Y-16.253 E0.02071
G1 X-2.781 Y-15.572 E0.02209
G1 X-2.429 Y-14.98 E0.02148
G1 X-1.951 Y-14.499 E0.02114
G1 X-1.387 Y-14.156 E0.02058
G1 X-.704 Y-13.95 E0.02224
G1 X-0.02 Y-13.923 E0.02134
G1 X0.652 Y-14.066 E0.02142
M566 X1800 Y1800
G0 F7200 X0.486 Y-14.542
M566 X1200 Y1200
;TYPE:WALL-OUTER
G1 F3000 X0.987 Y-14.79 E0.01743
G1 X1.411 Y-15.152 E0.01738
G1 X1.733 Y-15.611 E0.01748
G1 X1.928 Y-16.112 E0.01676
G1 X1.997 Y-16.689 E0.01812
G1 X1.922 Y-17.244 E0.01746
G1 X1.712 Y-17.762 E0.01743
G1 X1.396 Y-18.197 E0.01677
G1 X0.948 Y-18.568 E0.01814
G1 X0.463 Y-18.799 E0.01675
G1 X-.108 Y-18.912 E0.01815
G1 X-.219 Y-18.916 E0.00346
G1 X-.775 Y-18.854 E0.01744
G1 X-1.28 Y-18.668 E0.01678
G1 X-1.757 Y-18.339 E0.01807
G1 X-2.112 Y-17.935 E0.01677
G1 X-2.367 Y-17.434 E0.01753
G1 X-2.493 Y-16.869 E0.01805
G1 X-2.478 Y-16.33 E0.01681
G1 X-2.318 Y-15.772 E0.0181
G1 X-2.031 Y-15.289 E0.01752
G1 X-1.639 Y-14.895 E0.01733
G1 X-1.181 Y-14.616 E0.01672
G1 X-.621 Y-14.447 E0.01824
G1 X-0.063 Y-14.425 E0.01741
G1 X0.486 Y-14.542 E0.0175
M566 X1800 Y1800
G0 F7200 X0.71 Y-14.652
G0 X0.975 Y-14.115
G0 X-.125 Y-3.511
G0 X-.198 Y-2.916
M566 X1200 Y1200
G1 F3000 X-.774 Y-2.855 E0.01806
G1 X-1.278 Y-2.669 E0.01675
G1 X-1.675 Y-2.41 E0.01478
G1 X-2.059 Y-2.007 E0.01736
G1 X-2.327 Y-1.539 E0.01682
G1 X-2.48 Y-.982 E0.01801
G1 X-2.49 Y-.42 E0.01753
G1 X-2.359 Y0.124 E0.01745
G1 X-2.099 Y0.621 E0.01749
G1 X-1.723 Y1.035 E0.01744
G1 X-1.356 Y1.295 E0.01402
G1 X-.84 Y1.505 E0.01737
G1 X-.287 Y1.583 E0.01741
G1 X0.268 Y1.522 E0.01741
G1 X0.675 Y1.384 E0.0134
G1 X1.168 Y1.078 E0.01809
G1 X1.554 Y0.673 E0.01745
G1 X1.828 Y0.187 E0.0174
G1 X1.975 Y-.354 E0.01748
G1 X1.986 Y-.889 E0.01669
G1 X1.854 Y-1.455 E0.01812
G1 X1.593 Y-1.952 E0.0175
G1 X1.218 Y-2.368 E0.01746
G1 X0.772 Y-2.669 E0.01678
G1 X0.225 Y-2.864 E0.01811
G1 X-.198 Y-2.916 E0.01329
M566 X1800 Y1800
G0 F7200 X-.446 Y-2.89
G0 X-.508 Y-3.487
G0 X0.35 Y-3.392
G0 X1.017 Y-3.154
G0 X1.574 Y-2.778
G0 X6.427 Y4.514
G0 X6.997 Y5.084
M566 X1200 Y1200
G1 F3000 X-7.003 Y5.084 E0.43654
G1 X-7.003 Y-34.416 E1.23166
G1 X6.997 Y-34.416 E0.43654
G1 X6.997 Y5.084 E1.23166
M566 X1800 Y1800
G0 F7200 X6.747 Y5.084
G0 X6.427 Y4.514
G0 X5.007 Y3.094
M566 X1200 Y1200
;TYPE:SKIN
G1 F3000 X1.694 Y3.094 E0.1033
G1 X2.434 Y2.635 E0.02715
G1 X3.166 Y1.867 E0.03308
G1 X3.683 Y0.948 E0.03288
G1 X3.96 Y-0.067 E0.03281
G1 X3.981 Y-1.099 E0.03219
G1 X3.733 Y-2.156 E0.03385
G1 X3.238 Y-3.098 E0.03318
G1 X2.534 Y-3.88 E0.03281
G1 X1.678 Y-4.46 E0.03224
G1 X0.685 Y-4.814 E0.03287
G1 X-.182 Y-4.919 E0.02723
G1 X-1.229 Y-4.809 E0.03283
G1 X-2.178 Y-4.46 E0.03153
G1 X-2.957 Y-3.95 E0.02903
G1 X-3.667 Y-3.205 E0.03209
G1 X-4.178 Y-2.311 E0.03211
G1 X-4.465 Y-1.269 E0.0337
G1 X-4.485 Y-.202 E0.03328
G1 X-4.237 Y0.829 E0.03306
G1 X-3.742 Y1.772 E0.03321
G1 X-3.049 Y2.534 E0.03212
G1 X-2.319 Y3.051 E0.02789
G1 X-2.213 Y3.094 E0.00357
G1 X-5.013 Y3.094 E0.08731
G1 X-5.013 Y-32.426 E1.10756
G1 X5.007 Y-32.426 E0.31244
G1 X5.007 Y3.094 E1.10756
M566 X1800 Y1800
G0 F7200 X1.145 Y-12.648
M566 X1200 Y1200
G1 F3000 X2.09 Y-13.115 E0.03287
G1 X2.895 Y-13.802 E0.033
G1 X3.5 Y-14.664 E0.03284
G1 X3.874 Y-15.626 E0.03218
G1 X4.003 Y-16.705 E0.03388
G1 X3.86 Y-17.76 E0.0332
G1 X3.463 Y-18.733 E0.03277
G1 X2.86 Y-19.569 E0.03214
G1 X2.026 Y-20.26 E0.03377
G1 X1.092 Y-20.702 E0.03222
G1 X0.123 Y-20.894 E0.0308
G1 X-.294 Y-20.911 E0.01301
G1 X-1.237 Y-20.804 E0.02959
G1 X-2.203 Y-20.448 E0.0321
G1 X-3.09 Y-19.838 E0.03357
G1 X-3.772 Y-19.061 E0.03224
G1 X-4.254 Y-18.113 E0.03316
G1 X-4.491 Y-17.06 E0.03366
G1 X-4.46 Y-16.023 E0.03235
G1 X-4.16 Y-14.976 E0.03396
G1 X-3.615 Y-14.06 E0.03324
G1 X-2.881 Y-13.319 E0.03252
G1 X-1.997 Y-12.785 E0.0322
G1 X-.952 Y-12.468 E0.03405
G1 X0.108 Y-12.427 E0.03308
G1 X1.145 Y-12.648 E0.03306
M566 X1800 Y1800
G0 F7200 X-4.787 Y2.283
M566 X1200 Y1200
G1 F3000 X-4.202 Y2.868 E0.0258
M566 X1800 Y1800
G0 F7200 X-3.495 Y2.868
M566 X1200 Y1200
G1 F3000 X-4.787 Y1.576 E0.05697
M566 X1800 Y1800
G0 F7200 X-4.118 Y1.538
M566 X1200 Y1200
G1 F3000 X-4.787 Y0.869 E0.0295
M566 X1800 Y1800
G0 F7200 X-4.577 Y0.371
M566 X1200 Y1200
G1 F3000 X-4.787 Y0.161 E0.00926
M566 X1800 Y1800
G0 F7200 X-4.704 Y-.461
M566 X1200 Y1200
G1 F3000 X-4.787 Y-.545 E0.00368
M566 X1800 Y1800
G0 F7200 X-4.69 Y-1.155
M566 X1200 Y1200
G1 F3000 X-4.787 Y-1.252 E0.00428
M566 X1800 Y1800
G0 F7200 X-4.567 Y-1.739
M566 X1200 Y1200
G1 F3000 X-4.787 Y-1.959 E0.0097
M566 X1800 Y1800
G0 F7200 X-4.415 Y-2.294
M566 X1200 Y1200
G1 F3000 X-4.787 Y-2.666 E0.0164
M566 X1800 Y1800
G0 F7200 X-4.177 Y-2.763
M566 X1200 Y1200
G1 F3000 X-4.787 Y-3.373 E0.0269
M566 X1800 Y1800
G0 F7200 X-4.787 Y-4.08
M566 X1200 Y1200
G1 F3000 X-3.92 Y-3.213 E0.03823
M566 X1800 Y1800
G0 F7200 X-3.599 Y-3.599
M566 X1200 Y1200
G1 F3000 X-4.787 Y-4.787 E0.05239
M566 X1800 Y1800
G0 F7200 X-4.787 Y-5.494
M566 X1200 Y1200
G1 F3000 X-3.254 Y-3.961 E0.0676
M566 X1800 Y1800
G0 F7200 X-2.864 Y-4.278
M566 X1200 Y1200
G1 F3000 X-4.787 Y-6.202 E0.08482
M566 X1800 Y1800
G0 F7200 X-4.787 Y-6.909
M566 X1200 Y1200
G1 F3000 X-2.437 Y-4.558 E0.10365
M566 X1800 Y1800
G0 F7200 X-1.953 Y-4.782
M566 X1200 Y1200
G1 F3000 X-4.787 Y-7.616 E0.12497
M566 X1800 Y1800
G0 F7200 X-4.787 Y-8.323
M566 X1200 Y1200
G1 F3000 X-1.436 Y-4.972 E0.14777
M566 X1800 Y1800
G0 F7200 X-.833 Y-5.076
M566 X1200 Y1200
G1 F3000 X-4.787 Y-9.03 E0.17436
M566 X1800 Y1800
G0 F7200 X-4.787 Y-9.737
M566 X1200 Y1200
G1 F3000 X-.194 Y-5.144 E0.20254
M566 X1800 Y1800
G0 F7200 X0.607 Y-5.049
M566 X1200 Y1200
G1 F3000 X-4.787 Y-10.444 E0.23788
M566 X1800 Y1800
G0 F7200 X-4.787 Y-11.151
M566 X1200 Y1200
G1 F3000 X1.659 Y-4.704 E0.28427
G1 X1.747 Y-4.616
M566 X1800 Y1800
G0 F7200 X3.739 Y-2.624
M566 X1200 Y1200
G1 F3000 X4.781 Y-1.582 E0.04595
M566 X1800 Y1800
G0 F7200 X4.105 Y-1.551
M566 X1200 Y1200
G1 F3000 X4.781 Y-.875 E0.02981
M566 X1800 Y1800
G0 F7200 X4.198 Y-.751
M566 X1200 Y1200
G1 F3000 X4.781 Y-.168 E0.02571
M566 X1800 Y1800
G0 F7200 X4.183 Y-0.059
M566 X1200 Y1200
G1 F3000 X4.781 Y0.538 E0.02635
M566 X1800 Y1800
G0 F7200 X4.781 Y1.245
M566 X1200 Y1200
G1 F3000 X4.036 Y0.501 E0.03283
M566 X1800 Y1800
G0 F7200 X3.88 Y1.052
M566 X1200 Y1200
G1 F3000 X4.781 Y1.953 E0.03973
M566 X1800 Y1800
G0 F7200 X4.781 Y2.66
M566 X1200 Y1200
G1 F3000 X3.626 Y1.505 E0.05093
M566 X1800 Y1800
G0 F7200 X3.372 Y1.957
M566 X1200 Y1200
G1 F3000 X4.282 Y2.868 E0.04015
M566 X1800 Y1800
G0 F7200 X3.575 Y2.868
M566 X1200 Y1200
G1 F3000 X3.035 Y2.328 E0.02381
M566 X1800 Y1800
G0 F7200 X2.69 Y2.69
M566 X1200 Y1200
G1 F3000 X2.868 Y2.868 E0.00785
M566 X1800 Y1800
G0 F7200 X4.781 Y-2.289
M566 X1200 Y1200
G1 F3000 X-4.787 Y-11.858 E0.42194
M566 X1800 Y1800
G0 F7200 X-4.787 Y-12.565
M566 X1200 Y1200
G1 F3000 X4.781 Y-2.996 E0.42194
M566 X1800 Y1800
G0 F7200 X4.781 Y-3.703
M566 X1200 Y1200
G1 F3000 X-4.787 Y-13.273 E0.42197
M566 X1800 Y1800
G0 F7200 X-4.787 Y-13.98
M566 X1200 Y1200
G1 F3000 X4.781 Y-4.41 E0.42197
M566 X1800 Y1800
G0 F7200 X4.781 Y-5.118
M566 X1200 Y1200
G1 F3000 X-4.788 Y-14.688 E0.42199
M566 X1800 Y1800
G0 F7200 X-4.403 Y-15.01
M566 X1200 Y1200
G1 F3000 X-4.788 Y-15.395 E0.01698
M566 X1800 Y1800
G0 F7200 X-4.683 Y-15.997
M566 X1200 Y1200
G1 F3000 X-4.788 Y-16.102 E0.00463
M566 X1800 Y1800
G0 F7200 X-4.705 Y-16.726
M566 X1200 Y1200
G1 F3000 X-4.788 Y-16.809 E0.00366
M566 X1800 Y1800
G0 F7200 X-4.649 Y-17.377
M566 X1200 Y1200
G1 F3000 X-4.788 Y-17.516 E0.00613
M566 X1800 Y1800
G0 F7200 X-4.519 Y-17.954
M566 X1200 Y1200
G1 F3000 X-4.788 Y-18.223 E0.01186
M566 X1800 Y1800
G0 F7200 X-4.325 Y-18.467
M566 X1200 Y1200
G1 F3000 X-4.788 Y-18.93 E0.02042
M566 X1800 Y1800
G0 F7200 X-4.087 Y-18.936
M566 X1200 Y1200
G1 F3000 X-4.788 Y-19.637 E0.03091
M566 X1800 Y1800
G0 F7200 X-4.788 Y-20.344
M566 X1200 Y1200
G1 F3000 X-3.805 Y-19.361 E0.04335
M566 X1800 Y1800
G0 F7200 X-3.474 Y-19.738
M566 X1200 Y1200
G1 F3000 X-4.788 Y-21.051 E0.05792
M566 X1800 Y1800
G0 F7200 X-4.788 Y-21.759
M566 X1200 Y1200
G1 F3000 X-3.119 Y-20.09 E0.0736
M566 X1800 Y1800
G0 F7200 X-2.701 Y-20.378
M566 X1200 Y1200
G1 F3000 X-4.788 Y-22.466 E0.09205
M566 X1800 Y1800
G0 F7200 X-4.788 Y-23.173
M566 X1200 Y1200
G1 F3000 X-2.276 Y-20.661 E0.11077
M566 X1800 Y1800
G0 F7200 X-1.759 Y-20.851
M566 X1200 Y1200
G1 F3000 X-4.788 Y-23.88 E0.13357
M566 X1800 Y1800
G0 F7200 X-4.788 Y-24.587
M566 X1200 Y1200
G1 F3000 X-1.231 Y-21.03 E0.15685
M566 X1800 Y1800
G0 F7200 X-.596 Y-21.102
M566 X1200 Y1200
G1 F3000 X-4.788 Y-25.294 E0.18486
M566 X1800 Y1800
G0 F7200 X-4.788 Y-26.001
M566 X1200 Y1200
G1 F3000 X0.092 Y-21.12 E0.21522
M566 X1800 Y1800
G0 F7200 X0.964 Y-20.955
M566 X1200 Y1200
G1 F3000 X-4.788 Y-26.708 E0.25367
M566 X1800 Y1800
G0 F7200 X-4.788 Y-27.415
M566 X1200 Y1200
G1 F3000 X2.315 Y-20.311 E0.31324
G1 X2.403 Y-20.223
M566 X1800 Y1800
G0 F7200 X3.337 Y-19.289
M566 X1200 Y1200
G1 F3000 X4.781 Y-17.845 E0.06368
M566 X1800 Y1800
G0 F7200 X4.781 Y-17.138
M566 X1200 Y1200
G1 F3000 X4.063 Y-17.857 E0.03168
M566 X1800 Y1800
G0 F7200 X4.186 Y-17.027
M566 X1200 Y1200
G1 F3000 X4.781 Y-16.431 E0.02626
M566 X1800 Y1800
G0 F7200 X4.183 Y-16.322
M566 X1200 Y1200
G1 F3000 X4.781 Y-15.724 E0.02637
M566 X1800 Y1800
G0 F7200 X4.107 Y-15.691
M566 X1200 Y1200
G1 F3000 X4.781 Y-15.017 E0.02972
M566 X1800 Y1800
G0 F7200 X4.781 Y-14.31
M566 X1200 Y1200
G1 F3000 X3.933 Y-15.158 E0.03739
M566 X1800 Y1800
G0 F7200 X3.735 Y-14.649
M566 X1200 Y1200
G1 F3000 X4.781 Y-13.603 E0.04613
M566 X1800 Y1800
G0 F7200 X4.781 Y-12.896
M566 X1200 Y1200
G1 F3000 X3.461 Y-14.216 E0.05821
M566 X1800 Y1800
G0 F7200 X3.169 Y-13.8
M566 X1200 Y1200
G1 F3000 X4.781 Y-12.189 E0.07106
M566 X1800 Y1800
G0 F7200 X4.781 Y-11.481
M566 X1200 Y1200
G1 F3000 X2.821 Y-13.442 E0.08645
M566 X1800 Y1800
G0 F7200 X2.44 Y-13.116
M566 X1200 Y1200
G1 F3000 X4.781 Y-10.774 E0.10325
M566 X1800 Y1800
G0 F7200 X4.781 Y-10.067
M566 X1200 Y1200
G1 F3000 X2.021 Y-12.827 E0.12171
M566 X1800 Y1800
G0 F7200 X1.547 Y-12.594
M566 X1200 Y1200
G1 F3000 X4.781 Y-9.36 E0.14261
M566 X1800 Y1800
G0 F7200 X4.781 Y-8.653
M566 X1200 Y1200
G1 F3000 X1.041 Y-12.393 E0.16492
M566 X1800 Y1800
G0 F7200 X0.458 Y-12.269
M566 X1200 Y1200
G1 F3000 X4.781 Y-7.946 E0.19063
M566 X1800 Y1800
G0 F7200 X4.781 Y-7.239
M566 X1200 Y1200
G1 F3000 X-.191 Y-12.212 E0.21927
M566 X1800 Y1800
G0 F7200 X-.926 Y-12.24
M566 X1200 Y1200
G1 F3000 X4.781 Y-6.532 E0.25168
M566 X1800 Y1800
G0 F7200 X4.781 Y-5.825
M566 X1200 Y1200
G1 F3000 X-1.918 Y-12.524 E0.29541
G1 X-2.006 Y-12.612
M566 X1800 Y1800
G0 F7200 X1.286 Y-14.336
G0 X4.781 Y-18.553
M566 X1200 Y1200
G1 F3000 X-4.788 Y-28.123 E0.42199
M566 X1800 Y1800
G0 F7200 X-4.788 Y-28.83
M566 X1200 Y1200
G1 F3000 X4.781 Y-19.26 E0.42199
M566 X1800 Y1800
G0 F7200 X4.781 Y-19.967
M566 X1200 Y1200
G1 F3000 X-4.788 Y-29.537 E0.42199
M566 X1800 Y1800
G0 F7200 X-4.788 Y-30.244
M566 X1200 Y1200
G1 F3000 X4.781 Y-20.674 E0.42199
M566 X1800 Y1800
G0 F7200 X4.781 Y-21.381
M566 X1200 Y1200
G1 F3000 X-4.788 Y-30.951 E0.42199
M566 X1800 Y1800
G0 F7200 X-4.788 Y-31.658
M566 X1200 Y1200
G1 F3000 X4.781 Y-22.088 E0.42199
M566 X1800 Y1800
G0 F7200 X4.781 Y-22.795
M566 X1200 Y1200
G1 F3000 X-4.623 Y-32.2 E0.41471
M566 X1800 Y1800
G0 F7200 X-3.915 Y-32.2
M566 X1200 Y1200
G1 F3000 X4.781 Y-23.502 E0.38351
M566 X1800 Y1800
G0 F7200 X4.781 Y-24.209
M566 X1200 Y1200
G1 F3000 X-3.208 Y-32.2 E0.35234
M566 X1800 Y1800
G0 F7200 X-2.501 Y-32.2
M566 X1200 Y1200
G1 F3000 X4.781 Y-24.917 E0.32114
M566 X1800 Y1800
G0 F7200 X4.781 Y-25.624
M566 X1200 Y1200
G1 F3000 X-1.794 Y-32.2 E0.28996
M566 X1800 Y1800
G0 F7200 X-1.087 Y-32.2
M566 X1200 Y1200
G1 F3000 X4.781 Y-26.331 E0.25878
M566 X1800 Y1800
G0 F7200 X4.781 Y-27.038
M566 X1200 Y1200
G1 F3000 X-.38 Y-32.2 E0.22761
M566 X1800 Y1800
G0 F7200 X0.326 Y-32.2
M566 X1200 Y1200
G1 F3000 X4.781 Y-27.745 E0.19645
M566 X1800 Y1800
G0 F7200 X4.781 Y-28.452
M566 X1200 Y1200
G1 F3000 X1.033 Y-32.2 E0.16528
M566 X1800 Y1800
G0 F7200 X1.74 Y-32.2
M566 X1200 Y1200
G1 F3000 X4.781 Y-29.159 E0.1341
M566 X1800 Y1800
G0 F7200 X4.781 Y-29.866
M566 X1200 Y1200
G1 F3000 X2.448 Y-32.2 E0.1029
M566 X1800 Y1800
G0 F7200 X3.155 Y-32.2
M566 X1200 Y1200
G1 F3000 X4.781 Y-30.573 E0.07172
M566 X1800 Y1800
G0 F7200 X4.781 Y-31.28
M566 X1200 Y1200
G1 F3000 X3.862 Y-32.2 E0.04055
M566 X1800 Y1800
G0 F7200 X4.569 Y-32.2
M566 X1200 Y1200
G1 F3000 X4.781 Y-31.988 E0.00935
M566 X1800 Y1800
;MESH:NONMESH
G0 F600 X4.781 Y-31.988 Z0.85
G0 F7200 X2.513 Y-.277
G0 X0.987 Y2.885
;TIME_ELAPSED:133.552954
;LAYER:3
M106 S69.5 P1
M566 X1200 Y1200
;TYPE:WALL-INNER
;MESH:Roborama2026-Lasermount.3mf
G1 F6000 X1.825 Y2.47 E0.02916
G1 X2.512 Y1.885 E0.02814
G1 X3.068 Y1.098 E0.03005
G1 X3.395 Y0.256 E0.02817
G1 X3.509 Y-.672 E0.02915
G1 X3.381 Y-1.636 E0.03032
G1 X3.03 Y-2.505 E0.02922
G1 X2.474 Y-3.256 E0.02914
G1 X1.782 Y-3.831 E0.02805
G1 X0.904 Y-4.245 E0.03027
G1 X0.075 Y-4.402 E0.02631
G1 X-.231 Y-4.422 E0.00956
G1 X-1.131 Y-4.324 E0.02823
G1 X-2.003 Y-3.994 E0.02907
G1 X-2.744 Y-3.484 E0.02805
G1 X-3.367 Y-2.779 E0.02934
G1 X-3.798 Y-1.918 E0.03002
G1 X-3.995 Y-1.036 E0.02818
G1 X-3.972 Y-0.099 E0.02923
G1 X-3.702 Y0.834 E0.03029
G1 X-3.222 Y1.645 E0.02939
G1 X-2.566 Y2.297 E0.02884
G1 X-1.795 Y2.768 E0.02817
G1 X-.861 Y3.045 E0.03038
G1 X0.076 Y3.081 E0.02924
G1 X0.987 Y2.885 E0.02906
M566 X1800 Y1800
G0 F7200 X5.497 Y3.584
M566 X1200 Y1200
G1 F6000 X-5.503 Y3.584 E0.343
G1 X-5.503 Y-32.916 E1.13812
G1 X5.497 Y-32.916 E0.343
G1 X5.497 Y3.584 E1.13812
M566 X1800 Y1800
G0 F7200 X0.08 Y-12.919
M566 X1200 Y1200
G1 F6000 X0.992 Y-13.119 E0.02911
G1 X1.83 Y-13.533 E0.02914
G1 X2.537 Y-14.143 E0.02912
G1 X3.069 Y-14.905 E0.02898
G1 X3.395 Y-15.744 E0.02807
G1 X3.506 Y-16.655 E0.02862
G1 X3.419 Y-17.475 E0.02571
G1 X3.114 Y-18.34 E0.0286
G1 X2.609 Y-19.104 E0.02856
G1 X2.038 Y-19.646 E0.02455
G1 X1.256 Y-20.111 E0.02837
G1 X0.429 Y-20.361 E0.02694
G1 X-.236 Y-20.425 E0.02083
G1 X-1.129 Y-20.324 E0.02802
G1 X-1.979 Y-20.009 E0.02827
G1 X-2.766 Y-19.464 E0.02985
G1 X-3.363 Y-18.784 E0.02822
G1 X-3.789 Y-17.948 E0.02926
G1 X-4 Y-17.008 E0.03004
G1 X-3.972 Y-16.096 E0.02845
G1 X-3.705 Y-15.165 E0.0302
G1 X-3.219 Y-14.355 E0.02945
G1 X-2.566 Y-13.703 E0.02877
G1 X-1.796 Y-13.236 E0.02808
G1 X-.864 Y-12.955 E0.03035
G1 X0.08 Y-12.919 E0.02946
M566 X1800 Y1800
G0 F7200 X0.035 Y-13.421
M566 X1200 Y1200
G1 F6000 X0.825 Y-13.594 E0.02522
G1 X1.551 Y-13.953 E0.02525
G1 X2.163 Y-14.481 E0.0252
G1 X2.625 Y-15.142 E0.02515
G1 X2.906 Y-15.867 E0.02425
G1 X3.003 Y-16.659 E0.02488
G1 X2.928 Y-17.364 E0.02211
G1 X2.663 Y-18.116 E0.02486
G1 X2.223 Y-18.781 E0.02486
G1 X1.734 Y-19.245 E0.02102
G1 X1.053 Y-19.65 E0.02471
G1 X0.332 Y-19.868 E0.02349
G1 X-.232 Y-19.922 E0.01767
G1 X-1.012 Y-19.834 E0.02448
G1 X-1.746 Y-19.562 E0.02441
G1 X-2.431 Y-19.088 E0.02597
G1 X-2.946 Y-18.501 E0.02435
G1 X-3.315 Y-17.777 E0.02534
G1 X-3.498 Y-16.96 E0.02611
G1 X-3.474 Y-16.174 E0.02452
G1 X-3.242 Y-15.366 E0.02621
G1 X-2.822 Y-14.665 E0.02548
G1 X-2.255 Y-14.099 E0.02498
G1 X-1.591 Y-13.696 E0.02422
G1 X-.781 Y-13.452 E0.02638
G1 X0.035 Y-13.421 E0.02546
M566 X1800 Y1800
G0 F7200 X-.22 Y-3.92
M566 X1200 Y1200
G1 F6000 X-1.014 Y-3.834 E0.0249
G1 X-1.769 Y-3.548 E0.02517
G1 X-2.41 Y-3.107 E0.02426
G1 X-2.949 Y-2.497 E0.02538
G1 X-3.323 Y-1.749 E0.02608
G1 X-3.494 Y-.987 E0.02435
G1 X-3.474 Y-.176 E0.0253
G1 X-3.239 Y0.634 E0.0263
G1 X-2.824 Y1.335 E0.0254
G1 X-2.255 Y1.901 E0.02503
G1 X-1.59 Y2.307 E0.02429
G1 X-.779 Y2.548 E0.02638
G1 X0.032 Y2.579 E0.02531
G1 X0.821 Y2.409 E0.02517
G1 X1.548 Y2.049 E0.0253
G1 X2.14 Y1.545 E0.02424
G1 X2.624 Y0.86 E0.02615
G1 X2.906 Y0.133 E0.02431
G1 X3.005 Y-.67 E0.02523
G1 X2.894 Y-1.507 E0.02633
G1 X2.59 Y-2.259 E0.02529
G1 X2.108 Y-2.91 E0.02526
G1 X1.511 Y-3.406 E0.0242
G1 X0.748 Y-3.766 E0.02631
G1 X0.012 Y-3.905 E0.02336
G1 X-.22 Y-3.92 E0.00725
M566 X1800 Y1800
G0 F7200 X1.261 Y-3.014
G0 X1.771 Y-2.591
G0 X5.997 Y4.084
M566 X1200 Y1200
G1 F6000 X-6.003 Y4.084 E0.37418
G1 X-6.003 Y-33.416 E1.1693
G1 X5.997 Y-33.416 E0.37418
G1 X5.997 Y4.084 E1.1693
M566 X1800 Y1800
G0 F7200 X6.497 Y4.584
M566 X1200 Y1200
G1 F6000 X-6.503 Y4.584 E0.40536
G1 X-6.503 Y-33.916 E1.20048
G1 X6.497 Y-33.916 E0.40536
G1 X6.497 Y4.584 E1.20048
M566 X1800 Y1800
G0 F7200 X6.427 Y4.514
G0 X1.841 Y1.272
G0 X1.768 Y1.205
M566 X1200 Y1200
G1 F6000 X2.18 Y0.622 E0.02226
G1 X2.417 Y0.01 E0.02046
G1 X2.501 Y-.668 E0.0213
G1 X2.407 Y-1.378 E0.02233
G1 X2.15 Y-2.013 E0.02136
G1 X1.742 Y-2.564 E0.02138
G1 X1.24 Y-2.981 E0.02035
G1 X0.592 Y-3.287 E0.02235
G1 X-0.05 Y-3.408 E0.02037
G1 X-.209 Y-3.418 E0.00497
G1 X-.897 Y-3.344 E0.02158
G1 X-1.535 Y-3.102 E0.02128
G1 X-2.076 Y-2.73 E0.02047
G1 X-2.531 Y-2.215 E0.02143
G1 X-2.849 Y-1.58 E0.02214
G1 X-2.993 Y-.938 E0.02052
G1 X-2.976 Y-.253 E0.02137
G1 X-2.777 Y0.434 E0.0223
G1 X-2.426 Y1.025 E0.02143
G1 X-1.944 Y1.505 E0.02121
G1 X-1.385 Y1.846 E0.02042
G1 X-.697 Y2.051 E0.02238
G1 X-0.012 Y2.077 E0.02137
G1 X0.655 Y1.933 E0.02128
G1 X1.271 Y1.628 E0.02143
G1 X1.768 Y1.205 E0.02035
M566 X1800 Y1800
G0 F7200 X1.841 Y1.272
G0 X2.215 Y0.64
G0 X2.455 Y0.019
G0 X0.691 Y-13.975
G0 X0.658 Y-14.069
M566 X1200 Y1200
G1 F6000 X1.272 Y-14.373 E0.02136
G1 X1.789 Y-14.819 E0.02129
G1 X2.181 Y-15.379 E0.02131
G1 X2.417 Y-15.99 E0.02042
G1 X2.5 Y-16.663 E0.02114
G1 X2.437 Y-17.253 E0.0185
G1 X2.212 Y-17.892 E0.02112
G1 X1.838 Y-18.457 E0.02113
G1 X1.43 Y-18.844 E0.01753
G1 X0.85 Y-19.189 E0.02104
G1 X0.235 Y-19.375 E0.02003
G1 X-.228 Y-19.419 E0.0145
G1 X-.895 Y-19.344 E0.02093
G1 X-1.513 Y-19.115 E0.02055
G1 X-2.096 Y-18.712 E0.0221
G1 X-2.529 Y-18.218 E0.02048
G1 X-2.841 Y-17.606 E0.02142
G1 X-2.996 Y-16.912 E0.02217
G1 X-2.976 Y-16.252 E0.02059
G1 X-2.779 Y-15.567 E0.02222
G1 X-2.425 Y-14.975 E0.02151
G1 X-1.944 Y-14.495 E0.02119
G1 X-1.386 Y-14.156 E0.02036
G1 X-.698 Y-13.949 E0.0224
G1 X-0.01 Y-13.923 E0.02147
G1 X0.658 Y-14.069 E0.02132
M566 X1800 Y1800
G0 F7200 X0.491 Y-14.544
M566 X1200 Y1200
;TYPE:WALL-OUTER
G1 F3000 X0.993 Y-14.793 E0.01747
G1 X1.415 Y-15.157 E0.01738
G1 X1.736 Y-15.616 E0.01746
G1 X1.928 Y-16.113 E0.01661
G1 X1.997 Y-16.667 E0.01741
G1 X1.946 Y-17.142 E0.0149
G1 X1.761 Y-17.668 E0.01739
G1 X1.453 Y-18.133 E0.01739
G1 X1.126 Y-18.443 E0.01405
G1 X0.647 Y-18.728 E0.01738
G1 X0.138 Y-18.882 E0.01658
G1 X-.224 Y-18.916 E0.01134
G1 X-.779 Y-18.854 E0.01741
G1 X-1.28 Y-18.668 E0.01666
G1 X-1.761 Y-18.336 E0.01822
G1 X-2.112 Y-17.935 E0.01662
G1 X-2.367 Y-17.435 E0.0175
G1 X-2.494 Y-16.864 E0.01824
G1 X-2.478 Y-16.33 E0.01666
G1 X-2.316 Y-15.768 E0.01824
G1 X-2.028 Y-15.285 E0.01753
G1 X-1.633 Y-14.891 E0.0174
G1 X-1.181 Y-14.616 E0.0165
G1 X-.615 Y-14.446 E0.01843
G1 X-0.055 Y-14.425 E0.01747
G1 X0.491 Y-14.544 E0.01742
M566 X1800 Y1800
G0 F7200 X0.715 Y-14.655
G0 X0.98 Y-14.118
G0 X-0.073 Y-3.509
G0 X-.111 Y-2.911
M566 X1200 Y1200
G1 F3000 X-.197 Y-2.916 E0.00269
G1 X-.78 Y-2.854 E0.01828
G1 X-1.301 Y-2.656 E0.01738
G1 X-1.742 Y-2.353 E0.01668
G1 X-2.113 Y-1.933 E0.01747
G1 X-2.375 Y-1.411 E0.01821
G1 X-2.492 Y-.889 E0.01668
G1 X-2.478 Y-.33 E0.01744
G1 X-2.315 Y0.233 E0.01828
G1 X-2.028 Y0.715 E0.01749
G1 X-1.633 Y1.109 E0.0174
G1 X-1.18 Y1.385 E0.01654
G1 X-.615 Y1.554 E0.01839
G1 X-0.056 Y1.575 E0.01744
G1 X0.489 Y1.457 E0.01739
G1 X0.994 Y1.207 E0.01757
G1 X1.396 Y0.865 E0.01646
G1 X1.736 Y0.384 E0.01837
G1 X1.928 Y-.113 E0.01661
G1 X1.997 Y-.666 E0.01738
G1 X1.92 Y-1.249 E0.01834
G1 X1.71 Y-1.766 E0.0174
G1 X1.376 Y-2.218 E0.01752
G1 X0.969 Y-2.556 E0.0165
G1 X0.436 Y-2.808 E0.01838
G1 X-.111 Y-2.911 E0.01736
M566 X1800 Y1800
G0 F7200 X-.197 Y-2.916
G0 X-.36 Y-2.899
G0 X-.423 Y-3.496
G0 X0.604 Y-3.325
G0 X1.261 Y-3.014
G0 X1.771 Y-2.591
G0 X6.427 Y4.514
G0 X6.997 Y5.084
M566 X1200 Y1200
G1 F3000 X-7.003 Y5.084 E0.43654
G1 X-7.003 Y-34.416 E1.23166
G1 X6.997 Y-34.416 E0.43654
G1 X6.997 Y5.084 E1.23166
M566 X1800 Y1800
G0 F7200 X6.747 Y5.084
G0 X6.427 Y4.514
G0 X5.007 Y3.094
M566 X1200 Y1200
;TYPE:SKIN
G1 F3000 X1.669 Y3.094 E0.10408
G1 X2.097 Y2.882 E0.01489
G1 X2.877 Y2.218 E0.03194
G1 X3.503 Y1.331 E0.03385
G1 X3.874 Y0.376 E0.03195
G1 X4.003 Y-.674 E0.03299
G1 X3.859 Y-1.762 E0.03422
G1 X3.461 Y-2.746 E0.0331
G1 X2.833 Y-3.595 E0.03293
G1 X2.047 Y-4.248 E0.03186
G1 X1.057 Y-4.715 E0.03413
G1 X0.137 Y-4.889 E0.0292
G1 X-.241 Y-4.914 E0.01181
G1 X-1.246 Y-4.804 E0.03152
G1 X-2.232 Y-4.431 E0.03287
G1 X-3.071 Y-3.854 E0.03175
G1 X-3.777 Y-3.055 E0.03325
G1 X-4.263 Y-2.083 E0.03389
G1 X-4.487 Y-1.085 E0.03189
G1 X-4.46 Y-0.024 E0.03309
G1 X-4.155 Y1.03 E0.03421
G1 X-3.612 Y1.949 E0.03328
G1 X-2.87 Y2.685 E0.03259
G1 X-2.2 Y3.094 E0.02448
G1 X-5.013 Y3.094 E0.08771
G1 X-5.013 Y-32.426 E1.10756
G1 X5.007 Y-32.426 E0.31244
G1 X5.007 Y3.094 E1.10756
M566 X1800 Y1800
G0 F7200 X1.155 Y-12.653
M566 X1200 Y1200
G1 F3000 X2.103 Y-13.121 E0.03297
G1 X2.904 Y-13.812 E0.03299
G1 X3.504 Y-14.672 E0.0327
G1 X3.874 Y-15.624 E0.03185
G1 X4 Y-16.651 E0.03226
G1 X3.901 Y-17.584 E0.02926
G1 X3.556 Y-18.56 E0.03228
G1 X2.987 Y-19.421 E0.03218
G1 X2.336 Y-20.04 E0.02801
G1 X1.455 Y-20.562 E0.03193
G1 X0.525 Y-20.844 E0.0303
G1 X-.24 Y-20.917 E0.02396
G1 X-1.243 Y-20.804 E0.03147
G1 X-2.207 Y-20.447 E0.03205
G1 X-3.095 Y-19.833 E0.03366
G1 X-3.772 Y-19.061 E0.03202
G1 X-4.254 Y-18.115 E0.03311
G1 X-4.492 Y-17.055 E0.03388
G1 X-4.46 Y-16.02 E0.03229
G1 X-4.158 Y-14.968 E0.03413
G1 X-3.608 Y-14.051 E0.03334
G1 X-2.87 Y-13.315 E0.0325
G1 X-1.998 Y-12.785 E0.03182
G1 X-.946 Y-12.467 E0.03427
G1 X0.123 Y-12.427 E0.03336
G1 X1.155 Y-12.653 E0.03294
M566 X1800 Y1800
G0 F7200 X4.781 Y2.289
M566 X1200 Y1200
G1 F3000 X4.201 Y2.869 E0.02558
M566 X1800 Y1800
G0 F7200 X3.495 Y2.868
M566 X1200 Y1200
G1 F3000 X4.781 Y1.582 E0.05671
M566 X1800 Y1800
G0 F7200 X4.781 Y0.875
M566 X1200 Y1200
G1 F3000 X2.788 Y2.868 E0.08789
G1 X2.7 Y2.956
M566 X1800 Y1800
G0 F7200 X3.823 Y1.126
M566 X1200 Y1200
G1 F3000 X4.781 Y0.168 E0.04225
M566 X1800 Y1800
G0 F7200 X4.133 Y0.109
M566 X1200 Y1200
G1 F3000 X4.781 Y-.538 E0.02855
M566 X1800 Y1800
G0 F7200 X4.227 Y-.691
M566 X1200 Y1200
G1 F3000 X4.781 Y-1.245 E0.02443
M566 X1800 Y1800
G0 F7200 X4.144 Y-1.315
M566 X1200 Y1200
G1 F3000 X4.781 Y-1.953 E0.02811
M566 X1800 Y1800
G0 F7200 X4.781 Y-2.66
M566 X1200 Y1200
G1 F3000 X4.038 Y-1.917 E0.03276
M566 X1800 Y1800
G0 F7200 X3.835 Y-2.421
M566 X1200 Y1200
G1 F3000 X4.781 Y-3.367 E0.04172
M566 X1800 Y1800
G0 F7200 X4.781 Y-4.074
M566 X1200 Y1200
G1 F3000 X3.618 Y-2.911 E0.05128
M566 X1800 Y1800
G0 F7200 X3.317 Y-3.317
M566 X1200 Y1200
G1 F3000 X4.781 Y-4.781 E0.06456
M566 X1800 Y1800
G0 F7200 X4.781 Y-5.488
M566 X1200 Y1200
G1 F3000 X3.017 Y-3.724 E0.07779
M566 X1800 Y1800
G0 F7200 X2.636 Y-4.05
M566 X1200 Y1200
G1 F3000 X4.781 Y-6.195 E0.09459
M566 X1800 Y1800
G0 F7200 X4.781 Y-6.902
M566 X1200 Y1200
G1 F3000 X2.25 Y-4.371 E0.11161
M566 X1800 Y1800
G0 F7200 X1.788 Y-4.617
M566 X1200 Y1200
G1 F3000 X4.781 Y-7.609 E0.13196
M566 X1800 Y1800
G0 F7200 X4.781 Y-8.316
M566 X1200 Y1200
G1 F3000 X1.308 Y-4.843 E0.15315
M566 X1800 Y1800
G0 F7200 X0.756 Y-4.999
M566 X1200 Y1200
G1 F3000 X4.781 Y-9.024 E0.17749
M566 X1800 Y1800
G0 F7200 X4.781 Y-9.731
M566 X1200 Y1200
G1 F3000 X0.161 Y-5.11 E0.20375
M566 X1800 Y1800
G0 F7200 X-.551 Y-5.105
M566 X1200 Y1200
G1 F3000 X4.781 Y-10.438 E0.23515
M566 X1800 Y1800
G0 F7200 X4.781 Y-11.145
M566 X1200 Y1200
G1 F3000 X-1.365 Y-4.998 E0.27104
G1 X-1.453 Y-4.91
M566 X1800 Y1800
G0 F7200 X-2.666 Y-4.404
M566 X1200 Y1200
G1 F3000 X4.781 Y-11.852 E0.32841
M566 X1800 Y1800
G0 F7200 X4.781 Y-12.559
M566 X1200 Y1200
G1 F3000 X-4.787 Y-2.991 E0.42192
M566 X1800 Y1800
G0 F7200 X-4.787 Y-3.698
M566 X1200 Y1200
G1 F3000 X4.781 Y-13.266 E0.42192
M566 X1800 Y1800
G0 F7200 X4.781 Y-13.973
M566 X1200 Y1200
G1 F3000 X-4.787 Y-4.405 E0.42192
M566 X1800 Y1800
G0 F7200 X-4.787 Y-5.112
M566 X1200 Y1200
G1 F3000 X4.781 Y-14.68 E0.42192
M566 X1800 Y1800
G0 F7200 X4.781 Y-15.388
M566 X1200 Y1200
G1 F3000 X3.116 Y-13.723 E0.07342
M566 X1800 Y1800
G0 F7200 X2.927 Y-13.534
M566 X1200 Y1200
G1 F3000 X-4.787 Y-5.819 E0.34019
M566 X1800 Y1800
G0 F7200 X-4.787 Y-6.526
M566 X1200 Y1200
G1 F3000 X1.093 Y-12.407 E0.25931
M566 X1800 Y1800
G0 F7200 X0.188 Y-12.209
M566 X1200 Y1200
G1 F3000 X-4.787 Y-7.233 E0.21941
M566 X1800 Y1800
G0 F7200 X-4.787 Y-7.94
M566 X1200 Y1200
G1 F3000 X-.503 Y-12.224 E0.18891
M566 X1800 Y1800
G0 F7200 X-1.144 Y-12.29
M566 X1200 Y1200
G1 F3000 X-4.787 Y-8.647 E0.16065
M566 X1800 Y1800
G0 F7200 X-4.787 Y-9.355
M566 X1200 Y1200
G1 F3000 X-1.687 Y-12.454 E0.13668
M566 X1800 Y1800
G0 F7200 X-2.203 Y-12.645
M566 X1200 Y1200
G1 F3000 X-4.787 Y-10.062 E0.11392
M566 X1800 Y1800
G0 F7200 X-4.787 Y-10.769
M566 X1200 Y1200
G1 F3000 X-2.643 Y-12.913 E0.09454
M566 X1800 Y1800
G0 F7200 X-3.068 Y-13.195
M566 X1200 Y1200
G1 F3000 X-4.787 Y-11.476 E0.0758
M566 X1800 Y1800
G0 F7200 X-4.787 Y-12.183
M566 X1200 Y1200
G1 F3000 X-3.421 Y-13.548 E0.06021
M566 X1800 Y1800
G0 F7200 X-3.775 Y-13.902
M566 X1200 Y1200
G1 F3000 X-4.787 Y-12.89 E0.04463
M566 X1800 Y1800
G0 F7200 X-4.787 Y-13.597
M566 X1200 Y1200
G1 F3000 X-4.044 Y-14.34 E0.03276
M566 X1800 Y1800
G0 F7200 X-4.309 Y-14.782
M566 X1200 Y1200
G1 F3000 X-4.787 Y-14.304 E0.02108
M566 X1800 Y1800
G0 F7200 X-4.787 Y-15.011
M566 X1200 Y1200
G1 F3000 X-4.49 Y-15.308 E0.0131
M566 X1800 Y1800
G0 F7200 X-4.787 Y-15.718
M566 X1200 Y1200
G1 F3000 X-4.647 Y-15.858 E0.00617
M566 X1800 Y1800
G0 F7200 X-4.787 Y-16.425
M566 X1200 Y1200
G1 F3000 X-4.7 Y-16.512 E0.00384
M566 X1800 Y1800
G0 F7200 X-4.787 Y-17.132
M566 X1200 Y1200
G1 F3000 X-4.682 Y-17.237 E0.00463
M566 X1800 Y1800
G0 F7200 X-4.787 Y-17.839
M566 X1200 Y1200
G1 F3000 X-4.477 Y-18.15 E0.01369
M566 X1800 Y1800
G0 F7200 X-4.787 Y-18.546
M566 X1200 Y1200
G1 F3000 X4.781 Y-28.115 E0.42194
M566 X1800 Y1800
G0 F7200 X4.781 Y-27.408
M566 X1200 Y1200
G1 F3000 X-1.784 Y-20.843 E0.2895
M566 X1800 Y1800
G0 F7200 X-.846 Y-21.073
M566 X1200 Y1200
G1 F3000 X4.781 Y-26.701 E0.24816
M566 X1800 Y1800
G0 F7200 X4.781 Y-25.994
M566 X1200 Y1200
G1 F3000 X-0.086 Y-21.126 E0.21464
M566 X1800 Y1800
G0 F7200 X0.559 Y-21.065
M566 X1200 Y1200
G1 F3000 X4.781 Y-25.287 E0.18618
M566 X1800 Y1800
G0 F7200 X4.781 Y-24.58
M566 X1200 Y1200
G1 F3000 X1.103 Y-20.902 E0.16219
M566 X1800 Y1800
G0 F7200 X1.627 Y-20.719
M566 X1200 Y1200
G1 F3000 X4.781 Y-23.873 E0.13908
M566 X1800 Y1800
G0 F7200 X4.781 Y-23.166
M566 X1200 Y1200
G1 F3000 X2.071 Y-20.456 E0.1195
M566 X1800 Y1800
G0 F7200 X2.508 Y-20.186
M566 X1200 Y1200
G1 F3000 X4.781 Y-22.459 E0.10023
M566 X1800 Y1800
G0 F7200 X4.781 Y-21.752
M566 X1200 Y1200
G1 F3000 X2.87 Y-19.841 E0.08427
M566 X1800 Y1800
G0 F7200 X3.217 Y-19.48
M566 X1200 Y1200
G1 F3000 X4.781 Y-21.044 E0.06897
M566 X1800 Y1800
G0 F7200 X4.781 Y-20.337
M566 X1200 Y1200
G1 F3000 X3.498 Y-19.055 E0.05655
M566 X1800 Y1800
G0 F7200 X3.771 Y-18.62
M566 X1200 Y1200
G1 F3000 X4.781 Y-19.63 E0.04454
M566 X1800 Y1800
G0 F7200 X4.781 Y-18.923
M566 X1200 Y1200
G1 F3000 X3.957 Y-18.099 E0.03634
M566 X1800 Y1800
G0 F7200 X4.13 Y-17.565
M566 X1200 Y1200
G1 F3000 X4.781 Y-18.216 E0.02871
M566 X1800 Y1800
G0 F7200 X4.781 Y-17.509
M566 X1200 Y1200
G1 F3000 X4.198 Y-16.926 E0.02571
M566 X1800 Y1800
G0 F7200 X4.781 Y-16.802
M566 X1200 Y1200
G1 F3000 X4.17 Y-16.191 E0.02694
M566 X1800 Y1800
G0 F7200 X4.781 Y-16.095
M566 X1200 Y1200
G1 F3000 X3.991 Y-15.305 E0.03484
G1 X3.903 Y-15.217
M566 X1800 Y1800
G0 F7200 X1.868 Y-18.482
G0 X0.866 Y-19.225
G0 X0.242 Y-19.414
G0 X-4.787 Y-19.253
M566 X1200 Y1200
G1 F3000 X4.781 Y-28.823 E0.42197
M566 X1800 Y1800
G0 F7200 X4.781 Y-29.53
M566 X1200 Y1200
G1 F3000 X-4.787 Y-19.96 E0.42197
M566 X1800 Y1800
G0 F7200 X-4.787 Y-20.668
M566 X1200 Y1200
G1 F3000 X4.781 Y-30.237 E0.42194
M566 X1800 Y1800
G0 F7200 X4.781 Y-30.944
M566 X1200 Y1200
G1 F3000 X-4.787 Y-21.375 E0.42194
M566 X1800 Y1800
G0 F7200 X-4.787 Y-22.082
M566 X1200 Y1200
G1 F3000 X4.781 Y-31.651 E0.42194
M566 X1800 Y1800
G0 F7200 X4.623 Y-32.2
M566 X1200 Y1200
G1 F3000 X-4.787 Y-22.789 E0.41498
M566 X1800 Y1800
G0 F7200 X-4.787 Y-23.496
M566 X1200 Y1200
G1 F3000 X3.915 Y-32.2 E0.38378
M566 X1800 Y1800
G0 F7200 X3.208 Y-32.2
M566 X1200 Y1200
G1 F3000 X-4.787 Y-24.203 E0.3526
M566 X1800 Y1800
G0 F7200 X-4.787 Y-24.91
M566 X1200 Y1200
G1 F3000 X2.501 Y-32.2 E0.32142
M566 X1800 Y1800
G0 F7200 X1.794 Y-32.2
M566 X1200 Y1200
G1 F3000 X-4.787 Y-25.617 E0.29025
M566 X1800 Y1800
G0 F7200 X-4.787 Y-26.324
M566 X1200 Y1200
G1 F3000 X1.087 Y-32.2 E0.25907
M566 X1800 Y1800
G0 F7200 X0.38 Y-32.2
M566 X1200 Y1200
G1 F3000 X-4.787 Y-27.031 E0.22789
M566 X1800 Y1800
G0 F7200 X-4.787 Y-27.739
M566 X1200 Y1200
G1 F3000 X-.326 Y-32.2 E0.19672
M566 X1800 Y1800
G0 F7200 X-1.033 Y-32.2
M566 X1200 Y1200
G1 F3000 X-4.787 Y-28.446 E0.16554
M566 X1800 Y1800
G0 F7200 X-4.787 Y-29.153
M566 X1200 Y1200
G1 F3000 X-1.74 Y-32.2 E0.13436
M566 X1800 Y1800
G0 F7200 X-2.448 Y-32.2
M566 X1200 Y1200
G1 F3000 X-4.787 Y-29.86 E0.10317
M566 X1800 Y1800
G0 F7200 X-4.787 Y-30.567
M566 X1200 Y1200
G1 F3000 X-3.155 Y-32.2 E0.07199
M566 X1800 Y1800
G0 F7200 X-3.862 Y-32.2
M566 X1200 Y1200
G1 F3000 X-4.787 Y-31.274 E0.04081
M566 X1800 Y1800
G0 F7200 X-4.787 Y-31.981
M566 X1200 Y1200
G1 F3000 X-4.569 Y-32.2 E0.00964
M566 X1800 Y1800
G0 F7200 X-4.04 Y-3.03
M566 X1200 Y1200
G1 F3000 X-4.787 Y-2.283 E0.03294
M566 X1800 Y1800
G0 F7200 X-4.555 Y-1.808
M566 X1200 Y1200
G1 F3000 X-4.787 Y-1.576 E0.01023
M566 X1800 Y1800
G0 F7200 X-4.708 Y-.948
M566 X1200 Y1200
G1 F3000 X-4.787 Y-.869 E0.00348
M566 X1800 Y1800
G0 F7200 X-4.69 Y-.259
M566 X1200 Y1200
G1 F3000 X-4.787 Y-.162 E0.00428
M566 X1800 Y1800
G0 F7200 X-4.587 Y0.344
M566 X1200 Y1200
G1 F3000 X-4.787 Y0.544 E0.00882
M566 X1800 Y1800
G0 F7200 X-4.428 Y0.893
M566 X1200 Y1200
G1 F3000 X-4.787 Y1.251 E0.01581
M566 X1800 Y1800
G0 F7200 X-4.208 Y1.38
M566 X1200 Y1200
G1 F3000 X-4.787 Y1.958 E0.02551
M566 X1800 Y1800
G0 F7200 X-4.787 Y2.665
M566 X1200 Y1200
G1 F3000 X-3.946 Y1.825 E0.03706
M566 X1800 Y1800
G0 F7200 X-3.645 Y2.231
M566 X1200 Y1200
G1 F3000 X-4.283 Y2.869 E0.02813
M566 X1800 Y1800
G0 F7200 X-3.576 Y2.869
M566 X1200 Y1200
G1 F3000 X-3.29 Y2.583 E0.01261
M566 X1800 Y1800
;MESH:NONMESH
G0 F600 X-3.29 Y2.583 Z1
G0 F7200 X1.013 Y2.874
;TIME_ELAPSED:156.379180
;LAYER:4
M106 S92.7 P1
M566 X1200 Y1200
;TYPE:WALL-INNER
;MESH:Roborama2026-Lasermount.3mf
G1 F6000 X1.825 Y2.467 E0.02832
G1 X2.466 Y1.932 E0.02603
G1 X2.989 Y1.238 E0.0271
G1 X3.355 Y0.393 E0.02871
G1 X3.5 Y-.47 E0.02729
G1 X3.455 Y-1.292 E0.02567
G1 X3.209 Y-2.135 E0.02738
G1 X2.743 Y-2.944 E0.02911
G1 X2.055 Y-3.637 E0.03045
G1 X1.286 Y-4.098 E0.02796
G1 X0.437 Y-4.358 E0.02769
G1 X-.186 Y-4.422 E0.01953
G1 X-.972 Y-4.354 E0.0246
G1 X-1.789 Y-4.097 E0.02671
G1 X-2.471 Y-3.701 E0.02459
G1 X-3.168 Y-3.045 E0.02985
G1 X-3.661 Y-2.256 E0.02901
G1 X-3.937 Y-1.416 E0.02757
G1 X-4.011 Y-.548 E0.02716
G1 X-3.894 Y0.26 E0.02546
G1 X-3.608 Y1.028 E0.02555
G1 X-3.099 Y1.792 E0.02863
G1 X-2.404 Y2.421 E0.02923
G1 X-1.574 Y2.855 E0.02921
G1 X-.676 Y3.069 E0.02878
G1 X0.209 Y3.066 E0.0276
G1 X1.013 Y2.874 E0.02577
M566 X1800 Y1800
G0 F7200 X5.497 Y3.584
M566 X1200 Y1200
G1 F6000 X-5.503 Y3.584 E0.343
G1 X-5.503 Y-32.916 E1.13812
G1 X5.497 Y-32.916 E0.343
G1 X5.497 Y3.584 E1.13812
M566 X1800 Y1800
G0 F7200 X-0.091 Y-12.909
M566 X1200 Y1200
G1 F6000 X0.816 Y-13.061 E0.02868
G1 X1.639 Y-13.415 E0.02794
G1 X2.401 Y-14.004 E0.03003
G1 X2.964 Y-14.714 E0.02825
G1 X3.355 Y-15.6 E0.0302
G1 X3.5 Y-16.471 E0.02753
G1 X3.454 Y-17.293 E0.02567
G1 X3.212 Y-18.121 E0.0269
G1 X2.813 Y-18.844 E0.02575
G1 X2.196 Y-19.518 E0.02849
G1 X1.474 Y-20.004 E0.02714
G1 X0.74 Y-20.294 E0.02461
G1 X-.208 Y-20.428 E0.02985
G1 X-1.138 Y-20.322 E0.02919
G1 X-1.978 Y-20.01 E0.02794
G1 X-2.773 Y-19.46 E0.03014
G1 X-3.363 Y-18.784 E0.02798
G1 X-3.793 Y-17.944 E0.02942
G1 X-4 Y-16.994 E0.03032
G1 X-3.964 Y-16.05 E0.02946
G1 X-3.696 Y-15.152 E0.02922
G1 X-3.216 Y-14.348 E0.0292
G1 X-2.559 Y-13.697 E0.02884
G1 X-1.799 Y-13.236 E0.02772
G1 X-.919 Y-12.966 E0.0287
G1 X-0.091 Y-12.909 E0.02588
M566 X1800 Y1800
G0 F7200 X-.115 Y-13.412
M566 X1200 Y1200
G1 F6000 X0.674 Y-13.544 E0.02494
G1 X1.383 Y-13.849 E0.02407
G1 X2.047 Y-14.362 E0.02616
G1 X2.532 Y-14.974 E0.02435
G1 X2.872 Y-15.744 E0.02625
G1 X2.998 Y-16.498 E0.02384
G1 X2.958 Y-17.208 E0.02217
G1 X2.748 Y-17.928 E0.02339
G1 X2.404 Y-18.55 E0.02216
G1 X1.867 Y-19.137 E0.02481
G1 X1.24 Y-19.559 E0.02357
G1 X0.611 Y-19.807 E0.02108
G1 X-.215 Y-19.924 E0.02601
G1 X-1.021 Y-19.832 E0.0253
G1 X-1.745 Y-19.563 E0.02408
G1 X-2.437 Y-19.084 E0.02624
G1 X-2.946 Y-18.501 E0.02413
G1 X-3.318 Y-17.774 E0.02546
G1 X-3.498 Y-16.949 E0.02633
G1 X-3.467 Y-16.132 E0.02549
G1 X-3.235 Y-15.355 E0.02528
G1 X-2.819 Y-14.659 E0.02528
G1 X-2.249 Y-14.094 E0.02503
G1 X-1.593 Y-13.696 E0.02393
G1 X-.827 Y-13.461 E0.02498
G1 X-.115 Y-13.412 E0.02225
M566 X1800 Y1800
G0 F7200 X-.19 Y-3.92
M566 X1200 Y1200
G1 F6000 X-.874 Y-3.861 E0.02141
G1 X-1.586 Y-3.637 E0.02327
G1 X-2.17 Y-3.298 E0.02106
G1 X-2.778 Y-2.725 E0.02605
G1 X-3.205 Y-2.042 E0.02512
G1 X-3.444 Y-1.315 E0.02386
G1 X-3.508 Y-.563 E0.02353
G1 X-3.407 Y0.136 E0.02202
G1 X-3.16 Y0.799 E0.02206
G1 X-2.717 Y1.463 E0.02489
G1 X-2.116 Y2.007 E0.02528
G1 X-1.397 Y2.383 E0.0253
G1 X-.618 Y2.569 E0.02497
G1 X0.149 Y2.566 E0.02392
G1 X0.841 Y2.401 E0.02218
G1 X1.549 Y2.046 E0.0247
G1 X2.101 Y1.585 E0.02243
G1 X2.554 Y0.985 E0.02344
G1 X2.872 Y0.25 E0.02497
G1 X2.998 Y-.498 E0.02365
G1 X2.959 Y-1.207 E0.02214
G1 X2.746 Y-1.937 E0.02371
G1 X2.342 Y-2.638 E0.02523
G1 X1.744 Y-3.24 E0.02646
G1 X1.081 Y-3.638 E0.02411
G1 X0.337 Y-3.866 E0.02426
G1 X-.19 Y-3.92 E0.01652
M566 X1800 Y1800
G0 F7200 X-1.892 Y-2.927
G0 X-2.418 Y-2.43
G0 X-6.003 Y4.084
M566 X1200 Y1200
G1 F6000 X-6.003 Y-33.416 E1.1693
G1 X5.997 Y-33.416 E0.37418
G1 X5.997 Y4.084 E1.1693
G1 X-6.003 Y4.084 E0.37418
M566 X1800 Y1800
G0 F7200 X-6.503 Y4.584
M566 X1200 Y1200
G1 F6000 X-6.503 Y-33.916 E1.20048
G1 X6.497 Y-33.916 E0.40536
G1 X6.497 Y4.584 E1.20048
G1 X-6.503 Y4.584 E0.40536
M566 X1800 Y1800
G0 F7200 X-6.433 Y4.514
G0 X-2.411 Y1.199
G0 X-2.336 Y1.134
M566 X1200 Y1200
G1 F6000 X-1.828 Y1.593 E0.02135
G1 X-1.22 Y1.911 E0.02139
G1 X-.56 Y2.069 E0.02116
G1 X0.089 Y2.066 E0.02024
G1 X0.669 Y1.928 E0.01859
G1 X1.273 Y1.625 E0.02107
G1 X1.736 Y1.238 E0.01882
G1 X2.119 Y0.731 E0.01981
G1 X2.389 Y0.107 E0.0212
G1 X2.496 Y-.526 E0.02002
G1 X2.463 Y-1.122 E0.01861
G1 X2.283 Y-1.739 E0.02004
G1 X1.941 Y-2.332 E0.02135
G1 X1.433 Y-2.843 E0.02247
G1 X0.876 Y-3.178 E0.02027
G1 X0.237 Y-3.374 E0.02084
G1 X-.194 Y-3.418 E0.01351
G1 X-.776 Y-3.368 E0.01821
G1 X-1.383 Y-3.177 E0.01984
G1 X-1.869 Y-2.895 E0.01752
G1 X-2.388 Y-2.405 E0.02226
G1 X-2.749 Y-1.828 E0.02122
G1 X-2.951 Y-1.214 E0.02015
G1 X-3.005 Y-.578 E0.0199
G1 X-2.92 Y0.012 E0.01859
G1 X-2.712 Y0.57 E0.01857
G1 X-2.336 Y1.134 E0.02114
M566 X1800 Y1800
G0 F7200 X-2.411 Y1.199
G0 X-2.747 Y0.588
G0 X-2.958 Y0.021
G0 X-3.044 Y-.577
G0 X-.753 Y-13.858
G0 X-.735 Y-13.956
M566 X1200 Y1200
G1 F6000 X-.139 Y-13.915 E0.01863
G1 X0.532 Y-14.027 E0.02121
G1 X1.127 Y-14.283 E0.0202
G1 X1.693 Y-14.72 E0.0223
G1 X2.1 Y-15.234 E0.02044
G1 X2.389 Y-15.889 E0.02232
G1 X2.496 Y-16.526 E0.02014
G1 X2.462 Y-17.123 E0.01865
G1 X2.284 Y-17.735 E0.01987
G1 X1.995 Y-18.256 E0.01858
G1 X1.538 Y-18.756 E0.02112
G1 X1.006 Y-19.114 E0.01999
G1 X0.483 Y-19.32 E0.01753
G1 X-.222 Y-19.42 E0.0222
G1 X-.904 Y-19.342 E0.0214
G1 X-1.512 Y-19.116 E0.02023
G1 X-2.101 Y-18.708 E0.02234
G1 X-2.529 Y-18.218 E0.02029
G1 X-2.843 Y-17.604 E0.0215
G1 X-2.996 Y-16.904 E0.02234
G1 X-2.97 Y-16.214 E0.02153
G1 X-2.774 Y-15.558 E0.02135
G1 X-2.422 Y-14.97 E0.02137
G1 X-1.939 Y-14.491 E0.02121
G1 X-1.387 Y-14.156 E0.02013
G1 X-.735 Y-13.956 E0.02127
M566 X1800 Y1800
G0 F7200 X-.643 Y-14.451
M566 X1200 Y1200
;TYPE:WALL-OUTER
G1 F3000 X-.163 Y-14.418 E0.015
G1 X0.39 Y-14.51 E0.01748
G1 X0.871 Y-14.717 E0.01633
G1 X1.339 Y-15.078 E0.01843
G1 X1.668 Y-15.494 E0.01654
G1 X1.906 Y-16.034 E0.0184
G1 X1.994 Y-16.554 E0.01644
G1 X1.966 Y-17.038 E0.01512
G1 X1.82 Y-17.541 E0.01633
G1 X1.586 Y-17.962 E0.01502
G1 X1.209 Y-18.375 E0.01744
G1 X0.772 Y-18.669 E0.01642
G1 X0.355 Y-18.833 E0.01397
G1 X-.229 Y-18.916 E0.01839
G1 X-.787 Y-18.852 E0.01751
G1 X-1.279 Y-18.669 E0.01637
G1 X-1.765 Y-18.332 E0.01844
G1 X-2.112 Y-17.935 E0.01644
G1 X-2.368 Y-17.434 E0.01754
G1 X-2.494 Y-16.859 E0.01835
G1 X-2.473 Y-16.296 E0.01757
G1 X-2.313 Y-15.761 E0.01741
G1 X-2.025 Y-15.281 E0.01745
G1 X-1.629 Y-14.888 E0.0174
G1 X-1.181 Y-14.616 E0.01634
G1 X-.643 Y-14.451 E0.01755
M566 X1800 Y1800
G0 F7200 X-.394 Y-14.434
G0 X-.435 Y-13.836
G0 X-.137 Y-3.512
G0 X-.198 Y-2.916
M566 X1200 Y1200
G1 F3000 X-.678 Y-2.875 E0.01502
G1 X-1.18 Y-2.717 E0.01641
G1 X-1.568 Y-2.492 E0.01399
G1 X-1.998 Y-2.086 E0.01844
G1 X-2.293 Y-1.614 E0.01736
G1 X-2.458 Y-1.113 E0.01645
G1 X-2.502 Y-.593 E0.01627
G1 X-2.433 Y-.112 E0.01515
G1 X-2.264 Y0.341 E0.01508
G1 X-1.955 Y0.805 E0.01738
G1 X-1.54 Y1.179 E0.01742
G1 X-1.043 Y1.439 E0.01749
G1 X-.502 Y1.569 E0.01735
G1 X0.029 Y1.566 E0.01656
G1 X0.497 Y1.455 E0.015
G1 X0.997 Y1.204 E0.01744
G1 X1.371 Y0.891 E0.01521
G1 X1.684 Y0.477 E0.01618
G1 X1.906 Y-0.036 E0.01743
G1 X1.994 Y-.554 E0.01638
G1 X1.967 Y-1.037 E0.01508
G1 X1.82 Y-1.541 E0.01637
G1 X1.54 Y-2.026 E0.01746
G1 X1.122 Y-2.447 E0.0185
G1 X0.671 Y-2.718 E0.01641
G1 X0.137 Y-2.882 E0.01742
G1 X-.198 Y-2.916 E0.0105
M566 X1800 Y1800
G0 F7200 X-.447 Y-2.895
G0 X-.497 Y-3.492
G0 X-1.399 Y-3.213
G0 X-2.418 Y-2.43
G0 X-6.433 Y4.514
G0 X-7.003 Y5.084
M566 X1200 Y1200
G1 F3000 X-7.003 Y-34.416 E1.23166
G1 X6.997 Y-34.416 E0.43654
G1 X6.997 Y5.084 E1.23166
G1 X-7.003 Y5.084 E0.43654
M566 X1800 Y1800
G0 F7200 X-7.003 Y4.834
G0 X-6.433 Y4.514
G0 X-5.013 Y3.094
M566 X1200 Y1200
;TYPE:SKIN
G1 F3000 X-5.013 Y-32.426 E1.10756
G1 X5.007 Y-32.426 E0.31244
G1 X5.007 Y3.094 E1.10756
G1 X1.667 Y3.094 E0.10415
G1 X2.095 Y2.88 E0.01492
G1 X2.823 Y2.272 E0.02958
G1 X3.416 Y1.487 E0.03068
G1 X3.829 Y0.532 E0.03244
G1 X3.992 Y-.443 E0.03082
G1 X3.941 Y-1.375 E0.0291
G1 X3.663 Y-2.329 E0.03098
G1 X3.135 Y-3.244 E0.03294
G1 X2.359 Y-4.025 E0.03433
G1 X1.486 Y-4.549 E0.03175
G1 X0.535 Y-4.84 E0.03101
G1 X-.182 Y-4.914 E0.02248
G1 X-1.068 Y-4.838 E0.02773
G1 X-1.989 Y-4.548 E0.03011
G1 X-2.765 Y-4.097 E0.02799
G1 X-3.55 Y-3.359 E0.0336
G1 X-4.108 Y-2.466 E0.03283
G1 X-4.421 Y-1.514 E0.03125
G1 X-4.504 Y-.534 E0.03067
G1 X-4.372 Y0.382 E0.02886
G1 X-4.047 Y1.252 E0.02896
G1 X-3.473 Y2.114 E0.03229
G1 X-2.686 Y2.826 E0.03309
G1 X-2.175 Y3.094 E0.01799
G1 X-5.013 Y3.094 E0.08849
M566 X1800 Y1800
G0 F7200 X-2.001 Y-12.785
M566 X1200 Y1200
G1 F3000 X-1.009 Y-12.481 E0.03235
G1 X-0.067 Y-12.417 E0.02944
G1 X0.955 Y-12.587 E0.03231
G1 X1.89 Y-12.99 E0.03175
G1 X2.748 Y-13.653 E0.03381
G1 X3.387 Y-14.459 E0.03207
G1 X3.828 Y-15.459 E0.03408
G1 X3.992 Y-16.444 E0.03114
G1 X3.94 Y-17.377 E0.02914
G1 X3.667 Y-18.311 E0.03034
G1 X3.213 Y-19.132 E0.02925
G1 X2.518 Y-19.892 E0.03211
G1 X1.703 Y-20.441 E0.03064
G1 X0.866 Y-20.771 E0.02805
G1 X-.202 Y-20.922 E0.03363
G1 X-1.253 Y-20.802 E0.03298
G1 X-2.206 Y-20.447 E0.03171
G1 X-3.102 Y-19.828 E0.03396
G1 X-3.772 Y-19.061 E0.03176
G1 X-4.258 Y-18.111 E0.03327
G1 X-4.492 Y-17.037 E0.03427
G1 X-4.452 Y-15.97 E0.03329
G1 X-4.148 Y-14.954 E0.03307
G1 X-3.604 Y-14.044 E0.03306
G1 X-2.863 Y-13.309 E0.03254
G1 X-2.001 Y-12.785 E0.03145
M566 X1800 Y1800
G0 F7200 X-4.787 Y2.283
M566 X1200 Y1200
G1 F3000 X-4.202 Y2.868 E0.0258
M566 X1800 Y1800
G0 F7200 X-3.495 Y2.868
M566 X1200 Y1200
G1 F3000 X-4.787 Y1.576 E0.05697
M566 X1800 Y1800
G0 F7200 X-4.138 Y1.518
M566 X1200 Y1200
G1 F3000 X-4.787 Y0.869 E0.02862
M566 X1800 Y1800
G0 F7200 X-4.603 Y0.345
M566 X1200 Y1200
G1 F3000 X-4.787 Y0.161 E0.00811
M566 X1800 Y1800
G0 F7200 X-4.678 Y-1.142
M566 X1200 Y1200
G1 F3000 X-4.787 Y-1.252 E0.00483
M566 X1800 Y1800
G0 F7200 X-4.579 Y-1.75
M566 X1200 Y1200
G1 F3000 X-4.787 Y-1.959 E0.00919
M566 X1800 Y1800
G0 F7200 X-4.403 Y-2.282
M566 X1200 Y1200
G1 F3000 X-4.787 Y-2.666 E0.01693
M566 X1800 Y1800
G0 F7200 X-4.183 Y-2.769
M566 X1200 Y1200
G1 F3000 X-4.787 Y-3.373 E0.02663
M566 X1800 Y1800
G0 F7200 X-4.787 Y-4.08
M566 X1200 Y1200
G1 F3000 X-3.911 Y-3.203 E0.03865
M566 X1800 Y1800
G0 F7200 X-3.611 Y-3.611
M566 X1200 Y1200
G1 F3000 X-4.787 Y-4.787 E0.05186
M566 X1800 Y1800
G0 F7200 X-4.787 Y-5.494
M566 X1200 Y1200
G1 F3000 X-3.246 Y-3.953 E0.06795
M566 X1800 Y1800
G0 F7200 X-2.877 Y-4.291
M566 X1200 Y1200
G1 F3000 X-4.787 Y-6.202 E0.08425
M566 X1800 Y1800
G0 F7200 X-4.787 Y-6.909
M566 X1200 Y1200
G1 F3000 X-2.43 Y-4.551 E0.10396
M566 X1800 Y1800
G0 F7200 X-1.963 Y-4.792
M566 X1200 Y1200
G1 F3000 X-4.787 Y-7.616 E0.12453
M566 X1800 Y1800
G0 F7200 X-4.787 Y-8.323
M566 X1200 Y1200
G1 F3000 X-1.425 Y-4.961 E0.14825
M566 X1800 Y1800
G0 F7200 X-.84 Y-5.082
M566 X1200 Y1200
G1 F3000 X-4.787 Y-9.03 E0.17407
M566 X1800 Y1800
G0 F7200 X-4.787 Y-9.737
M566 X1200 Y1200
G1 F3000 X-.189 Y-5.139 E0.20276
M566 X1800 Y1800
G0 F7200 X0.603 Y-5.053
M566 X1200 Y1200
G1 F3000 X-4.787 Y-10.444 E0.23771
M566 X1800 Y1800
G0 F7200 X-4.787 Y-11.151
M566 X1200 Y1200
G1 F3000 X1.653 Y-4.71 E0.28401
G1 X1.741 Y-4.622
M566 X1800 Y1800
G0 F7200 X3.766 Y-2.597
M566 X1200 Y1200
G1 F3000 X4.781 Y-1.582 E0.04476
M566 X1800 Y1800
G0 F7200 X4.13 Y-1.526
M566 X1200 Y1200
G1 F3000 X4.781 Y-.875 E0.02871
M566 X1800 Y1800
G0 F7200 X4.199 Y-.75
M566 X1200 Y1200
G1 F3000 X4.781 Y-.168 E0.02566
M566 X1800 Y1800
G0 F7200 X4.158 Y-0.084
M566 X1200 Y1200
G1 F3000 X4.781 Y0.538 E0.02745
M566 X1800 Y1800
G0 F7200 X4.781 Y1.245
M566 X1200 Y1200
G1 F3000 X4.057 Y0.521 E0.03193
M566 X1800 Y1800
G0 F7200 X3.857 Y1.029
M566 X1200 Y1200
G1 F3000 X4.781 Y1.953 E0.04075
M566 X1800 Y1800
G0 F7200 X4.781 Y2.66
M566 X1200 Y1200
G1 F3000 X3.644 Y1.523 E0.05014
M566 X1800 Y1800
G0 F7200 X3.354 Y1.94
M566 X1200 Y1200
G1 F3000 X4.282 Y2.868 E0.04092
M566 X1800 Y1800
G0 F7200 X3.575 Y2.868
M566 X1200 Y1200
G1 F3000 X3.049 Y2.342 E0.0232
M566 X1800 Y1800
G0 F7200 X2.682 Y2.682
M566 X1200 Y1200
G1 F3000 X2.868 Y2.868 E0.0082
M566 X1800 Y1800
G0 F7200 X4.781 Y-2.289
M566 X1200 Y1200
G1 F3000 X-4.787 Y-11.858 E0.42194
M566 X1800 Y1800
G0 F7200 X-4.787 Y-12.565
M566 X1200 Y1200
G1 F3000 X4.781 Y-2.996 E0.42194
M566 X1800 Y1800
G0 F7200 X4.781 Y-3.703
M566 X1200 Y1200
G1 F3000 X-4.787 Y-13.273 E0.42197
M566 X1800 Y1800
G0 F7200 X-4.787 Y-13.98
M566 X1200 Y1200
G1 F3000 X4.781 Y-4.41 E0.42197
M566 X1800 Y1800
G0 F7200 X4.781 Y-5.118
M566 X1200 Y1200
G1 F3000 X-4.788 Y-14.688 E0.42199
M566 X1800 Y1800
G0 F7200 X-4.398 Y-15.005
M566 X1200 Y1200
G1 F3000 X-4.788 Y-15.395 E0.0172
M566 X1800 Y1800
G0 F7200 X-4.678 Y-15.991
M566 X1200 Y1200
G1 F3000 X-4.788 Y-16.102 E0.00487
M566 X1800 Y1800
G0 F7200 X-4.705 Y-16.725
M566 X1200 Y1200
G1 F3000 X-4.788 Y-16.809 E0.00368
M566 X1800 Y1800
G0 F7200 X-4.648 Y-17.376
M566 X1200 Y1200
G1 F3000 X-4.788 Y-17.516 E0.00617
M566 X1800 Y1800
G0 F7200 X-4.521 Y-17.956
M566 X1200 Y1200
G1 F3000 X-4.788 Y-18.223 E0.01177
M566 X1800 Y1800
G0 F7200 X-4.327 Y-18.469
M566 X1200 Y1200
G1 F3000 X-4.788 Y-18.93 E0.02033
M566 X1800 Y1800
G0 F7200 X-4.088 Y-18.937
M566 X1200 Y1200
G1 F3000 X-4.788 Y-19.637 E0.03087
M566 X1800 Y1800
G0 F7200 X-4.788 Y-20.344
M566 X1200 Y1200
G1 F3000 X-3.806 Y-19.362 E0.0433
M566 X1800 Y1800
G0 F7200 X-3.476 Y-19.74
M566 X1200 Y1200
G1 F3000 X-4.788 Y-21.051 E0.05783
M566 X1800 Y1800
G0 F7200 X-4.788 Y-21.759
M566 X1200 Y1200
G1 F3000 X-3.119 Y-20.089 E0.07362
M566 X1800 Y1800
G0 F7200 X-2.7 Y-20.378
M566 X1200 Y1200
G1 F3000 X-4.788 Y-22.466 E0.09207
M566 X1800 Y1800
G0 F7200 X-4.788 Y-23.173
M566 X1200 Y1200
G1 F3000 X-2.276 Y-20.66 E0.11079
M566 X1800 Y1800
G0 F7200 X-1.76 Y-20.852
M566 X1200 Y1200
G1 F3000 X-4.788 Y-23.88 E0.13353
M566 X1800 Y1800
G0 F7200 X-4.788 Y-24.587
M566 X1200 Y1200
G1 F3000 X-1.231 Y-21.03 E0.15685
M566 X1800 Y1800
G0 F7200 X-.597 Y-21.103
M566 X1200 Y1200
G1 F3000 X-4.788 Y-25.294 E0.18481
M566 X1800 Y1800
G0 F7200 X-4.788 Y-26.001
M566 X1200 Y1200
G1 F3000 X0.108 Y-21.105 E0.2159
M566 X1800 Y1800
G0 F7200 X0.935 Y-20.984
M566 X1200 Y1200
G1 F3000 X-4.788 Y-26.708 E0.25239
M566 X1800 Y1800
G0 F7200 X-4.788 Y-27.415
M566 X1200 Y1200
G1 F3000 X2.355 Y-20.272 E0.31499
G1 X2.443 Y-20.184
M566 X1800 Y1800
G0 F7200 X3.435 Y-19.191
M566 X1200 Y1200
G1 F3000 X4.781 Y-17.845 E0.05935
M566 X1800 Y1800
G0 F7200 X4.781 Y-17.138
M566 X1200 Y1200
G1 F3000 X4.021 Y-17.898 E0.03351
M566 X1800 Y1800
G0 F7200 X4.183 Y-17.029
M566 X1200 Y1200
G1 F3000 X4.781 Y-16.431 E0.02637
M566 X1800 Y1800
G0 F7200 X4.196 Y-16.309
M566 X1200 Y1200
G1 F3000 X4.781 Y-15.724 E0.0258
M566 X1800 Y1800
G0 F7200 X4.096 Y-15.702
M566 X1200 Y1200
G1 F3000 X4.781 Y-15.017 E0.03021
M566 X1800 Y1800
G0 F7200 X4.781 Y-14.31
M566 X1200 Y1200
G1 F3000 X3.938 Y-15.153 E0.03717
M566 X1800 Y1800
G0 F7200 X3.722 Y-14.661
M566 X1200 Y1200
G1 F3000 X4.781 Y-13.603 E0.04668
M566 X1800 Y1800
G0 F7200 X4.781 Y-12.896
M566 X1200 Y1200
G1 F3000 X3.472 Y-14.205 E0.05772
M566 X1800 Y1800
G0 F7200 X3.16 Y-13.81
M566 X1200 Y1200
G1 F3000 X4.781 Y-12.189 E0.07148
M566 X1800 Y1800
G0 F7200 X4.781 Y-11.481
M566 X1200 Y1200
G1 F3000 X2.831 Y-13.431 E0.08599
M566 X1800 Y1800
G0 F7200 X2.432 Y-13.123
M566 X1200 Y1200
G1 F3000 X4.781 Y-10.774 E0.10358
M566 X1800 Y1800
G0 F7200 X4.781 Y-10.067
M566 X1200 Y1200
G1 F3000 X2.033 Y-12.815 E0.12118
M566 X1800 Y1800
G0 F7200 X1.546 Y-12.595
M566 X1200 Y1200
G1 F3000 X4.781 Y-9.36 E0.14265
M566 X1800 Y1800
G0 F7200 X4.781 Y-8.653
M566 X1200 Y1200
G1 F3000 X1.052 Y-12.382 E0.16444
M566 X1800 Y1800
G0 F7200 X0.453 Y-12.274
M566 X1200 Y1200
G1 F3000 X4.781 Y-7.946 E0.19085
M566 X1800 Y1800
G0 F7200 X4.781 Y-7.239
M566 X1200 Y1200
G1 F3000 X-.177 Y-12.198 E0.21866
M566 X1800 Y1800
G0 F7200 X-.936 Y-12.25
M566 X1200 Y1200
G1 F3000 X4.781 Y-6.532 E0.25213
M566 X1800 Y1800
G0 F7200 X4.781 Y-5.825
M566 X1200 Y1200
G1 F3000 X-1.915 Y-12.522 E0.2953
G1 X-2.003 Y-12.61
M566 X1800 Y1800
G0 F7200 X1.147 Y-14.249
G0 X4.781 Y-18.553
M566 X1200 Y1200
G1 F3000 X-4.788 Y-28.123 E0.42199
M566 X1800 Y1800
G0 F7200 X-4.788 Y-28.83
M566 X1200 Y1200
G1 F3000 X4.781 Y-19.26 E0.42199
M566 X1800 Y1800
G0 F7200 X4.781 Y-19.967
M566 X1200 Y1200
G1 F3000 X-4.788 Y-29.537 E0.42199
M566 X1800 Y1800
G0 F7200 X-4.788 Y-30.244
M566 X1200 Y1200
G1 F3000 X4.781 Y-20.674 E0.42199
M566 X1800 Y1800
G0 F7200 X4.781 Y-21.381
M566 X1200 Y1200
G1 F3000 X-4.788 Y-30.951 E0.42199
M566 X1800 Y1800
G0 F7200 X-4.788 Y-31.658
M566 X1200 Y1200
G1 F3000 X4.781 Y-22.088 E0.42199
M566 X1800 Y1800
G0 F7200 X4.781 Y-22.795
M566 X1200 Y1200
G1 F3000 X-4.623 Y-32.2 E0.41471
M566 X1800 Y1800
G0 F7200 X-3.915 Y-32.2
M566 X1200 Y1200
G1 F3000 X4.781 Y-23.502 E0.38351
M566 X1800 Y1800
G0 F7200 X4.781 Y-24.209
M566 X1200 Y1200
G1 F3000 X-3.208 Y-32.2 E0.35234
M566 X1800 Y1800
G0 F7200 X-2.501 Y-32.2
M566 X1200 Y1200
G1 F3000 X4.781 Y-24.917 E0.32114
M566 X1800 Y1800
G0 F7200 X4.781 Y-25.624
M566 X1200 Y1200
G1 F3000 X-1.794 Y-32.2 E0.28996
M566 X1800 Y1800
G0 F7200 X-1.087 Y-32.2
M566 X1200 Y1200
G1 F3000 X4.781 Y-26.331 E0.25878
M566 X1800 Y1800
G0 F7200 X4.781 Y-27.038
M566 X1200 Y1200
G1 F3000 X-.38 Y-32.2 E0.22761
M566 X1800 Y1800
G0 F7200 X0.326 Y-32.2
M566 X1200 Y1200
G1 F3000 X4.781 Y-27.745 E0.19645
M566 X1800 Y1800
G0 F7200 X4.781 Y-28.452
M566 X1200 Y1200
G1 F3000 X1.033 Y-32.2 E0.16528
M566 X1800 Y1800
G0 F7200 X1.74 Y-32.2
M566 X1200 Y1200
G1 F3000 X4.781 Y-29.159 E0.1341
M566 X1800 Y1800
G0 F7200 X4.781 Y-29.866
M566 X1200 Y1200
G1 F3000 X2.448 Y-32.2 E0.1029
M566 X1800 Y1800
G0 F7200 X3.155 Y-32.2
M566 X1200 Y1200
G1 F3000 X4.781 Y-30.573 E0.07172
M566 X1800 Y1800
G0 F7200 X4.781 Y-31.28
M566 X1200 Y1200
G1 F3000 X3.862 Y-32.2 E0.04055
M566 X1800 Y1800
G0 F7200 X4.569 Y-32.2
M566 X1200 Y1200
G1 F3000 X4.781 Y-31.988 E0.00935
M566 X1800 Y1800
;MESH:NONMESH
G0 F600 X4.781 Y-31.988 Z1.15
G0 F7200 X2.535 Y-.524
G0 X2.427 Y0.118
G0 X0.779 Y2.948
;TIME_ELAPSED:179.144431
;LAYER:5
M106 S115.9 P1
M566 X1200 Y1200
;TYPE:WALL-INNER
;MESH:Roborama2026-Lasermount.3mf
G1 F6000 X1.617 Y2.598 E0.02832
G1 X2.279 Y2.109 E0.02566
G1 X2.795 Y1.535 E0.02407
G1 X3.233 Y0.74 E0.0283
G1 X3.466 Y-.106 E0.02736
G1 X3.489 Y-1.034 E0.02895
G1 X3.302 Y-1.881 E0.02705
G1 X2.947 Y-2.646 E0.0263
G1 X2.33 Y-3.402 E0.03043
G1 X1.574 Y-3.955 E0.02921
G1 X0.757 Y-4.288 E0.02751
G1 X-.149 Y-4.425 E0.02857
G1 X-.977 Y-4.353 E0.02592
G1 X-1.808 Y-4.09 E0.02718
G1 X-2.583 Y-3.616 E0.02833
G1 X-3.142 Y-3.071 E0.02434
G1 X-3.611 Y-2.358 E0.02661
G1 X-3.903 Y-1.554 E0.02667
G1 X-4.01 Y-.828 E0.02288
G1 X-3.94 Y0.068 E0.02802
G1 X-3.688 Y0.863 E0.026
G1 X-3.21 Y1.656 E0.02887
G1 X-2.552 Y2.307 E0.02886
G1 X-1.789 Y2.768 E0.0278
G1 X-.865 Y3.042 E0.03005
G1 X-0.042 Y3.087 E0.0257
G1 X0.779 Y2.948 E0.02596
M566 X1800 Y1800
G0 F7200 X-0.042 Y3.584
M566 X1200 Y1200
G1 F6000 X-5.503 Y3.584 E0.17028
G1 X-5.503 Y-32.916 E1.13812
G1 X5.497 Y-32.916 E0.343
G1 X5.497 Y3.584 E1.13812
G1 X-0.042 Y3.584 E0.17271
M566 X1800 Y1800
G0 F7200 X2.007 Y0.974
G0 X2.338 Y0.375
G0 X2.509 Y-.249
G0 X0.108 Y-12.923
M566 X1200 Y1200
G1 F6000 X0.998 Y-13.122 E0.02844
G1 X1.795 Y-13.511 E0.02765
G1 X2.502 Y-14.105 E0.02879
G1 X3.014 Y-14.805 E0.02704
G1 X3.343 Y-15.567 E0.02588
G1 X3.503 Y-16.467 E0.0285
G1 X3.453 Y-17.302 E0.02608
G1 X3.212 Y-18.124 E0.02671
G1 X2.812 Y-18.842 E0.02563
G1 X2.233 Y-19.489 E0.02707
G1 X1.477 Y-20.004 E0.02852
G1 X0.757 Y-20.288 E0.02413
G1 X0.02 Y-20.41 E0.02329
G1 X-.304 Y-20.419 E0.01011
G1 X-1.162 Y-20.318 E0.02694
G1 X-2.077 Y-19.958 E0.03066
G1 X-2.874 Y-19.367 E0.03094
G1 X-3.464 Y-18.625 E0.02956
G1 X-3.845 Y-17.779 E0.02893
G1 X-4.01 Y-16.853 E0.02933
G1 X-3.94 Y-15.92 E0.02917
G1 X-3.639 Y-15.026 E0.02941
G1 X-3.097 Y-14.203 E0.03073
G1 X-2.402 Y-13.579 E0.02912
G1 X-1.619 Y-13.161 E0.02768
G1 X-.734 Y-12.937 E0.02847
G1 X0.108 Y-12.923 E0.02626
M566 X1800 Y1800
G0 F7200 X0.057 Y-13.424
M566 X1200 Y1200
G1 F6000 X0.832 Y-13.597 E0.02476
G1 X1.52 Y-13.933 E0.02387
G1 X2.134 Y-14.449 E0.02501
G1 X2.577 Y-15.055 E0.02341
G1 X2.861 Y-15.712 E0.02232
G1 X3 Y-16.496 E0.02483
G1 X2.957 Y-17.216 E0.02249
G1 X2.748 Y-17.93 E0.0232
G1 X2.402 Y-18.55 E0.02214
G1 X1.901 Y-19.11 E0.02343
G1 X1.242 Y-19.559 E0.02486
G1 X0.623 Y-19.803 E0.02075
G1 X-0.028 Y-19.911 E0.02058
G1 X-.282 Y-19.918 E0.00792
G1 X-1.039 Y-19.829 E0.02377
G1 X-1.832 Y-19.517 E0.02657
G1 X-2.524 Y-19.004 E0.02686
G1 X-3.034 Y-18.363 E0.02554
G1 X-3.364 Y-17.63 E0.02507
G1 X-3.507 Y-16.828 E0.0254
G1 X-3.446 Y-16.02 E0.02527
G1 X-3.186 Y-15.247 E0.02543
G1 X-2.715 Y-14.532 E0.0267
G1 X-2.113 Y-13.992 E0.02522
G1 X-1.437 Y-13.631 E0.0239
G1 X-.668 Y-13.436 E0.02474
G1 X0.057 Y-13.424 E0.02261
M566 X1800 Y1800
G0 F7200 X-.165 Y-3.922
M566 X1200 Y1200
G1 F6000 X-.879 Y-3.86 E0.02235
G1 X-1.599 Y-3.632 E0.02355
G1 X-2.274 Y-3.219 E0.02467
G1 X-2.754 Y-2.751 E0.0209
G1 X-3.161 Y-2.132 E0.0231
G1 X-3.416 Y-1.431 E0.02326
G1 X-3.507 Y-.811 E0.01954
G1 X-3.446 Y-0.028 E0.02449
G1 X-3.229 Y0.656 E0.02238
G1 X-2.814 Y1.345 E0.02508
G1 X-2.243 Y1.91 E0.02505
G1 X-1.585 Y2.307 E0.02396
G1 X-.779 Y2.546 E0.02621
G1 X-0.07 Y2.585 E0.02214
G1 X0.639 Y2.465 E0.02242
G1 X1.368 Y2.16 E0.02464
G1 X1.941 Y1.737 E0.02221
G1 X2.385 Y1.243 E0.02071
G1 X2.767 Y0.55 E0.02467
G1 X2.968 Y-.18 E0.02361
G1 X2.988 Y-.986 E0.02514
G1 X2.826 Y-1.72 E0.02344
G1 X2.52 Y-2.378 E0.02263
G1 X1.983 Y-3.036 E0.02648
G1 X1.328 Y-3.515 E0.0253
G1 X0.623 Y-3.803 E0.02375
G1 X-.165 Y-3.922 E0.02485
M566 X1800 Y1800
G0 F7200 X1.663 Y-2.699
G0 X5.997 Y4.084
M566 X1200 Y1200
G1 F6000 X-6.003 Y4.084 E0.37418
G1 X-6.003 Y-33.416 E1.1693
G1 X5.997 Y-33.416 E0.37418
G1 X5.997 Y4.084 E1.1693
M566 X1800 Y1800
G0 F7200 X6.497 Y4.584
M566 X1200 Y1200
G1 F6000 X-6.503 Y4.584 E0.40536
G1 X-6.503 Y-33.916 E1.20048
G1 X6.497 Y-33.916 E0.40536
G1 X6.497 Y4.584 E1.20048
M566 X1800 Y1800
G0 F7200 X6.427 Y4.514
G0 X2.056 Y1.008
G0 X1.975 Y0.951
M566 X1200 Y1200
G1 F6000 X2.301 Y0.36 E0.02105
G1 X2.47 Y-.254 E0.01986
G1 X2.487 Y-.938 E0.02133
G1 X2.35 Y-1.559 E0.01983
G1 X2.093 Y-2.11 E0.01896
G1 X1.636 Y-2.67 E0.02254
G1 X1.082 Y-3.075 E0.0214
G1 X0.489 Y-3.318 E0.01998
G1 X-.181 Y-3.419 E0.02113
G1 X-.781 Y-3.367 E0.01878
G1 X-1.39 Y-3.174 E0.01992
G1 X-1.965 Y-2.822 E0.02102
G1 X-2.366 Y-2.431 E0.01746
G1 X-2.711 Y-1.906 E0.01959
G1 X-2.929 Y-1.308 E0.01985
G1 X-3.004 Y-.794 E0.0162
G1 X-2.952 Y-.124 E0.02095
G1 X-2.77 Y0.449 E0.01875
G1 X-2.418 Y1.034 E0.02129
G1 X-1.934 Y1.513 E0.02123
G1 X-1.382 Y1.846 E0.0201
G1 X-.693 Y2.05 E0.02241
G1 X-0.098 Y2.083 E0.01858
G1 X0.499 Y1.982 E0.01888
G1 X1.119 Y1.722 E0.02096
G1 X1.603 Y1.365 E0.01875
G1 X1.975 Y0.951 E0.01735
M566 X1800 Y1800
G0 F7200 X2.056 Y1.008
G0 X2.338 Y0.375
G0 X2.509 Y-.249
G0 X0.699 Y-13.978
G0 X0.666 Y-14.072
M566 X1200 Y1200
G1 F6000 X1.245 Y-14.355 E0.0201
G1 X1.766 Y-14.793 E0.02122
G1 X2.14 Y-15.305 E0.01977
G1 X2.379 Y-15.857 E0.01876
G1 X2.497 Y-16.525 E0.02115
G1 X2.461 Y-17.13 E0.0189
G1 X2.284 Y-17.735 E0.01966
G1 X1.992 Y-18.258 E0.01868
G1 X1.569 Y-18.731 E0.01979
G1 X1.007 Y-19.114 E0.02121
G1 X0.489 Y-19.318 E0.01736
G1 X-0.076 Y-19.412 E0.01786
G1 X-.26 Y-19.417 E0.00574
G1 X-.916 Y-19.34 E0.0206
G1 X-1.587 Y-19.076 E0.02248
G1 X-2.174 Y-18.641 E0.02278
G1 X-2.604 Y-18.101 E0.02152
G1 X-2.883 Y-17.481 E0.0212
G1 X-3.004 Y-16.803 E0.02148
G1 X-2.952 Y-16.12 E0.02136
G1 X-2.733 Y-15.468 E0.02145
G1 X-2.333 Y-14.861 E0.02267
G1 X-1.824 Y-14.405 E0.02131
G1 X-1.255 Y-14.101 E0.02012
G1 X-.601 Y-13.935 E0.02104
G1 X0.006 Y-13.925 E0.01893
G1 X0.666 Y-14.072 E0.02108
M566 X1800 Y1800
G0 F7200 X0.5 Y-14.547
M566 X1200 Y1200
;TYPE:WALL-OUTER
G1 F3000 X0.97 Y-14.777 E0.01632
G1 X1.398 Y-15.137 E0.01744
G1 X1.703 Y-15.555 E0.01613
G1 X1.897 Y-16.002 E0.01519
G1 X1.994 Y-16.554 E0.01748
G1 X1.965 Y-17.044 E0.01531
G1 X1.82 Y-17.54 E0.01611
G1 X1.582 Y-17.966 E0.01522
G1 X1.237 Y-18.352 E0.01614
G1 X0.772 Y-18.669 E0.01755
G1 X0.355 Y-18.833 E0.01397
G1 X-.124 Y-18.913 E0.01514
G1 X-.237 Y-18.916 E0.00352
G1 X-.793 Y-18.851 E0.01745
G1 X-1.342 Y-18.635 E0.0184
G1 X-1.824 Y-18.278 E0.0187
G1 X-2.174 Y-17.839 E0.01751
G1 X-2.402 Y-17.332 E0.01733
G1 X-2.501 Y-16.778 E0.01755
G1 X-2.458 Y-16.22 E0.01745
G1 X-2.28 Y-15.689 E0.01746
G1 X-1.951 Y-15.19 E0.01864
G1 X-1.535 Y-14.818 E0.0174
G1 X-1.073 Y-14.571 E0.01634
G1 X-.534 Y-14.434 E0.01734
G1 X-0.045 Y-14.426 E0.01525
G1 X0.5 Y-14.547 E0.01741
M566 X1800 Y1800
G0 F7200 X0.724 Y-14.656
G0 X0.986 Y-14.118
G0 X-.108 Y-3.508
G0 X-.197 Y-2.916
M566 X1200 Y1200
G1 F3000 X-.683 Y-2.874 E0.01521
G1 X-1.181 Y-2.716 E0.01629
G1 X-1.656 Y-2.425 E0.01737
G1 X-1.978 Y-2.111 E0.01402
G1 X-2.261 Y-1.68 E0.01608
G1 X-2.442 Y-1.185 E0.01643
G1 X-2.501 Y-.777 E0.01285
G1 X-2.458 Y-.22 E0.01742
G1 X-2.311 Y0.242 E0.01512
G1 X-2.022 Y0.723 E0.0175
G1 X-1.625 Y1.116 E0.01742
G1 X-1.179 Y1.385 E0.01624
G1 X-.607 Y1.554 E0.0186
G1 X-.126 Y1.581 E0.01502
G1 X0.359 Y1.499 E0.01534
G1 X0.87 Y1.284 E0.01729
G1 X1.265 Y0.993 E0.0153
G1 X1.565 Y0.659 E0.014
G1 X1.835 Y0.17 E0.01742
G1 X1.972 Y-.328 E0.01611
G1 X1.986 Y-.89 E0.01753
G1 X1.874 Y-1.397 E0.01619
G1 X1.666 Y-1.842 E0.01532
G1 X1.289 Y-2.304 E0.01859
G1 X0.836 Y-2.636 E0.01751
G1 X0.355 Y-2.833 E0.01621
G1 X-.197 Y-2.916 E0.01741
M566 X1800 Y1800
G0 F7200 X-.446 Y-2.895
G0 X-.497 Y-3.492
G0 X0.499 Y-3.356
G0 X1.101 Y-3.109
G0 X1.663 Y-2.699
G0 X6.427 Y4.514
G0 X6.997 Y5.084
M566 X1200 Y1200
G1 F3000 X-7.003 Y5.084 E0.43654
G1 X-7.003 Y-34.416 E1.23166
G1 X6.997 Y-34.416 E0.43654
G1 X6.997 Y5.084 E1.23166
M566 X1800 Y1800
G0 F7200 X6.747 Y5.084
G0 X6.427 Y4.514
G0 X5.007 Y3.094
M566 X1200 Y1200
;TYPE:SKIN
G1 F3000 X1.7 Y3.094 E0.10312
G1 X1.86 Y3.027 E0.00541
G1 X2.61 Y2.474 E0.02906
G1 X3.197 Y1.821 E0.02738
G1 X3.69 Y0.926 E0.03186
G1 X3.954 Y-0.034 E0.03105
G1 X3.981 Y-1.081 E0.03266
G1 X3.769 Y-2.039 E0.03059
G1 X3.366 Y-2.908 E0.02987
G1 X2.669 Y-3.761 E0.03435
G1 X1.815 Y-4.386 E0.033
G1 X0.888 Y-4.764 E0.03122
G1 X-.133 Y-4.919 E0.0322
G1 X-1.073 Y-4.837 E0.02942
G1 X-2.012 Y-4.539 E0.03072
G1 X-2.885 Y-4.006 E0.03189
G1 X-3.522 Y-3.385 E0.02774
G1 X-4.052 Y-2.579 E0.03008
G1 X-4.381 Y-1.675 E0.03
G1 X-4.502 Y-.845 E0.02615
G1 X-4.424 Y0.162 E0.03149
G1 X-4.137 Y1.067 E0.0296
G1 X-3.598 Y1.961 E0.03255
G1 X-2.856 Y2.697 E0.03259
G1 X-2.198 Y3.094 E0.02396
G1 X-5.013 Y3.094 E0.08778
G1 X-5.013 Y-32.426 E1.10756
G1 X5.007 Y-32.426 E0.31244
G1 X5.007 Y3.094 E1.10756
M566 X1800 Y1800
G0 F7200 X1.161 Y-12.656
M566 X1200 Y1200
G1 F3000 X2.064 Y-13.097 E0.03134
G1 X2.863 Y-13.768 E0.03253
G1 X3.442 Y-14.56 E0.03059
G1 X3.815 Y-15.426 E0.0294
G1 X3.995 Y-16.438 E0.03205
G1 X3.939 Y-17.386 E0.02961
G1 X3.667 Y-18.314 E0.03015
G1 X3.214 Y-19.128 E0.02905
G1 X2.558 Y-19.86 E0.03065
G1 X1.708 Y-20.439 E0.03207
G1 X0.888 Y-20.763 E0.02749
G1 X0.067 Y-20.898 E0.02594
G1 X-.326 Y-20.909 E0.01226
G1 X-1.282 Y-20.797 E0.03001
G1 X-2.316 Y-20.391 E0.03464
G1 X-3.217 Y-19.722 E0.03499
G1 X-3.885 Y-18.882 E0.03346
G1 X-4.317 Y-17.924 E0.03277
G1 X-4.504 Y-16.878 E0.03313
G1 X-4.424 Y-15.822 E0.03302
G1 X-4.084 Y-14.81 E0.03329
G1 X-3.471 Y-13.881 E0.03471
G1 X-2.685 Y-13.175 E0.03294
G1 X-1.797 Y-12.7 E0.0314
G1 X-.799 Y-12.448 E0.0321
G1 X0.158 Y-12.433 E0.02984
G1 X1.161 Y-12.656 E0.03204
M566 X1800 Y1800
G0 F7200 X4.781 Y2.289
M566 X1200 Y1200
G1 F3000 X4.201 Y2.869 E0.02558
M566 X1800 Y1800
G0 F7200 X3.494 Y2.869
M566 X1200 Y1200
G1 F3000 X4.781 Y1.582 E0.05675
M566 X1800 Y1800
G0 F7200 X4.781 Y0.875
M566 X1200 Y1200
G1 F3000 X2.787 Y2.869 E0.08793
G1 X2.699 Y2.957
M566 X1800 Y1800
G0 F7200 X3.85 Y1.098
M566 X1200 Y1200
G1 F3000 X4.781 Y0.168 E0.04103
M566 X1800 Y1800
G0 F7200 X4.152 Y0.09
M566 X1200 Y1200
G1 F3000 X4.781 Y-.538 E0.02772
M566 X1800 Y1800
G0 F7200 X4.194 Y-.659
M566 X1200 Y1200
G1 F3000 X4.781 Y-1.245 E0.02586
M566 X1800 Y1800
G0 F7200 X4.157 Y-1.328
M566 X1200 Y1200
G1 F3000 X4.781 Y-1.953 E0.02754
M566 X1800 Y1800
G0 F7200 X4.781 Y-2.66
M566 X1200 Y1200
G1 F3000 X4.028 Y-1.907 E0.03321
M566 X1800 Y1800
G0 F7200 X3.838 Y-2.423
M566 X1200 Y1200
G1 F3000 X4.781 Y-3.367 E0.04161
M566 X1800 Y1800
G0 F7200 X4.781 Y-4.074
M566 X1200 Y1200
G1 F3000 X3.614 Y-2.906 E0.05148
M566 X1800 Y1800
G0 F7200 X3.319 Y-3.319
M566 X1200 Y1200
G1 F3000 X4.781 Y-4.781 E0.06447
M566 X1800 Y1800
G0 F7200 X4.781 Y-5.488
M566 X1200 Y1200
G1 F3000 X3.001 Y-3.708 E0.07849
M566 X1800 Y1800
G0 F7200 X2.642 Y-4.056
M566 X1200 Y1200
G1 F3000 X4.781 Y-6.195 E0.09432
M566 X1800 Y1800
G0 F7200 X4.781 Y-6.902
M566 X1200 Y1200
G1 F3000 X2.235 Y-4.356 E0.11227
M566 X1800 Y1800
G0 F7200 X1.804 Y-4.632
M566 X1200 Y1200
G1 F3000 X4.781 Y-7.609 E0.13128
M566 X1800 Y1800
G0 F7200 X4.781 Y-8.316
M566 X1200 Y1200
G1 F3000 X1.302 Y-4.838 E0.15339
M566 X1800 Y1800
G0 F7200 X0.766 Y-5.009
M566 X1200 Y1200
G1 F3000 X4.781 Y-9.024 E0.17705
M566 X1800 Y1800
G0 F7200 X4.781 Y-9.731
M566 X1200 Y1200
G1 F3000 X0.152 Y-5.102 E0.20413
M566 X1800 Y1800
G0 F7200 X-.549 Y-5.107
M566 X1200 Y1200
G1 F3000 X4.781 Y-10.438 E0.23506
M566 X1800 Y1800
G0 F7200 X4.781 Y-11.145
M566 X1200 Y1200
G1 F3000 X-1.393 Y-4.97 E0.27228
G1 X-1.481 Y-4.882
M566 X1800 Y1800
G0 F7200 X-2.67 Y-4.401
M566 X1200 Y1200
G1 F3000 X4.781 Y-11.852 E0.32857
M566 X1800 Y1800
G0 F7200 X4.781 Y-12.559
M566 X1200 Y1200
G1 F3000 X-4.787 Y-2.991 E0.42192
M566 X1800 Y1800
G0 F7200 X-4.787 Y-3.698
M566 X1200 Y1200
G1 F3000 X4.781 Y-13.266 E0.42192
M566 X1800 Y1800
G0 F7200 X4.781 Y-13.973
M566 X1200 Y1200
G1 F3000 X-4.787 Y-4.405 E0.42192
M566 X1800 Y1800
G0 F7200 X-4.787 Y-5.112
M566 X1200 Y1200
G1 F3000 X4.781 Y-14.68 E0.42192
M566 X1800 Y1800
G0 F7200 X4.781 Y-15.388
M566 X1200 Y1200
G1 F3000 X3.089 Y-13.695 E0.07463
M566 X1800 Y1800
G0 F7200 X2.886 Y-13.493
M566 X1200 Y1200
G1 F3000 X-4.787 Y-5.819 E0.33838
M566 X1800 Y1800
G0 F7200 X-4.787 Y-6.526
M566 X1200 Y1200
G1 F3000 X1.096 Y-12.41 E0.25945
M566 X1800 Y1800
G0 F7200 X0.188 Y-12.208
M566 X1200 Y1200
G1 F3000 X-4.787 Y-7.233 E0.21938
M566 X1800 Y1800
G0 F7200 X-4.787 Y-7.94
M566 X1200 Y1200
G1 F3000 X-.509 Y-12.218 E0.18865
M566 X1800 Y1800
G0 F7200 X-1.134 Y-12.3
M566 X1200 Y1200
G1 F3000 X-4.787 Y-8.647 E0.16109
M566 X1800 Y1800
G0 F7200 X-4.787 Y-9.355
M566 X1200 Y1200
G1 F3000 X-1.699 Y-12.442 E0.13615
M566 X1800 Y1800
G0 F7200 X-2.192 Y-12.656
M566 X1200 Y1200
G1 F3000 X-4.787 Y-10.062 E0.11441
M566 X1800 Y1800
G0 F7200 X-4.787 Y-10.769
M566 X1200 Y1200
G1 F3000 X-2.653 Y-12.902 E0.09408
M566 X1800 Y1800
G0 F7200 X-3.056 Y-13.206
M566 X1200 Y1200
G1 F3000 X-4.787 Y-11.476 E0.07631
M566 X1800 Y1800
G0 F7200 X-4.787 Y-12.183
M566 X1200 Y1200
G1 F3000 X-3.429 Y-13.541 E0.05988
M566 X1800 Y1800
G0 F7200 X-3.763 Y-13.913
M566 X1200 Y1200
G1 F3000 X-4.787 Y-12.89 E0.04513
M566 X1800 Y1800
G0 F7200 X-4.787 Y-13.597
M566 X1200 Y1200
G1 F3000 X-4.044 Y-14.34 E0.03276
M566 X1800 Y1800
G0 F7200 X-4.311 Y-14.779
M566 X1200 Y1200
G1 F3000 X-4.787 Y-14.304 E0.02097
M566 X1800 Y1800
G0 F7200 X-4.787 Y-15.011
M566 X1200 Y1200
G1 F3000 X-4.489 Y-15.309 E0.01314
M566 X1800 Y1800
G0 F7200 X-4.787 Y-15.718
M566 X1200 Y1200
G1 F3000 X-4.652 Y-15.854 E0.00598
M566 X1800 Y1800
G0 F7200 X-4.787 Y-16.425
M566 X1200 Y1200
G1 F3000 X-4.702 Y-16.51 E0.00375
M566 X1800 Y1800
G0 F7200 X-4.787 Y-17.132
M566 X1200 Y1200
G1 F3000 X-4.665 Y-17.254 E0.00538
M566 X1800 Y1800
G0 F7200 X-4.787 Y-17.839
M566 X1200 Y1200
G1 F3000 X-4.449 Y-18.178 E0.01493
M566 X1800 Y1800
G0 F7200 X-4.787 Y-18.546
M566 X1200 Y1200
G1 F3000 X4.781 Y-28.115 E0.42194
M566 X1800 Y1800
G0 F7200 X4.781 Y-27.408
M566 X1200 Y1200
G1 F3000 X-1.786 Y-20.84 E0.28961
M566 X1800 Y1800
G0 F7200 X-.847 Y-21.073
M566 X1200 Y1200
G1 F3000 X4.781 Y-26.701 E0.24818
M566 X1800 Y1800
G0 F7200 X4.781 Y-25.994
M566 X1200 Y1200
G1 F3000 X-0.086 Y-21.126 E0.21464
M566 X1800 Y1800
G0 F7200 X0.54 Y-21.046
M566 X1200 Y1200
G1 F3000 X4.781 Y-25.287 E0.18702
M566 X1800 Y1800
G0 F7200 X4.781 Y-24.58
M566 X1200 Y1200
G1 F3000 X1.115 Y-20.914 E0.16166
M566 X1800 Y1800
G0 F7200 X1.621 Y-20.713
M566 X1200 Y1200
G1 F3000 X4.781 Y-23.873 E0.13935
M566 X1800 Y1800
G0 F7200 X4.781 Y-23.166
M566 X1200 Y1200
G1 F3000 X2.074 Y-20.459 E0.11937
M566 X1800 Y1800
G0 F7200 X2.494 Y-20.172
M566 X1200 Y1200
G1 F3000 X4.781 Y-22.459 E0.10085
M566 X1800 Y1800
G0 F7200 X4.781 Y-21.752
M566 X1200 Y1200
G1 F3000 X2.872 Y-19.843 E0.08418
M566 X1800 Y1800
G0 F7200 X3.207 Y-19.47
M566 X1200 Y1200
G1 F3000 X4.781 Y-21.044 E0.06941
M566 X1800 Y1800
G0 F7200 X4.781 Y-20.337
M566 X1200 Y1200
G1 F3000 X3.507 Y-19.063 E0.05618
M566 X1800 Y1800
G0 F7200 X3.76 Y-18.609
M566 X1200 Y1200
G1 F3000 X4.781 Y-19.63 E0.04502
M566 X1800 Y1800
G0 F7200 X4.781 Y-18.923
M566 X1200 Y1200
G1 F3000 X3.963 Y-18.105 E0.03607
M566 X1800 Y1800
G0 F7200 X4.123 Y-17.558
M566 X1200 Y1200
G1 F3000 X4.781 Y-18.216 E0.02902
M566 X1800 Y1800
G0 F7200 X4.781 Y-17.509
M566 X1200 Y1200
G1 F3000 X4.192 Y-16.92 E0.02597
M566 X1800 Y1800
G0 F7200 X4.781 Y-16.802
M566 X1200 Y1200
G1 F3000 X4.181 Y-16.202 E0.02646
M566 X1800 Y1800
G0 F7200 X4.781 Y-16.095
M566 X1200 Y1200
G1 F3000 X4.02 Y-15.334 E0.03356
G1 X3.932 Y-15.246
M566 X1800 Y1800
G0 F7200 X2.024 Y-18.281
G0 X1.595 Y-18.761
G0 X1.025 Y-19.149
G0 X-.116 Y-19.437
G0 X-4.787 Y-19.253
M566 X1200 Y1200
G1 F3000 X4.781 Y-28.823 E0.42197
M566 X1800 Y1800
G0 F7200 X4.781 Y-29.53
M566 X1200 Y1200
G1 F3000 X-4.787 Y-19.96 E0.42197
M566 X1800 Y1800
G0 F7200 X-4.787 Y-20.668
M566 X1200 Y1200
G1 F3000 X4.781 Y-30.237 E0.42194
M566 X1800 Y1800
G0 F7200 X4.781 Y-30.944
M566 X1200 Y1200
G1 F3000 X-4.787 Y-21.375 E0.42194
M566 X1800 Y1800
G0 F7200 X-4.787 Y-22.082
M566 X1200 Y1200
G1 F3000 X4.781 Y-31.651 E0.42194
M566 X1800 Y1800
G0 F7200 X4.623 Y-32.2
M566 X1200 Y1200
G1 F3000 X-4.787 Y-22.789 E0.41498
M566 X1800 Y1800
G0 F7200 X-4.787 Y-23.496
M566 X1200 Y1200
G1 F3000 X3.915 Y-32.2 E0.38378
M566 X1800 Y1800
G0 F7200 X3.208 Y-32.2
M566 X1200 Y1200
G1 F3000 X-4.787 Y-24.203 E0.3526
M566 X1800 Y1800
G0 F7200 X-4.787 Y-24.91
M566 X1200 Y1200
G1 F3000 X2.501 Y-32.2 E0.32142
M566 X1800 Y1800
G0 F7200 X1.794 Y-32.2
M566 X1200 Y1200
G1 F3000 X-4.787 Y-25.617 E0.29025
M566 X1800 Y1800
G0 F7200 X-4.787 Y-26.324
M566 X1200 Y1200
G1 F3000 X1.087 Y-32.2 E0.25907
M566 X1800 Y1800
G0 F7200 X0.38 Y-32.2
M566 X1200 Y1200
G1 F3000 X-4.787 Y-27.031 E0.22789
M566 X1800 Y1800
G0 F7200 X-4.787 Y-27.739
M566 X1200 Y1200
G1 F3000 X-.326 Y-32.2 E0.19672
M566 X1800 Y1800
G0 F7200 X-1.033 Y-32.2
M566 X1200 Y1200
G1 F3000 X-4.787 Y-28.446 E0.16554
M566 X1800 Y1800
G0 F7200 X-4.787 Y-29.153
M566 X1200 Y1200
G1 F3000 X-1.74 Y-32.2 E0.13436
M566 X1800 Y1800
G0 F7200 X-2.448 Y-32.2
M566 X1200 Y1200
G1 F3000 X-4.787 Y-29.86 E0.10317
M566 X1800 Y1800
G0 F7200 X-4.787 Y-30.567
M566 X1200 Y1200
G1 F3000 X-3.155 Y-32.2 E0.07199
M566 X1800 Y1800
G0 F7200 X-3.862 Y-32.2
M566 X1200 Y1200
G1 F3000 X-4.787 Y-31.274 E0.04081
M566 X1800 Y1800
G0 F7200 X-4.787 Y-31.981
M566 X1200 Y1200
G1 F3000 X-4.569 Y-32.2 E0.00964
M566 X1800 Y1800
G0 F7200 X-3.991 Y-3.079
M566 X1200 Y1200
G1 F3000 X-4.787 Y-2.283 E0.0351
M566 X1800 Y1800
G0 F7200 X-4.58 Y-1.783
M566 X1200 Y1200
G1 F3000 X-4.787 Y-1.576 E0.00913
M566 X1800 Y1800
G0 F7200 X-4.713 Y-.943
M566 X1200 Y1200
G1 F3000 X-4.787 Y-.869 E0.00326
M566 X1800 Y1800
G0 F7200 X-4.682 Y-.267
M566 X1200 Y1200
G1 F3000 X-4.787 Y-.162 E0.00463
M566 X1800 Y1800
G0 F7200 X-4.597 Y0.354
M566 X1200 Y1200
G1 F3000 X-4.787 Y0.544 E0.00838
M566 X1800 Y1800
G0 F7200 X-4.427 Y0.891
M566 X1200 Y1200
G1 F3000 X-4.787 Y1.251 E0.01587
M566 X1800 Y1800
G0 F7200 X-4.21 Y1.381
M566 X1200 Y1200
G1 F3000 X-4.787 Y1.958 E0.02544
M566 X1800 Y1800
G0 F7200 X-4.787 Y2.665
M566 X1200 Y1200
G1 F3000 X-3.944 Y1.822 E0.03717
M566 X1800 Y1800
G0 F7200 X-3.644 Y2.23
M566 X1200 Y1200
G1 F3000 X-4.283 Y2.869 E0.02818
M566 X1800 Y1800
G0 F7200 X-3.576 Y2.869
M566 X1200 Y1200
G1 F3000 X-3.29 Y2.583 E0.01261
M566 X1800 Y1800
;MESH:NONMESH
G0 F600 X-3.29 Y2.583 Z1.3
G0 F7200 X1.226 Y2.792
;TIME_ELAPSED:201.944788
;LAYER:6
M106 S139.1 P1
M566 X1200 Y1200
;TYPE:WALL-INNER
;MESH:Roborama2026-Lasermount.3mf
G1 F6000 X1.99 Y2.348 E0.02755
G1 X2.567 Y1.819 E0.02441
G1 X3.084 Y1.068 E0.02843
G1 X3.408 Y0.195 E0.02904
G1 X3.506 Y-.655 E0.02668
G1 X3.428 Y-1.432 E0.02435
G1 X3.139 Y-2.295 E0.02838
G1 X2.678 Y-3.02 E0.02679
G1 X2.082 Y-3.615 E0.02626
G1 X1.308 Y-4.086 E0.02825
G1 X0.58 Y-4.33 E0.02394
G1 X-.167 Y-4.425 E0.02348
G1 X-.986 Y-4.352 E0.02564
G1 X-1.789 Y-4.096 E0.02628
G1 X-2.447 Y-3.717 E0.02368
G1 X-3.022 Y-3.208 E0.02394
G1 X-3.546 Y-2.48 E0.02797
G1 X-3.843 Y-1.772 E0.02394
G1 X-3.995 Y-1.021 E0.02389
G1 X-3.972 Y-.123 E0.02801
G1 X-3.78 Y0.638 E0.02447
G1 X-3.369 Y1.439 E0.02807
G1 X-2.861 Y2.04 E0.02454
G1 X-2.132 Y2.593 E0.02853
G1 X-1.282 Y2.951 E0.02876
G1 X-.454 Y3.086 E0.02616
G1 X0.398 Y3.037 E0.02661
G1 X1.226 Y2.792 E0.02692
M566 X1800 Y1800
G0 F7200 X-.454 Y3.584
M566 X1200 Y1200
G1 F6000 X-5.503 Y3.584 E0.15743
G1 X-5.503 Y-32.916 E1.13812
G1 X5.497 Y-32.916 E0.343
G1 X5.497 Y3.584 E1.13812
G1 X-.454 Y3.584 E0.18556
M566 X1800 Y1800
G0 F7200 X-2.564 Y0.903
G0 X-2.875 Y0.296
G0 X-3.032 Y-.936
G0 X-0.083 Y-12.91
M566 X1200 Y1200
G1 F6000 X0.83 Y-13.065 E0.02888
G1 X1.625 Y-13.409 E0.02701
G1 X2.305 Y-13.911 E0.02636
G1 X2.907 Y-14.627 E0.02917
G1 X3.303 Y-15.445 E0.02834
G1 X3.486 Y-16.28 E0.02665
G1 X3.486 Y-17.042 E0.02376
G1 X3.334 Y-17.796 E0.02398
G1 X2.963 Y-18.611 E0.02792
G1 X2.49 Y-19.238 E0.02449
G1 X1.797 Y-19.819 E0.0282
G1 X1.045 Y-20.193 E0.02619
G1 X0.254 Y-20.387 E0.0254
G1 X-.275 Y-20.422 E0.01653
G1 X-1.1 Y-20.33 E0.02588
G1 X-1.961 Y-20.015 E0.02859
G1 X-2.672 Y-19.544 E0.02659
G1 X-3.212 Y-18.984 E0.02426
G1 X-3.688 Y-18.2 E0.0286
G1 X-3.95 Y-17.348 E0.02779
G1 X-4.01 Y-16.484 E0.02701
G1 X-3.869 Y-15.644 E0.02656
G1 X-3.592 Y-14.942 E0.02353
G1 X-3.191 Y-14.323 E0.023
G1 X-2.592 Y-13.723 E0.02644
G1 X-1.81 Y-13.241 E0.02864
G1 X-1.002 Y-12.982 E0.02646
G1 X-0.083 Y-12.91 E0.02874
M566 X1800 Y1800
G0 F7200 X-.106 Y-13.413
M566 X1200 Y1200
G1 F6000 X0.687 Y-13.548 E0.02508
G1 X1.374 Y-13.845 E0.02334
G1 X1.96 Y-14.278 E0.02272
G1 X2.484 Y-14.901 E0.02538
G1 X2.827 Y-15.61 E0.02456
G1 X2.986 Y-16.334 E0.02311
G1 X2.986 Y-16.992 E0.02052
G1 X2.855 Y-17.641 E0.02064
G1 X2.531 Y-18.354 E0.02442
G1 X2.125 Y-18.891 E0.02099
G1 X1.521 Y-19.398 E0.02459
G1 X0.872 Y-19.721 E0.0226
G1 X0.178 Y-19.891 E0.02228
G1 X-.264 Y-19.92 E0.01381
G1 X-.985 Y-19.84 E0.02262
G1 X-1.734 Y-19.566 E0.02487
G1 X-2.35 Y-19.157 E0.02306
G1 X-2.814 Y-18.677 E0.02082
G1 X-3.228 Y-17.994 E0.0249
G1 X-3.455 Y-17.256 E0.02408
G1 X-3.507 Y-16.508 E0.02338
G1 X-3.385 Y-15.779 E0.02305
G1 X-3.145 Y-15.172 E0.02035
G1 X-2.8 Y-14.639 E0.0198
G1 X-2.28 Y-14.118 E0.02295
G1 X-1.599 Y-13.699 E0.02493
G1 X-.905 Y-13.476 E0.02273
G1 X-.106 Y-13.413 E0.02499
M566 X1800 Y1800
G0 F7200 X-.177 Y-3.922
M566 X1200 Y1200
G1 F6000 X-.887 Y-3.859 E0.02223
G1 X-1.586 Y-3.636 E0.02288
G1 X-2.154 Y-3.309 E0.02044
G1 X-2.649 Y-2.871 E0.02061
G1 X-3.107 Y-2.234 E0.02446
G1 X-3.363 Y-1.624 E0.02063
G1 X-3.494 Y-.977 E0.02058
G1 X-3.474 Y-.192 E0.02449
G1 X-3.309 Y0.46 E0.02097
G1 X-2.95 Y1.16 E0.02453
G1 X-2.515 Y1.675 E0.02102
G1 X-1.88 Y2.157 E0.02486
G1 X-1.143 Y2.467 E0.02493
G1 X-.428 Y2.584 E0.02259
G1 X0.312 Y2.541 E0.02311
G1 X1.027 Y2.33 E0.02325
G1 X1.692 Y1.943 E0.02399
G1 X2.187 Y1.489 E0.02094
G1 X2.637 Y0.836 E0.02473
G1 X2.918 Y0.078 E0.02521
G1 X3.003 Y-.659 E0.02313
G1 X2.936 Y-1.326 E0.0209
G1 X2.684 Y-2.078 E0.02473
G1 X2.286 Y-2.705 E0.02316
G1 X1.771 Y-3.219 E0.02269
G1 X1.096 Y-3.63 E0.02464
G1 X0.468 Y-3.84 E0.02065
G1 X-.177 Y-3.922 E0.02027
M566 X1800 Y1800
G0 F7200 X-1.884 Y-2.933
G0 X-2.529 Y-2.248
G0 X-6.003 Y4.084
M566 X1200 Y1200
G1 F6000 X-6.003 Y-33.416 E1.1693
G1 X5.997 Y-33.416 E0.37418
G1 X5.997 Y4.084 E1.1693
G1 X-6.003 Y4.084 E0.37418
M566 X1800 Y1800
G0 F7200 X-6.503 Y4.584
M566 X1200 Y1200
G1 F6000 X-6.503 Y-33.916 E1.20048
G1 X6.497 Y-33.916 E0.40536
G1 X6.497 Y4.584 E1.20048
G1 X-6.503 Y4.584 E0.40536
M566 X1800 Y1800
G0 F7200 X-6.433 Y4.514
G0 X-2.614 Y0.936
G0 X-2.531 Y0.881
M566 X1200 Y1200
G1 F6000 X-2.169 Y1.31 E0.0175
G1 X-1.628 Y1.721 E0.02119
G1 X-1.004 Y1.983 E0.0211
G1 X-.402 Y2.082 E0.01902
G1 X0.225 Y2.045 E0.01958
G1 X0.828 Y1.867 E0.0196
G1 X1.394 Y1.538 E0.02041
G1 X1.807 Y1.159 E0.01748
G1 X2.19 Y0.604 E0.02103
G1 X2.428 Y-0.039 E0.02138
G1 X2.5 Y-.663 E0.01959
G1 X2.444 Y-1.22 E0.01746
G1 X2.229 Y-1.861 E0.02108
G1 X1.893 Y-2.39 E0.01954
G1 X1.46 Y-2.823 E0.01909
G1 X0.884 Y-3.174 E0.02103
G1 X0.356 Y-3.35 E0.01735
G1 X-.187 Y-3.419 E0.01707
G1 X-.788 Y-3.366 E0.01881
G1 X-1.383 Y-3.176 E0.01948
G1 X-1.861 Y-2.901 E0.0172
G1 X-2.276 Y-2.534 E0.01727
G1 X-2.668 Y-1.988 E0.02096
G1 X-2.883 Y-1.476 E0.01732
G1 X-2.993 Y-.933 E0.01728
G1 X-2.976 Y-.261 E0.02096
G1 X-2.838 Y0.282 E0.01747
G1 X-2.531 Y0.881 E0.02099
M566 X1800 Y1800
G0 F7200 X-2.614 Y0.936
G0 X-2.875 Y0.296
G0 X-3.028 Y-.806
G0 X-.826 Y-13.872
G0 X-.807 Y-13.97
M566 X1200 Y1200
G1 F6000 X-.129 Y-13.916 E0.02121
G1 X0.544 Y-14.031 E0.02129
G1 X1.123 Y-14.281 E0.01967
G1 X1.615 Y-14.645 E0.01908
G1 X2.061 Y-15.175 E0.0216
G1 X2.351 Y-15.775 E0.02078
G1 X2.486 Y-16.388 E0.01957
G1 X2.486 Y-16.942 E0.01727
G1 X2.376 Y-17.486 E0.01731
G1 X2.099 Y-18.097 E0.02092
G1 X1.76 Y-18.544 E0.01749
G1 X1.245 Y-18.977 E0.02098
G1 X0.699 Y-19.249 E0.01902
G1 X0.102 Y-19.395 E0.01916
G1 X-.253 Y-19.418 E0.01109
G1 X-.87 Y-19.35 E0.01936
G1 X-1.507 Y-19.117 E0.02115
G1 X-2.028 Y-18.771 E0.0195
G1 X-2.415 Y-18.37 E0.01738
G1 X-2.768 Y-17.788 E0.02122
G1 X-2.96 Y-17.164 E0.02036
G1 X-3.004 Y-16.532 E0.01975
G1 X-2.901 Y-15.914 E0.01954
G1 X-2.698 Y-15.402 E0.01717
G1 X-2.409 Y-14.955 E0.0166
G1 X-1.968 Y-14.513 E0.01947
G1 X-1.389 Y-14.157 E0.02119
G1 X-.807 Y-13.97 E0.01906
M566 X1800 Y1800
G0 F7200 X-.709 Y-14.464
M566 X1200 Y1200
;TYPE:WALL-OUTER
G1 F3000 X-.152 Y-14.419 E0.01742
G1 X0.401 Y-14.514 E0.0175
G1 X0.872 Y-14.717 E0.01599
G1 X1.27 Y-15.012 E0.01545
G1 X1.638 Y-15.449 E0.01781
G1 X1.875 Y-15.94 E0.017
G1 X1.986 Y-16.443 E0.01606
G1 X1.986 Y-16.892 E0.014
G1 X1.897 Y-17.331 E0.01397
G1 X1.667 Y-17.84 E0.01742
G1 X1.396 Y-18.197 E0.01398
G1 X0.969 Y-18.556 E0.01739
G1 X0.526 Y-18.777 E0.01544
G1 X0.026 Y-18.899 E0.01605
G1 X-.242 Y-18.916 E0.00837
G1 X-.755 Y-18.86 E0.01609
G1 X-1.279 Y-18.668 E0.0174
G1 X-1.706 Y-18.384 E0.01599
G1 X-2.017 Y-18.063 E0.01394
G1 X-2.308 Y-17.582 E0.01753
G1 X-2.465 Y-17.072 E0.01664
G1 X-2.501 Y-16.556 E0.01613
G1 X-2.417 Y-16.049 E0.01602
G1 X-2.251 Y-15.632 E0.014
G1 X-2.018 Y-15.271 E0.0134
G1 X-1.656 Y-14.908 E0.01599
G1 X-1.179 Y-14.615 E0.01746
G1 X-.709 Y-14.464 E0.01539
M566 X1800 Y1800
G0 F7200 X-.46 Y-14.444
G0 X-.507 Y-13.847
G0 X-.121 Y-3.511
G0 X-.197 Y-2.916
M566 X1200 Y1200
G1 F3000 X-.689 Y-2.873 E0.0154
G1 X-1.18 Y-2.716 E0.01607
G1 X-1.568 Y-2.493 E0.01395
G1 X-1.903 Y-2.197 E0.01394
G1 X-2.229 Y-1.742 E0.01745
G1 X-2.403 Y-1.328 E0.014
G1 X-2.492 Y-.889 E0.01397
G1 X-2.478 Y-.33 E0.01744
G1 X-2.367 Y0.104 E0.01397
G1 X-2.112 Y0.602 E0.01745
G1 X-1.823 Y0.945 E0.01399
G1 X-1.376 Y1.284 E0.01749
G1 X-.864 Y1.499 E0.01732
G1 X-.376 Y1.58 E0.01542
G1 X0.138 Y1.549 E0.01606
G1 X0.629 Y1.404 E0.01596
G1 X1.096 Y1.133 E0.01684
G1 X1.428 Y0.829 E0.01404
G1 X1.743 Y0.372 E0.01731
G1 X1.938 Y-.156 E0.01755
G1 X1.997 Y-.667 E0.01604
G1 X1.952 Y-1.114 E0.01401
G1 X1.774 Y-1.644 E0.01743
G1 X1.5 Y-2.076 E0.01595
G1 X1.149 Y-2.427 E0.01548
G1 X0.672 Y-2.718 E0.01742
G1 X0.245 Y-2.86 E0.01403
G1 X-.197 Y-2.916 E0.01389
M566 X1800 Y1800
G0 F7200 X-.446 Y-2.895
G0 X-.497 Y-3.492
G0 X-1.399 Y-3.212
G0 X-2.305 Y-2.56
G0 X-6.433 Y4.514
G0 X-7.003 Y5.084
M566 X1200 Y1200
G1 F3000 X-7.003 Y-34.416 E1.23166
G1 X6.997 Y-34.416 E0.43654
G1 X6.997 Y5.084 E1.23166
G1 X-7.003 Y5.084 E0.43654
M566 X1800 Y1800
G0 F7200 X-7.003 Y4.834
G0 X-6.433 Y4.514
G0 X-5.013 Y3.094
M566 X1200 Y1200
;TYPE:SKIN
G1 F3000 X-5.013 Y-32.426 E1.10756
G1 X5.007 Y-32.426 E0.31244
G1 X5.007 Y3.094 E1.10756
G1 X1.682 Y3.094 E0.10368
G1 X2.282 Y2.745 E0.02164
G1 X2.939 Y2.142 E0.02781
G1 X3.523 Y1.296 E0.03205
G1 X3.888 Y0.31 E0.03278
G1 X3.998 Y-.651 E0.03016
G1 X3.91 Y-1.536 E0.02773
G1 X3.584 Y-2.507 E0.03194
G1 X3.062 Y-3.328 E0.03034
G1 X2.386 Y-4.003 E0.02979
G1 X1.516 Y-4.533 E0.03177
G1 X0.69 Y-4.81 E0.02717
G1 X-.157 Y-4.917 E0.02662
G1 X-1.084 Y-4.836 E0.02902
G1 X-1.989 Y-4.547 E0.02962
G1 X-2.735 Y-4.117 E0.02685
G1 X-3.388 Y-3.539 E0.02719
G1 X-3.977 Y-2.721 E0.03143
G1 X-4.314 Y-1.917 E0.02718
G1 X-4.487 Y-1.064 E0.02714
G1 X-4.46 Y-0.056 E0.03144
G1 X-4.241 Y0.812 E0.02791
G1 X-3.779 Y1.713 E0.03157
G1 X-3.2 Y2.397 E0.02794
G1 X-2.379 Y3.02 E0.03214
G1 X-2.204 Y3.094 E0.00592
G1 X-5.013 Y3.094 E0.08759
M566 X1800 Y1800
G0 F7200 X-1.098 Y-12.498
M566 X1200 Y1200
G1 F3000 X-0.061 Y-12.416 E0.03244
G1 X0.971 Y-12.592 E0.03264
G1 X1.87 Y-12.982 E0.03056
G1 X2.642 Y-13.551 E0.0299
G1 X3.321 Y-14.358 E0.03289
G1 X3.769 Y-15.284 E0.03208
G1 X3.976 Y-16.227 E0.0301
G1 X3.976 Y-17.091 E0.02694
G1 X3.803 Y-17.947 E0.02723
G1 X3.387 Y-18.863 E0.03137
G1 X2.847 Y-19.577 E0.02791
G1 X2.067 Y-20.232 E0.03176
G1 X1.214 Y-20.656 E0.0297
G1 X0.329 Y-20.873 E0.02841
G1 X-.286 Y-20.914 E0.01922
G1 X-1.213 Y-20.81 E0.02909
G1 X-2.184 Y-20.456 E0.03223
G1 X-2.988 Y-19.922 E0.0301
G1 X-3.602 Y-19.285 E0.02759
G1 X-4.139 Y-18.402 E0.03222
G1 X-4.435 Y-17.438 E0.03144
G1 X-4.502 Y-16.46 E0.03057
G1 X-4.344 Y-15.512 E0.02997
G1 X-4.029 Y-14.717 E0.02666
G1 X-3.575 Y-14.013 E0.02612
G1 X-2.898 Y-13.336 E0.02985
G1 X-2.016 Y-12.792 E0.03231
G1 X-1.098 Y-12.498 E0.03006
M566 X1800 Y1800
G0 F7200 X-4.787 Y2.283
M566 X1200 Y1200
G1 F3000 X-4.202 Y2.868 E0.0258
M566 X1800 Y1800
G0 F7200 X-3.495 Y2.868
M566 X1200 Y1200
G1 F3000 X-4.787 Y1.576 E0.05697
M566 X1800 Y1800
G0 F7200 X-4.124 Y1.532
M566 X1200 Y1200
G1 F3000 X-4.787 Y0.869 E0.02924
M566 X1800 Y1800
G0 F7200 X-4.585 Y0.364
M566 X1200 Y1200
G1 F3000 X-4.787 Y0.161 E0.00893
M566 X1800 Y1800
G0 F7200 X-4.695 Y-.452
M566 X1200 Y1200
G1 F3000 X-4.787 Y-.545 E0.00408
M566 X1800 Y1800
G0 F7200 X-4.696 Y-1.161
M566 X1200 Y1200
G1 F3000 X-4.787 Y-1.252 E0.00401
M566 X1800 Y1800
G0 F7200 X-4.577 Y-1.748
M566 X1200 Y1200
G1 F3000 X-4.787 Y-1.959 E0.00928
M566 X1800 Y1800
G0 F7200 X-4.403 Y-2.282
M566 X1200 Y1200
G1 F3000 X-4.787 Y-2.666 E0.01693
M566 X1800 Y1800
G0 F7200 X-4.195 Y-2.781
M566 X1200 Y1200
G1 F3000 X-4.787 Y-3.373 E0.02611
M566 X1800 Y1800
G0 F7200 X-4.787 Y-4.08
M566 X1200 Y1200
G1 F3000 X-3.908 Y-3.201 E0.03876
M566 X1800 Y1800
G0 F7200 X-3.611 Y-3.611
M566 X1200 Y1200
G1 F3000 X-4.787 Y-4.787 E0.05186
M566 X1800 Y1800
G0 F7200 X-4.787 Y-5.494
M566 X1200 Y1200
G1 F3000 X-3.251 Y-3.959 E0.06771
M566 X1800 Y1800
G0 F7200 X-2.876 Y-4.29
M566 X1200 Y1200
G1 F3000 X-4.787 Y-6.202 E0.08429
M566 X1800 Y1800
G0 F7200 X-4.787 Y-6.909
M566 X1200 Y1200
G1 F3000 X-2.431 Y-4.552 E0.10391
M566 X1800 Y1800
G0 F7200 X-1.962 Y-4.791
M566 X1200 Y1200
G1 F3000 X-4.787 Y-7.616 E0.12457
M566 X1800 Y1800
G0 F7200 X-4.787 Y-8.323
M566 X1200 Y1200
G1 F3000 X-1.426 Y-4.962 E0.14821
M566 X1800 Y1800
G0 F7200 X-.84 Y-5.082
M566 X1200 Y1200
G1 F3000 X-4.787 Y-9.03 E0.17407
M566 X1800 Y1800
G0 F7200 X-4.787 Y-9.737
M566 X1200 Y1200
G1 F3000 X-.189 Y-5.139 E0.20276
M566 X1800 Y1800
G0 F7200 X0.61 Y-5.046
M566 X1200 Y1200
G1 F3000 X-4.787 Y-10.444 E0.23801
M566 X1800 Y1800
G0 F7200 X-4.787 Y-11.151
M566 X1200 Y1200
G1 F3000 X1.649 Y-4.714 E0.28383
G1 X1.737 Y-4.626
M566 X1800 Y1800
G0 F7200 X3.801 Y-2.562
M566 X1200 Y1200
G1 F3000 X4.781 Y-1.582 E0.04322
M566 X1800 Y1800
G0 F7200 X4.136 Y-1.52
M566 X1200 Y1200
G1 F3000 X4.781 Y-.875 E0.02844
M566 X1800 Y1800
G0 F7200 X4.214 Y-.735
M566 X1200 Y1200
G1 F3000 X4.781 Y-.168 E0.025
M566 X1800 Y1800
G0 F7200 X4.157 Y-0.084
M566 X1200 Y1200
G1 F3000 X4.781 Y0.538 E0.02747
M566 X1800 Y1800
G0 F7200 X4.781 Y1.245
M566 X1200 Y1200
G1 F3000 X4.051 Y0.515 E0.03219
M566 X1800 Y1800
G0 F7200 X3.86 Y1.031
M566 X1200 Y1200
G1 F3000 X4.781 Y1.953 E0.04064
M566 X1800 Y1800
G0 F7200 X4.781 Y2.66
M566 X1200 Y1200
G1 F3000 X3.64 Y1.519 E0.05031
M566 X1800 Y1800
G0 F7200 X3.352 Y1.938
M566 X1200 Y1200
G1 F3000 X4.282 Y2.868 E0.04101
M566 X1800 Y1800
G0 F7200 X3.575 Y2.868
M566 X1200 Y1200
G1 F3000 X3.051 Y2.344 E0.02311
M566 X1800 Y1800
G0 F7200 X2.682 Y2.682
M566 X1200 Y1200
G1 F3000 X2.868 Y2.868 E0.0082
M566 X1800 Y1800
G0 F7200 X4.781 Y-2.289
M566 X1200 Y1200
G1 F3000 X-4.787 Y-11.858 E0.42194
M566 X1800 Y1800
G0 F7200 X-4.787 Y-12.565
M566 X1200 Y1200
G1 F3000 X4.781 Y-2.996 E0.42194
M566 X1800 Y1800
G0 F7200 X4.781 Y-3.703
M566 X1200 Y1200
G1 F3000 X-4.787 Y-13.273 E0.42197
M566 X1800 Y1800
G0 F7200 X-4.787 Y-13.98
M566 X1200 Y1200
G1 F3000 X4.781 Y-4.41 E0.42197
M566 X1800 Y1800
G0 F7200 X4.781 Y-5.118
M566 X1200 Y1200
G1 F3000 X-4.788 Y-14.688 E0.42199
M566 X1800 Y1800
G0 F7200 X-4.376 Y-14.982
M566 X1200 Y1200
G1 F3000 X-4.788 Y-15.395 E0.01819
M566 X1800 Y1800
G0 F7200 X-4.645 Y-15.959
M566 X1200 Y1200
G1 F3000 X-4.788 Y-16.102 E0.00631
M566 X1800 Y1800
G0 F7200 X-4.707 Y-16.728
M566 X1200 Y1200
G1 F3000 X-4.788 Y-16.809 E0.00357
M566 X1800 Y1800
G0 F7200 X-4.662 Y-17.39
M566 X1200 Y1200
G1 F3000 X-4.788 Y-17.516 E0.00556
M566 X1800 Y1800
G0 F7200 X-4.512 Y-17.947
M566 X1200 Y1200
G1 F3000 X-4.788 Y-18.223 E0.01217
M566 X1800 Y1800
G0 F7200 X-4.347 Y-18.489
M566 X1200 Y1200
G1 F3000 X-4.788 Y-18.93 E0.01945
M566 X1800 Y1800
G0 F7200 X-4.788 Y-19.637
M566 X1200 Y1200
G1 F3000 X-4.08 Y-18.929 E0.03122
M566 X1800 Y1800
G0 F7200 X-3.813 Y-19.369
M566 X1200 Y1200
G1 F3000 X-4.788 Y-20.344 E0.04299
M566 X1800 Y1800
G0 F7200 X-4.788 Y-21.051
M566 X1200 Y1200
G1 F3000 X-3.476 Y-19.739 E0.05786
M566 X1800 Y1800
G0 F7200 X-3.128 Y-20.098
M566 X1200 Y1200
G1 F3000 X-4.788 Y-21.759 E0.07322
M566 X1800 Y1800
G0 F7200 X-4.788 Y-22.466
M566 X1200 Y1200
G1 F3000 X-2.703 Y-20.38 E0.09196
M566 X1800 Y1800
G0 F7200 X-2.276 Y-20.661
M566 X1200 Y1200
G1 F3000 X-4.788 Y-23.173 E0.11077
M566 X1800 Y1800
G0 F7200 X-4.788 Y-23.88
M566 X1200 Y1200
G1 F3000 X-1.758 Y-20.85 E0.13361
M566 X1800 Y1800
G0 F7200 X-1.234 Y-21.033
M566 X1200 Y1200
G1 F3000 X-4.788 Y-24.587 E0.15672
M566 X1800 Y1800
G0 F7200 X-4.788 Y-25.294
M566 X1200 Y1200
G1 F3000 X-.598 Y-21.105 E0.18474
M566 X1800 Y1800
G0 F7200 X0.098 Y-21.114
M566 X1200 Y1200
G1 F3000 X-4.788 Y-26.001 E0.21548
M566 X1800 Y1800
G0 F7200 X-4.788 Y-26.708
M566 X1200 Y1200
G1 F3000 X0.974 Y-20.945 E0.25411
G1 X1.062 Y-20.857
M566 X1800 Y1800
G0 F7200 X2.281 Y-20.346
M566 X1200 Y1200
G1 F3000 X-4.788 Y-27.415 E0.31172
M566 X1800 Y1800
G0 F7200 X-4.788 Y-28.123
M566 X1200 Y1200
G1 F3000 X4.781 Y-18.553 E0.42199
M566 X1800 Y1800
G0 F7200 X4.781 Y-19.26
M566 X1200 Y1200
G1 F3000 X-4.788 Y-28.83 E0.42199
M566 X1800 Y1800
G0 F7200 X-4.788 Y-29.537
M566 X1200 Y1200
G1 F3000 X4.781 Y-19.967 E0.42199
M566 X1800 Y1800
G0 F7200 X4.781 Y-20.674
M566 X1200 Y1200
G1 F3000 X-4.788 Y-30.244 E0.42199
M566 X1800 Y1800
G0 F7200 X-4.788 Y-30.951
M566 X1200 Y1200
G1 F3000 X4.781 Y-21.381 E0.42199
M566 X1800 Y1800
G0 F7200 X4.781 Y-22.088
M566 X1200 Y1200
G1 F3000 X-4.788 Y-31.658 E0.42199
M566 X1800 Y1800
G0 F7200 X-4.623 Y-32.2
M566 X1200 Y1200
G1 F3000 X4.781 Y-22.795 E0.41471
M566 X1800 Y1800
G0 F7200 X4.781 Y-23.502
M566 X1200 Y1200
G1 F3000 X-3.915 Y-32.2 E0.38351
M566 X1800 Y1800
G0 F7200 X-3.208 Y-32.2
M566 X1200 Y1200
G1 F3000 X4.781 Y-24.209 E0.35234
M566 X1800 Y1800
G0 F7200 X4.781 Y-24.917
M566 X1200 Y1200
G1 F3000 X-2.501 Y-32.2 E0.32114
M566 X1800 Y1800
G0 F7200 X-1.794 Y-32.2
M566 X1200 Y1200
G1 F3000 X4.781 Y-25.624 E0.28996
M566 X1800 Y1800
G0 F7200 X4.781 Y-26.331
M566 X1200 Y1200
G1 F3000 X-1.087 Y-32.2 E0.25878
M566 X1800 Y1800
G0 F7200 X-.38 Y-32.2
M566 X1200 Y1200
G1 F3000 X4.781 Y-27.038 E0.22761
M566 X1800 Y1800
G0 F7200 X4.781 Y-27.745
M566 X1200 Y1200
G1 F3000 X0.326 Y-32.2 E0.19645
M566 X1800 Y1800
G0 F7200 X1.033 Y-32.2
M566 X1200 Y1200
G1 F3000 X4.781 Y-28.452 E0.16528
M566 X1800 Y1800
G0 F7200 X4.781 Y-29.159
M566 X1200 Y1200
G1 F3000 X1.74 Y-32.2 E0.1341
M566 X1800 Y1800
G0 F7200 X2.448 Y-32.2
M566 X1200 Y1200
G1 F3000 X4.781 Y-29.866 E0.1029
M566 X1800 Y1800
G0 F7200 X4.781 Y-30.573
M566 X1200 Y1200
G1 F3000 X3.155 Y-32.2 E0.07172
M566 X1800 Y1800
G0 F7200 X3.862 Y-32.2
M566 X1200 Y1200
G1 F3000 X4.781 Y-31.28 E0.04055
M566 X1800 Y1800
G0 F7200 X4.781 Y-31.988
M566 X1200 Y1200
G1 F3000 X4.569 Y-32.2 E0.00935
M566 X1800 Y1800
G0 F7200 X3.367 Y-19.259
M566 X1200 Y1200
G1 F3000 X4.781 Y-17.845 E0.06235
M566 X1800 Y1800
G0 F7200 X4.781 Y-17.138
M566 X1200 Y1200
G1 F3000 X4.046 Y-17.874 E0.03243
M566 X1800 Y1800
G0 F7200 X4.2 Y-17.012
M566 X1200 Y1200
G1 F3000 X4.781 Y-16.431 E0.02562
M566 X1800 Y1800
G0 F7200 X4.2 Y-16.305
M566 X1200 Y1200
G1 F3000 X4.781 Y-15.724 E0.02562
M566 X1800 Y1800
G0 F7200 X4.092 Y-15.706
M566 X1200 Y1200
G1 F3000 X4.781 Y-15.017 E0.03038
M566 X1800 Y1800
G0 F7200 X4.781 Y-14.31
M566 X1200 Y1200
G1 F3000 X3.949 Y-15.142 E0.03669
M566 X1800 Y1800
G0 F7200 X3.718 Y-14.666
M566 X1200 Y1200
G1 F3000 X4.781 Y-13.603 E0.04688
M566 X1800 Y1800
G0 F7200 X4.781 Y-12.896
M566 X1200 Y1200
G1 F3000 X3.478 Y-14.198 E0.05744
M566 X1800 Y1800
G0 F7200 X3.156 Y-13.814
M566 X1200 Y1200
G1 F3000 X4.781 Y-12.189 E0.07166
M566 X1800 Y1800
G0 F7200 X4.781 Y-11.481
M566 X1200 Y1200
G1 F3000 X2.834 Y-13.429 E0.08588
M566 X1800 Y1800
G0 F7200 X2.437 Y-13.118
M566 X1200 Y1200
G1 F3000 X4.781 Y-10.774 E0.10336
M566 X1800 Y1800
G0 F7200 X4.781 Y-10.067
M566 X1200 Y1200
G1 F3000 X2.03 Y-12.819 E0.12133
M566 X1800 Y1800
G0 F7200 X1.546 Y-12.595
M566 X1200 Y1200
G1 F3000 X4.781 Y-9.36 E0.14265
M566 X1800 Y1800
G0 F7200 X4.781 Y-8.653
M566 X1200 Y1200
G1 F3000 X1.053 Y-12.381 E0.16439
M566 X1800 Y1800
G0 F7200 X0.453 Y-12.274
M566 X1200 Y1200
G1 F3000 X4.781 Y-7.946 E0.19085
M566 X1800 Y1800
G0 F7200 X4.781 Y-7.239
M566 X1200 Y1200
G1 F3000 X-.177 Y-12.198 E0.21866
M566 X1800 Y1800
G0 F7200 X-.945 Y-12.259
M566 X1200 Y1200
G1 F3000 X4.781 Y-6.532 E0.25252
M566 X1800 Y1800
G0 F7200 X4.781 Y-5.825
M566 X1200 Y1200
G1 F3000 X-1.916 Y-12.523 E0.29534
G1 X-2.004 Y-12.611
M566 X1800 Y1800
;MESH:NONMESH
G0 F600 X-2.004 Y-12.611 Z1.45
G0 F7200 X2.483 Y-1.228
G0 X2.466 Y-0.03
G0 X0.769 Y2.951
;TIME_ELAPSED:224.548920
;LAYER:7
M106 S162.3 P1
M566 X1200 Y1200
;TYPE:WALL-INNER
;MESH:Roborama2026-Lasermount.3mf
G1 F6000 X1.529 Y2.641 E0.02559
G1 X2.165 Y2.211 E0.02394
G1 X2.745 Y1.602 E0.02622
G1 X3.167 Y0.893 E0.02573
G1 X3.412 Y0.169 E0.02383
G1 X3.509 Y-.676 E0.02652
G1 X3.392 Y-1.592 E0.02879
G1 X3.052 Y-2.464 E0.02918
G1 X2.5 Y-3.232 E0.02949
G1 X1.728 Y-3.866 E0.03115
G1 X0.865 Y-4.258 E0.02956
G1 X0.048 Y-4.403 E0.02587
G1 X-.225 Y-4.422 E0.00853
G1 X-1.071 Y-4.336 E0.02652
G1 X-1.81 Y-4.087 E0.02432
G1 X-2.526 Y-3.66 E0.02599
G1 X-3.127 Y-3.089 E0.02585
G1 X-3.556 Y-2.461 E0.02371
G1 X-3.852 Y-1.754 E0.0239
G1 X-4.01 Y-.853 E0.02852
G1 X-3.94 Y0.08 E0.02917
G1 X-3.645 Y0.954 E0.02876
G1 X-3.197 Y1.672 E0.02639
G1 X-2.591 Y2.279 E0.02674
G1 X-1.802 Y2.761 E0.02883
G1 X-.919 Y3.034 E0.02882
G1 X-0.063 Y3.09 E0.02675
G1 X0.769 Y2.951 E0.0263
M566 X1800 Y1800
G0 F7200 X-0.063 Y3.584
M566 X1200 Y1200
G1 F6000 X-5.503 Y3.584 E0.16963
G1 X-5.503 Y-32.916 E1.13812
G1 X5.497 Y-32.916 E0.343
G1 X5.497 Y3.584 E1.13812
G1 X-0.063 Y3.584 E0.17337
M566 X1800 Y1800
G0 F7200 X1.974 Y1.018
G0 X2.289 Y0.489
G0 X2.541 Y-.67
G0 X-.52 Y-12.916
M566 X1200 Y1200
G1 F6000 X0.324 Y-12.951 E0.02634
G1 X1.204 Y-13.199 E0.02851
G1 X2.003 Y-13.658 E0.02873
G1 X2.626 Y-14.249 E0.02678
G1 X3.087 Y-14.945 E0.02603
G1 X3.395 Y-15.747 E0.02679
G1 X3.509 Y-16.668 E0.02894
G1 X3.392 Y-17.592 E0.02904
G1 X3.052 Y-18.463 E0.02915
G1 X2.506 Y-19.224 E0.0292
G1 X1.8 Y-19.815 E0.02871
G1 X1.101 Y-20.175 E0.02452
G1 X0.261 Y-20.387 E0.02701
G1 X-.283 Y-20.422 E0.017
G1 X-1.085 Y-20.333 E0.02516
G1 X-1.88 Y-20.057 E0.02624
G1 X-2.59 Y-19.609 E0.02618
G1 X-3.148 Y-19.069 E0.02421
G1 X-3.634 Y-18.31 E0.0281
G1 X-3.895 Y-17.592 E0.02382
G1 X-4.007 Y-16.841 E0.02368
G1 X-3.954 Y-16.016 E0.02578
G1 X-3.721 Y-15.215 E0.02601
G1 X-3.348 Y-14.531 E0.02429
G1 X-2.752 Y-13.86 E0.02798
G1 X-2.113 Y-13.399 E0.02457
G1 X-1.286 Y-13.05 E0.02799
G1 X-.52 Y-12.916 E0.02425
M566 X1800 Y1800
G0 F7200 X-.487 Y-13.418
M566 X1200 Y1200
G1 F6000 X0.245 Y-13.448 E0.02284
G1 X1.009 Y-13.663 E0.02475
G1 X1.702 Y-14.062 E0.02493
G1 X2.241 Y-14.573 E0.02316
G1 X2.64 Y-15.175 E0.02252
G1 X2.906 Y-15.869 E0.02317
G1 X3.005 Y-16.667 E0.02507
G1 X2.904 Y-17.468 E0.02517
G1 X2.609 Y-18.223 E0.02528
G1 X2.137 Y-18.881 E0.02525
G1 X1.522 Y-19.396 E0.02501
G1 X0.923 Y-19.704 E0.021
G1 X0.183 Y-19.891 E0.0238
G1 X-.271 Y-19.92 E0.01419
G1 X-.974 Y-19.842 E0.02206
G1 X-1.662 Y-19.603 E0.02271
G1 X-2.279 Y-19.214 E0.02274
G1 X-2.758 Y-18.75 E0.02079
G1 X-3.183 Y-18.087 E0.02456
G1 X-3.408 Y-17.468 E0.02054
G1 X-3.505 Y-16.82 E0.02043
G1 X-3.459 Y-16.103 E0.0224
G1 X-3.256 Y-15.407 E0.02261
G1 X-2.936 Y-14.82 E0.02085
G1 X-2.415 Y-14.233 E0.02447
G1 X-1.867 Y-13.838 E0.02106
G1 X-1.144 Y-13.533 E0.02447
G1 X-.487 Y-13.418 E0.0208
M566 X1800 Y1800
G0 F7200 X-.217 Y-3.92
M566 X1200 Y1200
G1 F6000 X-.965 Y-3.844 E0.02344
G1 X-1.6 Y-3.63 E0.02089
G1 X-2.222 Y-3.259 E0.02258
G1 X-2.744 Y-2.763 E0.02245
G1 X-3.114 Y-2.221 E0.02046
G1 X-3.369 Y-1.612 E0.02059
G1 X-3.507 Y-.828 E0.02482
G1 X-3.446 Y-0.02 E0.02527
G1 X-3.19 Y0.739 E0.02498
G1 X-2.803 Y1.359 E0.02279
G1 X-2.279 Y1.884 E0.02313
G1 X-1.595 Y2.302 E0.025
G1 X-.828 Y2.539 E0.02503
G1 X-0.088 Y2.587 E0.02312
G1 X0.632 Y2.467 E0.02276
G1 X1.292 Y2.198 E0.02222
G1 X1.84 Y1.827 E0.02064
G1 X2.344 Y1.298 E0.02278
G1 X2.71 Y0.683 E0.02232
G1 X2.921 Y0.059 E0.02054
G1 X3.005 Y-.673 E0.02297
G1 X2.904 Y-1.468 E0.02499
G1 X2.609 Y-2.223 E0.02528
G1 X2.132 Y-2.887 E0.02549
G1 X1.461 Y-3.438 E0.02707
G1 X0.716 Y-3.777 E0.02552
G1 X-0.013 Y-3.906 E0.02308
G1 X-.217 Y-3.92 E0.00638
M566 X1800 Y1800
G0 F7200 X-1.942 Y-2.889
G0 X-2.391 Y-2.462
G0 X-6.003 Y4.084
M566 X1200 Y1200
G1 F6000 X-6.003 Y-33.416 E1.1693
G1 X5.997 Y-33.416 E0.37418
G1 X5.997 Y4.084 E1.1693
G1 X-6.003 Y4.084 E0.37418
M566 X1800 Y1800
G0 F7200 X-6.503 Y4.584
M566 X1200 Y1200
G1 F6000 X-6.503 Y-33.916 E1.20048
G1 X6.497 Y-33.916 E0.40536
G1 X6.497 Y4.584 E1.20048
G1 X-6.503 Y4.584 E0.40536
M566 X1800 Y1800
G0 F7200 X-6.433 Y4.514
G0 X-2.487 Y1.108
G0 X-2.409 Y1.046
M566 X1200 Y1200
G1 F6000 X-1.967 Y1.489 E0.01951
G1 X-1.388 Y1.843 E0.02116
G1 X-.737 Y2.044 E0.02124
G1 X-.113 Y2.084 E0.0195
G1 X0.495 Y1.983 E0.01922
G1 X1.055 Y1.755 E0.01885
G1 X1.515 Y1.443 E0.01733
G1 X1.943 Y0.994 E0.01934
G1 X2.253 Y0.473 E0.0189
G1 X2.43 Y-0.051 E0.01725
G1 X2.501 Y-.67 E0.01943
G1 X2.416 Y-1.344 E0.02118
G1 X2.166 Y-1.982 E0.02137
G1 X1.764 Y-2.542 E0.02149
G1 X1.194 Y-3.01 E0.023
G1 X0.566 Y-3.296 E0.02152
G1 X-0.073 Y-3.409 E0.02023
G1 X-.208 Y-3.418 E0.00422
G1 X-.859 Y-3.352 E0.0204
G1 X-1.39 Y-3.173 E0.01747
G1 X-1.918 Y-2.858 E0.01917
G1 X-2.361 Y-2.437 E0.01906
G1 X-2.672 Y-1.981 E0.01721
G1 X-2.886 Y-1.47 E0.01727
G1 X-3.004 Y-.803 E0.02112
G1 X-2.952 Y-.12 E0.02136
G1 X-2.735 Y0.524 E0.02119
G1 X-2.409 Y1.046 E0.01919
M566 X1800 Y1800
G0 F7200 X-2.487 Y1.108
G0 X-2.771 Y0.541
G0 X-2.991 Y-.113
G0 X-1.03 Y-13.921
G0 X-1.002 Y-14.016
M566 X1200 Y1200
G1 F6000 X-.454 Y-13.92 E0.01735
G1 X0.166 Y-13.945 E0.01935
G1 X0.813 Y-14.127 E0.02096
G1 X1.401 Y-14.466 E0.02116
G1 X1.856 Y-14.897 E0.01954
G1 X2.193 Y-15.405 E0.01901
G1 X2.417 Y-15.991 E0.01956
G1 X2.501 Y-16.667 E0.02124
G1 X2.416 Y-17.344 E0.02128
G1 X2.166 Y-17.982 E0.02137
G1 X1.767 Y-18.538 E0.02134
G1 X1.244 Y-18.977 E0.02129
G1 X0.745 Y-19.233 E0.01749
G1 X0.105 Y-19.395 E0.02059
G1 X-.259 Y-19.418 E0.01137
G1 X-.863 Y-19.351 E0.01895
G1 X-1.444 Y-19.149 E0.01918
G1 X-1.968 Y-18.819 E0.01931
G1 X-2.368 Y-18.431 E0.01738
G1 X-2.732 Y-17.864 E0.02101
G1 X-2.921 Y-17.344 E0.01725
G1 X-3.003 Y-16.799 E0.01719
G1 X-2.964 Y-16.19 E0.01903
G1 X-2.791 Y-15.599 E0.0192
G1 X-2.524 Y-15.109 E0.0174
G1 X-2.078 Y-14.606 E0.02096
G1 X-1.621 Y-14.277 E0.01756
G1 X-1.002 Y-14.016 E0.02095
M566 X1800 Y1800
G0 F7200 X-.86 Y-14.499
M566 X1200 Y1200
;TYPE:WALL-OUTER
G1 F3000 X-.42 Y-14.422 E0.01393
G1 X0.087 Y-14.442 E0.01582
G1 X0.617 Y-14.591 E0.01717
G1 X1.1 Y-14.87 E0.01739
G1 X1.471 Y-15.221 E0.01593
G1 X1.746 Y-15.635 E0.0155
G1 X1.928 Y-16.113 E0.01595
G1 X1.997 Y-16.667 E0.01741
G1 X1.928 Y-17.22 E0.01738
G1 X1.723 Y-17.741 E0.01746
G1 X1.397 Y-18.196 E0.01745
G1 X0.966 Y-18.558 E0.01755
G1 X0.567 Y-18.762 E0.01397
G1 X0.027 Y-18.899 E0.01737
G1 X-.247 Y-18.916 E0.00856
G1 X-.752 Y-18.86 E0.01584
G1 X-1.226 Y-18.695 E0.01565
G1 X-1.657 Y-18.424 E0.01588
G1 X-1.978 Y-18.112 E0.01396
G1 X-2.281 Y-17.641 E0.01746
G1 X-2.434 Y-17.22 E0.01397
G1 X-2.501 Y-16.777 E0.01397
G1 X-2.469 Y-16.278 E0.01559
G1 X-2.326 Y-15.791 E0.01583
G1 X-2.112 Y-15.398 E0.01395
G1 X-1.741 Y-14.979 E0.01745
G1 X-1.375 Y-14.716 E0.01405
G1 X-.86 Y-14.499 E0.01743
M566 X1800 Y1800
G0 F7200 X-.614 Y-14.456
G0 X-.718 Y-13.866
G0 X-.158 Y-3.515
G0 X-.198 Y-2.916
M566 X1200 Y1200
G1 F3000 X-.753 Y-2.86 E0.01739
G1 X-1.18 Y-2.716 E0.01405
G1 X-1.614 Y-2.457 E0.01576
G1 X-1.978 Y-2.111 E0.01566
G1 X-2.23 Y-1.741 E0.01396
G1 X-2.403 Y-1.328 E0.01396
G1 X-2.501 Y-.778 E0.01742
G1 X-2.458 Y-.22 E0.01745
G1 X-2.28 Y0.309 E0.0174
G1 X-2.015 Y0.733 E0.01559
G1 X-1.655 Y1.094 E0.0159
G1 X-1.181 Y1.384 E0.01733
G1 X-.646 Y1.549 E0.01746
G1 X-.138 Y1.581 E0.01587
G1 X0.358 Y1.499 E0.01568
G1 X0.818 Y1.312 E0.01548
G1 X1.19 Y1.059 E0.01403
G1 X1.542 Y0.69 E0.0159
G1 X1.796 Y0.263 E0.01549
G1 X1.939 Y-.161 E0.01395
G1 X1.997 Y-.667 E0.01588
G1 X1.928 Y-1.22 E0.01738
G1 X1.723 Y-1.741 E0.01746
G1 X1.396 Y-2.197 E0.0175
G1 X0.927 Y-2.582 E0.01892
G1 X0.416 Y-2.815 E0.01751
G1 X-.132 Y-2.912 E0.01735
G1 X-.198 Y-2.916 E0.00206
M566 X1800 Y1800
G0 F7200 X-.447 Y-2.891
G0 X-.507 Y-3.488
G0 X-1.406 Y-3.209
G0 X-1.942 Y-2.889
G0 X-2.391 Y-2.462
G0 X-6.433 Y4.514
G0 X-7.003 Y5.084
M566 X1200 Y1200
G1 F3000 X-7.003 Y-34.416 E1.23166
G1 X6.997 Y-34.416 E0.43654
G1 X6.997 Y5.084 E1.23166
G1 X-7.003 Y5.084 E0.43654
M566 X1800 Y1800
G0 F7200 X-7.003 Y4.834
G0 X-6.433 Y4.514
G0 X-5.013 Y3.094
M566 X1200 Y1200
;TYPE:SKIN
G1 F3000 X-5.013 Y-32.426 E1.10756
G1 X5.007 Y-32.426 E0.31244
G1 X5.007 Y3.094 E1.10756
G1 X1.717 Y3.094 E0.10259
G1 X1.761 Y3.076 E0.00148
G1 X2.483 Y2.587 E0.02719
G1 X3.137 Y1.9 E0.02958
G1 X3.614 Y1.099 E0.02907
G1 X3.893 Y0.277 E0.02707
G1 X4.003 Y-.68 E0.03004
G1 X3.87 Y-1.714 E0.03251
G1 X3.486 Y-2.699 E0.03297
G1 X2.861 Y-3.57 E0.03343
G1 X1.989 Y-4.285 E0.03516
G1 X1.012 Y-4.73 E0.03348
G1 X0.108 Y-4.89 E0.02863
G1 X-.233 Y-4.914 E0.01066
G1 X-1.175 Y-4.818 E0.02952
G1 X-2.016 Y-4.534 E0.02768
G1 X-2.824 Y-4.052 E0.02934
G1 X-3.502 Y-3.408 E0.02916
G1 X-3.989 Y-2.696 E0.0269
G1 X-4.325 Y-1.893 E0.02714
G1 X-4.504 Y-.877 E0.03217
G1 X-4.424 Y0.178 E0.03299
G1 X-4.091 Y1.165 E0.03248
G1 X-3.583 Y1.978 E0.02989
G1 X-2.897 Y2.667 E0.03032
G1 X-2.198 Y3.094 E0.02554
G1 X-5.013 Y3.094 E0.08778
M566 X1800 Y1800
G0 F7200 X-1.425 Y-12.577
M566 X1200 Y1200
G1 F3000 X-.553 Y-12.424 E0.02761
G1 X0.402 Y-12.463 E0.0298
G1 X1.396 Y-12.744 E0.03221
G1 X2.297 Y-13.262 E0.03241
G1 X3.004 Y-13.932 E0.03037
G1 X3.526 Y-14.719 E0.02945
G1 X3.874 Y-15.627 E0.03032
G1 X4.003 Y-16.668 E0.03271
G1 X3.87 Y-17.714 E0.03288
G1 X3.486 Y-18.698 E0.03294
G1 X2.868 Y-19.559 E0.03305
G1 X2.073 Y-20.226 E0.03236
G1 X1.275 Y-20.636 E0.02797
G1 X0.337 Y-20.873 E0.03017
G1 X-.295 Y-20.914 E0.01975
G1 X-1.193 Y-20.814 E0.02817
G1 X-2.094 Y-20.502 E0.02973
G1 X-2.894 Y-19.997 E0.0295
G1 X-3.53 Y-19.381 E0.02761
G1 X-4.075 Y-18.528 E0.03156
G1 X-4.373 Y-17.713 E0.02706
G1 X-4.499 Y-16.862 E0.02682
G1 X-4.44 Y-15.931 E0.02909
G1 X-4.176 Y-15.027 E0.02937
G1 X-3.752 Y-14.247 E0.02768
G1 X-3.083 Y-13.494 E0.03141
G1 X-2.354 Y-12.969 E0.02801
G1 X-1.425 Y-12.577 E0.03144
M566 X1800 Y1800
G0 F7200 X4.781 Y2.289
M566 X1200 Y1200
G1 F3000 X4.201 Y2.869 E0.02558
M566 X1800 Y1800
G0 F7200 X3.494 Y2.869
M566 X1200 Y1200
G1 F3000 X4.781 Y1.582 E0.05675
M566 X1800 Y1800
G0 F7200 X4.781 Y0.875
M566 X1200 Y1200
G1 F3000 X2.787 Y2.869 E0.08793
G1 X2.699 Y2.957
M566 X1800 Y1800
G0 F7200 X3.85 Y1.098
M566 X1200 Y1200
G1 F3000 X4.781 Y0.168 E0.04103
M566 X1800 Y1800
G0 F7200 X4.138 Y0.103
M566 X1200 Y1200
G1 F3000 X4.781 Y-.538 E0.02831
M566 X1800 Y1800
G0 F7200 X4.228 Y-.692
M566 X1200 Y1200
G1 F3000 X4.781 Y-1.245 E0.02439
M566 X1800 Y1800
G0 F7200 X4.147 Y-1.318
M566 X1200 Y1200
G1 F3000 X4.781 Y-1.953 E0.02798
M566 X1800 Y1800
G0 F7200 X4.781 Y-2.66
M566 X1200 Y1200
G1 F3000 X4.034 Y-1.913 E0.03294
M566 X1800 Y1800
G0 F7200 X3.836 Y-2.421
M566 X1200 Y1200
G1 F3000 X4.781 Y-3.367 E0.04169
M566 X1800 Y1800
G0 F7200 X4.781 Y-4.074
M566 X1200 Y1200
G1 F3000 X3.614 Y-2.906 E0.05148
M566 X1800 Y1800
G0 F7200 X3.317 Y-3.317
M566 X1200 Y1200
G1 F3000 X4.781 Y-4.781 E0.06456
M566 X1800 Y1800
G0 F7200 X4.781 Y-5.488
M566 X1200 Y1200
G1 F3000 X3.02 Y-3.727 E0.07766
M566 X1800 Y1800
G0 F7200 X2.632 Y-4.046
M566 X1200 Y1200
G1 F3000 X4.781 Y-6.195 E0.09476
M566 X1800 Y1800
G0 F7200 X4.781 Y-6.902
M566 X1200 Y1200
G1 F3000 X2.244 Y-4.365 E0.11187
M566 X1800 Y1800
G0 F7200 X1.792 Y-4.62
M566 X1200 Y1200
G1 F3000 X4.781 Y-7.609 E0.13181
M566 X1800 Y1800
G0 F7200 X4.781 Y-8.316
M566 X1200 Y1200
G1 F3000 X1.306 Y-4.842 E0.15322
M566 X1800 Y1800
G0 F7200 X0.758 Y-5.001
M566 X1200 Y1200
G1 F3000 X4.781 Y-9.024 E0.1774
M566 X1800 Y1800
G0 F7200 X4.781 Y-9.731
M566 X1200 Y1200
G1 F3000 X0.157 Y-5.107 E0.20391
M566 X1800 Y1800
G0 F7200 X-.55 Y-5.106
M566 X1200 Y1200
G1 F3000 X4.781 Y-10.438 E0.2351
M566 X1800 Y1800
G0 F7200 X4.781 Y-11.145
M566 X1200 Y1200
G1 F3000 X-1.378 Y-4.985 E0.27162
G1 X-1.466 Y-4.897
M566 X1800 Y1800
G0 F7200 X-2.66 Y-4.41
M566 X1200 Y1200
G1 F3000 X4.781 Y-11.852 E0.32815
M566 X1800 Y1800
G0 F7200 X4.781 Y-12.559
M566 X1200 Y1200
G1 F3000 X-4.787 Y-2.991 E0.42192
M566 X1800 Y1800
G0 F7200 X-4.787 Y-3.698
M566 X1200 Y1200
G1 F3000 X4.781 Y-13.266 E0.42192
M566 X1800 Y1800
G0 F7200 X4.781 Y-13.973
M566 X1200 Y1200
G1 F3000 X-4.787 Y-4.405 E0.42192
M566 X1800 Y1800
G0 F7200 X-4.787 Y-5.112
M566 X1200 Y1200
G1 F3000 X4.781 Y-14.68 E0.42192
M566 X1800 Y1800
G0 F7200 X4.781 Y-15.388
M566 X1200 Y1200
G1 F3000 X-4.787 Y-5.819 E0.42194
M566 X1800 Y1800
G0 F7200 X-4.787 Y-6.526
M566 X1200 Y1200
G1 F3000 X1.116 Y-12.43 E0.26033
M566 X1800 Y1800
G0 F7200 X0.207 Y-12.228
M566 X1200 Y1200
G1 F3000 X-4.787 Y-7.233 E0.22024
M566 X1800 Y1800
G0 F7200 X-4.787 Y-7.94
M566 X1200 Y1200
G1 F3000 X-.528 Y-12.199 E0.18781
M566 X1800 Y1800
G0 F7200 X-1.137 Y-12.298
M566 X1200 Y1200
G1 F3000 X-4.787 Y-8.647 E0.16098
M566 X1800 Y1800
G0 F7200 X-4.787 Y-9.355
M566 X1200 Y1200
G1 F3000 X-1.694 Y-12.447 E0.13637
M566 X1800 Y1800
G0 F7200 X-2.192 Y-12.657
M566 X1200 Y1200
G1 F3000 X-4.787 Y-10.062 E0.11443
M566 X1800 Y1800
G0 F7200 X-4.787 Y-10.769
M566 X1200 Y1200
G1 F3000 X-2.65 Y-12.905 E0.09421
M566 X1800 Y1800
G0 F7200 X-3.062 Y-13.2
M566 X1200 Y1200
G1 F3000 X-4.787 Y-11.476 E0.07605
M566 X1800 Y1800
G0 F7200 X-4.787 Y-12.183
M566 X1200 Y1200
G1 F3000 X-3.428 Y-13.542 E0.05993
M566 X1800 Y1800
G0 F7200 X-3.76 Y-13.917
M566 X1200 Y1200
G1 F3000 X-4.787 Y-12.89 E0.04529
M566 X1800 Y1800
G0 F7200 X-4.787 Y-13.597
M566 X1200 Y1200
G1 F3000 X-4.054 Y-14.33 E0.03232
M566 X1800 Y1800
G0 F7200 X-4.302 Y-14.789
M566 X1200 Y1200
G1 F3000 X-4.787 Y-14.304 E0.02139
M566 X1800 Y1800
G0 F7200 X-4.787 Y-15.011
M566 X1200 Y1200
G1 F3000 X-4.492 Y-15.306 E0.01301
M566 X1800 Y1800
G0 F7200 X-4.787 Y-15.718
M566 X1200 Y1200
G1 F3000 X-4.652 Y-15.854 E0.00598
M566 X1800 Y1800
G0 F7200 X-4.787 Y-16.425
M566 X1200 Y1200
G1 F3000 X-4.702 Y-16.51 E0.00375
M566 X1800 Y1800
G0 F7200 X-4.787 Y-17.132
M566 X1200 Y1200
G1 F3000 X-4.669 Y-17.251 E0.00523
M566 X1800 Y1800
G0 F7200 X-4.787 Y-17.839
M566 X1200 Y1200
G1 F3000 X-4.439 Y-18.187 E0.01535
M566 X1800 Y1800
G0 F7200 X-4.787 Y-18.546
M566 X1200 Y1200
G1 F3000 X4.781 Y-28.115 E0.42194
M566 X1800 Y1800
G0 F7200 X4.781 Y-27.408
M566 X1200 Y1200
G1 F3000 X-1.78 Y-20.846 E0.28934
M566 X1800 Y1800
G0 F7200 X-.842 Y-21.078
M566 X1200 Y1200
G1 F3000 X4.781 Y-26.701 E0.24796
M566 X1800 Y1800
G0 F7200 X4.781 Y-25.994
M566 X1200 Y1200
G1 F3000 X-0.087 Y-21.125 E0.21469
M566 X1800 Y1800
G0 F7200 X0.545 Y-21.051
M566 X1200 Y1200
G1 F3000 X4.781 Y-25.287 E0.1868
M566 X1800 Y1800
G0 F7200 X4.781 Y-24.58
M566 X1200 Y1200
G1 F3000 X1.109 Y-20.908 E0.16192
M566 X1800 Y1800
G0 F7200 X1.619 Y-20.711
M566 X1200 Y1200
G1 F3000 X4.781 Y-23.873 E0.13944
M566 X1800 Y1800
G0 F7200 X4.781 Y-23.166
M566 X1200 Y1200
G1 F3000 X2.086 Y-20.471 E0.11884
M566 X1800 Y1800
G0 F7200 X2.49 Y-20.168
M566 X1200 Y1200
G1 F3000 X4.781 Y-22.459 E0.10103
M566 X1800 Y1800
G0 F7200 X4.781 Y-21.752
M566 X1200 Y1200
G1 F3000 X2.874 Y-19.844 E0.08412
M566 X1800 Y1800
G0 F7200 X3.207 Y-19.47
M566 X1200 Y1200
G1 F3000 X4.781 Y-21.044 E0.06941
M566 X1800 Y1800
G0 F7200 X4.781 Y-20.337
M566 X1200 Y1200
G1 F3000 X3.503 Y-19.059 E0.05636
M566 X1800 Y1800
G0 F7200 X3.761 Y-18.611
M566 X1200 Y1200
G1 F3000 X4.781 Y-19.63 E0.04496
M566 X1800 Y1800
G0 F7200 X4.781 Y-18.923
M566 X1200 Y1200
G1 F3000 X3.96 Y-18.102 E0.0362
M566 X1800 Y1800
G0 F7200 X4.117 Y-17.552
M566 X1200 Y1200
G1 F3000 X4.781 Y-18.216 E0.02928
M566 X1800 Y1800
G0 F7200 X4.781 Y-17.509
M566 X1200 Y1200
G1 F3000 X4.198 Y-16.926 E0.02571
M566 X1800 Y1800
G0 F7200 X4.781 Y-16.802
M566 X1200 Y1200
G1 F3000 X4.171 Y-16.192 E0.0269
M566 X1800 Y1800
G0 F7200 X4.781 Y-16.095
M566 X1200 Y1200
G1 F3000 X3.992 Y-15.306 E0.03479
G1 X3.904 Y-15.218
M566 X1800 Y1800
G0 F7200 X2.201 Y-18.001
G0 X1.796 Y-18.565
G0 X1.266 Y-19.01
G0 X0.111 Y-19.434
G0 X-4.787 Y-19.253
M566 X1200 Y1200
G1 F3000 X4.781 Y-28.823 E0.42197
M566 X1800 Y1800
G0 F7200 X4.781 Y-29.53
M566 X1200 Y1200
G1 F3000 X-4.787 Y-19.96 E0.42197
M566 X1800 Y1800
G0 F7200 X-4.787 Y-20.668
M566 X1200 Y1200
G1 F3000 X4.781 Y-30.237 E0.42194
M566 X1800 Y1800
G0 F7200 X4.781 Y-30.944
M566 X1200 Y1200
G1 F3000 X-4.787 Y-21.375 E0.42194
M566 X1800 Y1800
G0 F7200 X-4.787 Y-22.082
M566 X1200 Y1200
G1 F3000 X4.781 Y-31.651 E0.42194
M566 X1800 Y1800
G0 F7200 X4.623 Y-32.2
M566 X1200 Y1200
G1 F3000 X-4.787 Y-22.789 E0.41498
M566 X1800 Y1800
G0 F7200 X-4.787 Y-23.496
M566 X1200 Y1200
G1 F3000 X3.915 Y-32.2 E0.38378
M566 X1800 Y1800
G0 F7200 X3.208 Y-32.2
M566 X1200 Y1200
G1 F3000 X-4.787 Y-24.203 E0.3526
M566 X1800 Y1800
G0 F7200 X-4.787 Y-24.91
M566 X1200 Y1200
G1 F3000 X2.501 Y-32.2 E0.32142
M566 X1800 Y1800
G0 F7200 X1.794 Y-32.2
M566 X1200 Y1200
G1 F3000 X-4.787 Y-25.617 E0.29025
M566 X1800 Y1800
G0 F7200 X-4.787 Y-26.324
M566 X1200 Y1200
G1 F3000 X1.087 Y-32.2 E0.25907
M566 X1800 Y1800
G0 F7200 X0.38 Y-32.2
M566 X1200 Y1200
G1 F3000 X-4.787 Y-27.031 E0.22789
M566 X1800 Y1800
G0 F7200 X-4.787 Y-27.739
M566 X1200 Y1200
G1 F3000 X-.326 Y-32.2 E0.19672
M566 X1800 Y1800
G0 F7200 X-1.033 Y-32.2
M566 X1200 Y1200
G1 F3000 X-4.787 Y-28.446 E0.16554
M566 X1800 Y1800
G0 F7200 X-4.787 Y-29.153
M566 X1200 Y1200
G1 F3000 X-1.74 Y-32.2 E0.13436
M566 X1800 Y1800
G0 F7200 X-2.448 Y-32.2
M566 X1200 Y1200
G1 F3000 X-4.787 Y-29.86 E0.10317
M566 X1800 Y1800
G0 F7200 X-4.787 Y-30.567
M566 X1200 Y1200
G1 F3000 X-3.155 Y-32.2 E0.07199
M566 X1800 Y1800
G0 F7200 X-3.862 Y-32.2
M566 X1200 Y1200
G1 F3000 X-4.787 Y-31.274 E0.04081
M566 X1800 Y1800
G0 F7200 X-4.787 Y-31.981
M566 X1200 Y1200
G1 F3000 X-4.569 Y-32.2 E0.00964
M566 X1800 Y1800
G0 F7200 X-4.012 Y-3.058
M566 X1200 Y1200
G1 F3000 X-4.787 Y-2.283 E0.03418
M566 X1800 Y1800
G0 F7200 X-4.569 Y-1.794
M566 X1200 Y1200
G1 F3000 X-4.787 Y-1.576 E0.00961
M566 X1800 Y1800
G0 F7200 X-4.683 Y-.266
M566 X1200 Y1200
G1 F3000 X-4.787 Y-.162 E0.00459
M566 X1800 Y1800
G0 F7200 X-4.6 Y0.357
M566 X1200 Y1200
G1 F3000 X-4.787 Y0.544 E0.00825
M566 X1800 Y1800
G0 F7200 X-4.422 Y0.886
M566 X1200 Y1200
G1 F3000 X-4.787 Y1.251 E0.0161
M566 X1800 Y1800
G0 F7200 X-4.217 Y1.388
M566 X1200 Y1200
G1 F3000 X-4.787 Y1.958 E0.02514
M566 X1800 Y1800
G0 F7200 X-4.787 Y2.665
M566 X1200 Y1200
G1 F3000 X-3.944 Y1.823 E0.03715
M566 X1800 Y1800
G0 F7200 X-3.646 Y2.232
M566 X1200 Y1200
G1 F3000 X-4.283 Y2.869 E0.02809
M566 X1800 Y1800
G0 F7200 X-3.576 Y2.869
M566 X1200 Y1200
G1 F3000 X-3.293 Y2.586 E0.01248
M566 X1800 Y1800
;MESH:NONMESH
G0 F600 X-3.293 Y2.586 Z1.6
G0 F7200 X0.772 Y2.952
;TIME_ELAPSED:247.274832
;LAYER:8
M106 S185.5 P1
M566 X1200 Y1200
;TYPE:WALL-INNER
;MESH:Roborama2026-Lasermount.3mf
G1 F6000 X1.618 Y2.597 E0.02861
G1 X2.313 Y2.083 E0.02695
G1 X2.899 Y1.383 E0.02847
G1 X3.283 Y0.614 E0.0268
G1 X3.489 Y-.286 E0.02879
G1 X3.477 Y-1.134 E0.02644
G1 X3.277 Y-1.965 E0.02665
G1 X2.853 Y-2.786 E0.02881
G1 X2.244 Y-3.478 E0.02874
G1 X1.545 Y-3.969 E0.02664
G1 X0.774 Y-4.282 E0.02595
G1 X0.066 Y-4.408 E0.02242
G1 X-.309 Y-4.419 E0.0117
G1 X-1.086 Y-4.333 E0.02438
G1 X-1.881 Y-4.056 E0.02625
G1 X-2.6 Y-3.603 E0.0265
G1 X-3.191 Y-3.011 E0.02608
G1 X-3.645 Y-2.292 E0.02651
G1 X-3.937 Y-1.422 E0.02861
G1 X-4.012 Y-.576 E0.02648
G1 X-3.894 Y0.274 E0.02676
G1 X-3.561 Y1.123 E0.02844
G1 X-3.064 Y1.831 E0.02697
G1 X-2.378 Y2.434 E0.02848
G1 X-1.634 Y2.83 E0.02628
G1 X-.894 Y3.038 E0.02397
G1 X-0.068 Y3.09 E0.02581
G1 X0.772 Y2.952 E0.02654
M566 X1800 Y1800
G0 F7200 X-0.068 Y3.584
M566 X1200 Y1200
G1 F6000 X-5.503 Y3.584 E0.16947
G1 X-5.503 Y-32.916 E1.13812
G1 X5.497 Y-32.916 E0.343
G1 X5.497 Y3.584 E1.13812
G1 X-0.068 Y3.584 E0.17352
M566 X1800 Y1800
G0 F7200 X2.09 Y0.852
G0 X2.372 Y0.287
G0 X2.526 Y-.388
G0 X-0.064 Y-12.91
M566 X1200 Y1200
G1 F6000 X0.775 Y-13.049 E0.02652
G1 X1.617 Y-13.402 E0.02847
G1 X2.307 Y-13.914 E0.02679
G1 X2.859 Y-14.556 E0.0264
G1 X3.279 Y-15.376 E0.02873
G1 X3.489 Y-16.292 E0.0293
G1 X3.467 Y-17.226 E0.02913
G1 X3.213 Y-18.126 E0.02916
G1 X2.747 Y-18.935 E0.02911
G1 X2.106 Y-19.597 E0.02873
G1 X1.442 Y-20.022 E0.02458
G1 X0.592 Y-20.33 E0.02819
G1 X-.242 Y-20.425 E0.02617
G1 X-1.001 Y-20.35 E0.02378
G1 X-1.72 Y-20.126 E0.02348
G1 X-2.457 Y-19.714 E0.02633
G1 X-3.136 Y-19.083 E0.0289
G1 X-3.633 Y-18.315 E0.02852
G1 X-3.895 Y-17.592 E0.02398
G1 X-4.01 Y-16.831 E0.024
G1 X-3.94 Y-15.92 E0.02849
G1 X-3.645 Y-15.042 E0.02888
G1 X-3.191 Y-14.325 E0.02646
G1 X-2.591 Y-13.721 E0.02655
G1 X-1.799 Y-13.238 E0.02893
G1 X-.914 Y-12.965 E0.02888
G1 X-0.064 Y-12.91 E0.02656
M566 X1800 Y1800
G0 F7200 X-0.089 Y-13.413
M566 X1200 Y1200
G1 F6000 X0.636 Y-13.533 E0.02291
G1 X1.368 Y-13.84 E0.02475
G1 X1.964 Y-14.282 E0.02314
G1 X2.441 Y-14.837 E0.02282
G1 X2.806 Y-15.549 E0.02495
G1 X2.988 Y-16.343 E0.0254
G1 X2.969 Y-17.151 E0.0252
G1 X2.749 Y-17.93 E0.02524
G1 X2.345 Y-18.632 E0.02526
G1 X1.787 Y-19.207 E0.02498
G1 X1.219 Y-19.571 E0.02104
G1 X0.477 Y-19.84 E0.02461
G1 X-.246 Y-19.922 E0.02269
G1 X-.901 Y-19.857 E0.02052
G1 X-1.522 Y-19.664 E0.02028
G1 X-2.161 Y-19.307 E0.02282
G1 X-2.75 Y-18.759 E0.02509
G1 X-3.182 Y-18.091 E0.02481
G1 X-3.408 Y-17.468 E0.02066
G1 X-3.507 Y-16.813 E0.02066
G1 X-3.446 Y-16.02 E0.0248
G1 X-3.19 Y-15.258 E0.02507
G1 X-2.798 Y-14.639 E0.02285
G1 X-2.279 Y-14.116 E0.02297
G1 X-1.592 Y-13.697 E0.02509
G1 X-.823 Y-13.46 E0.02509
G1 X-0.089 Y-13.413 E0.02293
M566 X1800 Y1800
G0 F7200 X-.289 Y-3.918
M566 X1200 Y1200
G1 F6000 X-.975 Y-3.842 E0.02152
G1 X-1.663 Y-3.603 E0.02271
G1 X-2.286 Y-3.21 E0.02297
G1 X-2.798 Y-2.697 E0.0226
G1 X-3.19 Y-2.076 E0.0229
G1 X-3.444 Y-1.319 E0.0249
G1 X-3.509 Y-.588 E0.02288
G1 X-3.407 Y0.146 E0.02311
G1 X-3.117 Y0.885 E0.02475
G1 X-2.689 Y1.495 E0.02324
G1 X-2.092 Y2.02 E0.02479
G1 X-1.447 Y2.363 E0.02278
G1 X-.81 Y2.542 E0.02063
G1 X-0.093 Y2.587 E0.0224
G1 X0.633 Y2.468 E0.02294
G1 X1.369 Y2.159 E0.02489
G1 X1.968 Y1.716 E0.02323
G1 X2.478 Y1.107 E0.02477
G1 X2.809 Y0.444 E0.02311
G1 X2.988 Y-.339 E0.02504
G1 X2.978 Y-1.071 E0.02283
G1 X2.805 Y-1.789 E0.02303
G1 X2.437 Y-2.502 E0.02502
G1 X1.908 Y-3.103 E0.02497
G1 X1.304 Y-3.527 E0.02301
G1 X0.635 Y-3.799 E0.02252
G1 X0.015 Y-3.909 E0.01963
G1 X-.289 Y-3.918 E0.00948
M566 X1800 Y1800
G0 F7200 X-1.996 Y-2.848
G0 X-2.436 Y-2.407
G0 X-6.003 Y4.084
M566 X1200 Y1200
G1 F6000 X-6.003 Y-33.416 E1.1693
G1 X5.997 Y-33.416 E0.37418
G1 X5.997 Y4.084 E1.1693
G1 X-6.003 Y4.084 E0.37418
M566 X1800 Y1800
G0 F7200 X-6.503 Y4.584
M566 X1200 Y1200
G1 F6000 X-6.503 Y-33.916 E1.20048
G1 X6.497 Y-33.916 E0.40536
G1 X6.497 Y4.584 E1.20048
G1 X-6.503 Y4.584 E0.40536
M566 X1800 Y1800
G0 F7200 X-6.433 Y4.514
G0 X-2.388 Y1.225
G0 X-2.314 Y1.159
M566 X1200 Y1200
G1 F6000 X-1.806 Y1.606 E0.0211
G1 X-1.26 Y1.896 E0.01928
G1 X-.726 Y2.046 E0.0173
G1 X-.118 Y2.084 E0.019
G1 X0.494 Y1.984 E0.01934
G1 X1.12 Y1.721 E0.02117
G1 X1.623 Y1.349 E0.01951
G1 X2.057 Y0.831 E0.02107
G1 X2.335 Y0.274 E0.01941
G1 X2.487 Y-.392 E0.0213
G1 X2.479 Y-1.008 E0.01921
G1 X2.333 Y-1.613 E0.01941
G1 X2.021 Y-2.218 E0.02123
G1 X1.572 Y-2.728 E0.02119
G1 X1.063 Y-3.085 E0.01939
G1 X0.496 Y-3.316 E0.01909
G1 X-0.036 Y-3.41 E0.01685
G1 X-.269 Y-3.417 E0.00727
G1 X-.864 Y-3.351 E0.01867
G1 X-1.445 Y-3.149 E0.01918
G1 X-1.972 Y-2.817 E0.01942
G1 X-2.405 Y-2.383 E0.01912
G1 X-2.735 Y-1.86 E0.01928
G1 X-2.951 Y-1.216 E0.02118
G1 X-3.006 Y-.6 E0.01928
G1 X-2.92 Y0.018 E0.01946
G1 X-2.673 Y0.647 E0.02107
G1 X-2.314 Y1.159 E0.0195
M566 X1800 Y1800
G0 F7200 X-2.388 Y1.225
G0 X-2.708 Y0.665
G0 X-2.958 Y0.028
G0 X-3.045 Y-.6
G0 X-.749 Y-13.857
G0 X-.732 Y-13.955
M566 X1200 Y1200
G1 F6000 X-.114 Y-13.916 E0.01931
G1 X0.497 Y-14.017 E0.01931
G1 X1.119 Y-14.278 E0.02103
G1 X1.621 Y-14.65 E0.01948
G1 X2.023 Y-15.118 E0.01924
G1 X2.333 Y-15.722 E0.02117
G1 X2.487 Y-16.394 E0.0215
G1 X2.471 Y-17.076 E0.02127
G1 X2.285 Y-17.734 E0.02132
G1 X1.943 Y-18.328 E0.02137
G1 X1.468 Y-18.817 E0.02126
G1 X0.996 Y-19.12 E0.01749
G1 X0.362 Y-19.35 E0.02103
G1 X-.249 Y-19.419 E0.01917
G1 X-.801 Y-19.364 E0.0173
G1 X-1.324 Y-19.202 E0.01707
G1 X-1.864 Y-18.9 E0.01929
G1 X-2.364 Y-18.435 E0.02129
G1 X-2.731 Y-17.867 E0.02109
G1 X-2.921 Y-17.344 E0.01735
G1 X-3.004 Y-16.795 E0.01731
G1 X-2.952 Y-16.12 E0.02111
G1 X-2.735 Y-15.474 E0.02125
G1 X-2.405 Y-14.952 E0.01926
G1 X-1.967 Y-14.511 E0.01938
G1 X-1.385 Y-14.156 E0.02126
G1 X-.732 Y-13.955 E0.0213
M566 X1800 Y1800
G0 F7200 X-.642 Y-14.45
M566 X1200 Y1200
;TYPE:WALL-OUTER
G1 F3000 X-.14 Y-14.419 E0.01568
G1 X0.358 Y-14.501 E0.01574
G1 X0.87 Y-14.716 E0.01732
G1 X1.278 Y-15.018 E0.01583
G1 X1.605 Y-15.399 E0.01566
G1 X1.86 Y-15.895 E0.01739
G1 X1.986 Y-16.445 E0.01759
G1 X1.973 Y-17.001 E0.01734
G1 X1.821 Y-17.538 E0.0174
G1 X1.541 Y-18.024 E0.01749
G1 X1.149 Y-18.427 E0.01753
G1 X0.773 Y-18.669 E0.01394
G1 X0.247 Y-18.86 E0.01745
G1 X-.252 Y-18.916 E0.01566
G1 X-.701 Y-18.871 E0.01407
G1 X-1.126 Y-18.74 E0.01387
G1 X-1.567 Y-18.493 E0.01576
G1 X-1.978 Y-18.111 E0.0175
G1 X-2.28 Y-17.643 E0.01737
G1 X-2.434 Y-17.22 E0.01404
G1 X-2.501 Y-16.777 E0.01397
G1 X-2.458 Y-16.22 E0.01742
G1 X-2.28 Y-15.69 E0.01743
G1 X-2.012 Y-15.265 E0.01567
G1 X-1.655 Y-14.906 E0.01579
G1 X-1.178 Y-14.615 E0.01742
G1 X-.642 Y-14.45 E0.01749
M566 X1800 Y1800
G0 F7200 X-.392 Y-14.435
G0 X-.43 Y-13.837
G0 X-.23 Y-3.515
G0 X-.249 Y-2.916
M566 X1200 Y1200
G1 F3000 X-.753 Y-2.86 E0.01581
G1 X-1.227 Y-2.695 E0.01565
G1 X-1.658 Y-2.424 E0.01588
G1 X-2.012 Y-2.069 E0.01563
G1 X-2.28 Y-1.644 E0.01567
G1 X-2.458 Y-1.113 E0.01746
G1 X-2.503 Y-.612 E0.01568
G1 X-2.433 Y-.11 E0.0158
G1 X-2.229 Y0.409 E0.01739
G1 X-1.939 Y0.823 E0.01576
G1 X-1.52 Y1.192 E0.01741
G1 X-1.073 Y1.429 E0.01578
G1 X-.642 Y1.55 E0.01396
G1 X-.143 Y1.581 E0.01559
G1 X0.355 Y1.5 E0.01573
G1 X0.871 Y1.283 E0.01745
G1 X1.278 Y0.982 E0.01578
G1 X1.636 Y0.555 E0.01737
G1 X1.861 Y0.104 E0.01572
G1 X1.986 Y-.445 E0.01756
G1 X1.98 Y-.945 E0.01559
G1 X1.861 Y-1.437 E0.01578
G1 X1.605 Y-1.934 E0.01743
G1 X1.236 Y-2.353 E0.01741
G1 X0.822 Y-2.643 E0.01576
G1 X0.357 Y-2.833 E0.01566
G1 X-0.087 Y-2.911 E0.01406
G1 X-.249 Y-2.916 E0.00505
M566 X1800 Y1800
G0 F7200 X-.497 Y-2.889
G0 X-.563 Y-3.485
G0 X-1.462 Y-3.185
G0 X-1.996 Y-2.848
G0 X-2.436 Y-2.407
G0 X-6.433 Y4.514
G0 X-7.003 Y5.084
M566 X1200 Y1200
G1 F3000 X-7.003 Y-34.416 E1.23166
G1 X6.997 Y-34.416 E0.43654
G1 X6.997 Y5.084 E1.23166
G1 X-7.003 Y5.084 E0.43654
M566 X1800 Y1800
G0 F7200 X-7.003 Y4.834
G0 X-6.433 Y4.514
G0 X-5.013 Y3.094
M566 X1200 Y1200
;TYPE:SKIN
G1 F3000 X-5.013 Y-32.426 E1.10756
G1 X5.007 Y-32.426 E0.31244
G1 X5.007 Y3.094 E1.10756
G1 X1.699 Y3.094 E0.10315
G1 X1.861 Y3.026 E0.00548
G1 X2.652 Y2.442 E0.03066
G1 X3.312 Y1.653 E0.03207
G1 X3.748 Y0.78 E0.03043
G1 X3.979 Y-.235 E0.03246
G1 X3.967 Y-1.195 E0.02994
G1 X3.74 Y-2.137 E0.03021
G1 X3.261 Y-3.064 E0.03254
G1 X2.573 Y-3.845 E0.03245
G1 X1.781 Y-4.402 E0.03019
G1 X0.911 Y-4.756 E0.02929
G1 X0.117 Y-4.896 E0.02514
G1 X-.329 Y-4.909 E0.01391
G1 X-1.195 Y-4.814 E0.02717
G1 X-2.095 Y-4.501 E0.02971
G1 X-2.908 Y-3.989 E0.02996
G1 X-3.577 Y-3.319 E0.02952
G1 X-4.09 Y-2.504 E0.03003
G1 X-4.42 Y-1.524 E0.03224
G1 X-4.505 Y-.564 E0.03005
G1 X-4.372 Y0.399 E0.03031
G1 X-3.996 Y1.356 E0.03206
G1 X-3.431 Y2.16 E0.03064
G1 X-2.658 Y2.84 E0.0321
G1 X-2.181 Y3.094 E0.01685
G1 X-5.013 Y3.094 E0.08831
M566 X1800 Y1800
G0 F7200 X-2.002 Y-12.788
M566 X1200 Y1200
G1 F3000 X-1.004 Y-12.479 E0.03258
G1 X-0.039 Y-12.418 E0.03015
G1 X0.912 Y-12.575 E0.03005
G1 X1.862 Y-12.973 E0.03212
G1 X2.643 Y-13.553 E0.03033
G1 X3.269 Y-14.281 E0.02994
G1 X3.743 Y-15.207 E0.03244
G1 X3.981 Y-16.243 E0.03315
G1 X3.955 Y-17.299 E0.03294
G1 X3.668 Y-18.318 E0.03301
G1 X3.141 Y-19.233 E0.03292
G1 X2.418 Y-19.979 E0.03239
G1 X1.66 Y-20.465 E0.02808
G1 X0.705 Y-20.81 E0.03166
G1 X-.238 Y-20.917 E0.02959
G1 X-1.099 Y-20.832 E0.02698
G1 X-1.914 Y-20.579 E0.02661
G1 X-2.747 Y-20.113 E0.02976
G1 X-3.514 Y-19.4 E0.03265
G1 X-4.074 Y-18.534 E0.03216
G1 X-4.372 Y-17.713 E0.02723
G1 X-4.502 Y-16.849 E0.02724
G1 X-4.424 Y-15.822 E0.03212
G1 X-4.09 Y-14.83 E0.03264
G1 X-3.577 Y-14.018 E0.02995
G1 X-2.897 Y-13.333 E0.0301
G1 X-2.002 Y-12.788 E0.03267
M566 X1800 Y1800
G0 F7200 X-4.787 Y2.283
M566 X1200 Y1200
G1 F3000 X-4.202 Y2.868 E0.0258
M566 X1800 Y1800
G0 F7200 X-3.495 Y2.868
M566 X1200 Y1200
G1 F3000 X-4.787 Y1.576 E0.05697
M566 X1800 Y1800
G0 F7200 X-4.196 Y1.46
M566 X1200 Y1200
G1 F3000 X-4.787 Y0.869 E0.02606
M566 X1800 Y1800
G0 F7200 X-4.605 Y0.344
M566 X1200 Y1200
G1 F3000 X-4.787 Y0.161 E0.00805
M566 X1800 Y1800
G0 F7200 X-4.678 Y-1.143
M566 X1200 Y1200
G1 F3000 X-4.787 Y-1.252 E0.00481
M566 X1800 Y1800
G0 F7200 X-4.579 Y-1.75
M566 X1200 Y1200
G1 F3000 X-4.787 Y-1.959 E0.00919
M566 X1800 Y1800
G0 F7200 X-4.401 Y-2.279
M566 X1200 Y1200
G1 F3000 X-4.787 Y-2.666 E0.01704
M566 X1800 Y1800
G0 F7200 X-4.186 Y-2.771
M566 X1200 Y1200
G1 F3000 X-4.787 Y-3.373 E0.02652
M566 X1800 Y1800
G0 F7200 X-4.787 Y-4.08
M566 X1200 Y1200
G1 F3000 X-3.913 Y-3.206 E0.03854
M566 X1800 Y1800
G0 F7200 X-3.606 Y-3.606
M566 X1200 Y1200
G1 F3000 X-4.787 Y-4.787 E0.05208
M566 X1800 Y1800
G0 F7200 X-4.787 Y-5.494
M566 X1200 Y1200
G1 F3000 X-3.253 Y-3.96 E0.06764
M566 X1800 Y1800
G0 F7200 X-2.866 Y-4.28
M566 X1200 Y1200
G1 F3000 X-4.787 Y-6.202 E0.08473
M566 X1800 Y1800
G0 F7200 X-4.787 Y-6.909
M566 X1200 Y1200
G1 F3000 X-2.433 Y-4.554 E0.10383
M566 X1800 Y1800
G0 F7200 X-1.957 Y-4.786
M566 X1200 Y1200
G1 F3000 X-4.787 Y-7.616 E0.12479
M566 X1800 Y1800
G0 F7200 X-4.787 Y-8.323
M566 X1200 Y1200
G1 F3000 X-1.432 Y-4.968 E0.14795
M566 X1800 Y1800
G0 F7200 X-.835 Y-5.078
M566 X1200 Y1200
G1 F3000 X-4.787 Y-9.03 E0.17427
M566 X1800 Y1800
G0 F7200 X-4.787 Y-9.737
M566 X1200 Y1200
G1 F3000 X-.178 Y-5.128 E0.20324
M566 X1800 Y1800
G0 F7200 X0.622 Y-5.034
M566 X1200 Y1200
G1 F3000 X-4.787 Y-10.444 E0.23854
M566 X1800 Y1800
G0 F7200 X-4.787 Y-11.151
M566 X1200 Y1200
G1 F3000 X1.675 Y-4.688 E0.28498
G1 X1.763 Y-4.6
M566 X1800 Y1800
G0 F7200 X3.742 Y-2.621
M566 X1200 Y1200
G1 F3000 X4.781 Y-1.582 E0.04582
M566 X1800 Y1800
G0 F7200 X4.115 Y-1.541
M566 X1200 Y1200
G1 F3000 X4.781 Y-.875 E0.02937
M566 X1800 Y1800
G0 F7200 X4.196 Y-.753
M566 X1200 Y1200
G1 F3000 X4.781 Y-.168 E0.0258
M566 X1800 Y1800
G0 F7200 X4.171 Y-0.071
M566 X1200 Y1200
G1 F3000 X4.781 Y0.538 E0.02688
M566 X1800 Y1800
G0 F7200 X4.781 Y1.245
M566 X1200 Y1200
G1 F3000 X4.039 Y0.504 E0.0327
M566 X1800 Y1800
G0 F7200 X3.867 Y1.039
M566 X1200 Y1200
G1 F3000 X4.781 Y1.953 E0.0403
M566 X1800 Y1800
G0 F7200 X4.781 Y2.66
M566 X1200 Y1200
G1 F3000 X3.633 Y1.511 E0.05065
M566 X1800 Y1800
G0 F7200 X3.359 Y1.945
M566 X1200 Y1200
G1 F3000 X4.282 Y2.868 E0.0407
M566 X1800 Y1800
G0 F7200 X3.575 Y2.868
M566 X1200 Y1200
G1 F3000 X3.037 Y2.33 E0.02372
M566 X1800 Y1800
G0 F7200 X2.691 Y2.691
M566 X1200 Y1200
G1 F3000 X2.868 Y2.868 E0.00781
M566 X1800 Y1800
G0 F7200 X4.781 Y-2.289
M566 X1200 Y1200
G1 F3000 X-4.787 Y-11.858 E0.42194
M566 X1800 Y1800
G0 F7200 X-4.787 Y-12.565
M566 X1200 Y1200
G1 F3000 X4.781 Y-2.996 E0.42194
M566 X1800 Y1800
G0 F7200 X4.781 Y-3.703
M566 X1200 Y1200
G1 F3000 X-4.787 Y-13.273 E0.42197
M566 X1800 Y1800
G0 F7200 X-4.787 Y-13.98
M566 X1200 Y1200
G1 F3000 X4.781 Y-4.41 E0.42197
M566 X1800 Y1800
G0 F7200 X4.781 Y-5.118
M566 X1200 Y1200
G1 F3000 X-4.788 Y-14.688 E0.42199
M566 X1800 Y1800
G0 F7200 X-4.378 Y-14.985
M566 X1200 Y1200
G1 F3000 X-4.788 Y-15.395 E0.01808
M566 X1800 Y1800
G0 F7200 X-4.66 Y-15.974
M566 X1200 Y1200
G1 F3000 X-4.788 Y-16.102 E0.00564
M566 X1800 Y1800
G0 F7200 X-4.649 Y-17.377
M566 X1200 Y1200
G1 F3000 X-4.788 Y-17.516 E0.00613
M566 X1800 Y1800
G0 F7200 X-4.522 Y-17.957
M566 X1200 Y1200
G1 F3000 X-4.788 Y-18.223 E0.01173
M566 X1800 Y1800
G0 F7200 X-4.333 Y-18.475
M566 X1200 Y1200
G1 F3000 X-4.788 Y-18.93 E0.02006
M566 X1800 Y1800
G0 F7200 X-4.082 Y-18.932
M566 X1200 Y1200
G1 F3000 X-4.788 Y-19.637 E0.03111
M566 X1800 Y1800
G0 F7200 X-4.788 Y-20.344
M566 X1200 Y1200
G1 F3000 X-3.804 Y-19.361 E0.04337
M566 X1800 Y1800
G0 F7200 X-3.477 Y-19.741
M566 X1200 Y1200
G1 F3000 X-4.788 Y-21.051 E0.05779
M566 X1800 Y1800
G0 F7200 X-4.788 Y-21.759
M566 X1200 Y1200
G1 F3000 X-3.111 Y-20.081 E0.07397
M566 X1800 Y1800
G0 F7200 X-2.712 Y-20.39
M566 X1200 Y1200
G1 F3000 X-4.788 Y-22.466 E0.09155
M566 X1800 Y1800
G0 F7200 X-4.788 Y-23.173
M566 X1200 Y1200
G1 F3000 X-2.258 Y-20.643 E0.11157
M566 X1800 Y1800
G0 F7200 X-1.767 Y-20.859
M566 X1200 Y1200
G1 F3000 X-4.788 Y-23.88 E0.13322
M566 X1800 Y1800
G0 F7200 X-4.788 Y-24.587
M566 X1200 Y1200
G1 F3000 X-1.227 Y-21.026 E0.15703
M566 X1800 Y1800
G0 F7200 X-.6 Y-21.106
M566 X1200 Y1200
G1 F3000 X-4.788 Y-25.294 E0.18468
M566 X1800 Y1800
G0 F7200 X-4.788 Y-26.001
M566 X1200 Y1200
G1 F3000 X0.11 Y-21.102 E0.21601
M566 X1800 Y1800
G0 F7200 X0.966 Y-20.953
M566 X1200 Y1200
G1 F3000 X-4.788 Y-26.708 E0.25376
M566 X1800 Y1800
G0 F7200 X-4.788 Y-27.415
M566 X1200 Y1200
G1 F3000 X2.315 Y-20.311 E0.31324
G1 X2.403 Y-20.223
M566 X1800 Y1800
G0 F7200 X3.406 Y-19.22
M566 X1200 Y1200
G1 F3000 X4.781 Y-17.845 E0.06063
M566 X1800 Y1800
G0 F7200 X4.781 Y-17.138
M566 X1200 Y1200
G1 F3000 X4.018 Y-17.901 E0.03365
M566 X1800 Y1800
G0 F7200 X4.186 Y-17.027
M566 X1200 Y1200
G1 F3000 X4.781 Y-16.431 E0.02626
M566 X1800 Y1800
G0 F7200 X4.205 Y-16.3
M566 X1200 Y1200
G1 F3000 X4.781 Y-15.724 E0.0254
M566 X1800 Y1800
G0 F7200 X4.089 Y-15.709
M566 X1200 Y1200
G1 F3000 X4.781 Y-15.017 E0.03052
M566 X1800 Y1800
G0 F7200 X4.781 Y-14.31
M566 X1200 Y1200
G1 F3000 X3.956 Y-15.134 E0.03636
M566 X1800 Y1800
G0 F7200 X3.719 Y-14.665
M566 X1200 Y1200
G1 F3000 X4.781 Y-13.603 E0.04683
M566 X1800 Y1800
G0 F7200 X4.781 Y-12.896
M566 X1200 Y1200
G1 F3000 X3.479 Y-14.197 E0.05739
M566 X1800 Y1800
G0 F7200 X3.16 Y-13.809
M566 X1200 Y1200
G1 F3000 X4.781 Y-12.189 E0.07146
M566 X1800 Y1800
G0 F7200 X4.781 Y-11.481
M566 X1200 Y1200
G1 F3000 X2.833 Y-13.43 E0.08592
M566 X1800 Y1800
G0 F7200 X2.437 Y-13.118
M566 X1200 Y1200
G1 F3000 X4.781 Y-10.774 E0.10336
M566 X1800 Y1800
G0 F7200 X4.781 Y-10.067
M566 X1200 Y1200
G1 F3000 X2.032 Y-12.817 E0.12125
M566 X1800 Y1800
G0 F7200 X1.546 Y-12.595
M566 X1200 Y1200
G1 F3000 X4.781 Y-9.36 E0.14265
M566 X1800 Y1800
G0 F7200 X4.781 Y-8.653
M566 X1200 Y1200
G1 F3000 X1.047 Y-12.387 E0.16466
M566 X1800 Y1800
G0 F7200 X0.456 Y-12.271
M566 X1200 Y1200
G1 F3000 X4.781 Y-7.946 E0.19072
M566 X1800 Y1800
G0 F7200 X4.781 Y-7.239
M566 X1200 Y1200
G1 F3000 X-.179 Y-12.2 E0.21874
M566 X1800 Y1800
G0 F7200 X-.934 Y-12.248
M566 X1200 Y1200
G1 F3000 X4.781 Y-6.532 E0.25204
M566 X1800 Y1800
G0 F7200 X4.781 Y-5.825
M566 X1200 Y1200
G1 F3000 X-1.918 Y-12.524 E0.29541
G1 X-2.006 Y-12.612
M566 X1800 Y1800
G0 F7200 X1.138 Y-14.244
G0 X4.781 Y-18.553
M566 X1200 Y1200
G1 F3000 X-4.788 Y-28.123 E0.42199
M566 X1800 Y1800
G0 F7200 X-4.788 Y-28.83
M566 X1200 Y1200
G1 F3000 X4.781 Y-19.26 E0.42199
M566 X1800 Y1800
G0 F7200 X4.781 Y-19.967
M566 X1200 Y1200
G1 F3000 X-4.788 Y-29.537 E0.42199
M566 X1800 Y1800
G0 F7200 X-4.788 Y-30.244
M566 X1200 Y1200
G1 F3000 X4.781 Y-20.674 E0.42199
M566 X1800 Y1800
G0 F7200 X4.781 Y-21.381
M566 X1200 Y1200
G1 F3000 X-4.788 Y-30.951 E0.42199
M566 X1800 Y1800
G0 F7200 X-4.788 Y-31.658
M566 X1200 Y1200
G1 F3000 X4.781 Y-22.088 E0.42199
M566 X1800 Y1800
G0 F7200 X4.781 Y-22.795
M566 X1200 Y1200
G1 F3000 X-4.623 Y-32.2 E0.41471
M566 X1800 Y1800
G0 F7200 X-3.915 Y-32.2
M566 X1200 Y1200
G1 F3000 X4.781 Y-23.502 E0.38351
M566 X1800 Y1800
G0 F7200 X4.781 Y-24.209
M566 X1200 Y1200
G1 F3000 X-3.208 Y-32.2 E0.35234
M566 X1800 Y1800
G0 F7200 X-2.501 Y-32.2
M566 X1200 Y1200
G1 F3000 X4.781 Y-24.917 E0.32114
M566 X1800 Y1800
G0 F7200 X4.781 Y-25.624
M566 X1200 Y1200
G1 F3000 X-1.794 Y-32.2 E0.28996
M566 X1800 Y1800
G0 F7200 X-1.087 Y-32.2
M566 X1200 Y1200
G1 F3000 X4.781 Y-26.331 E0.25878
M566 X1800 Y1800
G0 F7200 X4.781 Y-27.038
M566 X1200 Y1200
G1 F3000 X-.38 Y-32.2 E0.22761
M566 X1800 Y1800
G0 F7200 X0.326 Y-32.2
M566 X1200 Y1200
G1 F3000 X4.781 Y-27.745 E0.19645
M566 X1800 Y1800
G0 F7200 X4.781 Y-28.452
M566 X1200 Y1200
G1 F3000 X1.033 Y-32.2 E0.16528
M566 X1800 Y1800
G0 F7200 X1.74 Y-32.2
M566 X1200 Y1200
G1 F3000 X4.781 Y-29.159 E0.1341
M566 X1800 Y1800
G0 F7200 X4.781 Y-29.866
M566 X1200 Y1200
G1 F3000 X2.448 Y-32.2 E0.1029
M566 X1800 Y1800
G0 F7200 X3.155 Y-32.2
M566 X1200 Y1200
G1 F3000 X4.781 Y-30.573 E0.07172
M566 X1800 Y1800
G0 F7200 X4.781 Y-31.28
M566 X1200 Y1200
G1 F3000 X3.862 Y-32.2 E0.04055
M566 X1800 Y1800
G0 F7200 X4.569 Y-32.2
M566 X1200 Y1200
G1 F3000 X4.781 Y-31.988 E0.00935
M566 X1800 Y1800
;MESH:NONMESH
G0 F600 X4.781 Y-31.988 Z1.75
G0 F7200 X2.526 Y-.388
G0 X1.289 Y2.764
;TIME_ELAPSED:269.996131
;LAYER:9
M106 S208.6 P1
M566 X1200 Y1200
;TYPE:WALL-INNER
;MESH:Roborama2026-Lasermount.3mf
G1 F6000 X2.021 Y2.327 E0.02658
G1 X2.635 Y1.742 E0.02644
G1 X3.127 Y0.982 E0.02823
G1 X3.395 Y0.241 E0.02457
G1 X3.509 Y-.656 E0.02819
G1 X3.409 Y-1.521 E0.02715
G1 X3.09 Y-2.391 E0.02889
G1 X2.563 Y-3.159 E0.02904
G1 X1.859 Y-3.779 E0.02925
G1 X1.037 Y-4.198 E0.02877
G1 X0.243 Y-4.39 E0.02547
G1 X-.375 Y-4.422 E0.0193
G1 X-1.206 Y-4.307 E0.02616
G1 X-2.126 Y-3.931 E0.03099
G1 X-2.879 Y-3.361 E0.02945
G1 X-3.461 Y-2.631 E0.02911
G1 X-3.82 Y-1.852 E0.02675
G1 X-4.001 Y-.975 E0.02792
G1 X-3.972 Y-.1 E0.0273
G1 X-3.725 Y0.776 E0.02838
G1 X-3.347 Y1.47 E0.02464
G1 X-2.746 Y2.149 E0.02827
G1 X-2.042 Y2.638 E0.02673
G1 X-1.269 Y2.954 E0.02604
G1 X-.431 Y3.09 E0.02647
G1 X0.412 Y3.034 E0.02634
G1 X1.289 Y2.764 E0.02861
M566 X1800 Y1800
G0 F7200 X-.431 Y3.584
M566 X1200 Y1200
G1 F6000 X-5.503 Y3.584 E0.15815
G1 X-5.503 Y-32.916 E1.13812
G1 X5.497 Y-32.916 E0.343
G1 X5.497 Y3.584 E1.13812
G1 X-.431 Y3.584 E0.18484
M566 X1800 Y1800
G0 F7200 X-2.555 Y0.914
G0 X-3.015 Y-.248
G0 X-.522 Y-12.916
M566 X1200 Y1200
G1 F6000 X0.403 Y-12.963 E0.02888
G1 X1.289 Y-13.236 E0.02891
G1 X2.015 Y-13.67 E0.02637
G1 X2.591 Y-14.209 E0.0246
G1 X3.132 Y-15.022 E0.03045
G1 X3.434 Y-15.918 E0.02948
G1 X3.503 Y-16.857 E0.02936
G1 X3.339 Y-17.779 E0.0292
G1 X2.96 Y-18.62 E0.02876
G1 X2.441 Y-19.286 E0.02633
G1 X1.773 Y-19.836 E0.02698
G1 X0.888 Y-20.249 E0.03045
G1 X0.098 Y-20.401 E0.02509
G1 X-.234 Y-20.419 E0.01037
G1 X-1.087 Y-20.333 E0.02673
G1 X-1.965 Y-20.016 E0.02911
G1 X-2.734 Y-19.494 E0.02898
G1 X-3.309 Y-18.856 E0.02678
G1 X-3.722 Y-18.117 E0.0264
G1 X-3.969 Y-17.238 E0.02847
G1 X-4.003 Y-16.406 E0.02596
G1 X-3.87 Y-15.637 E0.02433
G1 X-3.507 Y-14.779 E0.02905
G1 X-2.94 Y-14.033 E0.02922
G1 X-2.206 Y-13.451 E0.02921
G1 X-1.368 Y-13.076 E0.02863
G1 X-.522 Y-12.916 E0.02685
M566 X1800 Y1800
G0 F7200 X-.488 Y-13.418
M566 X1200 Y1200
G1 F6000 X0.315 Y-13.459 E0.02507
G1 X1.084 Y-13.696 E0.02509
G1 X1.713 Y-14.072 E0.02285
G1 X2.207 Y-14.534 E0.02109
G1 X2.679 Y-15.244 E0.02658
G1 X2.94 Y-16.018 E0.02547
G1 X3 Y-16.831 E0.02542
G1 X2.858 Y-17.63 E0.0253
G1 X2.529 Y-18.36 E0.02497
G1 X2.081 Y-18.935 E0.02273
G1 X1.504 Y-19.41 E0.0233
G1 X0.733 Y-19.77 E0.02653
G1 X0.037 Y-19.904 E0.0221
G1 X-.222 Y-19.918 E0.00809
G1 X-.975 Y-19.842 E0.0236
G1 X-1.736 Y-19.567 E0.02523
G1 X-2.403 Y-19.114 E0.02514
G1 X-2.9 Y-18.563 E0.02314
G1 X-3.257 Y-17.925 E0.0228
G1 X-3.472 Y-17.159 E0.02481
G1 X-3.501 Y-16.439 E0.02247
G1 X-3.387 Y-15.779 E0.02088
G1 X-3.071 Y-15.032 E0.02529
G1 X-2.58 Y-14.386 E0.0253
G1 X-1.944 Y-13.882 E0.0253
G1 X-1.217 Y-13.556 E0.02484
G1 X-.488 Y-13.418 E0.02313
M566 X1800 Y1800
G0 F7200 X-.353 Y-3.92
M566 X1200 Y1200
G1 F6000 X-1.075 Y-3.82 E0.02273
G1 X-1.876 Y-3.493 E0.02698
G1 X-2.527 Y-3 E0.02546
G1 X-3.032 Y-2.367 E0.02525
G1 X-3.342 Y-1.695 E0.02308
G1 X-3.499 Y-.932 E0.02429
G1 X-3.474 Y-.177 E0.02355
G1 X-3.259 Y0.586 E0.02472
G1 X-2.935 Y1.181 E0.02113
G1 X-2.411 Y1.773 E0.02465
G1 X-1.802 Y2.196 E0.02312
G1 X-1.133 Y2.47 E0.02254
G1 X-.407 Y2.587 E0.02293
G1 X0.321 Y2.539 E0.02275
G1 X1.084 Y2.304 E0.02489
G1 X1.717 Y1.926 E0.02299
G1 X2.247 Y1.421 E0.02283
G1 X2.676 Y0.758 E0.02462
G1 X2.906 Y0.123 E0.02106
G1 X3.005 Y-.659 E0.02458
G1 X2.919 Y-1.405 E0.02342
G1 X2.642 Y-2.16 E0.02508
G1 X2.186 Y-2.825 E0.02514
G1 X1.576 Y-3.362 E0.02534
G1 X0.862 Y-3.726 E0.02499
G1 X0.171 Y-3.893 E0.02217
G1 X-.353 Y-3.92 E0.01636
M566 X1800 Y1800
G0 F7200 X-2.202 Y-2.667
G0 X-6.003 Y4.084
M566 X1200 Y1200
G1 F6000 X-6.003 Y-33.416 E1.1693
G1 X5.997 Y-33.416 E0.37418
G1 X5.997 Y4.084 E1.1693
G1 X-6.003 Y4.084 E0.37418
M566 X1800 Y1800
G0 F7200 X-6.503 Y4.584
M566 X1200 Y1200
G1 F6000 X-6.503 Y-33.916 E1.20048
G1 X6.497 Y-33.916 E0.40536
G1 X6.497 Y4.584 E1.20048
G1 X-6.503 Y4.584 E0.40536
M566 X1800 Y1800
G0 F7200 X-6.433 Y4.514
G0 X-2.604 Y0.949
G0 X-2.523 Y0.892
M566 X1200 Y1200
G1 F6000 X-2.076 Y1.397 E0.02103
G1 X-1.562 Y1.754 E0.01951
G1 X-.997 Y1.985 E0.01903
G1 X-.383 Y2.084 E0.01939
G1 X0.23 Y2.044 E0.01915
G1 X0.879 Y1.844 E0.02118
G1 X1.413 Y1.525 E0.0194
G1 X1.859 Y1.1 E0.01921
G1 X2.225 Y0.534 E0.02102
G1 X2.417 Y0.005 E0.01755
G1 X2.501 Y-.662 E0.02096
G1 X2.429 Y-1.289 E0.01968
G1 X2.194 Y-1.929 E0.02126
G1 X1.809 Y-2.491 E0.02124
G1 X1.293 Y-2.945 E0.02143
G1 X0.687 Y-3.254 E0.02121
G1 X0.099 Y-3.396 E0.01886
G1 X-.331 Y-3.418 E0.01343
G1 X-.944 Y-3.333 E0.0193
G1 X-1.626 Y-3.055 E0.02296
G1 X-2.175 Y-2.639 E0.02148
G1 X-2.603 Y-2.102 E0.02141
G1 X-2.864 Y-1.538 E0.01938
G1 X-2.997 Y-.889 E0.02066
G1 X-2.976 Y-.254 E0.01981
G1 X-2.793 Y0.396 E0.02106
G1 X-2.523 Y0.892 E0.01761
M566 X1800 Y1800
G0 F7200 X-2.604 Y0.949
G0 X-3.015 Y-.248
G0 X-1.096 Y-13.941
G0 X-1.066 Y-14.036
M566 X1200 Y1200
G1 F6000 X-.454 Y-13.92 E0.01942
G1 X0.227 Y-13.955 E0.02126
G1 X0.879 Y-14.156 E0.02127
G1 X1.411 Y-14.474 E0.01933
G1 X1.823 Y-14.859 E0.01758
G1 X2.226 Y-15.466 E0.02272
G1 X2.446 Y-16.118 E0.02146
G1 X2.497 Y-16.805 E0.02148
G1 X2.377 Y-17.481 E0.02141
G1 X2.098 Y-18.1 E0.02117
G1 X1.721 Y-18.584 E0.01913
G1 X1.235 Y-18.984 E0.01963
G1 X0.578 Y-19.291 E0.02261
G1 X-0.024 Y-19.407 E0.01912
G1 X-.21 Y-19.417 E0.00581
G1 X-.863 Y-19.351 E0.02047
G1 X-1.507 Y-19.118 E0.02135
G1 X-2.072 Y-18.734 E0.0213
G1 X-2.491 Y-18.27 E0.01949
G1 X-2.792 Y-17.733 E0.0192
G1 X-2.975 Y-17.081 E0.02112
G1 X-2.999 Y-16.472 E0.019
G1 X-2.904 Y-15.921 E0.01743
G1 X-2.635 Y-15.285 E0.02153
G1 X-2.22 Y-14.739 E0.02138
G1 X-1.682 Y-14.313 E0.0214
G1 X-1.066 Y-14.036 E0.02106
M566 X1800 Y1800
G0 F7200 X-.915 Y-14.516
M566 X1200 Y1200
;TYPE:WALL-OUTER
G1 F3000 X-.42 Y-14.422 E0.01571
G1 X0.139 Y-14.451 E0.01745
G1 X0.674 Y-14.616 E0.01746
G1 X1.109 Y-14.876 E0.0158
G1 X1.439 Y-15.184 E0.01408
G1 X1.773 Y-15.688 E0.01885
G1 X1.952 Y-16.218 E0.01744
G1 X1.994 Y-16.78 E0.01757
G1 X1.896 Y-17.332 E0.01748
G1 X1.667 Y-17.84 E0.01738
G1 X1.361 Y-18.233 E0.01553
G1 X0.966 Y-18.558 E0.01595
G1 X0.422 Y-18.812 E0.01872
G1 X-0.085 Y-18.91 E0.0161
G1 X-.198 Y-18.916 E0.00353
G1 X-.751 Y-18.86 E0.01733
G1 X-1.278 Y-18.669 E0.01748
G1 X-1.741 Y-18.354 E0.01746
G1 X-2.082 Y-17.976 E0.01587
G1 X-2.327 Y-17.54 E0.01559
G1 X-2.478 Y-17.003 E0.01739
G1 X-2.497 Y-16.505 E0.01554
G1 X-2.421 Y-16.063 E0.01398
G1 X-2.199 Y-15.538 E0.01777
G1 X-1.86 Y-15.092 E0.01747
G1 X-1.42 Y-14.743 E0.01751
G1 X-.915 Y-14.516 E0.01726
M566 X1800 Y1800
G0 F7200 X-.669 Y-14.47
G0 X-.781 Y-13.881
G0 X-.278 Y-3.515
G0 X-.309 Y-2.916
M566 X1200 Y1200
G1 F3000 X-.813 Y-2.846 E0.01587
G1 X-1.376 Y-2.617 E0.01895
G1 X-1.823 Y-2.278 E0.01749
G1 X-2.175 Y-1.837 E0.01759
G1 X-2.386 Y-1.381 E0.01567
G1 X-2.495 Y-.847 E0.01699
G1 X-2.478 Y-.331 E0.0161
G1 X-2.327 Y0.206 E0.01739
G1 X-2.111 Y0.603 E0.01409
G1 X-1.741 Y1.021 E0.01741
G1 X-1.322 Y1.312 E0.01591
G1 X-.861 Y1.5 E0.01552
G1 X-.359 Y1.581 E0.01586
G1 X0.139 Y1.549 E0.01556
G1 X0.674 Y1.384 E0.01746
G1 X1.109 Y1.124 E0.0158
G1 X1.471 Y0.779 E0.01559
G1 X1.774 Y0.31 E0.01741
G1 X1.928 Y-.113 E0.01404
G1 X1.997 Y-.665 E0.01735
G1 X1.939 Y-1.173 E0.01594
G1 X1.746 Y-1.698 E0.01744
G1 X1.432 Y-2.157 E0.01734
G1 X1.01 Y-2.528 E0.01752
G1 X0.512 Y-2.782 E0.01743
G1 X0.027 Y-2.899 E0.01556
G1 X-.309 Y-2.916 E0.01049
M566 X1800 Y1800
G0 F7200 X-.557 Y-2.882
G0 X-.638 Y-3.477
G0 X-1.645 Y-3.089
G0 X-2.202 Y-2.667
G0 X-6.433 Y4.514
G0 X-7.003 Y5.084
M566 X1200 Y1200
G1 F3000 X-7.003 Y-34.416 E1.23166
G1 X6.997 Y-34.416 E0.43654
G1 X6.997 Y5.084 E1.23166
G1 X-7.003 Y5.084 E0.43654
M566 X1800 Y1800
G0 F7200 X-7.003 Y4.834
G0 X-6.433 Y4.514
G0 X-5.013 Y3.094
M566 X1200 Y1200
;TYPE:SKIN
G1 F3000 X-5.013 Y-32.426 E1.10756
G1 X5.007 Y-32.426 E0.31244
G1 X5.007 Y3.094 E1.10756
G1 X1.691 Y3.094 E0.1034
G1 X2.319 Y2.719 E0.02281
G1 X3.015 Y2.057 E0.02995
G1 X3.568 Y1.201 E0.03178
G1 X3.875 Y0.357 E0.028
G1 X4.003 Y-.654 E0.03178
G1 X3.889 Y-1.635 E0.03079
G1 X3.529 Y-2.618 E0.03264
G1 X2.933 Y-3.486 E0.03283
G1 X2.137 Y-4.187 E0.03307
G1 X1.208 Y-4.661 E0.03252
G1 X0.314 Y-4.877 E0.02868
G1 X-.396 Y-4.914 E0.02217
G1 X-1.334 Y-4.784 E0.02953
G1 X-2.371 Y-4.36 E0.03493
G1 X-3.224 Y-3.714 E0.03336
G1 X-3.881 Y-2.89 E0.03286
G1 X-4.288 Y-2.007 E0.03032
G1 X-4.493 Y-1.017 E0.03152
G1 X-4.46 Y-0.024 E0.03098
G1 X-4.182 Y0.962 E0.03194
G1 X-3.751 Y1.753 E0.02809
G1 X-3.074 Y2.518 E0.03185
G1 X-2.277 Y3.071 E0.03025
G1 X-2.221 Y3.094 E0.00189
G1 X-5.013 Y3.094 E0.08706
M566 X1800 Y1800
G0 F7200 X-1.515 Y-12.605
M566 X1200 Y1200
G1 F3000 X-.555 Y-12.424 E0.03046
G1 X0.489 Y-12.477 E0.0326
G1 X1.489 Y-12.785 E0.03263
G1 X2.311 Y-13.276 E0.02986
G1 X2.967 Y-13.89 E0.02802
G1 X3.575 Y-14.804 E0.03423
G1 X3.918 Y-15.82 E0.03344
G1 X3.997 Y-16.882 E0.03321
G1 X3.811 Y-17.924 E0.033
G1 X3.383 Y-18.875 E0.03252
G1 X2.794 Y-19.629 E0.02983
G1 X2.036 Y-20.254 E0.03063
G1 X1.041 Y-20.719 E0.03425
G1 X0.158 Y-20.889 E0.02804
G1 X-.246 Y-20.911 E0.01262
G1 X-1.197 Y-20.815 E0.0298
G1 X-2.189 Y-20.455 E0.03291
G1 X-3.058 Y-19.866 E0.03273
G1 X-3.71 Y-19.143 E0.03036
G1 X-4.178 Y-18.305 E0.02993
G1 X-4.457 Y-17.315 E0.03207
G1 X-4.495 Y-16.374 E0.02937
G1 X-4.343 Y-15.498 E0.02772
G1 X-3.934 Y-14.532 E0.03271
G1 X-3.293 Y-13.688 E0.03305
G1 X-2.463 Y-13.029 E0.03305
G1 X-1.515 Y-12.605 E0.03238
M566 X1800 Y1800
G0 F7200 X4.781 Y2.289
M566 X1200 Y1200
G1 F3000 X4.201 Y2.869 E0.02558
M566 X1800 Y1800
G0 F7200 X3.495 Y2.868
M566 X1200 Y1200
G1 F3000 X4.781 Y1.582 E0.05671
M566 X1800 Y1800
G0 F7200 X4.781 Y0.875
M566 X1200 Y1200
G1 F3000 X2.788 Y2.868 E0.08789
G1 X2.7 Y2.956
M566 X1800 Y1800
G0 F7200 X3.84 Y1.109
M566 X1200 Y1200
G1 F3000 X4.781 Y0.168 E0.0415
M566 X1800 Y1800
G0 F7200 X4.133 Y0.109
M566 X1200 Y1200
G1 F3000 X4.781 Y-.538 E0.02855
M566 X1800 Y1800
G0 F7200 X4.224 Y-.689
M566 X1200 Y1200
G1 F3000 X4.781 Y-1.245 E0.02454
M566 X1800 Y1800
G0 F7200 X4.151 Y-1.322
M566 X1200 Y1200
G1 F3000 X4.781 Y-1.953 E0.0278
M566 X1800 Y1800
G0 F7200 X4.781 Y-2.66
M566 X1200 Y1200
G1 F3000 X4.029 Y-1.907 E0.03318
M566 X1800 Y1800
G0 F7200 X3.839 Y-2.425
M566 X1200 Y1200
G1 F3000 X4.781 Y-3.367 E0.04154
M566 X1800 Y1800
G0 F7200 X4.781 Y-4.074
M566 X1200 Y1200
G1 F3000 X3.608 Y-2.901 E0.05173
M566 X1800 Y1800
G0 F7200 X3.32 Y-3.32
M566 X1200 Y1200
G1 F3000 X4.781 Y-4.781 E0.06443
M566 X1800 Y1800
G0 F7200 X4.781 Y-5.488
M566 X1200 Y1200
G1 F3000 X3.009 Y-3.716 E0.07814
M566 X1800 Y1800
G0 F7200 X2.633 Y-4.047
M566 X1200 Y1200
G1 F3000 X4.781 Y-6.195 E0.09472
M566 X1800 Y1800
G0 F7200 X4.781 Y-6.902
M566 X1200 Y1200
G1 F3000 X2.256 Y-4.377 E0.11135
M566 X1800 Y1800
G0 F7200 X1.787 Y-4.615
M566 X1200 Y1200
G1 F3000 X4.781 Y-7.609 E0.13203
M566 X1800 Y1800
G0 F7200 X4.781 Y-8.316
M566 X1200 Y1200
G1 F3000 X1.319 Y-4.854 E0.15266
M566 X1800 Y1800
G0 F7200 X0.757 Y-4.999
M566 X1200 Y1200
G1 F3000 X4.781 Y-9.024 E0.17747
M566 X1800 Y1800
G0 F7200 X4.781 Y-9.731
M566 X1200 Y1200
G1 F3000 X0.159 Y-5.109 E0.20382
M566 X1800 Y1800
G0 F7200 X-.535 Y-5.12
M566 X1200 Y1200
G1 F3000 X4.781 Y-10.438 E0.23446
M566 X1800 Y1800
G0 F7200 X4.781 Y-11.145
M566 X1200 Y1200
G1 F3000 X-1.357 Y-5.006 E0.27069
G1 X-1.445 Y-4.918
M566 X1800 Y1800
G0 F7200 X-2.611 Y-4.459
M566 X1200 Y1200
G1 F3000 X4.781 Y-11.852 E0.32599
M566 X1800 Y1800
G0 F7200 X4.781 Y-12.559
M566 X1200 Y1200
G1 F3000 X-4.787 Y-2.991 E0.42192
M566 X1800 Y1800
G0 F7200 X-4.082 Y-2.988
M566 X1200 Y1200
G1 F3000 X-4.787 Y-2.283 E0.03109
M566 X1800 Y1800
G0 F7200 X-4.559 Y-1.804
M566 X1200 Y1200
G1 F3000 X-4.787 Y-1.576 E0.01005
M566 X1800 Y1800
G0 F7200 X-4.715 Y-.941
M566 X1200 Y1200
G1 F3000 X-4.787 Y-.869 E0.00317
M566 X1800 Y1800
G0 F7200 X-4.692 Y-.257
M566 X1200 Y1200
G1 F3000 X-4.787 Y-.162 E0.00419
M566 X1800 Y1800
G0 F7200 X-4.589 Y0.346
M566 X1200 Y1200
G1 F3000 X-4.787 Y0.544 E0.00873
M566 X1800 Y1800
G0 F7200 X-4.433 Y0.898
M566 X1200 Y1200
G1 F3000 X-4.787 Y1.251 E0.01559
M566 X1800 Y1800
G0 F7200 X-4.209 Y1.38
M566 X1200 Y1200
G1 F3000 X-4.787 Y1.958 E0.02549
M566 X1800 Y1800
G0 F7200 X-4.787 Y2.665
M566 X1200 Y1200
G1 F3000 X-3.959 Y1.838 E0.03649
M566 X1800 Y1800
G0 F7200 X-3.635 Y2.221
M566 X1200 Y1200
G1 F3000 X-4.283 Y2.869 E0.02857
M566 X1800 Y1800
G0 F7200 X-3.576 Y2.869
M566 X1200 Y1200
G1 F3000 X-3.303 Y2.596 E0.01204
M566 X1800 Y1800
G0 F7200 X-4.787 Y-3.698
M566 X1200 Y1200
G1 F3000 X4.781 Y-13.266 E0.42192
M566 X1800 Y1800
G0 F7200 X4.781 Y-13.973
M566 X1200 Y1200
G1 F3000 X-4.787 Y-4.405 E0.42192
M566 X1800 Y1800
G0 F7200 X-4.787 Y-5.112
M566 X1200 Y1200
G1 F3000 X4.781 Y-14.68 E0.42192
M566 X1800 Y1800
G0 F7200 X4.781 Y-15.388
M566 X1200 Y1200
G1 F3000 X3.143 Y-13.749 E0.07225
G1 X3.092 Y-13.699
G1 X-4.787 Y-5.819 E0.34746
M566 X1800 Y1800
G0 F7200 X-4.787 Y-6.526
M566 X1200 Y1200
G1 F3000 X1.122 Y-12.435 E0.26057
M566 X1800 Y1800
G0 F7200 X0.216 Y-12.237
M566 X1200 Y1200
G1 F3000 X-4.787 Y-7.233 E0.22064
M566 X1800 Y1800
G0 F7200 X-4.787 Y-7.94
M566 X1200 Y1200
G1 F3000 X-.528 Y-12.199 E0.18781
M566 X1800 Y1800
G0 F7200 X-1.131 Y-12.303
M566 X1200 Y1200
G1 F3000 X-4.787 Y-8.647 E0.16122
M566 X1800 Y1800
G0 F7200 X-4.787 Y-9.355
M566 X1200 Y1200
G1 F3000 X-1.7 Y-12.441 E0.13611
M566 X1800 Y1800
G0 F7200 X-2.188 Y-12.66
M566 X1200 Y1200
G1 F3000 X-4.787 Y-10.062 E0.11459
M566 X1800 Y1800
G0 F7200 X-4.787 Y-10.769
M566 X1200 Y1200
G1 F3000 X-2.658 Y-12.898 E0.09388
M566 X1800 Y1800
G0 F7200 X-3.052 Y-13.21
M566 X1200 Y1200
G1 F3000 X-4.787 Y-11.476 E0.07649
M566 X1800 Y1800
G0 F7200 X-4.787 Y-12.183
M566 X1200 Y1200
G1 F3000 X-3.446 Y-13.524 E0.05913
M566 X1800 Y1800
G0 F7200 X-3.754 Y-13.922
M566 X1200 Y1200
G1 F3000 X-4.787 Y-12.89 E0.04553
M566 X1800 Y1800
G0 F7200 X-4.787 Y-13.597
M566 X1200 Y1200
G1 F3000 X-4.06 Y-14.324 E0.03206
M566 X1800 Y1800
G0 F7200 X-4.292 Y-14.799
M566 X1200 Y1200
G1 F3000 X-4.787 Y-14.304 E0.02183
M566 X1800 Y1800
G0 F7200 X-4.787 Y-15.011
M566 X1200 Y1200
G1 F3000 X-4.502 Y-15.296 E0.01257
M566 X1800 Y1800
G0 F7200 X-4.787 Y-15.718
M566 X1200 Y1200
G1 F3000 X-4.635 Y-15.87 E0.0067
M566 X1800 Y1800
G0 F7200 X-4.787 Y-16.425
M566 X1200 Y1200
G1 F3000 X-4.716 Y-16.496 E0.00313
M566 X1800 Y1800
G0 F7200 X-4.787 Y-17.132
M566 X1200 Y1200
G1 F3000 X-4.685 Y-17.234 E0.0045
M566 X1800 Y1800
G0 F7200 X-4.787 Y-17.839
M566 X1200 Y1200
G1 F3000 X-4.447 Y-18.179 E0.01499
M566 X1800 Y1800
G0 F7200 X-4.787 Y-18.546
M566 X1200 Y1200
G1 F3000 X4.781 Y-28.115 E0.42194
M566 X1800 Y1800
G0 F7200 X4.781 Y-27.408
M566 X1200 Y1200
G1 F3000 X-1.787 Y-20.839 E0.28965
M566 X1800 Y1800
G0 F7200 X-.844 Y-21.076
M566 X1200 Y1200
G1 F3000 X4.781 Y-26.701 E0.24805
M566 X1800 Y1800
G0 F7200 X4.781 Y-25.994
M566 X1200 Y1200
G1 F3000 X-0.086 Y-21.126 E0.21464
M566 X1800 Y1800
G0 F7200 X0.538 Y-21.044
M566 X1200 Y1200
G1 F3000 X4.781 Y-25.287 E0.1871
M566 X1800 Y1800
G0 F7200 X4.781 Y-24.58
M566 X1200 Y1200
G1 F3000 X1.127 Y-20.926 E0.16113
M566 X1800 Y1800
G0 F7200 X1.608 Y-20.7
M566 X1200 Y1200
G1 F3000 X4.781 Y-23.873 E0.13992
M566 X1800 Y1800
G0 F7200 X4.781 Y-23.166
M566 X1200 Y1200
G1 F3000 X2.09 Y-20.474 E0.11869
M566 X1800 Y1800
G0 F7200 X2.491 Y-20.168
M566 X1200 Y1200
G1 F3000 X4.781 Y-22.459 E0.101
M566 X1800 Y1800
G0 F7200 X4.781 Y-21.752
M566 X1200 Y1200
G1 F3000 X2.878 Y-19.849 E0.08392
M566 X1800 Y1800
G0 F7200 X3.204 Y-19.468
M566 X1200 Y1200
G1 F3000 X4.781 Y-21.044 E0.06952
M566 X1800 Y1800
G0 F7200 X4.781 Y-20.337
M566 X1200 Y1200
G1 F3000 X3.515 Y-19.071 E0.05583
M566 X1800 Y1800
G0 F7200 X3.752 Y-18.601
M566 X1200 Y1200
G1 F3000 X4.781 Y-19.63 E0.04538
M566 X1800 Y1800
G0 F7200 X4.781 Y-18.923
M566 X1200 Y1200
G1 F3000 X3.971 Y-18.113 E0.03572
M566 X1800 Y1800
G0 F7200 X4.107 Y-17.542
M566 X1200 Y1200
G1 F3000 X4.781 Y-18.216 E0.02972
M566 X1800 Y1800
G0 F7200 X4.781 Y-17.509
M566 X1200 Y1200
G1 F3000 X4.215 Y-16.942 E0.02498
M566 X1800 Y1800
G0 F7200 X4.781 Y-16.802
M566 X1200 Y1200
G1 F3000 X4.171 Y-16.192 E0.0269
M566 X1800 Y1800
G0 F7200 X4.781 Y-16.095
M566 X1200 Y1200
G1 F3000 X3.976 Y-15.29 E0.0355
G1 X3.888 Y-15.202
M566 X1800 Y1800
G0 F7200 X2.132 Y-18.12
G0 X1.749 Y-18.611
G0 X1.256 Y-19.017
G0 X0.59 Y-19.329
G0 X-0.058 Y-19.431
G0 X-4.787 Y-19.253
M566 X1200 Y1200
G1 F3000 X4.781 Y-28.823 E0.42197
M566 X1800 Y1800
G0 F7200 X4.781 Y-29.53
M566 X1200 Y1200
G1 F3000 X-4.787 Y-19.96 E0.42197
M566 X1800 Y1800
G0 F7200 X-4.787 Y-20.668
M566 X1200 Y1200
G1 F3000 X4.781 Y-30.237 E0.42194
M566 X1800 Y1800
G0 F7200 X4.781 Y-30.944
M566 X1200 Y1200
G1 F3000 X-4.787 Y-21.375 E0.42194
M566 X1800 Y1800
G0 F7200 X-4.787 Y-22.082
M566 X1200 Y1200
G1 F3000 X4.781 Y-31.651 E0.42194
M566 X1800 Y1800
G0 F7200 X4.623 Y-32.2
M566 X1200 Y1200
G1 F3000 X-4.787 Y-22.789 E0.41498
M566 X1800 Y1800
G0 F7200 X-4.787 Y-23.496
M566 X1200 Y1200
G1 F3000 X3.915 Y-32.2 E0.38378
M566 X1800 Y1800
G0 F7200 X3.208 Y-32.2
M566 X1200 Y1200
G1 F3000 X-4.787 Y-24.203 E0.3526
M566 X1800 Y1800
G0 F7200 X-4.787 Y-24.91
M566 X1200 Y1200
G1 F3000 X2.501 Y-32.2 E0.32142
M566 X1800 Y1800
G0 F7200 X1.794 Y-32.2
M566 X1200 Y1200
G1 F3000 X-4.787 Y-25.617 E0.29025
M566 X1800 Y1800
G0 F7200 X-4.787 Y-26.324
M566 X1200 Y1200
G1 F3000 X1.087 Y-32.2 E0.25907
M566 X1800 Y1800
G0 F7200 X0.38 Y-32.2
M566 X1200 Y1200
G1 F3000 X-4.787 Y-27.031 E0.22789
M566 X1800 Y1800
G0 F7200 X-4.787 Y-27.739
M566 X1200 Y1200
G1 F3000 X-.326 Y-32.2 E0.19672
M566 X1800 Y1800
G0 F7200 X-1.033 Y-32.2
M566 X1200 Y1200
G1 F3000 X-4.787 Y-28.446 E0.16554
M566 X1800 Y1800
G0 F7200 X-4.787 Y-29.153
M566 X1200 Y1200
G1 F3000 X-1.74 Y-32.2 E0.13436
M566 X1800 Y1800
G0 F7200 X-2.448 Y-32.2
M566 X1200 Y1200
G1 F3000 X-4.787 Y-29.86 E0.10317
M566 X1800 Y1800
G0 F7200 X-4.787 Y-30.567
M566 X1200 Y1200
G1 F3000 X-3.155 Y-32.2 E0.07199
M566 X1800 Y1800
G0 F7200 X-3.862 Y-32.2
M566 X1200 Y1200
G1 F3000 X-4.787 Y-31.274 E0.04081
M566 X1800 Y1800
G0 F7200 X-4.787 Y-31.981
M566 X1200 Y1200
G1 F3000 X-4.569 Y-32.2 E0.00964
M566 X1800 Y1800
;MESH:NONMESH
G0 F600 X-4.569 Y-32.2 Z1.9
G0 F7200 X-3.038 Y-16.47
G0 X2.467 Y-1.298
G0 X2.541 Y-.662
G0 X2.455 Y0.014
G0 X1.294 Y2.762
;TIME_ELAPSED:292.832531
;LAYER:10
M106 S231.8 P1
M566 X1200 Y1200
;TYPE:WALL-INNER
;MESH:Roborama2026-Lasermount.3mf
G1 F6000 X2.091 Y2.275 E0.02912
G1 X2.747 Y1.607 E0.02919
G1 X3.21 Y0.801 E0.02898
G1 X3.451 Y-0.021 E0.02671
G1 X3.503 Y-.862 E0.02627
G1 X3.343 Y-1.773 E0.02884
G1 X2.958 Y-2.627 E0.02921
G1 X2.373 Y-3.36 E0.02924
G1 X1.632 Y-3.922 E0.029
G1 X0.846 Y-4.26 E0.02668
G1 X0.081 Y-4.405 E0.02428
G1 X-.302 Y-4.419 E0.01195
G1 X-1.199 Y-4.309 E0.02818
G1 X-2.126 Y-3.93 E0.03123
G1 X-2.88 Y-3.361 E0.02945
G1 X-3.46 Y-2.632 E0.02905
G1 X-3.817 Y-1.857 E0.02661
G1 X-3.995 Y-1.041 E0.02604
G1 X-3.981 Y-.186 E0.02666
G1 X-3.783 Y0.63 E0.02618
G1 X-3.365 Y1.446 E0.02859
G1 X-2.822 Y2.077 E0.02596
G1 X-2.132 Y2.592 E0.02685
G1 X-1.352 Y2.927 E0.02647
G1 X-.527 Y3.083 E0.02618
G1 X0.4 Y3.037 E0.02894
G1 X1.294 Y2.762 E0.02917
M566 X1800 Y1800
G0 F7200 X5.497 Y3.584
M566 X1200 Y1200
G1 F6000 X-5.503 Y3.584 E0.343
G1 X-5.503 Y-32.916 E1.13812
G1 X5.497 Y-32.916 E0.343
G1 X5.497 Y3.584 E1.13812
M566 X1800 Y1800
G0 F7200 X-.521 Y-12.916
M566 X1200 Y1200
G1 F6000 X0.288 Y-12.946 E0.02524
G1 X1.064 Y-13.146 E0.02499
G1 X1.873 Y-13.564 E0.02839
G1 X2.497 Y-14.104 E0.02573
G1 X2.967 Y-14.724 E0.02426
G1 X3.343 Y-15.559 E0.02855
G1 X3.503 Y-16.479 E0.02912
G1 X3.434 Y-17.396 E0.02867
G1 X3.184 Y-18.195 E0.0261
G1 X2.741 Y-18.943 E0.02711
G1 X2.092 Y-19.608 E0.02897
G1 X1.3 Y-20.091 E0.02893
G1 X0.485 Y-20.352 E0.02668
G1 X-.278 Y-20.425 E0.0239
G1 X-1.078 Y-20.333 E0.02511
G1 X-1.797 Y-20.091 E0.02366
G1 X-2.448 Y-19.716 E0.02343
G1 X-3.007 Y-19.223 E0.02324
G1 X-3.473 Y-18.61 E0.02401
G1 X-3.843 Y-17.783 E0.02825
G1 X-4.003 Y-16.939 E0.02679
G1 X-3.969 Y-16.096 E0.02631
G1 X-3.725 Y-15.223 E0.02826
G1 X-3.356 Y-14.548 E0.02399
G1 X-2.864 Y-13.96 E0.02391
G1 X-2.132 Y-13.405 E0.02864
G1 X-1.289 Y-13.051 E0.02851
G1 X-.521 Y-12.916 E0.02431
M566 X1800 Y1800
G0 F7200 X-.487 Y-13.418
M566 X1200 Y1200
G1 F6000 X0.216 Y-13.444 E0.02194
G1 X0.885 Y-13.616 E0.02154
G1 X1.591 Y-13.981 E0.02478
G1 X2.13 Y-14.448 E0.02224
G1 X2.534 Y-14.981 E0.02085
G1 X2.861 Y-15.707 E0.02483
G1 X3 Y-16.504 E0.02523
G1 X2.94 Y-17.301 E0.02492
G1 X2.724 Y-17.99 E0.02251
G1 X2.341 Y-18.637 E0.02344
G1 X1.778 Y-19.214 E0.02514
G1 X1.091 Y-19.633 E0.02509
G1 X0.384 Y-19.859 E0.02314
G1 X-.273 Y-19.922 E0.02058
G1 X-.969 Y-19.842 E0.02185
G1 X-1.591 Y-19.633 E0.02046
G1 X-2.155 Y-19.308 E0.0203
G1 X-2.639 Y-18.881 E0.02013
G1 X-3.04 Y-18.353 E0.02067
G1 X-3.363 Y-17.632 E0.02463
G1 X-3.501 Y-16.902 E0.02317
G1 X-3.472 Y-16.174 E0.02272
G1 X-3.259 Y-15.413 E0.02464
G1 X-2.941 Y-14.831 E0.02068
G1 X-2.517 Y-14.324 E0.02061
G1 X-1.88 Y-13.842 E0.02491
G1 X-1.147 Y-13.534 E0.02479
G1 X-.487 Y-13.418 E0.0209
M566 X1800 Y1800
G0 F7200 X-.28 Y-3.918
M566 X1200 Y1200
G1 F6000 X-1.072 Y-3.821 E0.02488
G1 X-1.877 Y-3.492 E0.02712
G1 X-2.528 Y-3 E0.02544
G1 X-3.031 Y-2.368 E0.02519
G1 X-3.34 Y-1.697 E0.02303
G1 X-3.494 Y-.991 E0.02253
G1 X-3.482 Y-.25 E0.02311
G1 X-3.311 Y0.455 E0.02262
G1 X-2.947 Y1.165 E0.02488
G1 X-2.479 Y1.709 E0.02238
G1 X-1.88 Y2.156 E0.02331
G1 X-1.205 Y2.446 E0.02291
G1 X-.492 Y2.581 E0.02263
G1 X0.313 Y2.541 E0.02513
G1 X1.087 Y2.303 E0.02525
G1 X1.777 Y1.881 E0.02522
G1 X2.345 Y1.302 E0.02529
G1 X2.747 Y0.603 E0.02514
G1 X2.955 Y-.108 E0.0231
G1 X3 Y-.834 E0.02268
G1 X2.861 Y-1.625 E0.02504
G1 X2.528 Y-2.364 E0.02527
G1 X2.021 Y-2.999 E0.02534
G1 X1.378 Y-3.487 E0.02517
G1 X0.699 Y-3.779 E0.02305
G1 X0.025 Y-3.907 E0.02139
G1 X-.28 Y-3.918 E0.00952
M566 X1800 Y1800
G0 F7200 X-1.646 Y-3.088
G0 X-2.203 Y-2.667
G0 X-6.003 Y4.084
M566 X1200 Y1200
G1 F6000 X-6.003 Y-33.416 E1.1693
G1 X5.997 Y-33.416 E0.37418
G1 X5.997 Y4.084 E1.1693
G1 X-6.003 Y4.084 E0.37418
M566 X1800 Y1800
G0 F7200 X-6.503 Y4.584
M566 X1200 Y1200
G1 F6000 X-6.503 Y-33.916 E1.20048
G1 X6.497 Y-33.916 E0.40536
G1 X6.497 Y4.584 E1.20048
G1 X-6.503 Y4.584 E0.40536
M566 X1800 Y1800
G0 F7200 X-6.433 Y4.514
G0 X-2.611 Y0.939
G0 X-2.529 Y0.884
M566 X1200 Y1200
G1 F6000 X-2.136 Y1.341 E0.01879
G1 X-1.628 Y1.72 E0.01976
G1 X-1.058 Y1.965 E0.01935
G1 X-.457 Y2.079 E0.01907
G1 X0.226 Y2.045 E0.02132
G1 X0.88 Y1.844 E0.02133
G1 X1.463 Y1.487 E0.02132
G1 X1.943 Y0.997 E0.02139
G1 X2.284 Y0.405 E0.0213
G1 X2.459 Y-.195 E0.01949
G1 X2.497 Y-.806 E0.01909
G1 X2.379 Y-1.477 E0.02124
G1 X2.098 Y-2.101 E0.02134
G1 X1.669 Y-2.638 E0.02143
G1 X1.124 Y-3.052 E0.02134
G1 X0.552 Y-3.298 E0.01942
G1 X-0.031 Y-3.409 E0.01851
G1 X-.258 Y-3.417 E0.00708
G1 X-.945 Y-3.333 E0.02158
G1 X-1.627 Y-3.054 E0.02298
G1 X-2.176 Y-2.639 E0.02146
G1 X-2.602 Y-2.104 E0.02132
G1 X-2.863 Y-1.537 E0.01946
G1 X-2.993 Y-.941 E0.01902
G1 X-2.983 Y-.314 E0.01955
G1 X-2.839 Y0.28 E0.01906
G1 X-2.529 Y0.884 E0.02117
M566 X1800 Y1800
G0 F7200 X-2.611 Y0.939
G0 X-2.876 Y0.293
G0 X-3.022 Y-.309
G0 X-1.033 Y-13.922
G0 X-1.005 Y-14.017
M566 X1200 Y1200
G1 F6000 X-.453 Y-13.92 E0.01748
G1 X0.144 Y-13.942 E0.01863
G1 X0.706 Y-14.086 E0.01809
G1 X1.308 Y-14.398 E0.02114
G1 X1.763 Y-14.792 E0.01877
G1 X2.101 Y-15.238 E0.01745
G1 X2.379 Y-15.855 E0.0211
G1 X2.497 Y-16.529 E0.02134
G1 X2.446 Y-17.206 E0.02117
G1 X2.264 Y-17.785 E0.01892
G1 X1.941 Y-18.331 E0.01978
G1 X1.464 Y-18.82 E0.0213
G1 X0.882 Y-19.175 E0.02126
G1 X0.283 Y-19.366 E0.0196
G1 X-.268 Y-19.419 E0.01726
G1 X-.86 Y-19.351 E0.01858
G1 X-1.385 Y-19.175 E0.01727
G1 X-1.862 Y-18.9 E0.01717
G1 X-2.271 Y-18.539 E0.01701
G1 X-2.607 Y-18.096 E0.01734
G1 X-2.883 Y-17.481 E0.02102
G1 X-2.999 Y-16.865 E0.01955
G1 X-2.975 Y-16.252 E0.01913
G1 X-2.793 Y-15.603 E0.02102
G1 X-2.526 Y-15.114 E0.01737
G1 X-2.17 Y-14.689 E0.01729
G1 X-1.628 Y-14.279 E0.02119
G1 X-1.005 Y-14.017 E0.02107
M566 X1800 Y1800
G0 F7200 X-.863 Y-14.5
M566 X1200 Y1200
;TYPE:WALL-OUTER
G1 F3000 X-.419 Y-14.422 E0.01406
G1 X0.072 Y-14.44 E0.01532
G1 X0.527 Y-14.556 E0.01464
G1 X1.025 Y-14.815 E0.0175
G1 X1.396 Y-15.136 E0.0153
G1 X1.668 Y-15.495 E0.01404
G1 X1.897 Y-16.003 E0.01738
G1 X1.994 Y-16.554 E0.01745
G1 X1.952 Y-17.111 E0.01742
G1 X1.804 Y-17.58 E0.01533
G1 X1.541 Y-18.025 E0.01612
G1 X1.15 Y-18.426 E0.01746
G1 X0.673 Y-18.717 E0.01742
G1 X0.182 Y-18.873 E0.01606
G1 X-.263 Y-18.916 E0.01394
G1 X-.751 Y-18.86 E0.01532
G1 X-1.179 Y-18.717 E0.01407
G1 X-1.569 Y-18.492 E0.01404
G1 X-1.903 Y-18.197 E0.0139
G1 X-2.174 Y-17.839 E0.014
G1 X-2.403 Y-17.33 E0.0174
G1 X-2.497 Y-16.828 E0.01593
G1 X-2.478 Y-16.33 E0.01554
G1 X-2.327 Y-15.793 E0.01739
G1 X-2.111 Y-15.397 E0.01407
G1 X-1.823 Y-15.054 E0.01397
G1 X-1.376 Y-14.716 E0.01747
G1 X-.863 Y-14.5 E0.01736
M566 X1800 Y1800
G0 F7200 X-.617 Y-14.457
G0 X-.721 Y-13.867
G0 X-.215 Y-3.515
G0 X-.236 Y-2.916
M566 X1200 Y1200
G1 F3000 X-.818 Y-2.845 E0.01828
G1 X-1.377 Y-2.616 E0.01884
G1 X-1.824 Y-2.278 E0.01747
G1 X-2.173 Y-1.84 E0.01746
G1 X-2.386 Y-1.377 E0.01589
G1 X-2.492 Y-.891 E0.01551
G1 X-2.484 Y-.378 E0.016
G1 X-2.367 Y0.104 E0.01547
G1 X-2.111 Y0.603 E0.01749
G1 X-1.793 Y0.973 E0.01521
G1 X-1.376 Y1.284 E0.01622
G1 X-.911 Y1.484 E0.01578
G1 X-.422 Y1.577 E0.01552
G1 X0.139 Y1.549 E0.01751
G1 X0.673 Y1.385 E0.01742
G1 X1.149 Y1.093 E0.01741
G1 X1.541 Y0.692 E0.01749
G1 X1.821 Y0.207 E0.01746
G1 X1.963 Y-.281 E0.01585
G1 X1.994 Y-.778 E0.01553
G1 X1.897 Y-1.329 E0.01745
G1 X1.668 Y-1.838 E0.0174
G1 X1.317 Y-2.277 E0.01753
G1 X0.87 Y-2.617 E0.01751
G1 X0.405 Y-2.817 E0.01578
G1 X-0.087 Y-2.911 E0.01562
G1 X-.236 Y-2.916 E0.00465
M566 X1800 Y1800
G0 F7200 X-.484 Y-2.886
G0 X-.556 Y-3.481
G0 X-1.646 Y-3.088
G0 X-2.203 Y-2.667
G0 X-6.433 Y4.514
G0 X-7.003 Y5.084
M566 X1200 Y1200
G1 F3000 X-7.003 Y-34.416 E1.23166
G1 X6.997 Y-34.416 E0.43654
G1 X6.997 Y5.084 E1.23166
G1 X-7.003 Y5.084 E0.43654
M566 X1800 Y1800
G0 F7200 X-7.003 Y4.834
G0 X-6.433 Y4.514
G0 X-5.013 Y3.094
M566 X1200 Y1200
;TYPE:SKIN
G1 F3000 X-5.013 Y-32.426 E1.10756
G1 X5.007 Y-32.426 E0.31244
G1 X5.007 Y3.094 E1.10756
G1 X1.691 Y3.094 E0.1034
G1 X2.399 Y2.661 E0.02588
G1 X3.141 Y1.905 E0.03303
G1 X3.664 Y0.995 E0.03273
G1 X3.937 Y0.064 E0.03025
G1 X3.995 Y-.89 E0.0298
G1 X3.815 Y-1.918 E0.03254
G1 X3.379 Y-2.884 E0.03305
G1 X2.718 Y-3.713 E0.03306
G1 X1.881 Y-4.349 E0.03278
G1 X0.991 Y-4.732 E0.03021
G1 X0.136 Y-4.893 E0.02713
G1 X-.323 Y-4.911 E0.01432
G1 X-1.324 Y-4.787 E0.03145
G1 X-2.371 Y-4.359 E0.03527
G1 X-3.225 Y-3.714 E0.03337
G1 X-3.88 Y-2.891 E0.0328
G1 X-4.284 Y-2.014 E0.03011
G1 X-4.485 Y-1.09 E0.02949
G1 X-4.471 Y-.123 E0.03016
G1 X-4.246 Y0.802 E0.02968
G1 X-3.775 Y1.721 E0.0322
G1 X-3.159 Y2.438 E0.02947
G1 X-2.379 Y3.019 E0.03033
G1 X-2.205 Y3.094 E0.00591
G1 X-5.013 Y3.094 E0.08756
M566 X1800 Y1800
G0 F7200 X-1.428 Y-12.578
M566 X1200 Y1200
G1 F3000 X-.555 Y-12.424 E0.02764
G1 X0.359 Y-12.458 E0.02852
G1 X1.24 Y-12.685 E0.02837
G1 X2.15 Y-13.156 E0.03195
G1 X2.856 Y-13.767 E0.02911
G1 X3.391 Y-14.473 E0.02762
G1 X3.815 Y-15.414 E0.03218
G1 X3.997 Y-16.455 E0.03295
G1 X3.918 Y-17.488 E0.0323
G1 X3.635 Y-18.395 E0.02963
G1 X3.133 Y-19.243 E0.03073
G1 X2.4 Y-19.994 E0.03272
G1 X1.505 Y-20.54 E0.03269
G1 X0.585 Y-20.834 E0.03012
G1 X-.282 Y-20.917 E0.02716
G1 X-1.186 Y-20.814 E0.02837
G1 X-1.999 Y-20.54 E0.02675
G1 X-2.736 Y-20.116 E0.02651
G1 X-3.368 Y-19.558 E0.02629
G1 X-3.897 Y-18.861 E0.02728
G1 X-4.314 Y-17.93 E0.03181
G1 X-4.495 Y-16.975 E0.03031
G1 X-4.457 Y-16.019 E0.02983
G1 X-4.182 Y-15.037 E0.0318
G1 X-3.763 Y-14.27 E0.02725
G1 X-3.205 Y-13.603 E0.02712
G1 X-2.379 Y-12.977 E0.03232
G1 X-1.428 Y-12.578 E0.03216
M566 X1800 Y1800
G0 F7200 X-4.787 Y2.283
M566 X1200 Y1200
G1 F3000 X-4.202 Y2.868 E0.0258
M566 X1800 Y1800
G0 F7200 X-3.495 Y2.868
M566 X1200 Y1200
G1 F3000 X-4.787 Y1.576 E0.05697
M566 X1800 Y1800
G0 F7200 X-4.125 Y1.531
M566 X1200 Y1200
G1 F3000 X-4.787 Y0.869 E0.02919
M566 X1800 Y1800
G0 F7200 X-4.583 Y0.366
M566 X1200 Y1200
G1 F3000 X-4.787 Y0.161 E0.00902
M566 X1800 Y1800
G0 F7200 X-4.7 Y-.457
M566 X1200 Y1200
G1 F3000 X-4.787 Y-.545 E0.00386
M566 X1800 Y1800
G0 F7200 X-4.698 Y-1.162
M566 X1200 Y1200
G1 F3000 X-4.787 Y-1.252 E0.00395
M566 X1800 Y1800
G0 F7200 X-4.571 Y-1.743
M566 X1200 Y1200
G1 F3000 X-4.787 Y-1.959 E0.00952
M566 X1800 Y1800
G0 F7200 X-4.405 Y-2.283
M566 X1200 Y1200
G1 F3000 X-4.787 Y-2.666 E0.01687
M566 X1800 Y1800
G0 F7200 X-4.182 Y-2.768
M566 X1200 Y1200
G1 F3000 X-4.787 Y-3.373 E0.02668
M566 X1800 Y1800
G0 F7200 X-4.787 Y-4.08
M566 X1200 Y1200
G1 F3000 X-3.913 Y-3.206 E0.03854
M566 X1800 Y1800
G0 F7200 X-3.6 Y-3.6
M566 X1200 Y1200
G1 F3000 X-4.787 Y-4.787 E0.05234
M566 X1800 Y1800
G0 F7200 X-4.787 Y-5.494
M566 X1200 Y1200
G1 F3000 X-3.261 Y-3.968 E0.06729
M566 X1800 Y1800
G0 F7200 X-2.858 Y-4.273
M566 X1200 Y1200
G1 F3000 X-4.787 Y-6.202 E0.08506
M566 X1800 Y1800
G0 F7200 X-4.787 Y-6.909
M566 X1200 Y1200
G1 F3000 X-2.449 Y-4.57 E0.10312
M566 X1800 Y1800
G0 F7200 X-1.947 Y-4.775
M566 X1200 Y1200
G1 F3000 X-4.787 Y-7.616 E0.12526
M566 X1800 Y1800
G0 F7200 X-4.787 Y-8.323
M566 X1200 Y1200
G1 F3000 X-1.444 Y-4.98 E0.14742
M566 X1800 Y1800
G0 F7200 X-.831 Y-5.074
M566 X1200 Y1200
G1 F3000 X-4.787 Y-9.03 E0.17445
M566 X1800 Y1800
G0 F7200 X-4.787 Y-9.737
M566 X1200 Y1200
G1 F3000 X-.181 Y-5.13 E0.20313
M566 X1800 Y1800
G0 F7200 X0.628 Y-5.028
M566 X1200 Y1200
G1 F3000 X-4.787 Y-10.444 E0.23881
M566 X1800 Y1800
G0 F7200 X-4.787 Y-11.151
M566 X1200 Y1200
G1 F3000 X1.685 Y-4.678 E0.28542
G1 X1.773 Y-4.59
M566 X1800 Y1800
G0 F7200 X3.743 Y-2.62
M566 X1200 Y1200
G1 F3000 X4.781 Y-1.582 E0.04577
M566 X1800 Y1800
G0 F7200 X4.106 Y-1.55
M566 X1200 Y1200
G1 F3000 X4.781 Y-.875 E0.02977
M566 X1800 Y1800
G0 F7200 X4.21 Y-.738
M566 X1200 Y1200
G1 F3000 X4.781 Y-.168 E0.02516
M566 X1800 Y1800
G0 F7200 X4.169 Y-0.072
M566 X1200 Y1200
G1 F3000 X4.781 Y0.538 E0.02694
M566 X1800 Y1800
G0 F7200 X4.781 Y1.245
M566 X1200 Y1200
G1 F3000 X4.041 Y0.505 E0.03263
M566 X1800 Y1800
G0 F7200 X3.881 Y1.052
M566 X1200 Y1200
G1 F3000 X4.781 Y1.953 E0.03971
M566 X1800 Y1800
G0 F7200 X4.781 Y2.66
M566 X1200 Y1200
G1 F3000 X3.628 Y1.507 E0.05084
M566 X1800 Y1800
G0 F7200 X3.37 Y1.955
M566 X1200 Y1200
G1 F3000 X4.282 Y2.868 E0.04024
M566 X1800 Y1800
G0 F7200 X3.575 Y2.868
M566 X1200 Y1200
G1 F3000 X3.037 Y2.33 E0.02372
M566 X1800 Y1800
G0 F7200 X2.687 Y2.687
M566 X1200 Y1200
G1 F3000 X2.868 Y2.868 E0.00798
M566 X1800 Y1800
G0 F7200 X4.781 Y-2.289
M566 X1200 Y1200
G1 F3000 X-4.787 Y-11.858 E0.42194
M566 X1800 Y1800
G0 F7200 X-4.787 Y-12.565
M566 X1200 Y1200
G1 F3000 X4.781 Y-2.996 E0.42194
M566 X1800 Y1800
G0 F7200 X4.781 Y-3.703
M566 X1200 Y1200
G1 F3000 X-4.787 Y-13.273 E0.42197
M566 X1800 Y1800
G0 F7200 X-4.787 Y-13.98
M566 X1200 Y1200
G1 F3000 X4.781 Y-4.41 E0.42197
M566 X1800 Y1800
G0 F7200 X4.781 Y-5.118
M566 X1200 Y1200
G1 F3000 X-4.788 Y-14.688 E0.42199
M566 X1800 Y1800
G0 F7200 X-4.409 Y-15.016
M566 X1200 Y1200
G1 F3000 X-4.788 Y-15.395 E0.01671
M566 X1800 Y1800
G0 F7200 X-4.681 Y-15.994
M566 X1200 Y1200
G1 F3000 X-4.788 Y-16.102 E0.00474
M566 X1800 Y1800
G0 F7200 X-4.71 Y-16.731
M566 X1200 Y1200
G1 F3000 X-4.788 Y-16.809 E0.00344
M566 X1800 Y1800
G0 F7200 X-4.647 Y-17.375
M566 X1200 Y1200
G1 F3000 X-4.788 Y-17.516 E0.00622
M566 X1800 Y1800
G0 F7200 X-4.533 Y-17.968
M566 X1200 Y1200
G1 F3000 X-4.788 Y-18.223 E0.01124
M566 X1800 Y1800
G0 F7200 X-4.32 Y-18.462
M566 X1200 Y1200
G1 F3000 X-4.788 Y-18.93 E0.02064
M566 X1800 Y1800
G0 F7200 X-4.101 Y-18.95
M566 X1200 Y1200
G1 F3000 X-4.788 Y-19.637 E0.03029
M566 X1800 Y1800
G0 F7200 X-4.788 Y-20.344
M566 X1200 Y1200
G1 F3000 X-3.8 Y-19.357 E0.04355
M566 X1800 Y1800
G0 F7200 X-3.488 Y-19.751
M566 X1200 Y1200
G1 F3000 X-4.788 Y-21.051 E0.05733
M566 X1800 Y1800
G0 F7200 X-4.788 Y-21.759
M566 X1200 Y1200
G1 F3000 X-3.112 Y-20.083 E0.07391
M566 X1800 Y1800
G0 F7200 X-2.711 Y-20.389
M566 X1200 Y1200
G1 F3000 X-4.788 Y-22.466 E0.09159
M566 X1800 Y1800
G0 F7200 X-4.788 Y-23.173
M566 X1200 Y1200
G1 F3000 X-2.262 Y-20.646 E0.11141
M566 X1800 Y1800
G0 F7200 X-1.763 Y-20.855
M566 X1200 Y1200
G1 F3000 X-4.788 Y-23.88 E0.13339
M566 X1800 Y1800
G0 F7200 X-4.788 Y-24.587
M566 X1200 Y1200
G1 F3000 X-1.234 Y-21.033 E0.15672
M566 X1800 Y1800
G0 F7200 X-.6 Y-21.106
M566 X1200 Y1200
G1 F3000 X-4.788 Y-25.294 E0.18468
M566 X1800 Y1800
G0 F7200 X-4.788 Y-26.001
M566 X1200 Y1200
G1 F3000 X0.108 Y-21.105 E0.2159
M566 X1800 Y1800
G0 F7200 X0.976 Y-20.943
M566 X1200 Y1200
G1 F3000 X-4.788 Y-26.708 E0.2542
M566 X1800 Y1800
G0 F7200 X-4.788 Y-27.415
M566 X1200 Y1200
G1 F3000 X2.323 Y-20.303 E0.3136
G1 X2.411 Y-20.215
M566 X1800 Y1800
G0 F7200 X3.406 Y-19.22
M566 X1200 Y1200
G1 F3000 X4.781 Y-17.845 E0.06063
M566 X1800 Y1800
G0 F7200 X4.781 Y-17.138
M566 X1200 Y1200
G1 F3000 X4.026 Y-17.894 E0.03332
M566 X1800 Y1800
G0 F7200 X4.178 Y-17.034
M566 X1200 Y1200
G1 F3000 X4.781 Y-16.431 E0.02659
M566 X1800 Y1800
G0 F7200 X4.199 Y-16.306
M566 X1200 Y1200
G1 F3000 X4.781 Y-15.724 E0.02566
M566 X1800 Y1800
G0 F7200 X4.094 Y-15.704
M566 X1200 Y1200
G1 F3000 X4.781 Y-15.017 E0.03029
M566 X1800 Y1800
G0 F7200 X4.781 Y-14.31
M566 X1200 Y1200
G1 F3000 X3.942 Y-15.149 E0.037
M566 X1800 Y1800
G0 F7200 X3.722 Y-14.662
M566 X1200 Y1200
G1 F3000 X4.781 Y-13.603 E0.0467
M566 X1800 Y1800
G0 F7200 X4.781 Y-12.896
M566 X1200 Y1200
G1 F3000 X3.47 Y-14.207 E0.05781
M566 X1800 Y1800
G0 F7200 X3.165 Y-13.804
M566 X1200 Y1200
G1 F3000 X4.781 Y-12.189 E0.07124
M566 X1800 Y1800
G0 F7200 X4.781 Y-11.481
M566 X1200 Y1200
G1 F3000 X2.823 Y-13.439 E0.08634
M566 X1800 Y1800
G0 F7200 X2.444 Y-13.111
M566 X1200 Y1200
G1 F3000 X4.781 Y-10.774 E0.10305
M566 X1800 Y1800
G0 F7200 X4.781 Y-10.067
M566 X1200 Y1200
G1 F3000 X2.016 Y-12.832 E0.12193
M566 X1800 Y1800
G0 F7200 X1.55 Y-12.591
M566 X1200 Y1200
G1 F3000 X4.781 Y-9.36 E0.14248
M566 X1800 Y1800
G0 F7200 X4.781 Y-8.653
M566 X1200 Y1200
G1 F3000 X1.035 Y-12.399 E0.16519
M566 X1800 Y1800
G0 F7200 X0.474 Y-12.253
M566 X1200 Y1200
G1 F3000 X4.781 Y-7.946 E0.18993
M566 X1800 Y1800
G0 F7200 X4.781 Y-7.239
M566 X1200 Y1200
G1 F3000 X-.19 Y-12.211 E0.21923
M566 X1800 Y1800
G0 F7200 X-.95 Y-12.264
M566 X1200 Y1200
G1 F3000 X4.781 Y-6.532 E0.25274
M566 X1800 Y1800
G0 F7200 X4.781 Y-5.825
M566 X1200 Y1200
G1 F3000 X-1.942 Y-12.549 E0.29649
G1 X-2.03 Y-12.637
M566 X1800 Y1800
G0 F7200 X1.33 Y-14.365
G0 X4.781 Y-18.553
M566 X1200 Y1200
G1 F3000 X-4.788 Y-28.123 E0.42199
M566 X1800 Y1800
G0 F7200 X-4.788 Y-28.83
M566 X1200 Y1200
G1 F3000 X4.781 Y-19.26 E0.42199
M566 X1800 Y1800
G0 F7200 X4.781 Y-19.967
M566 X1200 Y1200
G1 F3000 X-4.788 Y-29.537 E0.42199
M566 X1800 Y1800
G0 F7200 X-4.788 Y-30.244
M566 X1200 Y1200
G1 F3000 X4.781 Y-20.674 E0.42199
M566 X1800 Y1800
G0 F7200 X4.781 Y-21.381
M566 X1200 Y1200
G1 F3000 X-4.788 Y-30.951 E0.42199
M566 X1800 Y1800
G0 F7200 X-4.788 Y-31.658
M566 X1200 Y1200
G1 F3000 X4.781 Y-22.088 E0.42199
M566 X1800 Y1800
G0 F7200 X4.781 Y-22.795
M566 X1200 Y1200
G1 F3000 X-4.623 Y-32.2 E0.41471
M566 X1800 Y1800
G0 F7200 X-3.915 Y-32.2
M566 X1200 Y1200
G1 F3000 X4.781 Y-23.502 E0.38351
M566 X1800 Y1800
G0 F7200 X4.781 Y-24.209
M566 X1200 Y1200
G1 F3000 X-3.208 Y-32.2 E0.35234
M566 X1800 Y1800
G0 F7200 X-2.501 Y-32.2
M566 X1200 Y1200
G1 F3000 X4.781 Y-24.917 E0.32114
M566 X1800 Y1800
G0 F7200 X4.781 Y-25.624
M566 X1200 Y1200
G1 F3000 X-1.794 Y-32.2 E0.28996
M566 X1800 Y1800
G0 F7200 X-1.087 Y-32.2
M566 X1200 Y1200
G1 F3000 X4.781 Y-26.331 E0.25878
M566 X1800 Y1800
G0 F7200 X4.781 Y-27.038
M566 X1200 Y1200
G1 F3000 X-.38 Y-32.2 E0.22761
M566 X1800 Y1800
G0 F7200 X0.326 Y-32.2
M566 X1200 Y1200
G1 F3000 X4.781 Y-27.745 E0.19645
M566 X1800 Y1800
G0 F7200 X4.781 Y-28.452
M566 X1200 Y1200
G1 F3000 X1.033 Y-32.2 E0.16528
M566 X1800 Y1800
G0 F7200 X1.74 Y-32.2
M566 X1200 Y1200
G1 F3000 X4.781 Y-29.159 E0.1341
M566 X1800 Y1800
G0 F7200 X4.781 Y-29.866
M566 X1200 Y1200
G1 F3000 X2.448 Y-32.2 E0.1029
M566 X1800 Y1800
G0 F7200 X3.155 Y-32.2
M566 X1200 Y1200
G1 F3000 X4.781 Y-30.573 E0.07172
M566 X1800 Y1800
G0 F7200 X4.781 Y-31.28
M566 X1200 Y1200
G1 F3000 X3.862 Y-32.2 E0.04055
M566 X1800 Y1800
G0 F7200 X4.569 Y-32.2
M566 X1200 Y1200
G1 F3000 X4.781 Y-31.988 E0.00935
M566 X1800 Y1800
;MESH:NONMESH
G0 F600 X4.781 Y-31.988 Z2.05
G0 F7200 X2.498 Y-.189
G0 X1.31 Y2.753
;TIME_ELAPSED:315.586247
;LAYER:11
M106 S255 P1
M566 X1200 Y1200
;TYPE:WALL-INNER
;MESH:Roborama2026-Lasermount.3mf
G1 F6000 X2.093 Y2.275 E0.0286
G1 X2.747 Y1.604 E0.02922
G1 X3.21 Y0.798 E0.02898
G1 X3.453 Y-0.034 E0.02703
G1 X3.503 Y-.866 E0.02599
G1 X3.346 Y-1.755 E0.02815
G1 X3.042 Y-2.476 E0.0244
G1 X2.55 Y-3.173 E0.0266
G1 X1.931 Y-3.726 E0.02588
G1 X1.12 Y-4.168 E0.0288
G1 X0.264 Y-4.387 E0.02755
G1 X-.261 Y-4.422 E0.01641
G1 X-1.097 Y-4.333 E0.02621
G1 X-1.976 Y-4.012 E0.02918
G1 X-2.781 Y-3.454 E0.03054
G1 X-3.357 Y-2.787 E0.02748
G1 X-3.741 Y-2.063 E0.02555
G1 X-3.972 Y-1.225 E0.0271
G1 X-3.995 Y-.291 E0.02913
G1 X-3.786 Y0.623 E0.02924
G1 X-3.369 Y1.435 E0.02846
G1 X-2.864 Y2.039 E0.02455
G1 X-2.131 Y2.595 E0.02869
G1 X-1.271 Y2.955 E0.02907
G1 X-.344 Y3.095 E0.02923
G1 X0.564 Y3.003 E0.02846
G1 X1.31 Y2.753 E0.02453
M566 X1800 Y1800
G0 F7200 X-.344 Y3.584
M566 X1200 Y1200
G1 F6000 X-5.503 Y3.584 E0.16086
G1 X-5.503 Y-32.916 E1.13812
G1 X5.497 Y-32.916 E0.343
G1 X5.497 Y3.584 E1.13812
G1 X-.344 Y3.584 E0.18213
M566 X1800 Y1800
G0 F7200 X-2.564 Y0.901
G0 X-2.877 Y0.29
G0 X-3.032 Y-.387
G0 X-.149 Y-12.908
M566 X1200 Y1200
G1 F6000 X0.766 Y-13.046 E0.02885
G1 X1.608 Y-13.399 E0.02847
G1 X2.236 Y-13.853 E0.02416
G1 X2.757 Y-14.413 E0.02385
G1 X3.209 Y-15.197 E0.02822
G1 X3.456 Y-16.046 E0.02757
G1 X3.495 Y-16.962 E0.02859
G1 X3.337 Y-17.793 E0.02638
G1 X2.925 Y-18.681 E0.03052
G1 X2.296 Y-19.432 E0.03055
G1 X1.614 Y-19.93 E0.02633
G1 X0.768 Y-20.288 E0.02864
G1 X-.162 Y-20.428 E0.02933
G1 X-1.069 Y-20.336 E0.02843
G1 X-1.819 Y-20.085 E0.02466
G1 X-2.583 Y-19.616 E0.02795
G1 X-3.142 Y-19.071 E0.02434
G1 X-3.609 Y-18.362 E0.02647
G1 X-3.892 Y-17.601 E0.02532
G1 X-4.007 Y-16.854 E0.02357
G1 X-3.966 Y-16.081 E0.02414
G1 X-3.718 Y-15.203 E0.02845
G1 X-3.252 Y-14.396 E0.02906
G1 X-2.604 Y-13.732 E0.02893
G1 X-1.854 Y-13.264 E0.02757
G1 X-.983 Y-12.98 E0.02857
G1 X-.149 Y-12.908 E0.0261
M566 X1800 Y1800
G0 F7200 X-.165 Y-13.411
M566 X1200 Y1200
G1 F6000 X0.63 Y-13.531 E0.02507
G1 X1.362 Y-13.838 E0.02475
G1 X1.903 Y-14.229 E0.02081
G1 X2.352 Y-14.712 E0.02056
G1 X2.746 Y-15.395 E0.02459
G1 X2.959 Y-16.128 E0.0238
G1 X2.993 Y-16.925 E0.02487
G1 X2.857 Y-17.639 E0.02266
G1 X2.499 Y-18.411 E0.02653
G1 X1.952 Y-19.064 E0.02656
G1 X1.366 Y-19.492 E0.02263
G1 X0.631 Y-19.803 E0.02489
G1 X-.174 Y-19.924 E0.02538
G1 X-.963 Y-19.844 E0.02473
G1 X-1.606 Y-19.629 E0.02114
G1 X-2.274 Y-19.219 E0.02444
G1 X-2.754 Y-18.751 E0.0209
G1 X-3.16 Y-18.134 E0.02303
G1 X-3.406 Y-17.474 E0.02196
G1 X-3.505 Y-16.829 E0.02035
G1 X-3.47 Y-16.163 E0.0208
G1 X-3.254 Y-15.399 E0.02476
G1 X-2.85 Y-14.7 E0.02517
G1 X-2.288 Y-14.124 E0.02509
G1 X-1.641 Y-13.72 E0.02378
G1 X-.883 Y-13.473 E0.02486
G1 X-.165 Y-13.411 E0.02247
M566 X1800 Y1800
G0 F7200 X-.251 Y-3.92
M566 X1200 Y1200
G1 F6000 X-.983 Y-3.842 E0.02295
G1 X-1.744 Y-3.564 E0.02526
G1 X-2.444 Y-3.079 E0.02655
G1 X-2.942 Y-2.503 E0.02374
G1 X-3.274 Y-1.877 E0.02209
G1 X-3.474 Y-1.151 E0.02348
G1 X-3.494 Y-.341 E0.02526
G1 X-3.313 Y0.45 E0.0253
G1 X-2.95 Y1.157 E0.02478
G1 X-2.517 Y1.675 E0.02105
G1 X-1.879 Y2.158 E0.02495
G1 X-1.135 Y2.47 E0.02516
G1 X-.332 Y2.591 E0.02532
G1 X0.458 Y2.511 E0.02476
G1 X1.098 Y2.297 E0.02104
G1 X1.779 Y1.881 E0.02488
G1 X2.345 Y1.3 E0.02529
G1 X2.747 Y0.601 E0.02514
G1 X2.957 Y-.12 E0.02342
G1 X3 Y-.837 E0.0224
G1 X2.863 Y-1.613 E0.02457
G1 X2.602 Y-2.232 E0.02095
G1 X2.174 Y-2.838 E0.02313
G1 X1.641 Y-3.315 E0.0223
G1 X0.936 Y-3.699 E0.02503
G1 X0.185 Y-3.891 E0.02417
G1 X-.251 Y-3.92 E0.01363
M566 X1800 Y1800
G0 F7200 X-2.133 Y-2.733
G0 X-6.003 Y4.084
M566 X1200 Y1200
G1 F6000 X-6.003 Y-33.416 E1.1693
G1 X5.997 Y-33.416 E0.37418
G1 X5.997 Y4.084 E1.1693
G1 X-6.003 Y4.084 E0.37418
M566 X1800 Y1800
G0 F7200 X-6.503 Y4.584
M566 X1200 Y1200
G1 F6000 X-6.503 Y-33.916 E1.20048
G1 X6.497 Y-33.916 E0.40536
G1 X6.497 Y4.584 E1.20048
G1 X-6.503 Y4.584 E0.40536
M566 X1800 Y1800
G0 F7200 X-6.433 Y4.514
G0 X-2.614 Y0.934
G0 X-2.531 Y0.879
M566 X1200 Y1200
G1 F6000 X-2.17 Y1.311 E0.01755
G1 X-1.628 Y1.721 E0.02119
G1 X-.999 Y1.985 E0.02127
G1 X-.32 Y2.087 E0.02141
G1 X0.352 Y2.019 E0.02106
G1 X0.886 Y1.841 E0.01755
G1 X1.465 Y1.487 E0.02116
G1 X1.943 Y0.996 E0.02137
G1 X2.284 Y0.404 E0.0213
G1 X2.461 Y-.206 E0.01981
G1 X2.497 Y-.808 E0.0188
G1 X2.38 Y-1.471 E0.02099
G1 X2.162 Y-1.988 E0.0175
G1 X1.798 Y-2.503 E0.01966
G1 X1.351 Y-2.904 E0.01872
G1 X0.752 Y-3.23 E0.02126
G1 X0.106 Y-3.395 E0.02079
G1 X-.241 Y-3.418 E0.01084
G1 X-.869 Y-3.351 E0.01969
G1 X-1.512 Y-3.116 E0.02135
G1 X-2.107 Y-2.704 E0.02257
G1 X-2.527 Y-2.219 E0.02001
G1 X-2.807 Y-1.691 E0.01864
G1 X-2.976 Y-1.077 E0.01986
G1 X-2.993 Y-.391 E0.0214
G1 X-2.84 Y0.277 E0.02137
G1 X-2.531 Y0.879 E0.0211
M566 X1800 Y1800
G0 F7200 X-2.614 Y0.934
G0 X-2.877 Y0.29
G0 X-3.032 Y-.387
G0 X-.802 Y-13.868
G0 X-.783 Y-13.966
M566 X1200 Y1200
G1 F6000 X-.181 Y-13.914 E0.01884
G1 X0.494 Y-14.016 E0.02129
G1 X1.116 Y-14.277 E0.02103
G1 X1.57 Y-14.605 E0.01746
G1 X1.947 Y-15.011 E0.01728
G1 X2.283 Y-15.593 E0.02095
G1 X2.462 Y-16.21 E0.02003
G1 X2.491 Y-16.888 E0.02116
G1 X2.377 Y-17.485 E0.01895
G1 X2.073 Y-18.141 E0.02254
G1 X1.608 Y-18.696 E0.02258
G1 X1.118 Y-19.054 E0.01892
G1 X0.494 Y-19.318 E0.02113
G1 X-.186 Y-19.42 E0.02144
G1 X-.857 Y-19.352 E0.02103
G1 X-1.393 Y-19.173 E0.01762
G1 X-1.965 Y-18.822 E0.02093
G1 X-2.366 Y-18.431 E0.01746
G1 X-2.711 Y-17.906 E0.01959
G1 X-2.92 Y-17.347 E0.01861
G1 X-3.003 Y-16.804 E0.01713
G1 X-2.974 Y-16.245 E0.01745
G1 X-2.79 Y-15.595 E0.02106
G1 X-2.448 Y-15.004 E0.02129
G1 X-1.972 Y-14.516 E0.02126
G1 X-1.428 Y-14.176 E0.02
G1 X-.783 Y-13.966 E0.02115
M566 X1800 Y1800
G0 F7200 X-.683 Y-14.459
M566 X1200 Y1200
;TYPE:WALL-OUTER
G1 F3000 X-.197 Y-14.417 E0.01521
G1 X0.358 Y-14.501 E0.0175
G1 X0.87 Y-14.716 E0.01732
G1 X1.237 Y-14.981 E0.01412
G1 X1.542 Y-15.31 E0.01399
G1 X1.82 Y-15.791 E0.01732
G1 X1.965 Y-16.291 E0.01623
G1 X1.989 Y-16.851 E0.01748
G1 X1.897 Y-17.331 E0.01524
G1 X1.647 Y-17.871 E0.01855
G1 X1.264 Y-18.328 E0.01859
G1 X0.87 Y-18.616 E0.01522
G1 X0.357 Y-18.833 E0.01737
G1 X-.198 Y-18.916 E0.0175
G1 X-.751 Y-18.86 E0.01733
G1 X-1.18 Y-18.717 E0.0141
G1 X-1.656 Y-18.425 E0.01741
G1 X-1.978 Y-18.111 E0.01402
G1 X-2.262 Y-17.678 E0.01615
G1 X-2.434 Y-17.22 E0.01525
G1 X-2.501 Y-16.779 E0.01391
G1 X-2.478 Y-16.327 E0.01411
G1 X-2.326 Y-15.792 E0.01734
G1 X-2.046 Y-15.308 E0.01744
G1 X-1.656 Y-14.908 E0.01742
G1 X-1.215 Y-14.632 E0.01622
G1 X-.683 Y-14.459 E0.01744
M566 X1800 Y1800
G0 F7200 X-.434 Y-14.438
G0 X-.486 Y-13.841
G0 X-.191 Y-3.515
G0 X-.231 Y-2.916
M566 X1200 Y1200
G1 F3000 X-.755 Y-2.86 E0.01643
G1 X-1.28 Y-2.668 E0.01743
G1 X-1.77 Y-2.329 E0.01858
G1 X-2.112 Y-1.934 E0.01629
G1 X-2.34 Y-1.505 E0.01515
G1 X-2.478 Y-1.003 E0.01623
G1 X-2.492 Y-.441 E0.01753
G1 X-2.367 Y0.104 E0.01744
G1 X-2.112 Y0.601 E0.01742
G1 X-1.823 Y0.946 E0.01403
G1 X-1.376 Y1.284 E0.01747
G1 X-.863 Y1.5 E0.01736
G1 X-.308 Y1.583 E0.0175
G1 X0.247 Y1.527 E0.01739
G1 X0.674 Y1.385 E0.01403
G1 X1.15 Y1.093 E0.01741
G1 X1.541 Y0.692 E0.01746
G1 X1.821 Y0.207 E0.01746
G1 X1.965 Y-.291 E0.01616
G1 X1.994 Y-.779 E0.01524
G1 X1.897 Y-1.329 E0.01741
G1 X1.722 Y-1.744 E0.01404
G1 X1.422 Y-2.168 E0.0162
G1 X1.06 Y-2.493 E0.01517
G1 X0.568 Y-2.761 E0.01747
G1 X0.027 Y-2.899 E0.01741
G1 X-.231 Y-2.916 E0.00806
M566 X1800 Y1800
G0 F7200 X-.48 Y-2.89
G0 X-.543 Y-3.486
G0 X-1.53 Y-3.151
G0 X-2.133 Y-2.733
G0 X-6.433 Y4.514
G0 X-7.003 Y5.084
M566 X1200 Y1200
G1 F3000 X-7.003 Y-34.416 E1.23166
G1 X6.997 Y-34.416 E0.43654
G1 X6.997 Y5.084 E1.23166
G1 X-7.003 Y5.084 E0.43654
M566 X1800 Y1800
G0 F7200 X-7.003 Y4.834
G0 X-6.433 Y4.514
G0 X-5.013 Y3.094
M566 X1200 Y1200
;TYPE:SKIN
G1 F3000 X-5.013 Y-32.426 E1.10756
G1 X5.007 Y-32.426 E0.31244
G1 X5.007 Y3.094 E1.10756
G1 X1.692 Y3.094 E0.10337
G1 X2.401 Y2.661 E0.0259
G1 X3.141 Y1.902 E0.03305
G1 X3.664 Y0.992 E0.03273
G1 X3.939 Y0.05 E0.0306
G1 X3.995 Y-.894 E0.02949
G1 X3.819 Y-1.894 E0.03166
G1 X3.473 Y-2.715 E0.02778
G1 X2.918 Y-3.501 E0.03
G1 X2.215 Y-4.129 E0.02939
G1 X1.301 Y-4.627 E0.03246
G1 X0.342 Y-4.873 E0.03087
G1 X-.271 Y-4.914 E0.01916
G1 X-1.209 Y-4.814 E0.02941
G1 X-2.203 Y-4.451 E0.033
G1 X-3.111 Y-3.821 E0.03446
G1 X-3.764 Y-3.065 E0.03115
G1 X-4.199 Y-2.245 E0.02894
G1 X-4.46 Y-1.297 E0.03066
G1 X-4.487 Y-.242 E0.03291
G1 X-4.25 Y0.792 E0.03308
G1 X-3.78 Y1.707 E0.03207
G1 X-3.205 Y2.396 E0.02798
G1 X-2.378 Y3.023 E0.03236
G1 X-2.209 Y3.094 E0.00572
G1 X-5.013 Y3.094 E0.08743
M566 X1800 Y1800
G0 F7200 X-1.081 Y-12.496
M566 X1200 Y1200
G1 F3000 X-.133 Y-12.414 E0.02967
G1 X0.899 Y-12.57 E0.03254
G1 X1.849 Y-12.969 E0.03213
G1 X2.562 Y-13.484 E0.02743
G1 X3.153 Y-14.12 E0.02707
G1 X3.663 Y-15.003 E0.0318
G1 X3.943 Y-15.966 E0.03127
G1 X3.987 Y-16.997 E0.03218
G1 X3.807 Y-17.944 E0.03006
G1 X3.342 Y-18.946 E0.03444
G1 X2.633 Y-19.793 E0.03444
G1 X1.857 Y-20.359 E0.02995
G1 X0.902 Y-20.764 E0.03235
G1 X-.15 Y-20.922 E0.03317
G1 X-1.173 Y-20.818 E0.03206
G1 X-2.027 Y-20.532 E0.02808
G1 X-2.886 Y-20.005 E0.03142
G1 X-3.522 Y-19.385 E0.0277
G1 X-4.048 Y-18.585 E0.02985
G1 X-4.368 Y-17.725 E0.02861
G1 X-4.499 Y-16.879 E0.02669
G1 X-4.452 Y-16.001 E0.02742
G1 X-4.173 Y-15.011 E0.03207
G1 X-3.646 Y-14.098 E0.03287
G1 X-2.914 Y-13.348 E0.03268
G1 X-2.062 Y-12.817 E0.0313
G1 X-1.081 Y-12.496 E0.03218
M566 X1800 Y1800
G0 F7200 X4.781 Y2.289
M566 X1200 Y1200
G1 F3000 X4.201 Y2.869 E0.02558
M566 X1800 Y1800
G0 F7200 X3.494 Y2.869
M566 X1200 Y1200
G1 F3000 X4.781 Y1.582 E0.05675
M566 X1800 Y1800
G0 F7200 X4.781 Y0.875
M566 X1200 Y1200
G1 F3000 X2.787 Y2.869 E0.08793
G1 X2.699 Y2.957
M566 X1800 Y1800
G0 F7200 X3.874 Y1.074
M566 X1200 Y1200
G1 F3000 X4.781 Y0.168 E0.03997
M566 X1800 Y1800
G0 F7200 X4.162 Y0.08
M566 X1200 Y1200
G1 F3000 X4.781 Y-.538 E0.02727
M566 X1800 Y1800
G0 F7200 X4.206 Y-.671
M566 X1200 Y1200
G1 F3000 X4.781 Y-1.245 E0.02533
M566 X1800 Y1800
G0 F7200 X4.147 Y-1.318
M566 X1200 Y1200
G1 F3000 X4.781 Y-1.953 E0.02798
M566 X1800 Y1800
G0 F7200 X4.781 Y-2.66
M566 X1200 Y1200
G1 F3000 X4.041 Y-1.919 E0.03265
M566 X1800 Y1800
G0 F7200 X3.838 Y-2.424
M566 X1200 Y1200
G1 F3000 X4.781 Y-3.367 E0.04158
M566 X1800 Y1800
G0 F7200 X4.781 Y-4.074
M566 X1200 Y1200
G1 F3000 X3.614 Y-2.906 E0.05148
M566 X1800 Y1800
G0 F7200 X3.321 Y-3.321
M566 X1200 Y1200
G1 F3000 X4.781 Y-4.781 E0.06438
M566 X1800 Y1800
G0 F7200 X4.781 Y-5.488
M566 X1200 Y1200
G1 F3000 X3.01 Y-3.717 E0.0781
M566 X1800 Y1800
G0 F7200 X2.637 Y-4.051
M566 X1200 Y1200
G1 F3000 X4.781 Y-6.195 E0.09454
M566 X1800 Y1800
G0 F7200 X4.781 Y-6.902
M566 X1200 Y1200
G1 F3000 X2.245 Y-4.367 E0.11181
M566 X1800 Y1800
G0 F7200 X1.787 Y-4.615
M566 X1200 Y1200
G1 F3000 X4.781 Y-7.609 E0.13203
M566 X1800 Y1800
G0 F7200 X4.781 Y-8.316
M566 X1200 Y1200
G1 F3000 X1.318 Y-4.853 E0.15271
M566 X1800 Y1800
G0 F7200 X0.755 Y-4.998
M566 X1200 Y1200
G1 F3000 X4.781 Y-9.024 E0.17754
M566 X1800 Y1800
G0 F7200 X4.781 Y-9.731
M566 X1200 Y1200
G1 F3000 X0.159 Y-5.109 E0.20382
M566 X1800 Y1800
G0 F7200 X-.547 Y-5.109
M566 X1200 Y1200
G1 F3000 X4.781 Y-10.438 E0.23497
M566 X1800 Y1800
G0 F7200 X4.781 Y-11.145
M566 X1200 Y1200
G1 F3000 X-1.371 Y-4.992 E0.27131
G1 X-1.459 Y-4.904
M566 X1800 Y1800
G0 F7200 X-2.676 Y-4.394
M566 X1200 Y1200
G1 F3000 X4.781 Y-11.852 E0.32885
M566 X1800 Y1800
G0 F7200 X4.781 Y-12.559
M566 X1200 Y1200
G1 F3000 X-4.787 Y-2.991 E0.42192
M566 X1800 Y1800
G0 F7200 X-4.787 Y-3.698
M566 X1200 Y1200
G1 F3000 X4.781 Y-13.266 E0.42192
M566 X1800 Y1800
G0 F7200 X4.781 Y-13.973
M566 X1200 Y1200
G1 F3000 X-4.787 Y-4.405 E0.42192
M566 X1800 Y1800
G0 F7200 X-4.787 Y-5.112
M566 X1200 Y1200
G1 F3000 X4.781 Y-14.68 E0.42192
M566 X1800 Y1800
G0 F7200 X4.781 Y-15.388
M566 X1200 Y1200
G1 F3000 X2.768 Y-13.374 E0.08879
G1 X2.698 Y-13.304
G1 X-4.787 Y-5.819 E0.33007
M566 X1800 Y1800
G0 F7200 X-4.787 Y-6.526
M566 X1200 Y1200
G1 F3000 X1.093 Y-12.406 E0.25929
M566 X1800 Y1800
G0 F7200 X0.217 Y-12.238
M566 X1200 Y1200
G1 F3000 X-4.787 Y-7.233 E0.22068
M566 X1800 Y1800
G0 F7200 X-4.787 Y-7.94
M566 X1200 Y1200
G1 F3000 X-.508 Y-12.219 E0.18869
M566 X1800 Y1800
G0 F7200 X-1.152 Y-12.282
M566 X1200 Y1200
G1 F3000 X-4.787 Y-8.647 E0.16029
M566 X1800 Y1800
G0 F7200 X-4.787 Y-9.355
M566 X1200 Y1200
G1 F3000 X-1.685 Y-12.457 E0.13679
M566 X1800 Y1800
G0 F7200 X-2.207 Y-12.641
M566 X1200 Y1200
G1 F3000 X-4.787 Y-10.062 E0.11375
M566 X1800 Y1800
G0 F7200 X-4.787 Y-10.769
M566 X1200 Y1200
G1 F3000 X-2.643 Y-12.913 E0.09454
M566 X1800 Y1800
G0 F7200 X-3.074 Y-13.188
M566 X1200 Y1200
G1 F3000 X-4.787 Y-11.476 E0.07552
M566 X1800 Y1800
G0 F7200 X-4.787 Y-12.183
M566 X1200 Y1200
G1 F3000 X-3.423 Y-13.546 E0.06013
M566 X1800 Y1800
G0 F7200 X-3.773 Y-13.904
M566 X1200 Y1200
G1 F3000 X-4.787 Y-12.89 E0.04471
M566 X1800 Y1800
G0 F7200 X-4.787 Y-13.597
M566 X1200 Y1200
G1 F3000 X-4.046 Y-14.338 E0.03268
M566 X1800 Y1800
G0 F7200 X-4.304 Y-14.787
M566 X1200 Y1200
G1 F3000 X-4.787 Y-14.304 E0.0213
M566 X1800 Y1800
G0 F7200 X-4.787 Y-15.011
M566 X1200 Y1200
G1 F3000 X-4.49 Y-15.308 E0.0131
M566 X1800 Y1800
G0 F7200 X-4.787 Y-15.718
M566 X1200 Y1200
G1 F3000 X-4.646 Y-15.859 E0.00622
M566 X1800 Y1800
G0 F7200 X-4.787 Y-16.425
M566 X1200 Y1200
G1 F3000 X-4.704 Y-16.508 E0.00366
M566 X1800 Y1800
G0 F7200 X-4.787 Y-17.132
M566 X1200 Y1200
G1 F3000 X-4.668 Y-17.251 E0.00525
M566 X1800 Y1800
G0 F7200 X-4.787 Y-17.839
M566 X1200 Y1200
G1 F3000 X-4.433 Y-18.193 E0.01561
M566 X1800 Y1800
G0 F7200 X-4.787 Y-18.546
M566 X1200 Y1200
G1 F3000 X4.781 Y-28.115 E0.42194
M566 X1800 Y1800
G0 F7200 X4.781 Y-27.408
M566 X1200 Y1200
G1 F3000 X-1.774 Y-20.852 E0.28908
M566 X1800 Y1800
G0 F7200 X-.843 Y-21.076
M566 X1200 Y1200
G1 F3000 X4.781 Y-26.701 E0.24802
M566 X1800 Y1800
G0 F7200 X4.781 Y-25.994
M566 X1200 Y1200
G1 F3000 X-0.074 Y-21.138 E0.21411
M566 X1800 Y1800
G0 F7200 X0.538 Y-21.044
M566 X1200 Y1200
G1 F3000 X4.781 Y-25.287 E0.1871
M566 X1800 Y1800
G0 F7200 X4.781 Y-24.58
M566 X1200 Y1200
G1 F3000 X1.117 Y-20.916 E0.16157
M566 X1800 Y1800
G0 F7200 X1.613 Y-20.705
M566 X1200 Y1200
G1 F3000 X4.781 Y-23.873 E0.1397
M566 X1800 Y1800
G0 F7200 X4.781 Y-23.166
M566 X1200 Y1200
G1 F3000 X2.085 Y-20.47 E0.11889
M566 X1800 Y1800
G0 F7200 X2.493 Y-20.171
M566 X1200 Y1200
G1 F3000 X4.781 Y-22.459 E0.10089
M566 X1800 Y1800
G0 F7200 X4.781 Y-21.752
M566 X1200 Y1200
G1 F3000 X2.878 Y-19.849 E0.08392
M566 X1800 Y1800
G0 F7200 X3.201 Y-19.464
M566 X1200 Y1200
G1 F3000 X4.781 Y-21.044 E0.06967
M566 X1800 Y1800
G0 F7200 X4.781 Y-20.337
M566 X1200 Y1200
G1 F3000 X3.524 Y-19.08 E0.05543
M566 X1800 Y1800
G0 F7200 X3.75 Y-18.599
M566 X1200 Y1200
G1 F3000 X4.781 Y-19.63 E0.04546
M566 X1800 Y1800
G0 F7200 X4.781 Y-18.923
M566 X1200 Y1200
G1 F3000 X3.974 Y-18.116 E0.03559
M566 X1800 Y1800
G0 F7200 X4.111 Y-17.546
M566 X1200 Y1200
G1 F3000 X4.781 Y-18.216 E0.02955
M566 X1800 Y1800
G0 F7200 X4.781 Y-17.509
M566 X1200 Y1200
G1 F3000 X4.21 Y-16.938 E0.02518
M566 X1800 Y1800
G0 F7200 X4.781 Y-16.802
M566 X1200 Y1200
G1 F3000 X4.178 Y-16.199 E0.02659
M566 X1800 Y1800
G0 F7200 X4.781 Y-16.095
M566 X1200 Y1200
G1 F3000 X3.983 Y-15.297 E0.03519
G1 X3.895 Y-15.209
M566 X1800 Y1800
G0 F7200 X2.106 Y-18.162
G0 X1.635 Y-18.725
G0 X1.137 Y-19.088
G0 X0.504 Y-19.356
G0 X-4.787 Y-19.253
M566 X1200 Y1200
G1 F3000 X4.781 Y-28.823 E0.42197
M566 X1800 Y1800
G0 F7200 X4.781 Y-29.53
M566 X1200 Y1200
G1 F3000 X-4.787 Y-19.96 E0.42197
M566 X1800 Y1800
G0 F7200 X-4.787 Y-20.668
M566 X1200 Y1200
G1 F3000 X4.781 Y-30.237 E0.42194
M566 X1800 Y1800
G0 F7200 X4.781 Y-30.944
M566 X1200 Y1200
G1 F3000 X-4.787 Y-21.375 E0.42194
M566 X1800 Y1800
G0 F7200 X-4.787 Y-22.082
M566 X1200 Y1200
G1 F3000 X4.781 Y-31.651 E0.42194
M566 X1800 Y1800
G0 F7200 X4.623 Y-32.2
M566 X1200 Y1200
G1 F3000 X-4.787 Y-22.789 E0.41498
M566 X1800 Y1800
G0 F7200 X-4.787 Y-23.496
M566 X1200 Y1200
G1 F3000 X3.915 Y-32.2 E0.38378
M566 X1800 Y1800
G0 F7200 X3.208 Y-32.2
M566 X1200 Y1200
G1 F3000 X-4.787 Y-24.203 E0.3526
M566 X1800 Y1800
G0 F7200 X-4.787 Y-24.91
M566 X1200 Y1200
G1 F3000 X2.501 Y-32.2 E0.32142
M566 X1800 Y1800
G0 F7200 X1.794 Y-32.2
M566 X1200 Y1200
G1 F3000 X-4.787 Y-25.617 E0.29025
M566 X1800 Y1800
G0 F7200 X-4.787 Y-26.324
M566 X1200 Y1200
G1 F3000 X1.087 Y-32.2 E0.25907
M566 X1800 Y1800
G0 F7200 X0.38 Y-32.2
M566 X1200 Y1200
G1 F3000 X-4.787 Y-27.031 E0.22789
M566 X1800 Y1800
G0 F7200 X-4.787 Y-27.739
M566 X1200 Y1200
G1 F3000 X-.326 Y-32.2 E0.19672
M566 X1800 Y1800
G0 F7200 X-1.033 Y-32.2
M566 X1200 Y1200
G1 F3000 X-4.787 Y-28.446 E0.16554
M566 X1800 Y1800
G0 F7200 X-4.787 Y-29.153
M566 X1200 Y1200
G1 F3000 X-1.74 Y-32.2 E0.13436
M566 X1800 Y1800
G0 F7200 X-2.448 Y-32.2
M566 X1200 Y1200
G1 F3000 X-4.787 Y-29.86 E0.10317
M566 X1800 Y1800
G0 F7200 X-4.787 Y-30.567
M566 X1200 Y1200
G1 F3000 X-3.155 Y-32.2 E0.07199
M566 X1800 Y1800
G0 F7200 X-3.862 Y-32.2
M566 X1200 Y1200
G1 F3000 X-4.787 Y-31.274 E0.04081
M566 X1800 Y1800
G0 F7200 X-4.787 Y-31.981
M566 X1200 Y1200
G1 F3000 X-4.569 Y-32.2 E0.00964
M566 X1800 Y1800
G0 F7200 X-4.032 Y-3.038
M566 X1200 Y1200
G1 F3000 X-4.787 Y-2.283 E0.03329
M566 X1800 Y1800
G0 F7200 X-4.55 Y-1.813
M566 X1200 Y1200
G1 F3000 X-4.787 Y-1.576 E0.01045
M566 X1800 Y1800
G0 F7200 X-4.693 Y-.963
M566 X1200 Y1200
G1 F3000 X-4.787 Y-.869 E0.00415
M566 X1800 Y1800
G0 F7200 X-4.712 Y-.237
M566 X1200 Y1200
G1 F3000 X-4.787 Y-.162 E0.00331
M566 X1800 Y1800
G0 F7200 X-4.584 Y0.341
M566 X1200 Y1200
G1 F3000 X-4.787 Y0.544 E0.00895
M566 X1800 Y1800
G0 F7200 X-4.443 Y0.907
M566 X1200 Y1200
G1 F3000 X-4.787 Y1.251 E0.01517
M566 X1800 Y1800
G0 F7200 X-4.203 Y1.375
M566 X1200 Y1200
G1 F3000 X-4.787 Y1.958 E0.02573
M566 X1800 Y1800
G0 F7200 X-4.787 Y2.665
M566 X1200 Y1200
G1 F3000 X-3.961 Y1.84 E0.0364
M566 X1800 Y1800
G0 F7200 X-3.64 Y2.225
M566 X1200 Y1200
G1 F3000 X-4.283 Y2.869 E0.02838
M566 X1800 Y1800
G0 F7200 X-3.576 Y2.869
M566 X1200 Y1200
G1 F3000 X-3.306 Y2.599 E0.01191
M566 X1800 Y1800
;MESH:NONMESH
G0 F600 X-3.306 Y2.599 Z2.2
G0 F7200 X1.296 Y2.761
;TIME_ELAPSED:338.344920
;LAYER:12
M566 X1200 Y1200
;TYPE:WALL-INNER
;MESH:Roborama2026-Lasermount.3mf
G1 F6000 X2.092 Y2.275 E0.02908
G1 X2.747 Y1.604 E0.02924
G1 X3.21 Y0.798 E0.02898
G1 X3.455 Y-0.048 E0.02746
G1 X3.499 Y-.908 E0.02685
G1 X3.34 Y-1.779 E0.02761
G1 X2.958 Y-2.628 E0.02903
G1 X2.373 Y-3.36 E0.02922
G1 X1.626 Y-3.925 E0.0292
G1 X0.761 Y-4.291 E0.02929
G1 X-.199 Y-4.428 E0.03024
G1 X-1.083 Y-4.333 E0.02772
G1 X-1.856 Y-4.065 E0.02551
G1 X-2.601 Y-3.604 E0.02732
G1 X-3.237 Y-2.952 E0.0284
G1 X-3.652 Y-2.274 E0.02479
G1 X-3.945 Y-1.375 E0.02948
G1 X-4.01 Y-.49 E0.02767
G1 X-3.881 Y0.321 E0.02561
G1 X-3.552 Y1.138 E0.02746
G1 X-3.008 Y1.894 E0.02904
G1 X-2.294 Y2.493 E0.02906
G1 X-1.452 Y2.9 E0.02916
G1 X-.535 Y3.086 E0.02918
G1 X0.401 Y3.037 E0.02923
G1 X1.296 Y2.761 E0.0292
M566 X1800 Y1800
G0 F7200 X-.535 Y3.584
M566 X1200 Y1200
G1 F6000 X-5.628 Y3.584 E0.15881
G1 X-5.628 Y-32.916 E1.13812
G1 X5.628 Y-32.916 E0.35098
G1 X5.628 Y3.584 E1.13812
G1 X-.535 Y3.584 E0.19217
M566 X1800 Y1800
G0 F7200 X-2.705 Y0.671
G0 X-2.949 Y0.063
G0 X-3.043 Y-.531
G0 X-.486 Y-12.916
M566 X1200 Y1200
G1 F6000 X0.402 Y-12.963 E0.02773
G1 X1.296 Y-13.239 E0.02917
G1 X2.092 Y-13.725 E0.02908
G1 X2.75 Y-14.399 E0.02937
G1 X3.226 Y-15.241 E0.03016
G1 X3.466 Y-16.108 E0.02805
G1 X3.489 Y-17.04 E0.02907
G1 X3.28 Y-17.955 E0.02927
G1 X2.853 Y-18.786 E0.02913
G1 X2.25 Y-19.472 E0.02848
G1 X1.608 Y-19.933 E0.02464
G1 X0.769 Y-20.288 E0.02841
G1 X-.162 Y-20.428 E0.02936
G1 X-1.095 Y-20.333 E0.02924
G1 X-2.007 Y-19.995 E0.03033
G1 X-2.748 Y-19.481 E0.02812
G1 X-3.349 Y-18.797 E0.02839
G1 X-3.725 Y-18.108 E0.02447
G1 X-3.975 Y-17.225 E0.02862
G1 X-3.992 Y-16.251 E0.03038
G1 X-3.786 Y-15.374 E0.02809
G1 X-3.361 Y-14.547 E0.02899
G1 X-2.754 Y-13.86 E0.02859
G1 X-2.12 Y-13.402 E0.02439
G1 X-1.334 Y-13.067 E0.02664
G1 X-.486 Y-12.916 E0.02686
M566 X1800 Y1800
G0 F7200 X-.455 Y-13.418
M566 X1200 Y1200
G1 F6000 X0.314 Y-13.459 E0.02401
G1 X1.089 Y-13.698 E0.02529
G1 X1.778 Y-14.119 E0.02518
G1 X2.347 Y-14.702 E0.0254
G1 X2.761 Y-15.434 E0.02622
G1 X2.968 Y-16.182 E0.0242
G1 X2.988 Y-16.99 E0.0252
G1 X2.807 Y-17.782 E0.02533
G1 X2.437 Y-18.502 E0.02524
G1 X1.912 Y-19.099 E0.02479
G1 X1.362 Y-19.494 E0.02111
G1 X0.632 Y-19.803 E0.02472
G1 X-.174 Y-19.924 E0.02541
G1 X-.981 Y-19.842 E0.02529
G1 X-1.774 Y-19.548 E0.02637
G1 X-2.413 Y-19.105 E0.02424
G1 X-2.937 Y-18.509 E0.02475
G1 X-3.259 Y-17.918 E0.02099
G1 X-3.476 Y-17.151 E0.02485
G1 X-3.491 Y-16.305 E0.02638
G1 X-3.313 Y-15.548 E0.02425
G1 X-2.945 Y-14.831 E0.02513
G1 X-2.416 Y-14.233 E0.0249
G1 X-1.872 Y-13.84 E0.02093
G1 X-1.19 Y-13.549 E0.02312
G1 X-.455 Y-13.418 E0.02328
M566 X1800 Y1800
G0 F7200 X-.208 Y-3.924
M566 X1200 Y1200
G1 F6000 X-.973 Y-3.842 E0.02399
G1 X-1.64 Y-3.611 E0.02201
G1 X-2.286 Y-3.211 E0.02369
G1 X-2.84 Y-2.643 E0.02474
G1 X-3.195 Y-2.063 E0.0212
G1 X-3.451 Y-1.278 E0.02575
G1 X-3.507 Y-.511 E0.02398
G1 X-3.396 Y0.187 E0.02204
G1 X-3.111 Y0.895 E0.0238
G1 X-2.639 Y1.551 E0.0252
G1 X-2.02 Y2.07 E0.02519
G1 X-1.291 Y2.422 E0.02524
G1 X-.498 Y2.583 E0.02523
G1 X0.313 Y2.541 E0.02532
G1 X1.089 Y2.302 E0.02532
G1 X1.778 Y1.881 E0.02518
G1 X2.345 Y1.3 E0.02531
G1 X2.747 Y0.601 E0.02514
G1 X2.959 Y-.131 E0.02376
G1 X2.997 Y-.875 E0.02323
G1 X2.859 Y-1.629 E0.0239
G1 X2.528 Y-2.365 E0.02516
G1 X2.021 Y-2.999 E0.02531
G1 X1.374 Y-3.489 E0.02531
G1 X0.626 Y-3.805 E0.02532
G1 X-.208 Y-3.924 E0.02627
M566 X1800 Y1800
G0 F7200 X-1.996 Y-2.849
G0 X-2.426 Y-2.408
G0 X-6.128 Y4.084
M566 X1200 Y1200
G1 F6000 X-6.128 Y-33.416 E1.1693
G1 X6.128 Y-33.416 E0.38216
G1 X6.128 Y4.084 E1.1693
G1 X-6.128 Y4.084 E0.38216
M566 X1800 Y1800
G0 F7200 X-6.628 Y4.584
M566 X1200 Y1200
G1 F6000 X-6.628 Y-33.916 E1.20048
G1 X6.628 Y-33.916 E0.41334
G1 X6.628 Y4.584 E1.20048
G1 X-6.628 Y4.584 E0.41334
M566 X1800 Y1800
G0 F7200 X-6.558 Y4.514
G0 X-2.343 Y1.276
G0 X-2.27 Y1.208
M566 X1200 Y1200
G1 F6000 X-1.747 Y1.647 E0.02129
G1 X-1.13 Y1.944 E0.02135
G1 X-.46 Y2.08 E0.02132
G1 X0.225 Y2.045 E0.02139
G1 X0.882 Y1.843 E0.02143
G1 X1.464 Y1.487 E0.02127
G1 X1.943 Y0.996 E0.02139
G1 X2.284 Y0.404 E0.0213
G1 X2.463 Y-.214 E0.02006
G1 X2.495 Y-.842 E0.01961
G1 X2.378 Y-1.479 E0.02019
G1 X2.098 Y-2.102 E0.0213
G1 X1.669 Y-2.638 E0.02141
G1 X1.122 Y-3.053 E0.02141
G1 X0.491 Y-3.319 E0.02135
G1 X-.217 Y-3.42 E0.0223
G1 X-.863 Y-3.351 E0.02026
G1 X-1.424 Y-3.157 E0.01851
G1 X-1.971 Y-2.818 E0.02007
G1 X-2.443 Y-2.334 E0.02108
G1 X-2.738 Y-1.852 E0.01762
G1 X-2.957 Y-1.181 E0.02201
G1 X-3.004 Y-.532 E0.02029
G1 X-2.911 Y0.053 E0.01847
G1 X-2.67 Y0.652 E0.02013
G1 X-2.27 Y1.208 E0.02136
M566 X1800 Y1800
G0 F7200 X-2.343 Y1.276
G0 X-2.705 Y0.671
G0 X-2.949 Y0.063
G0 X-3.043 Y-.531
G0 X-1.074 Y-13.936
G0 X-1.046 Y-14.031
M566 X1200 Y1200
G1 F6000 X-.424 Y-13.92 E0.0197
G1 X0.226 Y-13.955 E0.0203
G1 X0.882 Y-14.157 E0.0214
G1 X1.464 Y-14.513 E0.02127
G1 X1.944 Y-15.005 E0.02143
G1 X2.296 Y-15.627 E0.02229
G1 X2.47 Y-16.256 E0.02035
G1 X2.487 Y-16.94 E0.02133
G1 X2.334 Y-17.609 E0.0214
G1 X2.021 Y-18.218 E0.02135
G1 X1.574 Y-18.726 E0.0211
G1 X1.116 Y-19.055 E0.01758
G1 X0.495 Y-19.318 E0.02103
G1 X-.186 Y-19.42 E0.02147
G1 X-.867 Y-19.351 E0.02134
G1 X-1.541 Y-19.101 E0.02242
G1 X-2.078 Y-18.729 E0.02037
G1 X-2.525 Y-18.221 E0.0211
G1 X-2.793 Y-17.728 E0.0175
G1 X-2.977 Y-17.077 E0.02109
G1 X-2.99 Y-16.359 E0.02239
G1 X-2.84 Y-15.722 E0.02041
G1 X-2.529 Y-15.115 E0.02127
G1 X-2.078 Y-14.606 E0.02121
G1 X-1.624 Y-14.278 E0.01746
G1 X-1.046 Y-14.031 E0.0196
M566 X1800 Y1800
G0 F7200 X-.902 Y-14.513
M566 X1200 Y1200
;TYPE:WALL-OUTER
G1 F3000 X-.393 Y-14.422 E0.01612
G1 X0.138 Y-14.451 E0.01658
G1 X0.675 Y-14.616 E0.01752
G1 X1.15 Y-14.907 E0.01737
G1 X1.541 Y-15.308 E0.01746
G1 X1.831 Y-15.82 E0.01835
G1 X1.972 Y-16.33 E0.0165
G1 X1.986 Y-16.89 E0.01747
G1 X1.861 Y-17.436 E0.01747
G1 X1.605 Y-17.934 E0.01746
G1 X1.236 Y-18.353 E0.01741
G1 X0.87 Y-18.616 E0.01405
G1 X0.358 Y-18.833 E0.01734
G1 X-.198 Y-18.916 E0.01753
G1 X-.753 Y-18.86 E0.01739
G1 X-1.308 Y-18.654 E0.01846
G1 X-1.743 Y-18.353 E0.01649
G1 X-2.113 Y-17.933 E0.01745
G1 X-2.327 Y-17.539 E0.01398
G1 X-2.478 Y-17.003 E0.01736
G1 X-2.489 Y-16.413 E0.0184
G1 X-2.367 Y-15.896 E0.01656
G1 X-2.113 Y-15.399 E0.0174
G1 X-1.741 Y-14.979 E0.01749
G1 X-1.376 Y-14.716 E0.01403
G1 X-.902 Y-14.513 E0.01608
M566 X1800 Y1800
G0 F7200 X-.656 Y-14.469
G0 X-.761 Y-13.88
G0 X-.141 Y-3.51
G0 X-.226 Y-2.916
M566 X1200 Y1200
G1 F3000 X-.754 Y-2.86 E0.01656
G1 X-1.208 Y-2.703 E0.01498
G1 X-1.656 Y-2.425 E0.01644
G1 X-2.046 Y-2.025 E0.01742
G1 X-2.281 Y-1.641 E0.01404
G1 X-2.463 Y-1.084 E0.01827
G1 X-2.501 Y-.554 E0.01657
G1 X-2.426 Y-0.081 E0.01493
G1 X-2.229 Y0.409 E0.01647
G1 X-1.901 Y0.865 E0.01751
G1 X-1.474 Y1.224 E0.01739
G1 X-.97 Y1.466 E0.01743
G1 X-.422 Y1.577 E0.01743
G1 X0.138 Y1.549 E0.01748
G1 X0.675 Y1.384 E0.01752
G1 X1.15 Y1.093 E0.01737
G1 X1.541 Y0.692 E0.01746
G1 X1.821 Y0.207 E0.01746
G1 X1.967 Y-.297 E0.01636
G1 X1.993 Y-.809 E0.01599
G1 X1.897 Y-1.329 E0.01649
G1 X1.668 Y-1.839 E0.01743
G1 X1.317 Y-2.277 E0.0175
G1 X0.87 Y-2.617 E0.01751
G1 X0.357 Y-2.833 E0.01736
G1 X-.226 Y-2.916 E0.01836
M566 X1800 Y1800
G0 F7200 X-.475 Y-2.89
G0 X-.538 Y-3.486
G0 X-1.441 Y-3.193
G0 X-1.996 Y-2.849
G0 X-6.558 Y4.514
G0 X-7.128 Y5.084
M566 X1200 Y1200
G1 F3000 X-7.128 Y-34.416 E1.23166
G1 X7.128 Y-34.416 E0.44452
G1 X7.128 Y5.084 E1.23166
G1 X-7.128 Y5.084 E0.44452
M566 X1800 Y1800
G0 F7200 X-7.128 Y4.834
G0 X-6.558 Y4.514
G0 X-5.138 Y3.094
M566 X1200 Y1200
;TYPE:SKIN
G1 F3000 X-5.138 Y-32.426 E1.10756
G1 X5.138 Y-32.426 E0.32042
G1 X5.138 Y3.094 E1.10756
G1 X1.692 Y3.094 E0.10745
G1 X2.4 Y2.661 E0.02588
G1 X3.141 Y1.902 E0.03308
G1 X3.665 Y0.99 E0.0328
G1 X3.941 Y0.034 E0.03103
G1 X3.991 Y-.94 E0.03041
G1 X3.811 Y-1.926 E0.03125
G1 X3.379 Y-2.885 E0.0328
G1 X2.718 Y-3.714 E0.03306
G1 X1.873 Y-4.352 E0.03302
G1 X0.893 Y-4.767 E0.03318
G1 X-.191 Y-4.922 E0.03414
G1 X-1.191 Y-4.815 E0.03136
G1 X-2.068 Y-4.51 E0.02895
G1 X-2.91 Y-3.989 E0.03087
G1 X-3.627 Y-3.254 E0.03202
G1 X-4.1 Y-2.48 E0.02828
G1 X-4.429 Y-1.471 E0.03309
G1 X-4.502 Y-.469 E0.03133
G1 X-4.356 Y0.452 E0.02908
G1 X-3.985 Y1.376 E0.03105
G1 X-3.37 Y2.23 E0.03282
G1 X-2.562 Y2.908 E0.03289
G1 X-2.177 Y3.094 E0.01333
G1 X-5.138 Y3.094 E0.09233
M566 X1800 Y1800
G0 F7200 X-1.475 Y-12.595
M566 X1200 Y1200
G1 F3000 X-.517 Y-12.424 E0.03034
G1 X0.488 Y-12.477 E0.03138
G1 X1.499 Y-12.789 E0.03299
G1 X2.4 Y-13.339 E0.03292
G1 X3.146 Y-14.103 E0.0333
G1 X3.682 Y-15.053 E0.03401
G1 X3.954 Y-16.035 E0.03177
G1 X3.981 Y-17.089 E0.03288
G1 X3.744 Y-18.124 E0.03311
G1 X3.261 Y-19.064 E0.03295
G1 X2.581 Y-19.837 E0.0321
G1 X1.849 Y-20.363 E0.02811
G1 X0.903 Y-20.764 E0.03204
G1 X-.15 Y-20.922 E0.0332
G1 X-1.207 Y-20.814 E0.03313
G1 X-2.236 Y-20.433 E0.03421
G1 X-3.077 Y-19.849 E0.03193
G1 X-3.753 Y-19.079 E0.03195
G1 X-4.182 Y-18.294 E0.02789
G1 X-4.463 Y-17.297 E0.0323
G1 X-4.484 Y-16.198 E0.03427
G1 X-4.249 Y-15.203 E0.03188
G1 X-3.769 Y-14.269 E0.03274
G1 X-3.085 Y-13.495 E0.03221
G1 X-2.363 Y-12.973 E0.02778
G1 X-1.475 Y-12.595 E0.03009
M566 X1800 Y1800
G0 F7200 X-4.912 Y2.158
M566 X1200 Y1200
G1 F3000 X-4.202 Y2.868 E0.03131
M566 X1800 Y1800
G0 F7200 X-3.495 Y2.868
M566 X1200 Y1200
G1 F3000 X-4.912 Y1.45 E0.06251
M566 X1800 Y1800
G0 F7200 X-4.912 Y0.743
M566 X1200 Y1200
G1 F3000 X-4.191 Y1.465 E0.03182
G1 X-4.103 Y1.553
M566 X1800 Y1800
G0 F7200 X-4.599 Y0.35
M566 X1200 Y1200
G1 F3000 X-4.912 Y0.036 E0.01382
M566 X1800 Y1800
G0 F7200 X-4.724 Y-.482
M566 X1200 Y1200
G1 F3000 X-4.912 Y-.67 E0.00829
M566 X1800 Y1800
G0 F7200 X-4.677 Y-1.141
M566 X1200 Y1200
G1 F3000 X-4.912 Y-1.377 E0.01038
M566 X1800 Y1800
G0 F7200 X-4.574 Y-1.745
M566 X1200 Y1200
G1 F3000 X-4.912 Y-2.084 E0.01493
M566 X1800 Y1800
G0 F7200 X-4.401 Y-2.279
M566 X1200 Y1200
G1 F3000 X-4.912 Y-2.791 E0.02256
M566 X1800 Y1800
G0 F7200 X-4.912 Y-3.498
M566 X1200 Y1200
G1 F3000 X-4.185 Y-2.771 E0.03206
M566 X1800 Y1800
G0 F7200 X-3.917 Y-3.21
M566 X1200 Y1200
G1 F3000 X-4.912 Y-4.205 E0.04388
M566 X1800 Y1800
G0 F7200 X-4.912 Y-4.912
M566 X1200 Y1200
G1 F3000 X-3.602 Y-3.602 E0.05777
M566 X1800 Y1800
G0 F7200 X-3.251 Y-3.959
M566 X1200 Y1200
G1 F3000 X-4.912 Y-5.62 E0.07325
M566 X1800 Y1800
G0 F7200 X-4.912 Y-6.327
M566 X1200 Y1200
G1 F3000 X-2.865 Y-4.28 E0.09027
M566 X1800 Y1800
G0 F7200 X-2.429 Y-4.55
M566 X1200 Y1200
G1 F3000 X-4.912 Y-7.034 E0.10952
M566 X1800 Y1800
G0 F7200 X-4.912 Y-7.741
M566 X1200 Y1200
G1 F3000 X-1.957 Y-4.785 E0.13033
M566 X1800 Y1800
G0 F7200 X-1.432 Y-4.968
M566 X1200 Y1200
G1 F3000 X-4.912 Y-8.448 E0.15346
M566 X1800 Y1800
G0 F7200 X-4.912 Y-9.155
M566 X1200 Y1200
G1 F3000 X-.836 Y-5.079 E0.17974
M566 X1800 Y1800
G0 F7200 X-.197 Y-5.147
M566 X1200 Y1200
G1 F3000 X-4.912 Y-9.862 E0.20792
M566 X1800 Y1800
G0 F7200 X-4.912 Y-10.569
M566 X1200 Y1200
G1 F3000 X0.625 Y-5.031 E0.24419
G1 X0.713 Y-4.943
M566 X1800 Y1800
G0 F7200 X1.692 Y-4.671
M566 X1200 Y1200
G1 F3000 X-4.912 Y-11.276 E0.29124
M566 X1800 Y1800
G0 F7200 X-4.912 Y-11.984
M566 X1200 Y1200
G1 F3000 X4.912 Y-2.158 E0.43325
M566 X1800 Y1800
G0 F7200 X4.912 Y-2.865
M566 X1200 Y1200
G1 F3000 X-4.912 Y-12.691 E0.43325
M566 X1800 Y1800
G0 F7200 X-4.912 Y-13.398
M566 X1200 Y1200
G1 F3000 X4.912 Y-3.572 E0.43325
M566 X1800 Y1800
G0 F7200 X4.912 Y-4.279
M566 X1200 Y1200
G1 F3000 X-4.912 Y-14.105 E0.43325
M566 X1800 Y1800
G0 F7200 X-4.912 Y-14.812
M566 X1200 Y1200
G1 F3000 X4.912 Y-4.986 E0.43325
M566 X1800 Y1800
G0 F7200 X4.912 Y-5.693
M566 X1200 Y1200
G1 F3000 X-1.941 Y-12.548 E0.30224
G1 X-2.029 Y-12.636
M566 X1800 Y1800
G0 F7200 X-.96 Y-12.273
M566 X1200 Y1200
G1 F3000 X4.912 Y-6.4 E0.25896
M566 X1800 Y1800
G0 F7200 X4.912 Y-7.107
M566 X1200 Y1200
G1 F3000 X-.194 Y-12.215 E0.2252
M566 X1800 Y1800
G0 F7200 X0.477 Y-12.25
M566 X1200 Y1200
G1 F3000 X4.912 Y-7.814 E0.19559
M566 X1800 Y1800
G0 F7200 X4.912 Y-8.522
M566 X1200 Y1200
G1 F3000 X1.028 Y-12.406 E0.17127
M566 X1800 Y1800
G0 F7200 X1.569 Y-12.573
M566 X1200 Y1200
G1 F3000 X4.912 Y-9.229 E0.14744
M566 X1800 Y1800
G0 F7200 X4.912 Y-9.936
M566 X1200 Y1200
G1 F3000 X2.012 Y-12.836 E0.12788
M566 X1800 Y1800
G0 F7200 X2.451 Y-13.104
M566 X1200 Y1200
G1 F3000 X4.912 Y-10.643 E0.10852
M566 X1800 Y1800
G0 F7200 X4.912 Y-11.35
M566 X1200 Y1200
G1 F3000 X2.818 Y-13.444 E0.09234
M566 X1800 Y1800
G0 F7200 X3.167 Y-13.802
M566 X1200 Y1200
G1 F3000 X4.912 Y-12.057 E0.07695
M566 X1800 Y1800
G0 F7200 X4.912 Y-12.764
M566 X1200 Y1200
G1 F3000 X3.465 Y-14.212 E0.06383
M566 X1800 Y1800
G0 F7200 X3.72 Y-14.663
M566 X1200 Y1200
G1 F3000 X4.912 Y-13.471 E0.05256
M566 X1800 Y1800
G0 F7200 X4.912 Y-14.178
M566 X1200 Y1200
G1 F3000 X3.942 Y-15.149 E0.0428
M566 X1800 Y1800
G0 F7200 X4.095 Y-15.703
M566 X1200 Y1200
G1 F3000 X4.912 Y-14.886 E0.03603
M566 X1800 Y1800
G0 F7200 X4.912 Y-15.593
M566 X1200 Y1200
G1 F3000 X4.186 Y-16.32 E0.03204
M566 X1800 Y1800
G0 F7200 X4.204 Y-17.008
M566 X1200 Y1200
G1 F3000 X4.912 Y-16.3 E0.03122
M566 X1800 Y1800
G0 F7200 X4.912 Y-17.007
M566 X1200 Y1200
G1 F3000 X4.027 Y-17.892 E0.03903
M566 X1800 Y1800
G0 F7200 X4.912 Y-17.714
M566 X1200 Y1200
G1 F3000 X3.461 Y-19.166 E0.06401
G1 X3.373 Y-19.254
M566 X1800 Y1800
G0 F7200 X4.912 Y-19.128
M566 X1200 Y1200
G1 F3000 X-4.912 Y-28.954 E0.43325
M566 X1800 Y1800
G0 F7200 X-4.912 Y-29.661
M566 X1200 Y1200
G1 F3000 X4.912 Y-19.835 E0.43325
M566 X1800 Y1800
G0 F7200 X4.912 Y-20.542
M566 X1200 Y1200
G1 F3000 X-4.912 Y-30.368 E0.43325
M566 X1800 Y1800
G0 F7200 X-4.912 Y-31.075
M566 X1200 Y1200
G1 F3000 X4.912 Y-21.249 E0.43325
M566 X1800 Y1800
G0 F7200 X4.912 Y-21.957
M566 X1200 Y1200
G1 F3000 X-4.912 Y-31.783 E0.43325
M566 X1800 Y1800
G0 F7200 X-4.623 Y-32.2
M566 X1200 Y1200
G1 F3000 X4.912 Y-22.664 E0.42049
M566 X1800 Y1800
G0 F7200 X4.912 Y-23.371
M566 X1200 Y1200
G1 F3000 X-3.915 Y-32.2 E0.38929
M566 X1800 Y1800
G0 F7200 X-3.208 Y-32.2
M566 X1200 Y1200
G1 F3000 X4.912 Y-24.078 E0.35811
M566 X1800 Y1800
G0 F7200 X4.912 Y-24.785
M566 X1200 Y1200
G1 F3000 X-2.501 Y-32.2 E0.32694
M566 X1800 Y1800
G0 F7200 X-1.794 Y-32.2
M566 X1200 Y1200
G1 F3000 X4.912 Y-25.492 E0.29576
M566 X1800 Y1800
G0 F7200 X4.912 Y-26.199
M566 X1200 Y1200
G1 F3000 X-1.087 Y-32.2 E0.26458
M566 X1800 Y1800
G0 F7200 X-.38 Y-32.2
M566 X1200 Y1200
G1 F3000 X4.912 Y-26.906 E0.23341
M566 X1800 Y1800
G0 F7200 X4.912 Y-27.613
M566 X1200 Y1200
G1 F3000 X0.326 Y-32.2 E0.20225
M566 X1800 Y1800
G0 F7200 X1.033 Y-32.2
M566 X1200 Y1200
G1 F3000 X4.912 Y-28.321 E0.17105
M566 X1800 Y1800
G0 F7200 X4.912 Y-29.028
M566 X1200 Y1200
G1 F3000 X1.74 Y-32.2 E0.13988
M566 X1800 Y1800
G0 F7200 X2.448 Y-32.2
M566 X1200 Y1200
G1 F3000 X4.912 Y-29.735 E0.10868
M566 X1800 Y1800
G0 F7200 X4.912 Y-30.442
M566 X1200 Y1200
G1 F3000 X3.155 Y-32.2 E0.0775
M566 X1800 Y1800
G0 F7200 X3.862 Y-32.2
M566 X1200 Y1200
G1 F3000 X4.912 Y-31.149 E0.04632
M566 X1800 Y1800
G0 F7200 X4.912 Y-31.856
M566 X1200 Y1200
G1 F3000 X4.569 Y-32.2 E0.01515
M566 X1800 Y1800
G0 F7200 X-4.912 Y-28.247
M566 X1200 Y1200
G1 F3000 X4.912 Y-18.421 E0.43325
G1 X5 Y-18.333
M566 X1800 Y1800
G0 F7200 X2.342 Y-20.284
M566 X1200 Y1200
G1 F3000 X-4.912 Y-27.54 E0.31992
M566 X1800 Y1800
G0 F7200 X-4.912 Y-26.833
M566 X1200 Y1200
G1 F3000 X0.934 Y-20.986 E0.25781
M566 X1800 Y1800
G0 F7200 X0.101 Y-21.112
M566 X1200 Y1200
G1 F3000 X-4.912 Y-26.126 E0.22108
M566 X1800 Y1800
G0 F7200 X-4.912 Y-25.419
M566 X1200 Y1200
G1 F3000 X-.596 Y-21.102 E0.19035
M566 X1800 Y1800
G0 F7200 X-1.237 Y-21.036
M566 X1200 Y1200
G1 F3000 X-4.912 Y-24.711 E0.16206
M566 X1800 Y1800
G0 F7200 X-4.912 Y-24.004
M566 X1200 Y1200
G1 F3000 X-1.757 Y-20.849 E0.13913
M566 X1800 Y1800
G0 F7200 X-2.274 Y-20.659
M566 X1200 Y1200
G1 F3000 X-4.912 Y-23.297 E0.11633
M566 X1800 Y1800
G0 F7200 X-4.912 Y-22.59
M566 X1200 Y1200
G1 F3000 X-2.703 Y-20.381 E0.09741
M566 X1800 Y1800
G0 F7200 X-3.121 Y-20.091
M566 X1200 Y1200
G1 F3000 X-4.912 Y-21.883 E0.079
M566 X1800 Y1800
G0 F7200 X-4.912 Y-21.176
M566 X1200 Y1200
G1 F3000 X-3.473 Y-19.736 E0.06348
M566 X1800 Y1800
G0 F7200 X-3.804 Y-19.36
M566 X1200 Y1200
G1 F3000 X-4.912 Y-20.469 E0.04888
M566 X1800 Y1800
G0 F7200 X-4.912 Y-19.762
M566 X1200 Y1200
G1 F3000 X-4.086 Y-18.935 E0.03645
M566 X1800 Y1800
G0 F7200 X-4.336 Y-18.478
M566 X1200 Y1200
G1 F3000 X-4.912 Y-19.055 E0.02542
M566 X1800 Y1800
G0 F7200 X-4.912 Y-18.348
M566 X1200 Y1200
G1 F3000 X-4.512 Y-17.947 E0.01766
M566 X1800 Y1800
G0 F7200 X-4.912 Y-17.64
M566 X1200 Y1200
G1 F3000 X-4.668 Y-17.396 E0.01076
M566 X1800 Y1800
G0 F7200 X-4.912 Y-16.933
M566 X1200 Y1200
G1 F3000 X-4.698 Y-16.719 E0.00944
M566 X1800 Y1800
G0 F7200 X-4.912 Y-16.226
M566 X1200 Y1200
G1 F3000 X-4.664 Y-15.977 E0.01096
M566 X1800 Y1800
G0 F7200 X-4.912 Y-15.519
M566 X1200 Y1200
G1 F3000 X-4.402 Y-15.009 E0.02249
M566 X1800 Y1800
G0 F7200 X3.743 Y-2.62
M566 X1200 Y1200
G1 F3000 X4.912 Y-1.45 E0.05157
M566 X1800 Y1800
G0 F7200 X4.912 Y-.743
M566 X1200 Y1200
G1 F3000 X4.106 Y-1.55 E0.03556
M566 X1800 Y1800
G0 F7200 X4.205 Y-.744
M566 X1200 Y1200
G1 F3000 X4.912 Y-0.036 E0.0312
M566 X1800 Y1800
G0 F7200 X4.912 Y0.67
M566 X1200 Y1200
G1 F3000 X4.17 Y-0.072 E0.03272
M566 X1800 Y1800
G0 F7200 X4.038 Y0.503
M566 X1200 Y1200
G1 F3000 X4.912 Y1.377 E0.03854
M566 X1800 Y1800
G0 F7200 X4.912 Y2.084
M566 X1200 Y1200
G1 F3000 X3.88 Y1.052 E0.04551
M566 X1800 Y1800
G0 F7200 X3.626 Y1.505
M566 X1200 Y1200
G1 F3000 X4.912 Y2.791 E0.05671
M566 X1800 Y1800
G0 F7200 X4.282 Y2.868
M566 X1200 Y1200
G1 F3000 X3.368 Y1.954 E0.0403
M566 X1800 Y1800
G0 F7200 X3.037 Y2.329
M566 X1200 Y1200
G1 F3000 X3.575 Y2.868 E0.02375
M566 X1800 Y1800
G0 F7200 X2.868 Y2.868
M566 X1200 Y1200
G1 F3000 X2.687 Y2.687 E0.00798
M566 X1800 Y1800
;MESH:NONMESH
G0 F600 X2.687 Y2.687 Z2.35
G0 F7200 X1.315 Y2.752
;TIME_ELAPSED:361.396527
;LAYER:13
M566 X1200 Y1200
;TYPE:WALL-INNER
;MESH:Roborama2026-Lasermount.3mf
G1 F6000 X2.095 Y2.275 E0.02851
G1 X2.747 Y1.604 E0.02917
G1 X3.213 Y0.795 E0.02911
G1 X3.469 Y-.108 E0.02927
G1 X3.487 Y-1.059 E0.02966
G1 X3.32 Y-1.836 E0.02478
G1 X2.935 Y-2.661 E0.02839
G1 X2.37 Y-3.363 E0.0281
G1 X1.626 Y-3.925 E0.02907
G1 X0.762 Y-4.291 E0.02926
G1 X-.193 Y-4.428 E0.03008
G1 X-1.082 Y-4.333 E0.02788
G1 X-1.85 Y-4.069 E0.02532
G1 X-2.602 Y-3.604 E0.02757
G1 X-3.256 Y-2.933 E0.02922
G1 X-3.73 Y-2.097 E0.02997
G1 X-3.973 Y-1.223 E0.02829
G1 X-3.995 Y-.288 E0.02916
G1 X-3.786 Y0.623 E0.02914
G1 X-3.36 Y1.453 E0.02909
G1 X-2.755 Y2.14 E0.02854
G1 X-2.114 Y2.601 E0.02462
G1 X-1.271 Y2.955 E0.02851
G1 X-.345 Y3.095 E0.0292
G1 X0.567 Y3.003 E0.02858
G1 X1.315 Y2.752 E0.0246
M566 X1800 Y1800
G0 F7200 X-.345 Y3.584
M566 X1200 Y1200
G1 F6000 X-5.778 Y3.584 E0.16941
G1 X-5.778 Y-32.916 E1.13812
G1 X5.778 Y-32.916 E0.36033
G1 X5.778 Y3.584 E1.13812
G1 X-.345 Y3.584 E0.19092
M566 X1800 Y1800
G0 F7200 X-2.561 Y0.907
G0 X-2.877 Y0.29
G0 X-3.032 Y-.386
G0 X-.353 Y-12.905
M566 X1200 Y1200
G1 F6000 X0.563 Y-12.997 E0.02871
G1 X1.312 Y-13.248 E0.02463
G1 X2.095 Y-13.725 E0.02859
G1 X2.75 Y-14.401 E0.02935
G1 X3.224 Y-15.236 E0.02994
G1 X3.466 Y-16.108 E0.02822
G1 X3.489 Y-17.04 E0.02907
G1 X3.28 Y-17.955 E0.02927
G1 X2.853 Y-18.786 E0.02913
G1 X2.25 Y-19.472 E0.02848
G1 X1.608 Y-19.933 E0.02464
G1 X0.768 Y-20.288 E0.02844
G1 X-.161 Y-20.428 E0.02929
G1 X-1.095 Y-20.333 E0.02927
G1 X-1.987 Y-20.003 E0.02966
G1 X-2.643 Y-19.566 E0.02458
G1 X-3.256 Y-18.933 E0.02748
G1 X-3.722 Y-18.12 E0.02922
G1 X-3.977 Y-17.195 E0.02992
G1 X-3.993 Y-16.254 E0.02935
G1 X-3.786 Y-15.374 E0.02819
G1 X-3.36 Y-14.547 E0.02901
G1 X-2.755 Y-13.86 E0.02854
G1 X-2.117 Y-13.402 E0.02449
G1 X-1.307 Y-13.056 E0.02746
G1 X-.353 Y-12.905 E0.03012
M566 X1800 Y1800
G0 F7200 X-.339 Y-13.409
M566 X1200 Y1200
G1 F6000 X0.457 Y-13.489 E0.02495
G1 X1.1 Y-13.704 E0.02114
G1 X1.78 Y-14.119 E0.02484
G1 X2.347 Y-14.703 E0.02538
G1 X2.759 Y-15.429 E0.02603
G1 X2.968 Y-16.182 E0.02437
G1 X2.988 Y-16.99 E0.0252
G1 X2.807 Y-17.782 E0.02533
G1 X2.437 Y-18.502 E0.02524
G1 X1.912 Y-19.099 E0.02479
G1 X1.362 Y-19.494 E0.02111
G1 X0.631 Y-19.803 E0.02475
G1 X-.173 Y-19.924 E0.02535
G1 X-.981 Y-19.842 E0.02532
G1 X-1.759 Y-19.554 E0.02587
G1 X-2.321 Y-19.18 E0.02105
G1 X-2.853 Y-18.63 E0.02386
G1 X-3.257 Y-17.926 E0.02531
G1 X-3.478 Y-17.123 E0.02597
G1 X-3.492 Y-16.308 E0.02542
G1 X-3.313 Y-15.548 E0.02435
G1 X-2.944 Y-14.831 E0.02514
G1 X-2.417 Y-14.233 E0.02485
G1 X-1.87 Y-13.84 E0.021
G1 X-1.168 Y-13.54 E0.0238
G1 X-.339 Y-13.409 E0.02617
M566 X1800 Y1800
G0 F7200 X-.202 Y-3.924
M566 X1200 Y1200
G1 F6000 X-.973 Y-3.842 E0.02418
G1 X-1.635 Y-3.614 E0.02183
G1 X-2.287 Y-3.211 E0.0239
G1 X-2.853 Y-2.63 E0.02529
G1 X-3.265 Y-1.904 E0.02603
G1 X-3.475 Y-1.149 E0.02444
G1 X-3.494 Y-.339 E0.02526
G1 X-3.313 Y0.45 E0.02524
G1 X-2.944 Y1.169 E0.0252
G1 X-2.417 Y1.767 E0.02485
G1 X-1.868 Y2.162 E0.02109
G1 X-1.135 Y2.47 E0.02479
G1 X-.333 Y2.591 E0.02529
G1 X0.461 Y2.511 E0.02488
G1 X1.102 Y2.296 E0.02108
G1 X1.78 Y1.881 E0.02479
G1 X2.345 Y1.3 E0.02527
G1 X2.749 Y0.599 E0.02523
G1 X2.97 Y-.182 E0.02531
G1 X2.986 Y-1.011 E0.02585
G1 X2.843 Y-1.676 E0.02121
G1 X2.508 Y-2.395 E0.02473
G1 X2.019 Y-3.001 E0.02428
G1 X1.374 Y-3.489 E0.02522
G1 X0.627 Y-3.805 E0.02529
G1 X-.202 Y-3.924 E0.02611
M566 X1800 Y1800
G0 F7200 X-1.997 Y-2.849
G0 X-6.278 Y4.084
M566 X1200 Y1200
G1 F6000 X-6.278 Y-33.416 E1.1693
G1 X6.278 Y-33.416 E0.39151
G1 X6.278 Y4.084 E1.1693
G1 X-6.278 Y4.084 E0.39151
M566 X1800 Y1800
G0 F7200 X-6.778 Y4.584
M566 X1200 Y1200
G1 F6000 X-6.778 Y-33.916 E1.20048
G1 X6.778 Y-33.916 E0.42269
G1 X6.778 Y4.584 E1.20048
G1 X-6.778 Y4.584 E0.42269
M566 X1800 Y1800
G0 F7200 X-6.708 Y4.514
G0 X-2.61 Y0.941
G0 X-2.528 Y0.885
M566 X1200 Y1200
G1 F6000 X-2.079 Y1.394 E0.02116
G1 X-1.622 Y1.723 E0.01756
G1 X-.999 Y1.985 E0.02107
G1 X-.321 Y2.087 E0.02138
G1 X0.355 Y2.019 E0.02118
G1 X0.889 Y1.84 E0.01756
G1 X1.465 Y1.487 E0.02106
G1 X1.943 Y0.996 E0.02137
G1 X2.285 Y0.403 E0.02135
G1 X2.471 Y-.256 E0.02135
G1 X2.485 Y-.963 E0.02205
G1 X2.366 Y-1.516 E0.01764
G1 X2.081 Y-2.128 E0.02105
G1 X1.668 Y-2.639 E0.02049
G1 X1.122 Y-3.053 E0.02137
G1 X0.492 Y-3.319 E0.02132
G1 X-.211 Y-3.42 E0.02215
G1 X-.864 Y-3.351 E0.02047
G1 X-1.419 Y-3.159 E0.01831
G1 X-1.972 Y-2.818 E0.02026
G1 X-2.45 Y-2.327 E0.02137
G1 X-2.8 Y-1.711 E0.02209
G1 X-2.977 Y-1.075 E0.02059
G1 X-2.993 Y-.39 E0.02137
G1 X-2.84 Y0.277 E0.02134
G1 X-2.528 Y0.885 E0.02131
M566 X1800 Y1800
G0 F7200 X-2.61 Y0.941
G0 X-2.877 Y0.29
G0 X-3.032 Y-.386
G0 X-1.056 Y-13.928
G0 X-1.029 Y-14.024
M566 X1200 Y1200
G1 F6000 X-.325 Y-13.913 E0.02222
G1 X0.352 Y-13.981 E0.02122
G1 X0.888 Y-14.16 E0.01762
G1 X1.465 Y-14.513 E0.02109
G1 X1.944 Y-15.006 E0.02143
G1 X2.294 Y-15.622 E0.02209
G1 X2.47 Y-16.256 E0.02052
G1 X2.487 Y-16.94 E0.02133
G1 X2.334 Y-17.609 E0.0214
G1 X2.021 Y-18.218 E0.02135
G1 X1.574 Y-18.726 E0.0211
G1 X1.116 Y-19.055 E0.01758
G1 X0.494 Y-19.318 E0.02106
G1 X-.185 Y-19.42 E0.02141
G1 X-.867 Y-19.351 E0.02137
G1 X-1.531 Y-19.105 E0.02208
G1 X-1.999 Y-18.794 E0.01752
G1 X-2.45 Y-18.327 E0.02024
G1 X-2.792 Y-17.732 E0.0214
G1 X-2.979 Y-17.051 E0.02202
G1 X-2.991 Y-16.362 E0.02149
G1 X-2.84 Y-15.722 E0.0205
G1 X-2.528 Y-15.115 E0.02128
G1 X-2.079 Y-14.606 E0.02116
G1 X-1.623 Y-14.278 E0.01751
G1 X-1.029 Y-14.024 E0.02014
M566 X1800 Y1800
G0 F7200 X-.89 Y-14.508
M566 X1200 Y1200
;TYPE:WALL-OUTER
G1 F3000 X-.311 Y-14.417 E0.01828
G1 X0.247 Y-14.473 E0.01749
G1 X0.675 Y-14.616 E0.01407
G1 X1.15 Y-14.907 E0.01737
G1 X1.541 Y-15.309 E0.01749
G1 X1.829 Y-15.815 E0.01815
G1 X1.972 Y-16.33 E0.01667
G1 X1.986 Y-16.89 E0.01747
G1 X1.861 Y-17.436 E0.01747
G1 X1.605 Y-17.934 E0.01746
G1 X1.236 Y-18.353 E0.01741
G1 X0.87 Y-18.616 E0.01405
G1 X0.357 Y-18.833 E0.01737
G1 X-.197 Y-18.916 E0.01747
G1 X-.753 Y-18.86 E0.01742
G1 X-1.303 Y-18.656 E0.01829
G1 X-1.677 Y-18.408 E0.01399
G1 X-2.047 Y-18.024 E0.01663
G1 X-2.327 Y-17.538 E0.01749
G1 X-2.48 Y-16.979 E0.01807
G1 X-2.49 Y-16.416 E0.01756
G1 X-2.367 Y-15.896 E0.01666
G1 X-2.112 Y-15.399 E0.01742
G1 X-1.741 Y-14.979 E0.01747
G1 X-1.376 Y-14.716 E0.01403
G1 X-.89 Y-14.508 E0.01648
M566 X1800 Y1800
G0 F7200 X-.643 Y-14.47
G0 X-.736 Y-13.878
G0 X-.135 Y-3.51
G0 X-.221 Y-2.916
M566 X1200 Y1200
G1 F3000 X-.755 Y-2.86 E0.01674
G1 X-1.203 Y-2.705 E0.01478
G1 X-1.657 Y-2.425 E0.01663
G1 X-2.047 Y-2.024 E0.01744
G1 X-2.335 Y-1.517 E0.01818
G1 X-2.479 Y-1.001 E0.0167
G1 X-2.492 Y-.441 E0.01747
G1 X-2.367 Y0.104 E0.01744
G1 X-2.112 Y0.601 E0.01742
G1 X-1.741 Y1.021 E0.01747
G1 X-1.376 Y1.284 E0.01403
G1 X-.863 Y1.5 E0.01736
G1 X-.309 Y1.583 E0.01747
G1 X0.249 Y1.527 E0.01749
G1 X0.676 Y1.384 E0.01404
G1 X1.15 Y1.093 E0.01734
G1 X1.541 Y0.692 E0.01746
G1 X1.821 Y0.207 E0.01746
G1 X1.972 Y-.33 E0.01739
G1 X1.984 Y-.915 E0.01824
G1 X1.889 Y-1.356 E0.01407
G1 X1.654 Y-1.861 E0.01737
G1 X1.317 Y-2.277 E0.01669
G1 X0.87 Y-2.617 E0.01751
G1 X0.357 Y-2.833 E0.01736
G1 X-.221 Y-2.916 E0.01821
M566 X1800 Y1800
G0 F7200 X-.47 Y-2.89
G0 X-.532 Y-3.487
G0 X-1.436 Y-3.195
G0 X-1.997 Y-2.849
G0 X-6.708 Y4.514
G0 X-7.278 Y5.084
M566 X1200 Y1200
G1 F3000 X-7.278 Y-34.416 E1.23166
G1 X7.278 Y-34.416 E0.45388
G1 X7.278 Y5.084 E1.23166
G1 X-7.278 Y5.084 E0.45388
M566 X1800 Y1800
G0 F7200 X-7.278 Y4.834
G0 X-6.708 Y4.514
G0 X-5.288 Y3.094
M566 X1200 Y1200
;TYPE:SKIN
G1 F3000 X-5.288 Y-32.426 E1.10756
G1 X5.288 Y-32.426 E0.32977
G1 X5.288 Y3.094 E1.10756
G1 X1.695 Y3.094 E0.11203
G1 X2.403 Y2.661 E0.02588
G1 X3.141 Y1.902 E0.03301
G1 X3.668 Y0.987 E0.03292
G1 X3.957 Y-0.035 E0.03312
G1 X3.979 Y-1.106 E0.0334
G1 X3.787 Y-1.993 E0.0283
G1 X3.354 Y-2.922 E0.03196
G1 X2.713 Y-3.718 E0.03187
G1 X1.873 Y-4.352 E0.03282
G1 X0.895 Y-4.767 E0.03313
G1 X-.184 Y-4.922 E0.03399
G1 X-1.189 Y-4.815 E0.03151
G1 X-2.061 Y-4.514 E0.02876
G1 X-2.911 Y-3.989 E0.03115
G1 X-3.651 Y-3.229 E0.03308
G1 X-4.186 Y-2.287 E0.03378
G1 X-4.461 Y-1.295 E0.0321
G1 X-4.487 Y-.239 E0.03294
G1 X-4.25 Y0.792 E0.03299
G1 X-3.768 Y1.731 E0.03291
G1 X-3.086 Y2.505 E0.03217
G1 X-2.355 Y3.032 E0.0281
G1 X-2.207 Y3.094 E0.005
G1 X-5.288 Y3.094 E0.09607
M566 X1800 Y1800
G0 F7200 X-1.444 Y-12.582
M566 X1200 Y1200
G1 F3000 X-.367 Y-12.411 E0.034
G1 X0.667 Y-12.515 E0.0324
G1 X1.52 Y-12.801 E0.02805
G1 X2.403 Y-13.339 E0.03224
G1 X3.146 Y-14.105 E0.03328
G1 X3.68 Y-15.046 E0.03374
G1 X3.954 Y-16.035 E0.032
G1 X3.981 Y-17.089 E0.03288
G1 X3.744 Y-18.124 E0.03311
G1 X3.261 Y-19.064 E0.03295
G1 X2.581 Y-19.837 E0.0321
G1 X1.849 Y-20.363 E0.02811
G1 X0.902 Y-20.764 E0.03207
G1 X-.149 Y-20.922 E0.03314
G1 X-1.207 Y-20.814 E0.03316
G1 X-2.211 Y-20.442 E0.03339
G1 X-2.959 Y-19.944 E0.02802
G1 X-3.65 Y-19.229 E0.031
G1 X-4.178 Y-18.31 E0.03305
G1 X-4.465 Y-17.265 E0.03379
G1 X-4.483 Y-16.201 E0.03318
G1 X-4.249 Y-15.203 E0.03196
G1 X-3.768 Y-14.269 E0.03276
G1 X-3.086 Y-13.494 E0.03219
G1 X-2.358 Y-12.973 E0.02791
G1 X-1.444 Y-12.582 E0.031
M566 X1800 Y1800
G0 F7200 X4.909 Y2.868
M566 X1200 Y1200
G1 F3000 X5.062 Y2.715 E0.00675
M566 X1800 Y1800
G0 F7200 X5.062 Y2.008
M566 X1200 Y1200
G1 F3000 X4.202 Y2.868 E0.03792
M566 X1800 Y1800
G0 F7200 X3.495 Y2.868
M566 X1200 Y1200
G1 F3000 X5.062 Y1.301 E0.0691
M566 X1800 Y1800
G0 F7200 X5.062 Y0.594
M566 X1200 Y1200
G1 F3000 X2.788 Y2.868 E0.10028
G1 X2.7 Y2.956
M566 X1800 Y1800
G0 F7200 X3.877 Y1.072
M566 X1200 Y1200
G1 F3000 X5.062 Y-.112 E0.05223
M566 X1800 Y1800
G0 F7200 X5.062 Y-.819
M566 X1200 Y1200
G1 F3000 X4.154 Y0.088 E0.04002
M566 X1800 Y1800
G0 F7200 X4.194 Y-.659
M566 X1200 Y1200
G1 F3000 X5.062 Y-1.526 E0.03825
M566 X1800 Y1800
G0 F7200 X5.062 Y-2.233
M566 X1200 Y1200
G1 F3000 X4.16 Y-1.332 E0.03975
M566 X1800 Y1800
G0 F7200 X4.034 Y-1.912
M566 X1200 Y1200
G1 F3000 X5.062 Y-2.94 E0.04533
M566 X1800 Y1800
G0 F7200 X5.062 Y-3.647
M566 X1200 Y1200
G1 F3000 X3.834 Y-2.42 E0.05413
M566 X1800 Y1800
G0 F7200 X3.61 Y-2.903
M566 X1200 Y1200
G1 F3000 X5.062 Y-4.355 E0.06403
M566 X1800 Y1800
G0 F7200 X5.062 Y-5.062
M566 X1200 Y1200
G1 F3000 X3.321 Y-3.321 E0.07677
M566 X1800 Y1800
G0 F7200 X3.005 Y-3.713
M566 X1200 Y1200
G1 F3000 X5.062 Y-5.769 E0.09069
M566 X1800 Y1800
G0 F7200 X5.062 Y-6.476
M566 X1200 Y1200
G1 F3000 X2.638 Y-4.053 E0.10687
M566 X1800 Y1800
G0 F7200 X2.236 Y-4.357
M566 X1200 Y1200
G1 F3000 X5.062 Y-7.183 E0.12462
M566 X1800 Y1800
G0 F7200 X5.062 Y-7.89
M566 X1200 Y1200
G1 F3000 X1.798 Y-4.626 E0.14393
M566 X1800 Y1800
G0 F7200 X1.301 Y-4.837
M566 X1200 Y1200
G1 F3000 X5.062 Y-8.597 E0.16583
M566 X1800 Y1800
G0 F7200 X5.062 Y-9.304
M566 X1200 Y1200
G1 F3000 X0.768 Y-5.011 E0.18933
M566 X1800 Y1800
G0 F7200 X0.15 Y-5.1
M566 X1200 Y1200
G1 F3000 X5.062 Y-10.011 E0.21658
M566 X1800 Y1800
G0 F7200 X5.062 Y-10.719
M566 X1200 Y1200
G1 F3000 X-.548 Y-5.108 E0.24741
M566 X1800 Y1800
G0 F7200 X-1.376 Y-4.987
M566 X1200 Y1200
G1 F3000 X5.062 Y-11.426 E0.28392
M566 X1800 Y1800
G0 F7200 X5.062 Y-12.133
M566 X1200 Y1200
G1 F3000 X-2.667 Y-4.403 E0.34085
G1 X-2.755 Y-4.315
M566 X1800 Y1800
G0 F7200 X-3.997 Y-3.073
M566 X1200 Y1200
G1 F3000 X-5.062 Y-2.008 E0.04696
M566 X1800 Y1800
G0 F7200 X-4.55 Y-1.813
M566 X1200 Y1200
G1 F3000 X-5.062 Y-1.301 E0.02258
M566 X1800 Y1800
G0 F7200 X-4.693 Y-.963
M566 X1200 Y1200
G1 F3000 X-5.062 Y-.594 E0.01627
M566 X1800 Y1800
G0 F7200 X-4.712 Y-.237
M566 X1200 Y1200
G1 F3000 X-5.062 Y0.112 E0.01541
M566 X1800 Y1800
G0 F7200 X-4.584 Y0.342
M566 X1200 Y1200
G1 F3000 X-5.062 Y0.819 E0.02106
M566 X1800 Y1800
G0 F7200 X-4.443 Y0.907
M566 X1200 Y1200
G1 F3000 X-5.062 Y1.526 E0.0273
M566 X1800 Y1800
G0 F7200 X-5.062 Y2.233
M566 X1200 Y1200
G1 F3000 X-4.203 Y1.375 E0.03786
M566 X1800 Y1800
G0 F7200 X-3.964 Y1.842
M566 X1200 Y1200
G1 F3000 X-4.99 Y2.868 E0.04524
M566 X1800 Y1800
G0 F7200 X-4.282 Y2.868
M566 X1200 Y1200
G1 F3000 X-3.635 Y2.221 E0.02853
M566 X1800 Y1800
G0 F7200 X-3.304 Y2.597
M566 X1200 Y1200
G1 F3000 X-3.575 Y2.868 E0.01195
M566 X1800 Y1800
G0 F7200 X-5.062 Y-2.715
M566 X1200 Y1200
G1 F3000 X5.062 Y-12.84 E0.44646
M566 X1800 Y1800
G0 F7200 X5.062 Y-13.547
M566 X1200 Y1200
G1 F3000 X-5.062 Y-3.423 E0.44644
M566 X1800 Y1800
G0 F7200 X-5.062 Y-4.13
M566 X1200 Y1200
G1 F3000 X5.062 Y-14.254 E0.44644
M566 X1800 Y1800
G0 F7200 X5.062 Y-14.961
M566 X1200 Y1200
G1 F3000 X-5.062 Y-4.837 E0.44644
M566 X1800 Y1800
G0 F7200 X-5.062 Y-5.544
M566 X1200 Y1200
G1 F3000 X5.062 Y-15.668 E0.44644
M566 X1800 Y1800
G0 F7200 X5.062 Y-16.375
M566 X1200 Y1200
G1 F3000 X3.984 Y-15.298 E0.04751
M566 X1800 Y1800
G0 F7200 X4.183 Y-16.204
M566 X1200 Y1200
G1 F3000 X5.062 Y-17.082 E0.03874
M566 X1800 Y1800
G0 F7200 X5.062 Y-17.79
M566 X1200 Y1200
G1 F3000 X4.203 Y-16.93 E0.0379
M566 X1800 Y1800
G0 F7200 X4.108 Y-17.544
M566 X1200 Y1200
G1 F3000 X5.062 Y-18.497 E0.04205
M566 X1800 Y1800
G0 F7200 X5.062 Y-19.204
M566 X1200 Y1200
G1 F3000 X3.976 Y-18.118 E0.04789
M566 X1800 Y1800
G0 F7200 X3.751 Y-18.601
M566 X1200 Y1200
G1 F3000 X5.062 Y-19.911 E0.05779
M566 X1800 Y1800
G0 F7200 X5.062 Y-20.618
M566 X1200 Y1200
G1 F3000 X3.512 Y-19.068 E0.06835
M566 X1800 Y1800
G0 F7200 X3.204 Y-19.468
M566 X1200 Y1200
G1 F3000 X5.062 Y-21.325 E0.08191
M566 X1800 Y1800
G0 F7200 X5.062 Y-22.032
M566 X1200 Y1200
G1 F3000 X2.873 Y-19.844 E0.09651
M566 X1800 Y1800
G0 F7200 X2.496 Y-20.173
M566 X1200 Y1200
G1 F3000 X5.062 Y-22.739 E0.11315
M566 X1800 Y1800
G0 F7200 X5.062 Y-23.446
M566 X1200 Y1200
G1 F3000 X2.084 Y-20.469 E0.1313
M566 X1800 Y1800
G0 F7200 X1.613 Y-20.705
M566 X1200 Y1200
G1 F3000 X5.062 Y-24.154 E0.15209
M566 X1800 Y1800
G0 F7200 X5.062 Y-24.861
M566 X1200 Y1200
G1 F3000 X1.117 Y-20.916 E0.17396
M566 X1800 Y1800
G0 F7200 X0.538 Y-21.044
M566 X1200 Y1200
G1 F3000 X5.062 Y-25.568 E0.1995
M566 X1800 Y1800
G0 F7200 X5.062 Y-26.275
M566 X1200 Y1200
G1 F3000 X-0.075 Y-21.137 E0.22655
M566 X1800 Y1800
G0 F7200 X-.844 Y-21.076
M566 X1200 Y1200
G1 F3000 X5.062 Y-26.982 E0.26044
M566 X1800 Y1800
G0 F7200 X5.062 Y-27.689
M566 X1200 Y1200
G1 F3000 X-1.79 Y-20.837 E0.30215
G1 X-1.878 Y-20.749
M566 X1800 Y1800
G0 F7200 X-5.062 Y-21.1
M566 X1200 Y1200
G1 F3000 X5.062 Y-31.225 E0.44646
M566 X1800 Y1800
G0 F7200 X5.062 Y-31.932
M566 X1200 Y1200
G1 F3000 X-5.062 Y-21.807 E0.44646
M566 X1800 Y1800
G0 F7200 X-5.062 Y-22.514
M566 X1200 Y1200
G1 F3000 X4.623 Y-32.2 E0.4271
M566 X1800 Y1800
G0 F7200 X3.915 Y-32.2
M566 X1200 Y1200
G1 F3000 X-5.062 Y-23.222 E0.39588
M566 X1800 Y1800
G0 F7200 X-5.062 Y-23.929
M566 X1200 Y1200
G1 F3000 X3.208 Y-32.2 E0.36471
M566 X1800 Y1800
G0 F7200 X2.501 Y-32.2
M566 X1200 Y1200
G1 F3000 X-5.062 Y-24.636 E0.33353
M566 X1800 Y1800
G0 F7200 X-5.062 Y-25.343
M566 X1200 Y1200
G1 F3000 X1.794 Y-32.2 E0.30235
M566 X1800 Y1800
G0 F7200 X1.087 Y-32.2
M566 X1200 Y1200
G1 F3000 X-5.062 Y-26.05 E0.27118
M566 X1800 Y1800
G0 F7200 X-5.062 Y-26.757
M566 X1200 Y1200
G1 F3000 X0.38 Y-32.2 E0.24
M566 X1800 Y1800
G0 F7200 X-.326 Y-32.2
M566 X1200 Y1200
G1 F3000 X-5.062 Y-27.464 E0.20884
M566 X1800 Y1800
G0 F7200 X-5.062 Y-28.171
M566 X1200 Y1200
G1 F3000 X-1.033 Y-32.2 E0.17767
M566 X1800 Y1800
G0 F7200 X-1.74 Y-32.2
M566 X1200 Y1200
G1 F3000 X-5.062 Y-28.878 E0.14649
M566 X1800 Y1800
G0 F7200 X-5.062 Y-29.586
M566 X1200 Y1200
G1 F3000 X-2.448 Y-32.2 E0.11527
M566 X1800 Y1800
G0 F7200 X-3.155 Y-32.2
M566 X1200 Y1200
G1 F3000 X-5.062 Y-30.293 E0.08409
M566 X1800 Y1800
G0 F7200 X-5.062 Y-31
M566 X1200 Y1200
G1 F3000 X-3.862 Y-32.2 E0.05292
M566 X1800 Y1800
G0 F7200 X-4.569 Y-32.2
M566 X1200 Y1200
G1 F3000 X-5.062 Y-31.707 E0.02174
M566 X1800 Y1800
G0 F7200 X5.062 Y-30.518
M566 X1200 Y1200
G1 F3000 X-5.062 Y-20.393 E0.44646
M566 X1800 Y1800
G0 F7200 X-5.062 Y-19.686
M566 X1200 Y1200
G1 F3000 X5.062 Y-29.81 E0.44644
M566 X1800 Y1800
G0 F7200 X5.062 Y-29.103
M566 X1200 Y1200
G1 F3000 X-5.062 Y-18.979 E0.44644
M566 X1800 Y1800
G0 F7200 X-5.062 Y-18.272
M566 X1200 Y1200
G1 F3000 X5.062 Y-28.396 E0.44644
G1 X5.15 Y-28.484
M566 X1800 Y1800
G0 F7200 X-4.447 Y-18.179
M566 X1200 Y1200
G1 F3000 X-5.062 Y-17.565 E0.0271
M566 X1800 Y1800
G0 F7200 X-4.69 Y-17.23
M566 X1200 Y1200
G1 F3000 X-5.062 Y-16.858 E0.0164
M566 X1800 Y1800
G0 F7200 X-4.702 Y-16.51
M566 X1200 Y1200
G1 F3000 X-5.062 Y-16.151 E0.01585
M566 X1800 Y1800
G0 F7200 X-4.637 Y-15.868
M566 X1200 Y1200
G1 F3000 X-5.062 Y-15.443 E0.01874
M566 X1800 Y1800
G0 F7200 X-4.502 Y-15.296
M566 X1200 Y1200
G1 F3000 X-5.062 Y-14.736 E0.02469
M566 X1800 Y1800
G0 F7200 X-5.062 Y-14.029
M566 X1200 Y1200
G1 F3000 X-4.294 Y-14.797 E0.03387
M566 X1800 Y1800
G0 F7200 X-4.053 Y-14.33
M566 X1200 Y1200
G1 F3000 X-5.062 Y-13.322 E0.04447
M566 X1800 Y1800
G0 F7200 X-5.062 Y-12.615
M566 X1200 Y1200
G1 F3000 X-3.759 Y-13.917 E0.05744
M566 X1800 Y1800
G0 F7200 X-3.428 Y-13.541
M566 X1200 Y1200
G1 F3000 X-5.062 Y-11.908 E0.07203
M566 X1800 Y1800
G0 F7200 X-5.062 Y-11.201
M566 X1200 Y1200
G1 F3000 X-3.063 Y-13.2 E0.08815
M566 X1800 Y1800
G0 F7200 X-2.65 Y-12.906
M566 X1200 Y1200
G1 F3000 X-5.062 Y-10.494 E0.10636
M566 X1800 Y1800
G0 F7200 X-5.062 Y-9.787
M566 X1200 Y1200
G1 F3000 X-2.192 Y-12.657 E0.12656
M566 X1800 Y1800
G0 F7200 X-1.696 Y-12.445
M566 X1200 Y1200
G1 F3000 X-5.062 Y-9.079 E0.14843
M566 X1800 Y1800
G0 F7200 X-5.062 Y-8.372
M566 X1200 Y1200
G1 F3000 X-1.13 Y-12.304 E0.17339
M566 X1800 Y1800
G0 F7200 X-.52 Y-12.207
M566 X1200 Y1200
G1 F3000 X-5.062 Y-7.665 E0.20029
M566 X1800 Y1800
G0 F7200 X-5.062 Y-6.958
M566 X1200 Y1200
G1 F3000 X0.223 Y-12.244 E0.23308
M566 X1800 Y1800
G0 F7200 X1.114 Y-12.428
M566 X1200 Y1200
G1 F3000 X-5.062 Y-6.251 E0.27237
G1 X-5.15 Y-6.163
M566 X1800 Y1800
;MESH:NONMESH
G0 F600 X-5.15 Y-6.163 Z2.5
G0 F7200 X-2.877 Y0.29
G0 X-2.561 Y0.907
G0 X-2.105 Y1.423
G0 X-1.284 Y1.907
G0 X1.463 Y2.679
;TIME_ELAPSED:385.084683
;LAYER:14
M566 X1200 Y1200
;TYPE:WALL-INNER
;MESH:Roborama2026-Lasermount.3mf
G1 F6000 X2.235 Y2.154 E0.02911
G1 X2.853 Y1.453 E0.02914
G1 X3.28 Y0.623 E0.0291
G1 X3.489 Y-.295 E0.02936
G1 X3.466 Y-1.225 E0.02901
G1 X3.23 Y-2.081 E0.02769
G1 X2.844 Y-2.799 E0.02542
G1 X2.25 Y-3.472 E0.02799
G1 X1.608 Y-3.934 E0.02466
G1 X0.762 Y-4.291 E0.02863
G1 X-.186 Y-4.428 E0.02987
G1 X-1.078 Y-4.333 E0.02797
G1 X-1.843 Y-4.074 E0.02518
G1 X-2.602 Y-3.604 E0.02784
G1 X-3.237 Y-2.952 E0.02838
G1 X-3.652 Y-2.278 E0.02468
G1 X-3.943 Y-1.389 E0.02917
G1 X-4.01 Y-.473 E0.02864
G1 X-3.84 Y0.469 E0.02985
G1 X-3.461 Y1.3 E0.02848
G1 X-2.861 Y2.043 E0.02978
G1 X-2.13 Y2.594 E0.02854
G1 X-1.271 Y2.955 E0.02905
G1 X-.345 Y3.095 E0.0292
G1 X0.587 Y3 E0.02921
G1 X1.463 Y2.679 E0.02909
M566 X1800 Y1800
G0 F7200 X-.345 Y3.584
M566 X1200 Y1200
G1 F6000 X-5.928 Y3.584 E0.17409
G1 X-5.928 Y-32.916 E1.13812
G1 X5.928 Y-32.916 E0.36969
G1 X5.928 Y3.584 E1.13812
G1 X-.345 Y3.584 E0.1956
M566 X1800 Y1800
G0 F7200 X2.054 Y0.907
G0 X2.371 Y0.29
G0 X2.526 Y-.392
G0 X0.027 Y-12.914
M566 X1200 Y1200
G1 F6000 X0.946 Y-13.1 E0.02924
G1 X1.789 Y-13.508 E0.0292
G1 X2.505 Y-14.107 E0.02911
G1 X3.052 Y-14.868 E0.02922
G1 X3.391 Y-15.737 E0.02909
G1 X3.509 Y-16.663 E0.02911
G1 X3.391 Y-17.594 E0.02926
G1 X3.048 Y-18.47 E0.02933
G1 X2.486 Y-19.243 E0.0298
G1 X1.784 Y-19.832 E0.02857
G1 X0.921 Y-20.238 E0.02974
G1 X0.104 Y-20.401 E0.02598
G1 X-.233 Y-20.419 E0.01052
G1 X-1.092 Y-20.333 E0.02692
G1 X-1.992 Y-20.001 E0.02991
G1 X-2.747 Y-19.483 E0.02855
G1 X-3.381 Y-18.76 E0.02998
G1 X-3.794 Y-17.925 E0.02905
G1 X-3.995 Y-17.04 E0.0283
G1 X-3.972 Y-16.105 E0.02916
G1 X-3.718 Y-15.204 E0.02919
G1 X-3.252 Y-14.396 E0.02908
G1 X-2.598 Y-13.726 E0.02919
G1 X-1.799 Y-13.238 E0.02919
G1 X-.907 Y-12.963 E0.02911
G1 X0.027 Y-12.914 E0.02916
M566 X1800 Y1800
G0 F7200 X-0.01 Y-13.417
M566 X1200 Y1200
G1 F6000 X0.785 Y-13.578 E0.02529
G1 X1.516 Y-13.931 E0.02531
G1 X2.136 Y-14.45 E0.02521
G1 X2.609 Y-15.109 E0.02529
G1 X2.903 Y-15.861 E0.02518
G1 X3.005 Y-16.663 E0.02521
G1 X2.903 Y-17.47 E0.02536
G1 X2.606 Y-18.228 E0.02539
G1 X2.118 Y-18.899 E0.02587
G1 X1.512 Y-19.407 E0.02466
G1 X0.763 Y-19.76 E0.02582
G1 X0.041 Y-19.904 E0.02296
G1 X-.221 Y-19.918 E0.00818
G1 X-.979 Y-19.842 E0.02375
G1 X-1.76 Y-19.554 E0.02596
G1 X-2.412 Y-19.106 E0.02467
G1 X-2.962 Y-18.479 E0.02601
G1 X-3.32 Y-17.756 E0.02516
G1 X-3.494 Y-16.99 E0.02449
G1 X-3.474 Y-16.18 E0.02526
G1 X-3.254 Y-15.4 E0.02527
G1 X-2.85 Y-14.7 E0.0252
G1 X-2.284 Y-14.12 E0.02527
G1 X-1.592 Y-13.697 E0.02529
G1 X-.819 Y-13.459 E0.02522
G1 X-0.01 Y-13.417 E0.02526
M566 X1800 Y1800
G0 F7200 X-.196 Y-3.924
M566 X1200 Y1200
G1 F6000 X-.97 Y-3.842 E0.02427
G1 X-1.628 Y-3.619 E0.02166
G1 X-2.287 Y-3.211 E0.02417
G1 X-2.84 Y-2.643 E0.02472
G1 X-3.195 Y-2.066 E0.02112
G1 X-3.449 Y-1.291 E0.02543
G1 X-3.507 Y-.5 E0.02473
G1 X-3.359 Y0.318 E0.02592
G1 X-3.032 Y1.035 E0.02457
G1 X-2.511 Y1.681 E0.02588
G1 X-1.879 Y2.157 E0.02467
G1 X-1.135 Y2.47 E0.02517
G1 X-.333 Y2.591 E0.02529
G1 X0.474 Y2.509 E0.02529
G1 X1.233 Y2.231 E0.0252
G1 X1.902 Y1.776 E0.02523
G1 X2.437 Y1.169 E0.02523
G1 X2.807 Y0.45 E0.02521
G1 X2.988 Y-.345 E0.02542
G1 X2.968 Y-1.151 E0.02514
G1 X2.763 Y-1.894 E0.02403
G1 X2.431 Y-2.511 E0.02185
G1 X1.912 Y-3.099 E0.02446
G1 X1.362 Y-3.495 E0.02113
G1 X0.627 Y-3.805 E0.02487
G1 X-.196 Y-3.924 E0.02593
M566 X1800 Y1800
G0 F7200 X1.6 Y-2.755
G0 X6.428 Y4.084
M566 X1200 Y1200
G1 F6000 X-6.428 Y4.084 E0.40087
G1 X-6.428 Y-33.416 E1.1693
G1 X6.428 Y-33.416 E0.40087
G1 X6.428 Y4.084 E1.1693
M566 X1800 Y1800
G0 F7200 X6.928 Y4.584
M566 X1200 Y1200
G1 F6000 X-6.928 Y4.584 E0.43205
G1 X-6.928 Y-33.916 E1.20048
G1 X6.928 Y-33.916 E0.43205
G1 X6.928 Y4.584 E1.20048
M566 X1800 Y1800
G0 F7200 X6.858 Y4.514
G0 X2.103 Y0.941
G0 X2.021 Y0.885
M566 X1200 Y1200
G1 F6000 X2.334 Y0.277 E0.02132
G1 X2.487 Y-.395 E0.02149
G1 X2.47 Y-1.077 E0.02127
G1 X2.296 Y-1.707 E0.02038
G1 X2.018 Y-2.223 E0.01828
G1 X1.574 Y-2.726 E0.02092
G1 X1.116 Y-3.056 E0.0176
G1 X0.492 Y-3.319 E0.02111
G1 X-.206 Y-3.42 E0.02199
G1 X-.862 Y-3.351 E0.02057
G1 X-1.413 Y-3.164 E0.01814
G1 X-1.972 Y-2.818 E0.0205
G1 X-2.443 Y-2.334 E0.02106
G1 X-2.738 Y-1.854 E0.01757
G1 X-2.955 Y-1.193 E0.02169
G1 X-3.004 Y-.527 E0.02082
G1 X-2.878 Y0.167 E0.02199
G1 X-2.603 Y0.77 E0.02067
G1 X-2.161 Y1.319 E0.02198
G1 X-1.628 Y1.72 E0.0208
G1 X-.999 Y1.985 E0.02128
G1 X-.321 Y2.087 E0.02138
G1 X0.361 Y2.018 E0.02137
G1 X1.003 Y1.783 E0.02132
G1 X1.569 Y1.398 E0.02134
G1 X2.021 Y0.885 E0.02132
M566 X1800 Y1800
G0 F7200 X2.103 Y0.941
G0 X2.371 Y0.29
G0 X2.526 Y-.392
G0 X0.655 Y-13.962
G0 X0.624 Y-14.056
M566 X1200 Y1200
G1 F6000 X1.243 Y-14.354 E0.02142
G1 X1.766 Y-14.793 E0.02129
G1 X2.166 Y-15.35 E0.02138
G1 X2.415 Y-15.986 E0.0213
G1 X2.501 Y-16.663 E0.02128
G1 X2.415 Y-17.346 E0.02147
G1 X2.164 Y-17.986 E0.02144
G1 X1.75 Y-18.555 E0.02194
G1 X1.24 Y-18.982 E0.02074
G1 X0.605 Y-19.282 E0.0219
G1 X-0.022 Y-19.407 E0.01994
G1 X-.209 Y-19.417 E0.00584
G1 X-.866 Y-19.351 E0.02059
G1 X-1.528 Y-19.107 E0.022
G1 X-2.077 Y-18.729 E0.02078
G1 X-2.543 Y-18.198 E0.02203
G1 X-2.846 Y-17.587 E0.02127
G1 X-2.993 Y-16.94 E0.02069
G1 X-2.976 Y-16.255 E0.02137
G1 X-2.79 Y-15.596 E0.02135
G1 X-2.448 Y-15.004 E0.02132
G1 X-1.97 Y-14.514 E0.02134
G1 X-1.385 Y-14.156 E0.02139
G1 X-.731 Y-13.955 E0.02133
G1 X-0.047 Y-13.92 E0.02136
G1 X0.624 Y-14.056 E0.02135
M566 X1800 Y1800
G0 F7200 X0.464 Y-14.534
M566 X1200 Y1200
;TYPE:WALL-OUTER
G1 F3000 X0.969 Y-14.777 E0.01747
G1 X1.396 Y-15.136 E0.01739
G1 X1.723 Y-15.591 E0.01747
G1 X1.927 Y-16.111 E0.01742
G1 X1.997 Y-16.663 E0.01735
G1 X1.927 Y-17.222 E0.01757
G1 X1.722 Y-17.744 E0.01749
G1 X1.382 Y-18.211 E0.01801
G1 X0.968 Y-18.557 E0.01682
G1 X0.447 Y-18.804 E0.01798
G1 X-0.085 Y-18.91 E0.01691
G1 X-.197 Y-18.916 E0.0035
G1 X-.753 Y-18.86 E0.01742
G1 X-1.296 Y-18.66 E0.01804
G1 X-1.742 Y-18.353 E0.01688
G1 X-2.124 Y-17.917 E0.01807
G1 X-2.372 Y-17.418 E0.01738
G1 X-2.492 Y-16.89 E0.01688
G1 X-2.478 Y-16.33 E0.01747
G1 X-2.326 Y-15.792 E0.01743
G1 X-2.046 Y-15.308 E0.01744
G1 X-1.656 Y-14.908 E0.01742
G1 X-1.178 Y-14.615 E0.01748
G1 X-.644 Y-14.451 E0.01742
G1 X-0.085 Y-14.423 E0.01745
G1 X0.464 Y-14.534 E0.01746
M566 X1800 Y1800
G0 F7200 X0.689 Y-14.642
G0 X0.948 Y-14.101
G0 X-.13 Y-3.51
G0 X-.216 Y-2.916
M566 X1200 Y1200
G1 F3000 X-.754 Y-2.86 E0.01687
G1 X-1.198 Y-2.709 E0.01462
G1 X-1.657 Y-2.425 E0.01683
G1 X-2.046 Y-2.025 E0.0174
G1 X-2.281 Y-1.642 E0.01401
G1 X-2.461 Y-1.095 E0.01796
G1 X-2.501 Y-.554 E0.01692
G1 X-2.397 Y0.016 E0.01807
G1 X-2.174 Y0.506 E0.01679
G1 X-1.811 Y0.957 E0.01805
G1 X-1.377 Y1.283 E0.01693
G1 X-.863 Y1.5 E0.0174
G1 X-.309 Y1.583 E0.01747
G1 X0.248 Y1.527 E0.01746
G1 X0.773 Y1.335 E0.01743
G1 X1.236 Y1.02 E0.01746
G1 X1.605 Y0.601 E0.01741
G1 X1.861 Y0.104 E0.01743
G1 X1.986 Y-.445 E0.01756
G1 X1.972 Y-1.003 E0.0174
G1 X1.829 Y-1.519 E0.0167
G1 X1.605 Y-1.935 E0.01473
G1 X1.236 Y-2.353 E0.01739
G1 X0.87 Y-2.617 E0.01407
G1 X0.357 Y-2.833 E0.01736
G1 X-.216 Y-2.916 E0.01805
M566 X1800 Y1800
G0 F7200 X-.465 Y-2.891
G0 X-.527 Y-3.487
G0 X0.502 Y-3.357
G0 X1.135 Y-3.09
G0 X1.854 Y-2.466
G0 X6.858 Y4.514
G0 X7.428 Y5.084
M566 X1200 Y1200
G1 F3000 X-7.428 Y5.084 E0.46323
G1 X-7.428 Y-34.416 E1.23166
G1 X7.428 Y-34.416 E0.46323
G1 X7.428 Y5.084 E1.23166
M566 X1800 Y1800
G0 F7200 X7.178 Y5.084
G0 X6.858 Y4.514
G0 X4.777 Y-4.702
M566 X1200 Y1200
;TYPE:FILL
G1 F6000 X5.728 Y-6.35 E0.05933
M566 X1800 Y1800
G0 F7200 X5.728 Y-5.407
M566 X1200 Y1200
G1 F6000 X4.121 Y-5.407 E0.05011
G1 X3.996 Y-5.407
M566 X1800 Y1800
G0 F7200 X2.617 Y-6.595
M566 X1200 Y1200
G1 F6000 X0.501 Y-10.261 E0.13199
G1 X0.439 Y-10.369
M566 X1800 Y1800
G0 F7200 X-.522 Y-10.225
M566 X1200 Y1200
G1 F6000 X-2.565 Y-6.686 E0.12742
M566 X1800 Y1800
G0 F7200 X-1.818 Y-6.923
M566 X1200 Y1200
G1 F6000 X-4.806 Y-12.098 E0.18633
M566 X1800 Y1800
G0 F7200 X-4.056 Y-11.456
M566 X1200 Y1200
G1 F6000 X-5.728 Y-8.56 E0.10427
M566 X1800 Y1800
G0 F7200 X-5.728 Y-9.081
M566 X1200 Y1200
G1 F6000 X5.728 Y-9.081 E0.35721
M566 X1800 Y1800
G0 F7200 X5.728 Y-8.558
M566 X1200 Y1200
G1 F6000 X3.913 Y-11.702 E0.1132
G1 X3.851 Y-11.81
M566 X1800 Y1800
G0 F7200 X4.876 Y-12.754
M566 X1200 Y1200
G1 F6000 X5.728 Y-12.754 E0.02657
M566 X1800 Y1800
G0 F7200 X5.508 Y-13.313
M566 X1200 Y1200
G1 F6000 X1.754 Y-6.812 E0.23408
G1 X1.692 Y-6.704
M566 X1800 Y1800
G0 F7200 X-4.625 Y-5.407
M566 X1200 Y1200
G1 F6000 X-5.728 Y-5.407 E0.03439
M566 X1800 Y1800
G0 F7200 X-4.979 Y-5.052
M566 X1200 Y1200
G1 F6000 X-5.728 Y-6.35 E0.04673
G1 X-5.79 Y-6.458
M566 X1800 Y1800
G0 F7200 X-2.634 Y-28.616
M566 X1200 Y1200
G1 F6000 X-.267 Y-32.716 E0.14762
M566 X1800 Y1800
G0 F7200 X0.267 Y-32.716
M566 X1200 Y1200
G1 F6000 X2.634 Y-28.616 E0.14762
G1 X2.696 Y-28.508
M566 X1800 Y1800
G0 F7200 X1.607 Y-28.616
M566 X1200 Y1200
G1 F6000 X3.974 Y-32.716 E0.14762
M566 X1800 Y1800
G0 F7200 X4.511 Y-32.716
M566 X1200 Y1200
G1 F6000 X5.728 Y-30.609 E0.07587
M566 X1800 Y1800
G0 F7200 X5.728 Y-31.135
M566 X1200 Y1200
G1 F6000 X-5.728 Y-31.135 E0.35721
M566 X1800 Y1800
G0 F7200 X-5.728 Y-30.609
M566 X1200 Y1200
G1 F6000 X-4.511 Y-32.716 E0.07587
M566 X1800 Y1800
G0 F7200 X-3.974 Y-32.716
M566 X1200 Y1200
G1 F6000 X-1.607 Y-28.616 E0.14762
G1 X-1.545 Y-28.508
M566 X1800 Y1800
G0 F7200 X-5.438 Y-28.426
M566 X1200 Y1200
;TYPE:SKIN
G1 F3000 X5.438 Y-28.426 E0.33913
G1 X5.438 Y-20.906 E0.23448
G1 X4.719 Y-20.906 E0.02242
G1 X4.588 Y-20.633 E0.00944
G1 X4.896 Y-20.226 E0.01592
G1 X5.234 Y-19.682 E0.01997
G1 X5.438 Y-19.269 E0.01436
G1 X5.438 Y-14.062 E0.16236
G1 X5.09 Y-13.404 E0.02321
G1 X4.728 Y-12.874 E0.02001
G1 X4.347 Y-12.42 E0.01848
G1 X4.233 Y-12.303 E0.00509
G1 X4.233 Y-12.149 E0.0048
G1 X3.154 Y-11.414 E0.04071
G1 X2.594 Y-11.091 E0.02016
G1 X2.043 Y-10.843 E0.01884
G1 X1.732 Y-10.73 E0.01032
G1 X1.151 Y-10.565 E0.01883
G1 X0.535 Y-10.455 E0.01951
G1 X-.108 Y-10.408 E0.0201
G1 X-.727 Y-10.425 E0.01931
G1 X-1.342 Y-10.501 E0.01932
G1 X-1.939 Y-10.637 E0.01909
G1 X-2.549 Y-10.843 E0.02008
G1 X-3.101 Y-11.091 E0.01887
G1 X-3.636 Y-11.398 E0.01923
G1 X-4.115 Y-11.739 E0.01833
G1 X-4.633 Y-12.194 E0.0215
G1 X-5.054 Y-12.65 E0.01935
G1 X-5.397 Y-13.1 E0.01764
G1 X-5.438 Y-13.158 E0.00221
G1 X-5.438 Y-20.175 E0.2188
G1 X-5.095 Y-20.634 E0.01787
G1 X-5.226 Y-20.906 E0.00941
G1 X-5.438 Y-20.906 E0.00661
G1 X-5.438 Y-28.426 E0.23448
M566 X1800 Y1800
G0 F7200 X-1.203 Y-20.815
M566 X1200 Y1200
G1 F3000 X-2.219 Y-20.44 E0.03377
G1 X-3.075 Y-19.852 E0.03238
G1 X-3.792 Y-19.035 E0.03389
G1 X-4.259 Y-18.09 E0.03287
G1 X-4.487 Y-17.089 E0.03201
G1 X-4.46 Y-16.031 E0.033
G1 X-4.173 Y-15.012 E0.03301
G1 X-3.646 Y-14.098 E0.0329
G1 X-2.906 Y-13.34 E0.03303
G1 X-2.002 Y-12.787 E0.03304
G1 X-.993 Y-12.477 E0.03291
G1 X0.064 Y-12.422 E0.033
G1 X1.104 Y-12.632 E0.03308
G1 X2.057 Y-13.093 E0.03301
G1 X2.867 Y-13.77 E0.03292
G1 X3.486 Y-14.633 E0.03312
G1 X3.869 Y-15.615 E0.03287
G1 X4.003 Y-16.663 E0.03294
G1 X3.869 Y-17.716 E0.0331
G1 X3.481 Y-18.707 E0.03318
G1 X2.847 Y-19.58 E0.03364
G1 X2.05 Y-20.248 E0.03243
G1 X1.076 Y-20.707 E0.03357
G1 X0.165 Y-20.889 E0.02897
G1 X-.245 Y-20.911 E0.0128
G1 X-1.203 Y-20.815 E0.03002
M566 X1800 Y1800
G0 F7200 X-5.212 Y-13.698
M566 X1200 Y1200
G1 F3000 X-2.649 Y-11.134 E0.11304
G1 X-2.561 Y-11.046
M566 X1800 Y1800
G0 F7200 X-1.598 Y-10.79
M566 X1200 Y1200
G1 F3000 X-5.212 Y-14.405 E0.15939
M566 X1800 Y1800
G0 F7200 X-5.212 Y-15.112
M566 X1200 Y1200
G1 F3000 X-.755 Y-10.655 E0.19654
M566 X1800 Y1800
G0 F7200 X-0.031 Y-10.638
M566 X1200 Y1200
G1 F3000 X-1.917 Y-12.524 E0.08317
G1 X-2.005 Y-12.612
M566 X1800 Y1800
G0 F7200 X-.934 Y-12.247
M566 X1200 Y1200
G1 F3000 X0.615 Y-10.697 E0.06833
M566 X1800 Y1800
G0 F7200 X1.206 Y-10.814
M566 X1200 Y1200
G1 F3000 X-.188 Y-12.208 E0.06147
M566 X1800 Y1800
G0 F7200 X0.456 Y-12.271
M566 X1200 Y1200
G1 F3000 X1.751 Y-10.976 E0.05711
M566 X1800 Y1800
G0 F7200 X2.251 Y-11.183
M566 X1200 Y1200
G1 F3000 X1.045 Y-12.389 E0.05318
M566 X1800 Y1800
G0 F7200 X1.547 Y-12.594
M566 X1200 Y1200
G1 F3000 X2.718 Y-11.423 E0.05164
M566 X1800 Y1800
G0 F7200 X3.158 Y-11.69
M566 X1200 Y1200
G1 F3000 X2.023 Y-12.825 E0.05005
M566 X1800 Y1800
G0 F7200 X2.439 Y-13.116
M566 X1200 Y1200
G1 F3000 X3.579 Y-11.976 E0.05027
M566 X1800 Y1800
G0 F7200 X4 Y-12.263
M566 X1200 Y1200
G1 F3000 X2.824 Y-13.439 E0.05186
M566 X1800 Y1800
G0 F7200 X3.167 Y-13.803
M566 X1200 Y1200
G1 F3000 X4.28 Y-12.689 E0.0491
M566 X1800 Y1800
G0 F7200 X4.598 Y-13.079
M566 X1200 Y1200
G1 F3000 X3.462 Y-14.214 E0.05007
M566 X1800 Y1800
G0 F7200 X3.734 Y-14.65
M566 X1200 Y1200
G1 F3000 X4.884 Y-13.5 E0.05071
M566 X1800 Y1800
G0 F7200 X5.13 Y-13.961
M566 X1200 Y1200
G1 F3000 X3.932 Y-15.158 E0.05281
M566 X1800 Y1800
G0 F7200 X4.105 Y-15.693
M566 X1200 Y1200
G1 F3000 X5.213 Y-14.585 E0.04886
M566 X1800 Y1800
G0 F7200 X5.213 Y-15.292
M566 X1200 Y1200
G1 F3000 X4.186 Y-16.32 E0.04531
M566 X1800 Y1800
G0 F7200 X4.182 Y-17.03
M566 X1200 Y1200
G1 F3000 X5.213 Y-15.999 E0.04546
M566 X1800 Y1800
G0 F7200 X5.213 Y-16.706
M566 X1200 Y1200
G1 F3000 X4.05 Y-17.87 E0.05131
G1 X3.962 Y-17.958
M566 X1800 Y1800
G0 F7200 X5.213 Y-18.121
M566 X1200 Y1200
G1 F3000 X-4.865 Y-28.2 E0.44443
M566 X1800 Y1800
G0 F7200 X-5.213 Y-27.84
M566 X1200 Y1200
G1 F3000 X2.271 Y-20.355 E0.33004
G1 X2.359 Y-20.267
M566 X1800 Y1800
G0 F7200 X0.96 Y-20.959
M566 X1200 Y1200
G1 F3000 X-5.213 Y-27.133 E0.27223
M566 X1800 Y1800
G0 F7200 X-5.213 Y-26.426
M566 X1200 Y1200
G1 F3000 X0.094 Y-21.118 E0.23405
M566 X1800 Y1800
G0 F7200 X-.595 Y-21.101
M566 X1200 Y1200
G1 F3000 X-5.213 Y-25.719 E0.20364
M566 X1800 Y1800
G0 F7200 X-5.213 Y-25.012
M566 X1200 Y1200
G1 F3000 X-1.238 Y-21.037 E0.17529
M566 X1800 Y1800
G0 F7200 X-1.758 Y-20.85
M566 X1200 Y1200
G1 F3000 X-5.213 Y-24.305 E0.15236
M566 X1800 Y1800
G0 F7200 X-5.213 Y-23.598
M566 X1200 Y1200
G1 F3000 X-2.275 Y-20.66 E0.12956
M566 X1800 Y1800
G0 F7200 X-2.702 Y-20.38
M566 X1200 Y1200
G1 F3000 X-5.213 Y-22.891 E0.11073
M566 X1800 Y1800
G0 F7200 X-5.213 Y-22.184
M566 X1200 Y1200
G1 F3000 X-3.121 Y-20.092 E0.09225
M566 X1800 Y1800
G0 F7200 X-3.473 Y-19.736
M566 X1200 Y1200
G1 F3000 X-5.213 Y-21.476 E0.07673
G1 X-5.301 Y-21.564
M566 X1800 Y1800
G0 F7200 X-4.926 Y-20.482
M566 X1200 Y1200
G1 F3000 X-3.804 Y-19.36 E0.04948
M566 X1800 Y1800
G0 F7200 X-4.089 Y-18.939
M566 X1200 Y1200
G1 F3000 X-5.212 Y-20.062 E0.04952
M566 X1800 Y1800
G0 F7200 X-5.212 Y-19.354
M566 X1200 Y1200
G1 F3000 X-4.323 Y-18.466 E0.03918
M566 X1800 Y1800
G0 F7200 X-4.519 Y-17.954
M566 X1200 Y1200
G1 F3000 X-5.212 Y-18.647 E0.03056
M566 X1800 Y1800
G0 F7200 X-5.212 Y-17.94
M566 X1200 Y1200
G1 F3000 X-4.652 Y-17.379 E0.02472
M566 X1800 Y1800
G0 F7200 X-5.212 Y-17.233
M566 X1200 Y1200
G1 F3000 X-4.702 Y-16.723 E0.02249
M566 X1800 Y1800
G0 F7200 X-5.212 Y-16.526
M566 X1200 Y1200
G1 F3000 X-4.683 Y-15.997 E0.02333
M566 X1800 Y1800
G0 F7200 X-5.212 Y-15.819
M566 X1200 Y1200
G1 F3000 X-4.407 Y-15.013 E0.03552
G1 X-4.319 Y-14.925
M566 X1800 Y1800
G0 F7200 X-2.576 Y-18.22
G0 X-2.103 Y-18.758
G0 X-1.546 Y-19.142
G0 X-.874 Y-19.389
G0 X-.181 Y-19.434
G0 X3.329 Y-19.298
M566 X1200 Y1200
G1 F3000 X5.213 Y-17.413 E0.0831
G1 X5.301 Y-17.325
M566 X1800 Y1800
G0 F7200 X5.213 Y-18.828
M566 X1200 Y1200
G1 F3000 X-4.158 Y-28.2 E0.41326
M566 X1800 Y1800
G0 F7200 X-3.451 Y-28.2
M566 X1200 Y1200
G1 F3000 X4.808 Y-19.94 E0.36422
G1 X4.896 Y-19.852
M566 X1800 Y1800
G0 F7200 X4.496 Y-20.959
M566 X1200 Y1200
G1 F3000 X-2.744 Y-28.2 E0.31929
M566 X1800 Y1800
G0 F7200 X-2.037 Y-28.2
M566 X1200 Y1200
G1 F3000 X5.032 Y-21.13 E0.31174
M566 X1800 Y1800
G0 F7200 X5.213 Y-21.656
M566 X1200 Y1200
G1 F3000 X-1.33 Y-28.2 E0.28855
M566 X1800 Y1800
G0 F7200 X-.622 Y-28.2
M566 X1200 Y1200
G1 F3000 X5.213 Y-22.363 E0.25735
M566 X1800 Y1800
G0 F7200 X5.213 Y-23.07
M566 X1200 Y1200
G1 F3000 X0.084 Y-28.2 E0.2262
M566 X1800 Y1800
G0 F7200 X0.791 Y-28.2
M566 X1200 Y1200
G1 F3000 X5.213 Y-23.777 E0.19502
M566 X1800 Y1800
G0 F7200 X5.213 Y-24.484
M566 X1200 Y1200
G1 F3000 X1.498 Y-28.2 E0.16384
M566 X1800 Y1800
G0 F7200 X2.205 Y-28.2
M566 X1200 Y1200
G1 F3000 X5.213 Y-25.192 E0.13264
M566 X1800 Y1800
G0 F7200 X5.213 Y-25.899
M566 X1200 Y1200
G1 F3000 X2.912 Y-28.2 E0.10147
M566 X1800 Y1800
G0 F7200 X3.619 Y-28.2
M566 X1200 Y1200
G1 F3000 X5.213 Y-26.606 E0.07029
M566 X1800 Y1800
G0 F7200 X5.213 Y-27.313
M566 X1200 Y1200
G1 F3000 X4.326 Y-28.2 E0.03911
M566 X1800 Y1800
G0 F7200 X5.033 Y-28.2
M566 X1200 Y1200
G1 F3000 X5.213 Y-28.02 E0.00794
M566 X1800 Y1800
G0 F7200 X0.985 Y-6.802
M566 X1200 Y1200
G1 F3000 X1.456 Y-6.69 E0.0151
G1 X3.108 Y-6.277 E0.0531
G1 X3.071 Y-5.977 E0.00943
G1 X3.495 Y-5.678 E0.01618
G1 X3.918 Y-5.337 E0.01694
G1 X4.325 Y-4.937 E0.01779
G1 X4.651 Y-4.555 E0.01566
G1 X5.094 Y-3.926 E0.02399
G1 X5.386 Y-3.385 E0.01917
G1 X5.438 Y-3.27 E0.00394
G1 X5.438 Y1.938 E0.16239
G1 X5.09 Y2.596 E0.02321
G1 X4.752 Y3.094 E0.01877
G1 X1.723 Y3.094 E0.09445
G1 X2.562 Y2.524 E0.03163
G1 X3.261 Y1.731 E0.03296
G1 X3.744 Y0.792 E0.03293
G1 X3.981 Y-.246 E0.0332
G1 X3.954 Y-1.297 E0.03278
G1 X3.688 Y-2.265 E0.0313
G1 X3.249 Y-3.081 E0.02889
G1 X2.581 Y-3.838 E0.03148
G1 X1.849 Y-4.364 E0.02811
G1 X0.895 Y-4.767 E0.03229
G1 X-.176 Y-4.922 E0.03374
G1 X-1.184 Y-4.815 E0.03161
G1 X-2.053 Y-4.52 E0.02862
G1 X-2.911 Y-3.989 E0.03146
G1 X-3.625 Y-3.255 E0.03193
G1 X-4.099 Y-2.486 E0.02817
G1 X-4.427 Y-1.485 E0.03285
G1 X-4.504 Y-.447 E0.03246
G1 X-4.311 Y0.616 E0.03369
G1 X-3.881 Y1.559 E0.03232
G1 X-3.204 Y2.398 E0.03362
G1 X-2.377 Y3.022 E0.0323
G1 X-2.206 Y3.094 E0.00579
G1 X-5.258 Y3.094 E0.09517
G1 X-5.438 Y2.842 E0.00966
G1 X-5.438 Y-4.416 E0.22631
G1 X-5.394 Y-4.515 E0.00338
G1 X-5.188 Y-4.515 E0.00642
G1 X-4.86 Y-4.907 E0.01594
G1 X-4.409 Y-5.348 E0.01967
G1 X-4.281 Y-5.457 E0.00524
G1 X-3.732 Y-5.87 E0.02142
G1 X-3.218 Y-6.179 E0.0187
G1 X-2.54 Y-6.493 E0.0233
G1 X-1.952 Y-6.692 E0.01936
G1 X-1.345 Y-6.832 E0.01942
G1 X-.723 Y-6.909 E0.01954
G1 X-.108 Y-6.925 E0.01918
G1 X0.47 Y-6.884 E0.01807
G1 X0.985 Y-6.802 E0.01626
M566 X1800 Y1800
G0 F7200 X2.219 Y-6.265
M566 X1200 Y1200
G1 F3000 X5.162 Y-3.322 E0.12978
M566 X1800 Y1800
G0 F7200 X5.212 Y-2.566
M566 X1200 Y1200
G1 F3000 X1.277 Y-6.5 E0.1735
M566 X1800 Y1800
G0 F7200 X0.408 Y-6.662
M566 X1200 Y1200
G1 F3000 X5.212 Y-1.858 E0.21184
M566 X1800 Y1800
G0 F7200 X5.212 Y-1.151
M566 X1200 Y1200
G1 F3000 X3.763 Y-2.6 E0.0639
G1 X3.675 Y-2.688
M566 X1800 Y1800
G0 F7200 X4.12 Y-1.536
M566 X1200 Y1200
G1 F3000 X5.212 Y-.444 E0.04815
M566 X1800 Y1800
G0 F7200 X5.212 Y0.262
M566 X1200 Y1200
G1 F3000 X4.191 Y-.758 E0.045
M566 X1800 Y1800
G0 F7200 X4.171 Y-0.071
M566 X1200 Y1200
G1 F3000 X5.212 Y0.969 E0.04588
M566 X1800 Y1800
G0 F7200 X5.212 Y1.676
M566 X1200 Y1200
G1 F3000 X4.039 Y0.504 E0.0517
M566 X1800 Y1800
G0 F7200 X3.868 Y1.04
M566 X1200 Y1200
G1 F3000 X5.038 Y2.21 E0.05159
M566 X1800 Y1800
G0 F7200 X4.777 Y2.655
M566 X1200 Y1200
G1 F3000 X3.628 Y1.506 E0.05067
M566 X1800 Y1800
G0 F7200 X3.365 Y1.95
M566 X1200 Y1200
G1 F3000 X4.282 Y2.868 E0.04046
M566 X1800 Y1800
G0 F7200 X3.575 Y2.868
M566 X1200 Y1200
G1 F3000 X3.033 Y2.326 E0.0239
M566 X1800 Y1800
G0 F7200 X2.701 Y2.701
M566 X1200 Y1200
G1 F3000 X2.868 Y2.868 E0.00736
M566 X1800 Y1800
G0 F7200 X-3.494 Y2.869
M566 X1200 Y1200
G1 F3000 X-5.212 Y1.151 E0.07576
M566 X1800 Y1800
G0 F7200 X-5.212 Y0.444
M566 X1200 Y1200
G1 F3000 X-4.151 Y1.505 E0.04679
G1 X-4.063 Y1.593
M566 X1800 Y1800
G0 F7200 X-5.212 Y1.858
M566 X1200 Y1200
G1 F3000 X-4.201 Y2.869 E0.04458
M566 X1800 Y1800
G0 F7200 X-4.908 Y2.869
M566 X1200 Y1200
G1 F3000 X-5.212 Y2.566 E0.01338
M566 X1800 Y1800
G0 F7200 X-4.583 Y0.366
M566 X1200 Y1200
G1 F3000 X-5.212 Y-.262 E0.02772
M566 X1800 Y1800
G0 F7200 X-4.727 Y-.484
M566 X1200 Y1200
G1 F3000 X-5.212 Y-.969 E0.02139
M566 X1800 Y1800
G0 F7200 X-4.676 Y-1.141
M566 X1200 Y1200
G1 F3000 X-5.212 Y-1.676 E0.02361
M566 X1800 Y1800
G0 F7200 X-4.575 Y-1.747
M566 X1200 Y1200
G1 F3000 X-5.212 Y-2.383 E0.02807
M566 X1800 Y1800
G0 F7200 X-5.212 Y-3.09
M566 X1200 Y1200
G1 F3000 X-4.401 Y-2.279 E0.03576
M566 X1800 Y1800
G0 F7200 X-4.186 Y-2.771
M566 X1200 Y1200
G1 F3000 X-5.212 Y-3.797 E0.04524
M566 X1800 Y1800
G0 F7200 X-5.043 Y-4.336
M566 X1200 Y1200
G1 F3000 X-3.916 Y-3.209 E0.0497
M566 X1800 Y1800
G0 F7200 X-3.601 Y-3.601
M566 X1200 Y1200
G1 F3000 X-4.721 Y-4.721 E0.04939
M566 X1800 Y1800
G0 F7200 X-4.365 Y-5.072
M566 X1200 Y1200
G1 F3000 X-3.252 Y-3.959 E0.04908
M566 X1800 Y1800
G0 F7200 X-2.867 Y-4.281
M566 X1200 Y1200
G1 F3000 X-3.983 Y-5.398 E0.04923
M566 X1800 Y1800
G0 F7200 X-3.577 Y-5.699
M566 X1200 Y1200
G1 F3000 X-2.43 Y-4.551 E0.0506
M566 X1800 Y1800
G0 F7200 X-1.96 Y-4.789
M566 X1200 Y1200
G1 F3000 X-3.136 Y-5.965 E0.05186
M566 X1800 Y1800
G0 F7200 X-2.654 Y-6.19
M566 X1200 Y1200
G1 F3000 X-1.432 Y-4.968 E0.05389
M566 X1800 Y1800
G0 F7200 X-.835 Y-5.077
M566 X1200 Y1200
G1 F3000 X-2.144 Y-6.387 E0.05775
M566 X1800 Y1800
G0 F7200 X-1.592 Y-6.542
M566 X1200 Y1200
G1 F3000 X-.196 Y-5.146 E0.06156
M566 X1800 Y1800
G0 F7200 X0.623 Y-5.033
M566 X1200 Y1200
G1 F3000 X-.99 Y-6.647 E0.07115
M566 X1800 Y1800
G0 F7200 X-.328 Y-6.692
M566 X1200 Y1200
G1 F3000 X1.687 Y-4.676 E0.08888
G1 X1.775 Y-4.588
M566 X1800 Y1800
;MESH:NONMESH
G0 F600 X1.775 Y-4.588 Z2.65
G0 F7200 X2.509 Y-1.082
G0 X2.526 Y-.392
G0 X1.314 Y2.752
;TIME_ELAPSED:406.972696
;LAYER:15
M566 X1200 Y1200
;TYPE:WALL-INNER
;MESH:Roborama2026-Lasermount.3mf
G1 F6000 X2.092 Y2.275 E0.02846
G1 X2.747 Y1.604 E0.02924
G1 X3.214 Y0.793 E0.02918
G1 X3.466 Y-.108 E0.02917
G1 X3.488 Y-1.061 E0.02972
G1 X3.28 Y-1.958 E0.02871
G1 X2.853 Y-2.787 E0.02908
G1 X2.235 Y-3.49 E0.02919
G1 X1.443 Y-4.022 E0.02975
G1 X0.598 Y-4.327 E0.02801
G1 X-.195 Y-4.425 E0.02491
G1 X-1.075 Y-4.336 E0.02758
G1 X-1.839 Y-4.076 E0.02516
G1 X-2.601 Y-3.604 E0.02795
G1 X-3.253 Y-2.937 E0.02908
G1 X-3.726 Y-2.109 E0.02973
G1 X-3.973 Y-1.225 E0.02862
G1 X-3.995 Y-.289 E0.02919
G1 X-3.786 Y0.623 E0.02917
G1 X-3.36 Y1.453 E0.02909
G1 X-2.755 Y2.14 E0.02854
G1 X-2.114 Y2.601 E0.02462
G1 X-1.271 Y2.955 E0.02851
G1 X-.345 Y3.095 E0.0292
G1 X0.566 Y3.003 E0.02855
G1 X1.314 Y2.752 E0.0246
M566 X1800 Y1800
G0 F7200 X-.345 Y3.584
M566 X1200 Y1200
G1 F6000 X-6.078 Y3.584 E0.17876
G1 X-6.078 Y-32.916 E1.13812
G1 X6.078 Y-32.916 E0.37904
G1 X6.078 Y3.584 E1.13812
G1 X-.345 Y3.584 E0.20028
M566 X1800 Y1800
G0 F7200 X1.974 Y1.02
G0 X2.321 Y0.418
G0 X2.509 Y-.251
G0 X0.026 Y-12.914
M566 X1200 Y1200
G1 F6000 X0.946 Y-13.1 E0.02927
G1 X1.791 Y-13.508 E0.02926
G1 X2.503 Y-14.107 E0.02901
G1 X3.052 Y-14.87 E0.02931
G1 X3.393 Y-15.756 E0.0296
G1 X3.509 Y-16.665 E0.02857
G1 X3.391 Y-17.597 E0.02929
G1 X3.048 Y-18.469 E0.02922
G1 X2.493 Y-19.239 E0.0296
G1 X1.784 Y-19.829 E0.02876
G1 X0.928 Y-20.237 E0.02957
G1 X0.103 Y-20.401 E0.02623
G1 X-.233 Y-20.419 E0.01049
G1 X-1.092 Y-20.333 E0.02692
G1 X-1.985 Y-20.006 E0.02965
G1 X-2.747 Y-19.484 E0.0288
G1 X-3.374 Y-18.766 E0.02972
G1 X-3.793 Y-17.932 E0.0291
G1 X-3.995 Y-17.041 E0.02849
G1 X-3.972 Y-16.105 E0.02919
G1 X-3.718 Y-15.204 E0.02919
G1 X-3.252 Y-14.396 E0.02908
G1 X-2.601 Y-13.729 E0.02906
G1 X-1.821 Y-13.245 E0.02862
G1 X-.908 Y-12.963 E0.0298
G1 X0.026 Y-12.914 E0.02916
M566 X1800 Y1800
G0 F7200 X-0.011 Y-13.417
M566 X1200 Y1200
G1 F6000 X0.785 Y-13.578 E0.02532
G1 X1.517 Y-13.931 E0.02534
G1 X2.134 Y-14.45 E0.02514
G1 X2.609 Y-15.11 E0.02536
G1 X2.905 Y-15.879 E0.02569
G1 X3.005 Y-16.665 E0.02471
G1 X2.903 Y-17.472 E0.02536
G1 X2.606 Y-18.227 E0.0253
G1 X2.124 Y-18.895 E0.02569
G1 X1.512 Y-19.405 E0.02484
G1 X0.769 Y-19.759 E0.02566
G1 X0.041 Y-19.904 E0.02315
G1 X-.221 Y-19.918 E0.00818
G1 X-.979 Y-19.842 E0.02375
G1 X-1.754 Y-19.558 E0.02574
G1 X-2.412 Y-19.107 E0.02487
G1 X-2.956 Y-18.485 E0.02577
G1 X-3.319 Y-17.762 E0.02523
G1 X-3.494 Y-16.991 E0.02465
G1 X-3.474 Y-16.18 E0.0253
G1 X-3.254 Y-15.4 E0.02527
G1 X-2.85 Y-14.7 E0.0252
G1 X-2.286 Y-14.122 E0.02518
G1 X-1.612 Y-13.704 E0.02473
G1 X-.82 Y-13.459 E0.02585
G1 X-0.011 Y-13.417 E0.02526
M566 X1800 Y1800
G0 F7200 X-.2 Y-3.922
M566 X1200 Y1200
G1 F6000 X-.968 Y-3.844 E0.02407
G1 X-1.624 Y-3.621 E0.0216
G1 X-2.286 Y-3.211 E0.02428
G1 X-2.851 Y-2.633 E0.0252
G1 X-3.261 Y-1.915 E0.02578
G1 X-3.475 Y-1.151 E0.02474
G1 X-3.494 Y-.34 E0.0253
G1 X-3.313 Y0.45 E0.02527
G1 X-2.944 Y1.169 E0.0252
G1 X-2.417 Y1.767 E0.02485
G1 X-1.868 Y2.162 E0.02109
G1 X-1.135 Y2.47 E0.02479
G1 X-.333 Y2.591 E0.02529
G1 X0.46 Y2.511 E0.02485
G1 X1.101 Y2.296 E0.02108
G1 X1.778 Y1.881 E0.02476
G1 X2.345 Y1.3 E0.02531
G1 X2.749 Y0.598 E0.02526
G1 X2.968 Y-.182 E0.02526
G1 X2.987 Y-1.009 E0.02579
G1 X2.807 Y-1.784 E0.02481
G1 X2.437 Y-2.503 E0.02521
G1 X1.902 Y-3.111 E0.02525
G1 X1.215 Y-3.573 E0.02581
G1 X0.481 Y-3.838 E0.02433
G1 X-.2 Y-3.922 E0.0214
M566 X1800 Y1800
G0 F7200 X1.595 Y-2.762
G0 X6.578 Y4.084
M566 X1200 Y1200
G1 F6000 X-6.578 Y4.084 E0.41022
G1 X-6.578 Y-33.416 E1.1693
G1 X6.578 Y-33.416 E0.41022
G1 X6.578 Y4.084 E1.1693
M566 X1800 Y1800
G0 F7200 X7.078 Y4.584
M566 X1200 Y1200
G1 F6000 X-7.078 Y4.584 E0.4414
G1 X-7.078 Y-33.916 E1.20048
G1 X7.078 Y-33.916 E0.4414
G1 X7.078 Y4.584 E1.20048
M566 X1800 Y1800
G0 F7200 X7.008 Y4.514
G0 X2.022 Y1.056
G0 X1.943 Y0.996
M566 X1200 Y1200
G1 F6000 X2.285 Y0.403 E0.02135
G1 X2.47 Y-.256 E0.02134
G1 X2.486 Y-.957 E0.02186
G1 X2.334 Y-1.61 E0.02091
G1 X2.021 Y-2.219 E0.02135
G1 X1.569 Y-2.732 E0.02132
G1 X0.987 Y-3.124 E0.02188
G1 X0.364 Y-3.349 E0.02065
G1 X-.205 Y-3.419 E0.01788
G1 X-.861 Y-3.352 E0.02056
G1 X-1.409 Y-3.166 E0.01804
G1 X-1.971 Y-2.818 E0.02061
G1 X-2.449 Y-2.329 E0.02132
G1 X-2.796 Y-1.721 E0.02183
G1 X-2.977 Y-1.076 E0.02089
G1 X-2.993 Y-.391 E0.02137
G1 X-2.84 Y0.277 E0.02137
G1 X-2.528 Y0.885 E0.02131
G1 X-2.079 Y1.394 E0.02116
G1 X-1.622 Y1.723 E0.01756
G1 X-.999 Y1.985 E0.02107
G1 X-.321 Y2.087 E0.02138
G1 X0.354 Y2.019 E0.02115
G1 X0.888 Y1.84 E0.01756
G1 X1.464 Y1.487 E0.02106
G1 X1.943 Y0.996 E0.02139
M566 X1800 Y1800
G0 F7200 X2.022 Y1.056
G0 X2.321 Y0.418
G0 X2.509 Y-.251
G0 X0.655 Y-13.962
G0 X0.624 Y-14.056
M566 X1200 Y1200
G1 F6000 X1.243 Y-14.354 E0.02142
G1 X1.765 Y-14.793 E0.02127
G1 X2.166 Y-15.35 E0.0214
G1 X2.417 Y-16.002 E0.02178
G1 X2.501 Y-16.665 E0.02084
G1 X2.415 Y-17.347 E0.02143
G1 X2.164 Y-17.985 E0.02138
G1 X1.755 Y-18.551 E0.02177
G1 X1.24 Y-18.981 E0.02092
G1 X0.61 Y-19.281 E0.02176
G1 X-0.022 Y-19.407 E0.02009
G1 X-.209 Y-19.417 E0.00584
G1 X-.866 Y-19.351 E0.02059
G1 X-1.523 Y-19.11 E0.02182
G1 X-2.077 Y-18.73 E0.02095
G1 X-2.538 Y-18.204 E0.02181
G1 X-2.845 Y-17.592 E0.02135
G1 X-2.993 Y-16.941 E0.02082
G1 X-2.976 Y-16.255 E0.0214
G1 X-2.79 Y-15.596 E0.02135
G1 X-2.448 Y-15.004 E0.02132
G1 X-1.971 Y-14.515 E0.0213
G1 X-1.403 Y-14.163 E0.02084
G1 X-.732 Y-13.955 E0.0219
G1 X-0.048 Y-13.92 E0.02136
G1 X0.624 Y-14.056 E0.02138
M566 X1800 Y1800
G0 F7200 X0.464 Y-14.534
M566 X1200 Y1200
;TYPE:WALL-OUTER
G1 F3000 X0.969 Y-14.777 E0.01747
G1 X1.396 Y-15.136 E0.01739
G1 X1.723 Y-15.59 E0.01745
G1 X1.929 Y-16.125 E0.01788
G1 X1.997 Y-16.665 E0.01697
G1 X1.927 Y-17.222 E0.0175
G1 X1.722 Y-17.743 E0.01746
G1 X1.386 Y-18.207 E0.01786
G1 X0.968 Y-18.557 E0.017
G1 X0.451 Y-18.803 E0.01785
G1 X-0.085 Y-18.91 E0.01704
G1 X-.197 Y-18.916 E0.0035
G1 X-.753 Y-18.86 E0.01742
G1 X-1.292 Y-18.662 E0.0179
G1 X-1.742 Y-18.353 E0.01702
G1 X-2.12 Y-17.922 E0.01788
G1 X-2.371 Y-17.422 E0.01744
G1 X-2.492 Y-16.891 E0.01698
G1 X-2.478 Y-16.33 E0.0175
G1 X-2.326 Y-15.792 E0.01743
G1 X-2.046 Y-15.308 E0.01744
G1 X-1.656 Y-14.908 E0.01742
G1 X-1.194 Y-14.622 E0.01694
G1 X-.644 Y-14.451 E0.01796
G1 X-0.086 Y-14.423 E0.01742
G1 X0.464 Y-14.534 E0.0175
M566 X1800 Y1800
G0 F7200 X0.689 Y-14.642
G0 X0.948 Y-14.101
G0 X-.136 Y-3.511
G0 X-.21 Y-2.916
M566 X1200 Y1200
G1 F3000 X-.754 Y-2.86 E0.01705
G1 X-1.194 Y-2.711 E0.01449
G1 X-1.656 Y-2.425 E0.01694
G1 X-2.047 Y-2.025 E0.01744
G1 X-2.331 Y-1.527 E0.01788
G1 X-2.479 Y-1.001 E0.01704
G1 X-2.492 Y-.442 E0.01744
G1 X-2.367 Y0.104 E0.01747
G1 X-2.112 Y0.601 E0.01742
G1 X-1.741 Y1.021 E0.01747
G1 X-1.376 Y1.284 E0.01403
G1 X-.863 Y1.5 E0.01736
G1 X-.309 Y1.583 E0.01747
G1 X0.248 Y1.527 E0.01746
G1 X0.675 Y1.384 E0.01404
G1 X1.15 Y1.093 E0.01737
G1 X1.541 Y0.692 E0.01746
G1 X1.821 Y0.207 E0.01746
G1 X1.972 Y-.33 E0.01739
G1 X1.985 Y-.905 E0.01793
G1 X1.861 Y-1.436 E0.017
G1 X1.605 Y-1.935 E0.01749
G1 X1.236 Y-2.353 E0.01739
G1 X0.759 Y-2.675 E0.01795
G1 X0.247 Y-2.86 E0.01698
G1 X-.21 Y-2.916 E0.01436
M566 X1800 Y1800
G0 F7200 X-.459 Y-2.891
G0 X-.519 Y-3.487
G0 X0.373 Y-3.387
G0 X1.005 Y-3.159
G0 X1.595 Y-2.762
G0 X7.008 Y4.514
G0 X7.578 Y5.084
M566 X1200 Y1200
G1 F3000 X-7.578 Y5.084 E0.47258
G1 X-7.578 Y-34.416 E1.23166
G1 X7.578 Y-34.416 E0.47258
G1 X7.578 Y5.084 E1.23166
M566 X1800 Y1800
G0 F7200 X7.328 Y5.084
G0 X7.008 Y4.514
G0 X4.848 Y-4.614
M566 X1200 Y1200
;TYPE:FILL
G1 F6000 X5.878 Y-6.397 E0.06421
M566 X1800 Y1800
G0 F7200 X5.878 Y-5.513
M566 X1200 Y1200
G1 F6000 X4.004 Y-5.513 E0.05843
G1 X3.879 Y-5.513
M566 X1800 Y1800
G0 F7200 X2.475 Y-6.631
M566 X1200 Y1200
G1 F6000 X0.386 Y-10.25 E0.1303
M566 X1800 Y1800
G0 F7200 X-.404 Y-10.218
M566 X1200 Y1200
G1 F6000 X-2.411 Y-6.743 E0.12513
M566 X1800 Y1800
G0 F7200 X-1.924 Y-6.896
M566 X1200 Y1200
G1 F6000 X-5.13 Y-12.448 E0.19991
M566 X1800 Y1800
G0 F7200 X-5.465 Y-12.86
M566 X1200 Y1200
G1 F6000 X-5.516 Y-12.86 E0.00159
M566 X1800 Y1800
G0 F7200 X-3.969 Y-11.395
M566 X1200 Y1200
G1 F6000 X-5.878 Y-8.089 E0.11904
G1 X-5.94 Y-7.981
M566 X1800 Y1800
G0 F7200 X-5.878 Y-9.187
M566 X1200 Y1200
G1 F6000 X5.878 Y-9.187 E0.36657
G1 X6.003 Y-9.187
M566 X1800 Y1800
G0 F7200 X5.878 Y-8.085
M566 X1200 Y1200
G1 F6000 X3.825 Y-11.642 E0.12806
G1 X3.763 Y-11.75
M566 X1800 Y1800
G0 F7200 X4.952 Y-12.86
M566 X1200 Y1200
G1 F6000 X5.878 Y-12.86 E0.02887
M566 X1800 Y1800
G0 F7200 X5.756 Y-13.533
M566 X1200 Y1200
G1 F6000 X1.86 Y-6.785 E0.24296
G1 X1.798 Y-6.677
M566 X1800 Y1800
G0 F7200 X-4.508 Y-5.513
M566 X1200 Y1200
G1 F6000 X-5.878 Y-5.513 E0.04272
M566 X1800 Y1800
G0 F7200 X-5.878 Y-6.397
M566 X1200 Y1200
G1 F6000 X-5.054 Y-4.969 E0.05141
G1 X-4.992 Y-4.861
M566 X1800 Y1800
G0 F7200 X1.481 Y-14.284
G0 X5.256 Y-20.022
M566 X1200 Y1200
G1 F6000 X5.656 Y-20.716 E0.02498
M566 X1800 Y1800
G0 F7200 X5.878 Y-20.22
M566 X1200 Y1200
G1 F6000 X5.129 Y-20.22 E0.02335
M566 X1800 Y1800
G0 F7200 X2.512 Y-28.616
M566 X1200 Y1200
G1 F6000 X0.145 Y-32.716 E0.14762
M566 X1800 Y1800
G0 F7200 X-.145 Y-32.716
M566 X1200 Y1200
G1 F6000 X-2.512 Y-28.616 E0.14762
M566 X1800 Y1800
G0 F7200 X-1.729 Y-28.616
M566 X1200 Y1200
G1 F6000 X-4.097 Y-32.716 E0.14763
M566 X1800 Y1800
G0 F7200 X-4.389 Y-32.716
M566 X1200 Y1200
G1 F6000 X-5.878 Y-30.136 E0.09288
G1 X-5.94 Y-30.028
M566 X1800 Y1800
G0 F7200 X-5.878 Y-31.241
M566 X1200 Y1200
G1 F6000 X5.878 Y-31.241 E0.36657
G1 X6.003 Y-31.241
M566 X1800 Y1800
G0 F7200 X5.878 Y-30.138
M566 X1200 Y1200
G1 F6000 X4.389 Y-32.716 E0.09283
M566 X1800 Y1800
G0 F7200 X4.097 Y-32.716
M566 X1200 Y1200
G1 F6000 X1.73 Y-28.616 E0.14762
G1 X1.668 Y-28.508
M566 X1800 Y1800
G0 F7200 X5.588 Y-28.426
M566 X1200 Y1200
;TYPE:SKIN
G1 F3000 X5.588 Y-20.906 E0.23448
G1 X4.719 Y-20.906 E0.0271
G1 X4.588 Y-20.633 E0.00944
G1 X4.896 Y-20.226 E0.01592
G1 X5.234 Y-19.682 E0.01997
G1 X5.514 Y-19.101 E0.02011
G1 X5.588 Y-18.917 E0.00618
G1 X5.588 Y-14.415 E0.14038
G1 X5.252 Y-13.686 E0.02503
G1 X4.917 Y-13.136 E0.02008
G1 X4.548 Y-12.65 E0.01903
G1 X4.233 Y-12.303 E0.01461
G1 X4.233 Y-12.149 E0.0048
G1 X3.154 Y-11.414 E0.04071
G1 X2.594 Y-11.091 E0.02016
G1 X2.043 Y-10.843 E0.01884
G1 X1.732 Y-10.73 E0.01032
G1 X1.151 Y-10.565 E0.01883
G1 X0.535 Y-10.455 E0.01951
G1 X-.108 Y-10.408 E0.0201
G1 X-.727 Y-10.425 E0.01931
G1 X-1.342 Y-10.501 E0.01932
G1 X-1.939 Y-10.637 E0.01909
G1 X-2.549 Y-10.843 E0.02008
G1 X-3.101 Y-11.091 E0.01887
G1 X-3.636 Y-11.398 E0.01923
G1 X-4.115 Y-11.739 E0.01833
G1 X-4.633 Y-12.194 E0.0215
G1 X-5.054 Y-12.65 E0.01935
G1 X-5.397 Y-13.1 E0.01764
G1 X-5.588 Y-13.389 E0.0108
G1 X-5.588 Y-19.942 E0.20433
G1 X-5.276 Y-20.401 E0.01731
G1 X-5.095 Y-20.634 E0.0092
G1 X-5.226 Y-20.906 E0.00941
G1 X-5.588 Y-20.906 E0.01129
G1 X-5.588 Y-28.426 E0.23448
G1 X5.588 Y-28.426 E0.34848
M566 X1800 Y1800
G0 F7200 X0.164 Y-20.889
M566 X1200 Y1200
G1 F3000 X-.245 Y-20.911 E0.01277
G1 X-1.202 Y-20.815 E0.02999
G1 X-2.211 Y-20.445 E0.03351
G1 X-3.075 Y-19.853 E0.03266
G1 X-3.784 Y-19.042 E0.03359
G1 X-4.258 Y-18.099 E0.03291
G1 X-4.487 Y-17.09 E0.03226
G1 X-4.46 Y-16.031 E0.03303
G1 X-4.173 Y-15.012 E0.03301
G1 X-3.646 Y-14.098 E0.0329
G1 X-2.91 Y-13.344 E0.03285
G1 X-2.025 Y-12.796 E0.03246
G1 X-.994 Y-12.477 E0.03365
G1 X0.063 Y-12.422 E0.033
G1 X1.103 Y-12.632 E0.03308
G1 X2.059 Y-13.094 E0.03311
G1 X2.865 Y-13.772 E0.03284
G1 X3.487 Y-14.635 E0.03317
G1 X3.871 Y-15.635 E0.0334
G1 X4.003 Y-16.665 E0.03238
G1 X3.869 Y-17.719 E0.03313
G1 X3.481 Y-18.706 E0.03307
G1 X2.854 Y-19.576 E0.03344
G1 X2.05 Y-20.245 E0.03261
G1 X1.083 Y-20.706 E0.0334
G1 X0.164 Y-20.889 E0.02922
M566 X1800 Y1800
G0 F7200 X-5.033 Y-28.2
M566 X1200 Y1200
G1 F3000 X-5.363 Y-27.87 E0.01455
M566 X1800 Y1800
G0 F7200 X-5.363 Y-27.163
M566 X1200 Y1200
G1 F3000 X-4.326 Y-28.2 E0.04573
M566 X1800 Y1800
G0 F7200 X-3.619 Y-28.2
M566 X1200 Y1200
G1 F3000 X-5.363 Y-26.456 E0.07691
M566 X1800 Y1800
G0 F7200 X-5.363 Y-25.749
M566 X1200 Y1200
G1 F3000 X-2.912 Y-28.2 E0.10808
M566 X1800 Y1800
G0 F7200 X-2.205 Y-28.2
M566 X1200 Y1200
G1 F3000 X-5.363 Y-25.042 E0.13926
M566 X1800 Y1800
G0 F7200 X-5.363 Y-24.335
M566 X1200 Y1200
G1 F3000 X-1.498 Y-28.2 E0.17044
M566 X1800 Y1800
G0 F7200 X-.791 Y-28.2
M566 X1200 Y1200
G1 F3000 X-5.363 Y-23.627 E0.20163
M566 X1800 Y1800
G0 F7200 X-5.363 Y-22.92
M566 X1200 Y1200
G1 F3000 X-0.084 Y-28.2 E0.23281
M566 X1800 Y1800
G0 F7200 X0.622 Y-28.2
M566 X1200 Y1200
G1 F3000 X-5.363 Y-22.213 E0.26397
M566 X1800 Y1800
G0 F7200 X-5.363 Y-21.506
M566 X1200 Y1200
G1 F3000 X1.33 Y-28.2 E0.29516
M566 X1800 Y1800
G0 F7200 X2.037 Y-28.2
M566 X1200 Y1200
G1 F3000 X-5.067 Y-21.095 E0.31329
M566 X1800 Y1800
G0 F7200 X-4.838 Y-20.617
M566 X1200 Y1200
G1 F3000 X2.744 Y-28.2 E0.33437
M566 X1800 Y1800
G0 F7200 X3.451 Y-28.2
M566 X1200 Y1200
G1 F3000 X-5.362 Y-19.386 E0.38865
M566 X1800 Y1800
G0 F7200 X-5.362 Y-18.678
M566 X1200 Y1200
G1 F3000 X4.158 Y-28.2 E0.41985
M566 X1800 Y1800
G0 F7200 X4.865 Y-28.2
M566 X1200 Y1200
G1 F3000 X-5.362 Y-17.971 E0.45103
M566 X1800 Y1800
G0 F7200 X-5.362 Y-17.264
M566 X1200 Y1200
G1 F3000 X-4.476 Y-18.15 E0.03907
M566 X1800 Y1800
G0 F7200 X-4.685 Y-17.234
M566 X1200 Y1200
G1 F3000 X-5.362 Y-16.557 E0.02985
M566 X1800 Y1800
G0 F7200 X-4.698 Y-16.515
M566 X1200 Y1200
G1 F3000 X-5.362 Y-15.85 E0.0293
M566 X1800 Y1800
G0 F7200 X-5.362 Y-15.143
M566 X1200 Y1200
G1 F3000 X-4.645 Y-15.86 E0.03162
M566 X1800 Y1800
G0 F7200 X-4.49 Y-15.308
M566 X1200 Y1200
G1 F3000 X-5.362 Y-14.436 E0.03845
M566 X1800 Y1800
G0 F7200 X-5.362 Y-13.729
M566 X1200 Y1200
G1 F3000 X-4.304 Y-14.787 E0.04665
M566 X1800 Y1800
G0 F7200 X-4.046 Y-14.338
M566 X1200 Y1200
G1 F3000 X-5.186 Y-13.198 E0.05027
M566 X1800 Y1800
G0 F7200 X-4.881 Y-12.795
M566 X1200 Y1200
G1 F3000 X-3.773 Y-13.904 E0.04888
M566 X1800 Y1800
G0 F7200 X-3.423 Y-13.546
M566 X1200 Y1200
G1 F3000 X-4.541 Y-12.428 E0.0493
M566 X1800 Y1800
G0 F7200 X-4.174 Y-12.088
M566 X1200 Y1200
G1 F3000 X-3.074 Y-13.188 E0.04851
M566 X1800 Y1800
G0 F7200 X-2.642 Y-12.913
M566 X1200 Y1200
G1 F3000 X-3.78 Y-11.775 E0.05018
M566 X1800 Y1800
G0 F7200 X-3.354 Y-11.494
M566 X1200 Y1200
G1 F3000 X-2.206 Y-12.643 E0.05065
M566 X1800 Y1800
G0 F7200 X-1.686 Y-12.455
M566 X1200 Y1200
G1 F3000 X-2.897 Y-11.245 E0.05338
M566 X1800 Y1800
G0 F7200 X-2.403 Y-11.031
M566 X1200 Y1200
G1 F3000 X-1.146 Y-12.288 E0.05543
M566 X1800 Y1800
G0 F7200 X-.502 Y-12.225
M566 X1200 Y1200
G1 F3000 X-1.874 Y-10.853 E0.0605
M566 X1800 Y1800
G0 F7200 X-1.298 Y-10.721
M566 X1200 Y1200
G1 F3000 X0.199 Y-12.22 E0.06606
M566 X1800 Y1800
G0 F7200 X1.084 Y-12.398
M566 X1200 Y1200
G1 F3000 X-.665 Y-10.648 E0.07715
M566 X1800 Y1800
G0 F7200 X0.036 Y-10.642
M566 X1200 Y1200
G1 F3000 X2.904 Y-13.511 E0.12649
M566 X1800 Y1800
G0 F7200 X3.082 Y-13.688
M566 X1200 Y1200
G1 F3000 X5.362 Y-15.969 E0.10056
M566 X1800 Y1800
G0 F7200 X5.362 Y-16.676
M566 X1200 Y1200
G1 F3000 X3.983 Y-15.296 E0.06083
M566 X1800 Y1800
G0 F7200 X4.169 Y-16.189
M566 X1200 Y1200
G1 F3000 X5.362 Y-17.383 E0.05263
M566 X1800 Y1800
G0 F7200 X5.362 Y-18.09
M566 X1200 Y1200
G1 F3000 X4.196 Y-16.924 E0.05142
M566 X1800 Y1800
G0 F7200 X4.116 Y-17.551
M566 X1200 Y1200
G1 F3000 X5.362 Y-18.797 E0.05495
M566 X1800 Y1800
G0 F7200 X5.164 Y-19.306
M566 X1200 Y1200
G1 F3000 X3.96 Y-18.102 E0.05309
M566 X1800 Y1800
G0 F7200 X3.761 Y-18.61
M566 X1200 Y1200
G1 F3000 X4.916 Y-19.765 E0.05093
M566 X1800 Y1800
G0 F7200 X4.637 Y-20.193
M566 X1200 Y1200
G1 F3000 X3.503 Y-19.06 E0.04998
M566 X1800 Y1800
G0 F7200 X3.206 Y-19.47
M566 X1200 Y1200
G1 F3000 X4.332 Y-20.595 E0.04963
M566 X1800 Y1800
G0 F7200 X4.867 Y-21.13
M566 X1200 Y1200
G1 F3000 X5.363 Y-21.626 E0.02187
M566 X1800 Y1800
G0 F7200 X5.363 Y-22.333
M566 X1200 Y1200
G1 F3000 X2.877 Y-19.847 E0.10963
M566 X1800 Y1800
G0 F7200 X2.491 Y-20.168
M566 X1200 Y1200
G1 F3000 X5.363 Y-23.041 E0.12667
M566 X1800 Y1800
G0 F7200 X5.363 Y-23.748
M566 X1200 Y1200
G1 F3000 X2.088 Y-20.473 E0.14442
M566 X1800 Y1800
G0 F7200 X1.61 Y-20.701
M566 X1200 Y1200
G1 F3000 X5.363 Y-24.455 E0.16552
M566 X1800 Y1800
G0 F7200 X5.363 Y-25.162
M566 X1200 Y1200
G1 F3000 X1.126 Y-20.925 E0.18684
M566 X1800 Y1800
G0 F7200 X0.536 Y-21.042
M566 X1200 Y1200
G1 F3000 X5.363 Y-25.869 E0.21286
M566 X1800 Y1800
G0 F7200 X5.363 Y-26.576
M566 X1200 Y1200
G1 F3000 X-0.086 Y-21.126 E0.24031
M566 X1800 Y1800
G0 F7200 X-.844 Y-21.076
M566 X1200 Y1200
G1 F3000 X5.363 Y-27.283 E0.27371
M566 X1800 Y1800
G0 F7200 X5.363 Y-27.99
M566 X1200 Y1200
G1 F3000 X-1.788 Y-20.839 E0.31534
G1 X-1.876 Y-20.751
M566 X1800 Y1800
G0 F7200 X1.261 Y-19.014
G0 X5.362 Y-15.262
M566 X1200 Y1200
G1 F3000 X0.837 Y-10.737 E0.19954
M566 X1800 Y1800
G0 F7200 X1.801 Y-10.993
M566 X1200 Y1200
G1 F3000 X5.362 Y-14.555 E0.15705
G1 X5.45 Y-14.643
M566 X1800 Y1800
G0 F7200 X4.587 Y-13.072
M566 X1200 Y1200
G1 F3000 X3.302 Y-11.788 E0.05664
G1 X3.214 Y-11.7
M566 X1800 Y1800
G0 F7200 X1.456 Y-6.69
M566 X1200 Y1200
G1 F3000 X3.108 Y-6.277 E0.0531
G1 X3.071 Y-5.977 E0.00943
G1 X3.495 Y-5.678 E0.01618
G1 X3.918 Y-5.337 E0.01694
G1 X4.325 Y-4.937 E0.01779
G1 X4.651 Y-4.555 E0.01566
G1 X5.094 Y-3.926 E0.02399
G1 X5.386 Y-3.385 E0.01917
G1 X5.588 Y-2.917 E0.01589
G1 X5.588 Y1.585 E0.14038
G1 X5.252 Y2.314 E0.02503
G1 X4.917 Y2.864 E0.02008
G1 X4.752 Y3.094 E0.00883
G1 X1.693 Y3.094 E0.09538
G1 X2.4 Y2.661 E0.02585
G1 X3.141 Y1.902 E0.03308
G1 X3.669 Y0.985 E0.03299
G1 X3.954 Y-0.035 E0.03302
G1 X3.98 Y-1.112 E0.03359
G1 X3.744 Y-2.128 E0.03252
G1 X3.261 Y-3.065 E0.03287
G1 X2.561 Y-3.861 E0.03305
G1 X1.666 Y-4.463 E0.03363
G1 X0.712 Y-4.807 E0.03162
G1 X-.189 Y-4.919 E0.02831
G1 X-1.18 Y-4.818 E0.03106
G1 X-2.049 Y-4.522 E0.02863
G1 X-2.91 Y-3.99 E0.03156
G1 X-3.647 Y-3.235 E0.0329
G1 X-4.181 Y-2.299 E0.0336
G1 X-4.461 Y-1.298 E0.03241
G1 X-4.487 Y-.24 E0.033
G1 X-4.25 Y0.792 E0.03302
G1 X-3.768 Y1.731 E0.03291
G1 X-3.086 Y2.505 E0.03217
G1 X-2.355 Y3.032 E0.0281
G1 X-2.207 Y3.094 E0.005
G1 X-5.258 Y3.094 E0.09513
G1 X-5.588 Y2.608 E0.01832
G1 X-5.588 Y-4.077 E0.20845
G1 X-5.394 Y-4.515 E0.01494
G1 X-5.188 Y-4.515 E0.00642
G1 X-4.86 Y-4.907 E0.01594
G1 X-4.409 Y-5.348 E0.01967
G1 X-4.281 Y-5.457 E0.00524
G1 X-3.729 Y-5.873 E0.02155
G1 X-3.218 Y-6.179 E0.01857
G1 X-2.54 Y-6.493 E0.0233
G1 X-1.952 Y-6.692 E0.01936
G1 X-1.345 Y-6.832 E0.01942
G1 X-.723 Y-6.909 E0.01954
G1 X-.108 Y-6.925 E0.01918
G1 X0.47 Y-6.884 E0.01807
G1 X0.985 Y-6.802 E0.01626
G1 X1.456 Y-6.69 E0.0151
M566 X1800 Y1800
G0 F7200 X-5.361 Y-3.83
M566 X1200 Y1200
G1 F3000 X-3.361 Y-5.83 E0.08819
G1 X-3.273 Y-5.918
M566 X1800 Y1800
G0 F7200 X-2.072 Y-6.412
M566 X1200 Y1200
G1 F3000 X-5.361 Y-3.123 E0.14504
M566 X1800 Y1800
G0 F7200 X-5.361 Y-2.416
M566 X1200 Y1200
G1 F3000 X-1.149 Y-6.629 E0.18576
M566 X1800 Y1800
G0 F7200 X-.379 Y-6.692
M566 X1200 Y1200
G1 F3000 X-2.666 Y-4.404 E0.10087
G1 X-2.754 Y-4.316
M566 X1800 Y1800
G0 F7200 X-1.376 Y-4.987
M566 X1200 Y1200
G1 F3000 X0.306 Y-6.67 E0.07419
M566 X1800 Y1800
G0 F7200 X0.926 Y-6.583
M566 X1200 Y1200
G1 F3000 X-.548 Y-5.108 E0.06502
M566 X1800 Y1800
G0 F7200 X0.152 Y-5.102
M566 X1200 Y1200
G1 F3000 X1.496 Y-6.446 E0.05927
M566 X1800 Y1800
G0 F7200 X2.062 Y-6.305
M566 X1200 Y1200
G1 F3000 X0.778 Y-5.021 E0.05662
M566 X1800 Y1800
G0 F7200 X1.298 Y-4.833
M566 X1200 Y1200
G1 F3000 X2.628 Y-6.163 E0.05865
M566 X1800 Y1800
G0 F7200 X2.954 Y-5.783
M566 X1200 Y1200
G1 F3000 X1.808 Y-4.637 E0.05054
M566 X1800 Y1800
G0 F7200 X2.23 Y-4.352
M566 X1200 Y1200
G1 F3000 X3.369 Y-5.49 E0.0502
M566 X1800 Y1800
G0 F7200 X3.761 Y-5.175
M566 X1200 Y1200
G1 F3000 X2.653 Y-4.067 E0.04886
M566 X1800 Y1800
G0 F7200 X2.996 Y-3.703
M566 X1200 Y1200
G1 F3000 X4.118 Y-4.825 E0.04948
M566 X1800 Y1800
G0 F7200 X4.446 Y-4.446
M566 X1200 Y1200
G1 F3000 X3.328 Y-3.328 E0.0493
M566 X1800 Y1800
G0 F7200 X3.602 Y-2.894
M566 X1200 Y1200
G1 F3000 X4.741 Y-4.034 E0.05025
M566 X1800 Y1800
G0 F7200 X5.012 Y-3.598
M566 X1200 Y1200
G1 F3000 X3.841 Y-2.427 E0.05164
M566 X1800 Y1800
G0 F7200 X4.026 Y-1.904
M566 X1200 Y1200
G1 F3000 X5.249 Y-3.128 E0.05395
M566 X1800 Y1800
G0 F7200 X5.361 Y-2.533
M566 X1200 Y1200
G1 F3000 X4.159 Y-1.331 E0.053
M566 X1800 Y1800
G0 F7200 X4.193 Y-.658
M566 X1200 Y1200
G1 F3000 X5.361 Y-1.826 E0.05151
M566 X1800 Y1800
G0 F7200 X5.361 Y-1.119
M566 X1200 Y1200
G1 F3000 X4.15 Y0.091 E0.05338
G1 X4.062 Y0.179
M566 X1800 Y1800
G0 F7200 X3.877 Y1.072
M566 X1200 Y1200
G1 F3000 X5.361 Y-.412 E0.06544
M566 X1800 Y1800
G0 F7200 X5.361 Y0.294
M566 X1200 Y1200
G1 F3000 X2.788 Y2.868 E0.11348
M566 X1800 Y1800
G0 F7200 X3.495 Y2.868
M566 X1200 Y1200
G1 F3000 X5.361 Y1.001 E0.08231
M566 X1800 Y1800
G0 F7200 X5.213 Y1.857
M566 X1200 Y1200
G1 F3000 X4.202 Y2.868 E0.04458
G1 X4.114 Y2.956
M566 X1800 Y1800
G0 F7200 X-3.304 Y2.597
M566 X1200 Y1200
G1 F3000 X-3.575 Y2.868 E0.01195
M566 X1800 Y1800
G0 F7200 X-3.635 Y2.221
M566 X1200 Y1200
G1 F3000 X-4.282 Y2.868 E0.02853
M566 X1800 Y1800
G0 F7200 X-4.99 Y2.868
M566 X1200 Y1200
G1 F3000 X-3.964 Y1.842 E0.04524
M566 X1800 Y1800
G0 F7200 X-4.203 Y1.375
M566 X1200 Y1200
G1 F3000 X-5.361 Y2.533 E0.05106
M566 X1800 Y1800
G0 F7200 X-5.361 Y1.826
M566 X1200 Y1200
G1 F3000 X-4.443 Y0.907 E0.0405
M566 X1800 Y1800
G0 F7200 X-4.584 Y0.341
M566 X1200 Y1200
G1 F3000 X-5.361 Y1.119 E0.03429
M566 X1800 Y1800
G0 F7200 X-5.361 Y0.412
M566 X1200 Y1200
G1 F3000 X-4.712 Y-.237 E0.02862
M566 X1800 Y1800
G0 F7200 X-5.361 Y-.294
M566 X1200 Y1200
G1 F3000 X-4.693 Y-.963 E0.02948
M566 X1800 Y1800
G0 F7200 X-5.361 Y-1.001
M566 X1200 Y1200
G1 F3000 X-4.549 Y-1.814 E0.03583
M566 X1800 Y1800
G0 F7200 X-5.361 Y-1.709
M566 X1200 Y1200
G1 F3000 X-3.997 Y-3.073 E0.06015
G1 X-3.909 Y-3.161
M566 X1800 Y1800
;MESH:NONMESH
G0 F600 X-3.909 Y-3.161 Z2.8
G0 F7200 X-2.877 Y0.29
G0 X-2.561 Y0.907
G0 X-2.105 Y1.423
G0 X-1.463 Y1.832
G0 X1.314 Y2.752
;TIME_ELAPSED:429.243486
;LAYER:16
M566 X1200 Y1200
;TYPE:WALL-INNER
;MESH:Roborama2026-Lasermount.3mf
G1 F6000 X2.092 Y2.275 E0.02846
G1 X2.747 Y1.604 E0.02924
G1 X3.213 Y0.795 E0.02911
G1 X3.466 Y-.105 E0.02915
G1 X3.489 Y-1.034 E0.02898
G1 X3.328 Y-1.81 E0.02471
G1 X2.95 Y-2.642 E0.02849
G1 X2.37 Y-3.36 E0.02878
G1 X1.627 Y-3.924 E0.02909
G1 X0.765 Y-4.288 E0.02918
G1 X-.171 Y-4.428 E0.02951
G1 X-1.074 Y-4.336 E0.0283
G1 X-1.828 Y-4.081 E0.02482
G1 X-2.598 Y-3.608 E0.02818
G1 X-3.253 Y-2.937 E0.02924
G1 X-3.725 Y-2.116 E0.02953
G1 X-3.972 Y-1.225 E0.02883
G1 X-3.995 Y-.292 E0.0291
G1 X-3.786 Y0.623 E0.02927
G1 X-3.36 Y1.453 E0.02909
G1 X-2.756 Y2.139 E0.0285
G1 X-2.114 Y2.601 E0.02466
G1 X-1.271 Y2.955 E0.02851
G1 X-.345 Y3.095 E0.0292
G1 X0.565 Y3.003 E0.02852
G1 X1.314 Y2.752 E0.02463
M566 X1800 Y1800
G0 F7200 X-.345 Y3.584
M566 X1200 Y1200
G1 F6000 X-6.228 Y3.584 E0.18344
G1 X-6.228 Y-32.916 E1.13812
G1 X6.228 Y-32.916 E0.3884
G1 X6.228 Y3.584 E1.13812
G1 X-.345 Y3.584 E0.20496
M566 X1800 Y1800
G0 F7200 X1.974 Y1.02
G0 X2.321 Y0.418
G0 X2.509 Y-.25
G0 X0.027 Y-12.914
M566 X1200 Y1200
G1 F6000 X0.946 Y-13.1 E0.02924
G1 X1.79 Y-13.508 E0.02923
G1 X2.506 Y-14.108 E0.02913
G1 X3.052 Y-14.871 E0.02926
G1 X3.392 Y-15.748 E0.02933
G1 X3.509 Y-16.666 E0.02886
G1 X3.391 Y-17.596 E0.02923
G1 X3.049 Y-18.465 E0.02912
G1 X2.497 Y-19.233 E0.02949
G1 X1.784 Y-19.829 E0.02898
G1 X0.933 Y-20.235 E0.0294
G1 X0.105 Y-20.401 E0.02633
G1 X-.233 Y-20.419 E0.01055
G1 X-1.092 Y-20.333 E0.02692
G1 X-1.98 Y-20.008 E0.02949
G1 X-2.744 Y-19.484 E0.02889
G1 X-3.371 Y-18.772 E0.02958
G1 X-3.791 Y-17.94 E0.02906
G1 X-3.995 Y-17.043 E0.02868
G1 X-3.972 Y-16.104 E0.02929
G1 X-3.719 Y-15.205 E0.02912
G1 X-3.249 Y-14.396 E0.02917
G1 X-2.601 Y-13.729 E0.029
G1 X-1.804 Y-13.238 E0.02919
G1 X-.905 Y-12.963 E0.02931
G1 X0.027 Y-12.914 E0.0291
M566 X1800 Y1800
G0 F7200 X-0.01 Y-13.417
M566 X1200 Y1200
G1 F6000 X0.785 Y-13.578 E0.02529
G1 X1.516 Y-13.931 E0.02531
G1 X2.136 Y-14.451 E0.02523
G1 X2.609 Y-15.111 E0.02532
G1 X2.904 Y-15.872 E0.02545
G1 X3.005 Y-16.666 E0.02496
G1 X2.903 Y-17.471 E0.0253
G1 X2.607 Y-18.224 E0.02523
G1 X2.128 Y-18.89 E0.02558
G1 X1.512 Y-19.405 E0.02504
G1 X0.774 Y-19.757 E0.0255
G1 X0.042 Y-19.904 E0.02328
G1 X-.221 Y-19.918 E0.00821
G1 X-.979 Y-19.842 E0.02375
G1 X-1.749 Y-19.56 E0.02557
G1 X-2.41 Y-19.107 E0.02499
G1 X-2.953 Y-18.49 E0.02563
G1 X-3.317 Y-17.769 E0.02518
G1 X-3.494 Y-16.993 E0.02482
G1 X-3.474 Y-16.179 E0.02539
G1 X-3.255 Y-15.401 E0.0252
G1 X-2.848 Y-14.7 E0.02528
G1 X-2.286 Y-14.122 E0.02514
G1 X-1.596 Y-13.697 E0.02527
G1 X-.818 Y-13.459 E0.02537
G1 X-0.01 Y-13.417 E0.02523
M566 X1800 Y1800
G0 F7200 X-.183 Y-3.924
M566 X1200 Y1200
G1 F6000 X-.967 Y-3.844 E0.02457
G1 X-1.614 Y-3.625 E0.0213
G1 X-2.284 Y-3.214 E0.02451
G1 X-2.851 Y-2.633 E0.02531
G1 X-3.26 Y-1.921 E0.0256
G1 X-3.474 Y-1.151 E0.02492
G1 X-3.494 Y-.342 E0.02523
G1 X-3.313 Y0.45 E0.02533
G1 X-2.944 Y1.169 E0.0252
G1 X-2.418 Y1.766 E0.02481
G1 X-1.868 Y2.162 E0.02113
G1 X-1.135 Y2.47 E0.02479
G1 X-.333 Y2.591 E0.02529
G1 X0.459 Y2.511 E0.02482
G1 X1.101 Y2.296 E0.02111
G1 X1.778 Y1.881 E0.02476
G1 X2.345 Y1.3 E0.02531
G1 X2.749 Y0.599 E0.02523
G1 X2.968 Y-.18 E0.02523
G1 X2.988 Y-.989 E0.02523
G1 X2.85 Y-1.654 E0.02118
G1 X2.521 Y-2.377 E0.02477
G1 X2.019 Y-2.999 E0.02492
G1 X1.375 Y-3.488 E0.02521
G1 X0.629 Y-3.803 E0.02525
G1 X-.183 Y-3.924 E0.0256
M566 X1800 Y1800
G0 F7200 X1.143 Y-3.086
G0 X1.695 Y-2.666
G0 X6.728 Y4.084
M566 X1200 Y1200
G1 F6000 X-6.728 Y4.084 E0.41958
G1 X-6.728 Y-33.416 E1.1693
G1 X6.728 Y-33.416 E0.41958
G1 X6.728 Y4.084 E1.1693
M566 X1800 Y1800
G0 F7200 X7.228 Y4.584
M566 X1200 Y1200
G1 F6000 X-7.228 Y4.584 E0.45076
G1 X-7.228 Y-33.916 E1.20048
G1 X7.228 Y-33.916 E0.45076
G1 X7.228 Y4.584 E1.20048
M566 X1800 Y1800
G0 F7200 X7.158 Y4.514
G0 X2.022 Y1.056
G0 X1.943 Y0.996
M566 X1200 Y1200
G1 F6000 X2.285 Y0.403 E0.02135
G1 X2.47 Y-.255 E0.02131
G1 X2.487 Y-.944 E0.02149
G1 X2.372 Y-1.498 E0.01764
G1 X2.092 Y-2.112 E0.02104
G1 X1.668 Y-2.638 E0.02107
G1 X1.123 Y-3.052 E0.02134
G1 X0.493 Y-3.318 E0.02132
G1 X-.194 Y-3.42 E0.02166
G1 X-.86 Y-3.352 E0.02087
G1 X-1.401 Y-3.169 E0.01781
G1 X-1.97 Y-2.82 E0.02081
G1 X-2.449 Y-2.329 E0.02139
G1 X-2.795 Y-1.726 E0.02168
G1 X-2.976 Y-1.077 E0.02101
G1 X-2.993 Y-.392 E0.02137
G1 X-2.84 Y0.277 E0.0214
G1 X-2.528 Y0.885 E0.02131
G1 X-2.08 Y1.393 E0.02112
G1 X-1.622 Y1.723 E0.0176
G1 X-.999 Y1.985 E0.02107
G1 X-.321 Y2.087 E0.02138
G1 X0.353 Y2.019 E0.02112
G1 X0.888 Y1.84 E0.01759
G1 X1.464 Y1.487 E0.02106
G1 X1.943 Y0.996 E0.02139
M566 X1800 Y1800
G0 F7200 X2.022 Y1.056
G0 X2.321 Y0.418
G0 X2.509 Y-.25
G0 X0.655 Y-13.962
G0 X0.624 Y-14.056
M566 X1200 Y1200
G1 F6000 X1.243 Y-14.354 E0.02142
G1 X1.766 Y-14.793 E0.02129
G1 X2.166 Y-15.351 E0.02141
G1 X2.416 Y-15.996 E0.02157
G1 X2.501 Y-16.666 E0.02106
G1 X2.415 Y-17.346 E0.02137
G1 X2.165 Y-17.983 E0.02134
G1 X1.759 Y-18.547 E0.02167
G1 X1.24 Y-18.981 E0.0211
G1 X0.615 Y-19.279 E0.02159
G1 X-0.021 Y-19.407 E0.02023
G1 X-.209 Y-19.417 E0.00587
G1 X-.866 Y-19.351 E0.02059
G1 X-1.518 Y-19.112 E0.02165
G1 X-2.076 Y-18.73 E0.02109
G1 X-2.535 Y-18.208 E0.02167
G1 X-2.843 Y-17.598 E0.02131
G1 X-2.993 Y-16.943 E0.02095
G1 X-2.976 Y-16.254 E0.02149
G1 X-2.791 Y-15.597 E0.02128
G1 X-2.447 Y-15.004 E0.02138
G1 X-1.971 Y-14.515 E0.02128
G1 X-1.388 Y-14.156 E0.02135
G1 X-.731 Y-13.955 E0.02142
G1 X-0.047 Y-13.92 E0.02136
G1 X0.624 Y-14.056 E0.02135
M566 X1800 Y1800
G0 F7200 X0.464 Y-14.534
M566 X1200 Y1200
;TYPE:WALL-OUTER
G1 F3000 X0.969 Y-14.777 E0.01747
G1 X1.396 Y-15.136 E0.01739
G1 X1.723 Y-15.591 E0.01747
G1 X1.928 Y-16.12 E0.01769
G1 X1.997 Y-16.666 E0.01716
G1 X1.927 Y-17.222 E0.01747
G1 X1.723 Y-17.742 E0.01742
G1 X1.39 Y-18.204 E0.01776
G1 X0.968 Y-18.557 E0.01716
G1 X0.456 Y-18.801 E0.01769
G1 X-0.084 Y-18.91 E0.01718
G1 X-.197 Y-18.916 E0.00353
G1 X-.753 Y-18.86 E0.01742
G1 X-1.287 Y-18.664 E0.01774
G1 X-1.742 Y-18.353 E0.01719
G1 X-2.117 Y-17.926 E0.01772
G1 X-2.369 Y-17.427 E0.01743
G1 X-2.492 Y-16.892 E0.01712
G1 X-2.478 Y-16.329 E0.01756
G1 X-2.327 Y-15.793 E0.01736
G1 X-2.046 Y-15.308 E0.01748
G1 X-1.656 Y-14.908 E0.01742
G1 X-1.18 Y-14.615 E0.01743
G1 X-.644 Y-14.451 E0.01748
G1 X-0.085 Y-14.423 E0.01745
G1 X0.464 Y-14.534 E0.01746
M566 X1800 Y1800
G0 F7200 X0.689 Y-14.642
G0 X0.948 Y-14.101
G0 X-.117 Y-3.508
G0 X-.205 Y-2.916
M566 X1200 Y1200
G1 F3000 X-.753 Y-2.86 E0.01718
G1 X-1.188 Y-2.713 E0.01432
G1 X-1.656 Y-2.426 E0.01712
G1 X-2.047 Y-2.025 E0.01746
G1 X-2.33 Y-1.531 E0.01775
G1 X-2.478 Y-1.002 E0.01713
G1 X-2.492 Y-.442 E0.01747
G1 X-2.367 Y0.104 E0.01747
G1 X-2.112 Y0.601 E0.01742
G1 X-1.742 Y1.02 E0.01743
G1 X-1.376 Y1.284 E0.01407
G1 X-.863 Y1.5 E0.01736
G1 X-.309 Y1.583 E0.01747
G1 X0.247 Y1.527 E0.01742
G1 X0.675 Y1.384 E0.01407
G1 X1.15 Y1.093 E0.01737
G1 X1.541 Y0.692 E0.01746
G1 X1.821 Y0.207 E0.01746
G1 X1.972 Y-.33 E0.01739
G1 X1.986 Y-.899 E0.01775
G1 X1.894 Y-1.341 E0.01408
G1 X1.663 Y-1.847 E0.01734
G1 X1.317 Y-2.277 E0.01721
G1 X0.871 Y-2.616 E0.01747
G1 X0.357 Y-2.833 E0.0174
G1 X-.205 Y-2.916 E0.01771
M566 X1800 Y1800
G0 F7200 X-.454 Y-2.891
G0 X-.514 Y-3.488
G0 X0.503 Y-3.356
G0 X1.143 Y-3.086
G0 X1.639 Y-2.708
G0 X7.158 Y4.514
G0 X7.728 Y5.084
M566 X1200 Y1200
G1 F3000 X-7.728 Y5.084 E0.48194
G1 X-7.728 Y-34.416 E1.23166
G1 X7.728 Y-34.416 E0.48194
G1 X7.728 Y5.084 E1.23166
M566 X1800 Y1800
G0 F7200 X7.478 Y5.084
G0 X7.158 Y4.514
G0 X4.918 Y-4.522
M566 X1200 Y1200
;TYPE:FILL
G1 F6000 X6.028 Y-6.445 E0.06923
M566 X1800 Y1800
G0 F7200 X6.028 Y-5.619
M566 X1200 Y1200
G1 F6000 X3.878 Y-5.619 E0.06704
G1 X3.753 Y-5.619
M566 X1800 Y1800
G0 F7200 X2.333 Y-6.667
M566 X1200 Y1200
G1 F6000 X0.27 Y-10.239 E0.12862
M566 X1800 Y1800
G0 F7200 X-.282 Y-10.218
M566 X1200 Y1200
G1 F6000 X-2.257 Y-6.796 E0.1232
G1 X-2.03 Y-6.866
G1 X-2.12 Y-7.022 E0.00562
G1 X-2.126 Y-7.032
G1 X-5.614 Y-13.073 E0.21751
G1 X-5.534 Y-12.966
G1 X-5.945 Y-12.966 E0.01282
M566 X1800 Y1800
G0 F7200 X-3.881 Y-11.335
M566 X1200 Y1200
G1 F6000 X-6.028 Y-7.617 E0.13387
G1 X-6.09 Y-7.509
M566 X1800 Y1800
G0 F7200 X-6.028 Y-6.444
M566 X1200 Y1200
G1 F6000 X-5.128 Y-4.886 E0.0561
G1 X-5.066 Y-4.778
M566 X1800 Y1800
G0 F7200 X-4.387 Y-5.619
M566 X1200 Y1200
G1 F6000 X-6.028 Y-5.619 E0.05117
G1 X-6.153 Y-5.619
M566 X1800 Y1800
G0 F7200 X-6.028 Y-9.293
M566 X1200 Y1200
G1 F6000 X6.028 Y-9.293 E0.37592
G1 X6.153 Y-9.293
M566 X1800 Y1800
G0 F7200 X6.028 Y-7.614
M566 X1200 Y1200
G1 F6000 X3.737 Y-11.582 E0.14287
G1 X3.675 Y-11.69
M566 X1800 Y1800
G0 F7200 X5.029 Y-12.966
M566 X1200 Y1200
G1 F6000 X6.028 Y-12.966 E0.03115
M566 X1800 Y1800
G0 F7200 X6.021 Y-13.779
M566 X1200 Y1200
G1 F6000 X1.968 Y-6.758 E0.25278
G1 X1.906 Y-6.65
M566 X1800 Y1800
G0 F7200 X5.318 Y-19.917
M566 X1200 Y1200
G1 F6000 X5.779 Y-20.716 E0.02876
M566 X1800 Y1800
G0 F7200 X6.028 Y-20.326
M566 X1200 Y1200
G1 F6000 X5.06 Y-20.326 E0.03018
M566 X1800 Y1800
G0 F7200 X2.389 Y-28.616
M566 X1200 Y1200
G1 F6000 X0.022 Y-32.716 E0.14762
G1 X-0.022 Y-32.716
G1 X-2.389 Y-28.616 E0.14762
M566 X1800 Y1800
G0 F7200 X-1.852 Y-28.616
M566 X1200 Y1200
G1 F6000 X-4.22 Y-32.716 E0.14763
G1 X-4.266 Y-32.716
G1 X-6.028 Y-29.664 E0.10989
G1 X-6.09 Y-29.556
M566 X1800 Y1800
G0 F7200 X-6.028 Y-31.347
M566 X1200 Y1200
G1 F6000 X6.028 Y-31.347 E0.37592
G1 X6.153 Y-31.347
M566 X1800 Y1800
G0 F7200 X6.028 Y-29.666
M566 X1200 Y1200
G1 F6000 X4.267 Y-32.716 E0.10982
G1 X4.22 Y-32.716
G1 X1.852 Y-28.616 E0.14763
G1 X1.79 Y-28.508
M566 X1800 Y1800
G0 F7200 X5.738 Y-28.426
M566 X1200 Y1200
;TYPE:SKIN
G1 F3000 X5.738 Y-20.906 E0.23448
G1 X4.719 Y-20.906 E0.03177
G1 X4.588 Y-20.633 E0.00944
G1 X4.896 Y-20.226 E0.01592
G1 X5.234 Y-19.682 E0.01997
G1 X5.514 Y-19.101 E0.02011
G1 X5.726 Y-18.521 E0.01926
G1 X5.738 Y-18.479 E0.00136
G1 X5.738 Y-14.852 E0.11309
G1 X5.515 Y-14.229 E0.02063
G1 X5.252 Y-13.686 E0.01881
G1 X4.917 Y-13.136 E0.02008
G1 X4.548 Y-12.65 E0.01903
G1 X4.233 Y-12.303 E0.01461
G1 X4.233 Y-12.149 E0.0048
G1 X3.154 Y-11.414 E0.04071
G1 X2.594 Y-11.091 E0.02016
G1 X2.043 Y-10.843 E0.01884
G1 X1.732 Y-10.73 E0.01032
G1 X1.151 Y-10.565 E0.01883
G1 X0.535 Y-10.455 E0.01951
G1 X-.108 Y-10.408 E0.0201
G1 X-.727 Y-10.425 E0.01931
G1 X-1.342 Y-10.501 E0.01932
G1 X-1.939 Y-10.637 E0.01909
G1 X-2.549 Y-10.843 E0.02008
G1 X-3.101 Y-11.091 E0.01887
G1 X-3.636 Y-11.398 E0.01923
G1 X-4.115 Y-11.739 E0.01833
G1 X-4.633 Y-12.194 E0.0215
G1 X-5.054 Y-12.65 E0.01935
G1 X-5.397 Y-13.1 E0.01764
G1 X-5.738 Y-13.62 E0.01939
G1 X-5.738 Y-19.683 E0.18905
G1 X-5.428 Y-20.189 E0.0185
G1 X-5.095 Y-20.634 E0.01733
G1 X-5.226 Y-20.906 E0.00941
G1 X-5.738 Y-20.906 E0.01596
G1 X-5.738 Y-28.426 E0.23448
G1 X5.738 Y-28.426 E0.35784
M566 X1800 Y1800
G0 F7200 X0.166 Y-20.889
M566 X1200 Y1200
G1 F3000 X-.245 Y-20.911 E0.01283
G1 X-1.202 Y-20.815 E0.02999
G1 X-2.206 Y-20.447 E0.03334
G1 X-3.071 Y-19.854 E0.0327
G1 X-3.78 Y-19.049 E0.03345
G1 X-4.255 Y-18.107 E0.0329
G1 X-4.487 Y-17.092 E0.03247
G1 X-4.46 Y-16.03 E0.03313
G1 X-4.174 Y-15.013 E0.03294
G1 X-3.643 Y-14.098 E0.03299
G1 X-2.91 Y-13.343 E0.03281
G1 X-2.008 Y-12.787 E0.03304
G1 X-.991 Y-12.477 E0.03315
G1 X0.064 Y-12.422 E0.03294
G1 X1.103 Y-12.632 E0.03305
G1 X2.058 Y-13.093 E0.03307
G1 X2.868 Y-13.773 E0.03298
G1 X3.487 Y-14.636 E0.03312
G1 X3.87 Y-15.627 E0.03313
G1 X4.003 Y-16.666 E0.03266
G1 X3.869 Y-17.718 E0.03307
G1 X3.482 Y-18.702 E0.03297
G1 X2.859 Y-19.57 E0.03332
G1 X2.051 Y-20.245 E0.03283
G1 X1.089 Y-20.703 E0.03322
G1 X0.166 Y-20.889 E0.02936
M566 X1800 Y1800
G0 F7200 X5.033 Y-28.2
M566 X1200 Y1200
G1 F3000 X5.513 Y-27.72 E0.02117
M566 X1800 Y1800
G0 F7200 X5.513 Y-27.013
M566 X1200 Y1200
G1 F3000 X4.326 Y-28.2 E0.05234
M566 X1800 Y1800
G0 F7200 X3.619 Y-28.2
M566 X1200 Y1200
G1 F3000 X5.513 Y-26.306 E0.08352
M566 X1800 Y1800
G0 F7200 X5.513 Y-25.599
M566 X1200 Y1200
G1 F3000 X2.912 Y-28.2 E0.1147
M566 X1800 Y1800
G0 F7200 X2.205 Y-28.2
M566 X1200 Y1200
G1 F3000 X5.513 Y-24.892 E0.14587
M566 X1800 Y1800
G0 F7200 X5.513 Y-24.185
M566 X1200 Y1200
G1 F3000 X1.498 Y-28.2 E0.17705
M566 X1800 Y1800
G0 F7200 X0.791 Y-28.2
M566 X1200 Y1200
G1 F3000 X5.513 Y-23.478 E0.20823
M566 X1800 Y1800
G0 F7200 X5.513 Y-22.77
M566 X1200 Y1200
G1 F3000 X0.084 Y-28.2 E0.23943
M566 X1800 Y1800
G0 F7200 X-.622 Y-28.2
M566 X1200 Y1200
G1 F3000 X5.513 Y-22.063 E0.27058
M566 X1800 Y1800
G0 F7200 X5.513 Y-21.356
M566 X1200 Y1200
G1 F3000 X-1.33 Y-28.2 E0.30178
M566 X1800 Y1800
G0 F7200 X-2.037 Y-28.2
M566 X1200 Y1200
G1 F3000 X5.032 Y-21.13 E0.31174
M566 X1800 Y1800
G0 F7200 X4.496 Y-20.959
M566 X1200 Y1200
G1 F3000 X-2.744 Y-28.2 E0.31929
M566 X1800 Y1800
G0 F7200 X-3.451 Y-28.2
M566 X1200 Y1200
G1 F3000 X4.808 Y-19.94 E0.36422
G1 X4.896 Y-19.852
M566 X1800 Y1800
G0 F7200 X5.465 Y-18.575
M566 X1200 Y1200
G1 F3000 X-4.158 Y-28.2 E0.42439
M566 X1800 Y1800
G0 F7200 X-4.865 Y-28.2
M566 X1200 Y1200
G1 F3000 X5.513 Y-17.821 E0.45766
M566 X1800 Y1800
G0 F7200 X5.513 Y-17.114
M566 X1200 Y1200
G1 F3000 X3.333 Y-19.294 E0.09613
G1 X3.245 Y-19.382
M566 X1800 Y1800
G0 F7200 X2.286 Y-20.34
M566 X1200 Y1200
G1 F3000 X-5.513 Y-28.14 E0.34394
M566 X1800 Y1800
G0 F7200 X-5.513 Y-27.433
M566 X1200 Y1200
G1 F3000 X0.962 Y-20.957 E0.28555
M566 X1800 Y1800
G0 F7200 X0.095 Y-21.117
M566 X1200 Y1200
G1 F3000 X-5.513 Y-26.726 E0.24732
M566 X1800 Y1800
G0 F7200 X-5.513 Y-26.019
M566 X1200 Y1200
G1 F3000 X-.595 Y-21.101 E0.21687
M566 X1800 Y1800
G0 F7200 X-1.238 Y-21.037
M566 X1200 Y1200
G1 F3000 X-5.513 Y-25.312 E0.18852
M566 X1800 Y1800
G0 F7200 X-5.513 Y-24.605
M566 X1200 Y1200
G1 F3000 X-1.759 Y-20.851 E0.16554
M566 X1800 Y1800
G0 F7200 X-2.276 Y-20.661
M566 X1200 Y1200
G1 F3000 X-5.513 Y-23.898 E0.14274
M566 X1800 Y1800
G0 F7200 X-5.513 Y-23.19
M566 X1200 Y1200
G1 F3000 X-2.701 Y-20.379 E0.12398
M566 X1800 Y1800
G0 F7200 X-3.121 Y-20.091
M566 X1200 Y1200
G1 F3000 X-5.513 Y-22.483 E0.10548
M566 X1800 Y1800
G0 F7200 X-5.513 Y-21.776
M566 X1200 Y1200
G1 F3000 X-3.472 Y-19.736 E0.08998
M566 X1800 Y1800
G0 F7200 X-3.803 Y-19.359
M566 X1200 Y1200
G1 F3000 X-4.926 Y-20.482 E0.04952
M566 X1800 Y1800
G0 F7200 X-5.229 Y-20.078
M566 X1200 Y1200
G1 F3000 X-4.087 Y-18.937 E0.05034
M566 X1800 Y1800
G0 F7200 X-4.324 Y-18.466
M566 X1200 Y1200
G1 F3000 X-5.499 Y-19.642 E0.05184
M566 X1800 Y1800
G0 F7200 X-5.513 Y-18.948
M566 X1200 Y1200
G1 F3000 X-4.52 Y-17.955 E0.04379
M566 X1800 Y1800
G0 F7200 X-4.652 Y-17.379
M566 X1200 Y1200
G1 F3000 X-5.513 Y-18.241 E0.03799
M566 X1800 Y1800
G0 F7200 X-5.513 Y-17.534
M566 X1200 Y1200
G1 F3000 X-4.702 Y-16.723 E0.03576
M566 X1800 Y1800
G0 F7200 X-4.683 Y-15.997
M566 X1200 Y1200
G1 F3000 X-5.513 Y-16.827 E0.0366
M566 X1800 Y1800
G0 F7200 X-5.513 Y-16.119
M566 X1200 Y1200
G1 F3000 X-4.408 Y-15.015 E0.04871
G1 X-4.32 Y-14.927
M566 X1800 Y1800
G0 F7200 X-5.513 Y-14.705
M566 X1200 Y1200
G1 F3000 X-1.598 Y-10.79 E0.17264
M566 X1800 Y1800
G0 F7200 X-.755 Y-10.655
M566 X1200 Y1200
G1 F3000 X-5.513 Y-15.412 E0.20979
G1 X-5.601 Y-15.5
M566 X1800 Y1800
G0 F7200 X-5.513 Y-13.998
M566 X1200 Y1200
G1 F3000 X-2.649 Y-11.134 E0.12629
G1 X-2.561 Y-11.046
M566 X1800 Y1800
G0 F7200 X-1.915 Y-12.522
M566 X1200 Y1200
G1 F3000 X-0.031 Y-10.638 E0.08308
M566 X1800 Y1800
G0 F7200 X0.615 Y-10.697
M566 X1200 Y1200
G1 F3000 X-.933 Y-12.247 E0.06831
M566 X1800 Y1800
G0 F7200 X-.188 Y-12.208
M566 X1200 Y1200
G1 F3000 X1.206 Y-10.814 E0.06147
M566 X1800 Y1800
G0 F7200 X1.751 Y-10.976
M566 X1200 Y1200
G1 F3000 X0.456 Y-12.271 E0.05711
M566 X1800 Y1800
G0 F7200 X1.045 Y-12.389
M566 X1200 Y1200
G1 F3000 X2.251 Y-11.183 E0.05318
M566 X1800 Y1800
G0 F7200 X2.718 Y-11.423
M566 X1200 Y1200
G1 F3000 X1.547 Y-12.594 E0.05164
M566 X1800 Y1800
G0 F7200 X2.023 Y-12.825
M566 X1200 Y1200
G1 F3000 X3.158 Y-11.69 E0.05005
M566 X1800 Y1800
G0 F7200 X3.579 Y-11.976
M566 X1200 Y1200
G1 F3000 X2.438 Y-13.117 E0.05031
M566 X1800 Y1800
G0 F7200 X2.823 Y-13.439
M566 X1200 Y1200
G1 F3000 X4 Y-12.263 E0.05188
M566 X1800 Y1800
G0 F7200 X4.28 Y-12.689
M566 X1200 Y1200
G1 F3000 X3.167 Y-13.803 E0.0491
M566 X1800 Y1800
G0 F7200 X3.462 Y-14.214
M566 X1200 Y1200
G1 F3000 X4.595 Y-13.082 E0.04994
M566 X1800 Y1800
G0 F7200 X4.879 Y-13.505
M566 X1200 Y1200
G1 F3000 X3.734 Y-14.649 E0.05047
M566 X1800 Y1800
G0 F7200 X3.931 Y-15.16
M566 X1200 Y1200
G1 F3000 X5.135 Y-13.956 E0.05309
M566 X1800 Y1800
G0 F7200 X5.354 Y-14.444
M566 X1200 Y1200
G1 F3000 X4.104 Y-15.694 E0.05512
M566 X1800 Y1800
G0 F7200 X4.185 Y-16.32
M566 X1200 Y1200
G1 F3000 X5.513 Y-14.992 E0.05856
M566 X1800 Y1800
G0 F7200 X5.513 Y-15.699
M566 X1200 Y1200
G1 F3000 X4.183 Y-17.029 E0.05865
M566 X1800 Y1800
G0 F7200 X4.051 Y-17.868
M566 X1200 Y1200
G1 F3000 X5.513 Y-16.406 E0.06447
G1 X5.601 Y-16.318
M566 X1800 Y1800
G0 F7200 X3.108 Y-6.277
M566 X1200 Y1200
G1 F3000 X3.071 Y-5.977 E0.00943
G1 X3.495 Y-5.678 E0.01618
G1 X3.918 Y-5.337 E0.01694
G1 X4.325 Y-4.937 E0.01779
G1 X4.651 Y-4.555 E0.01566
G1 X5.094 Y-3.926 E0.02399
G1 X5.386 Y-3.385 E0.01917
G1 X5.631 Y-2.809 E0.01952
G1 X5.738 Y-2.478 E0.01085
G1 X5.738 Y1.148 E0.11306
G1 X5.515 Y1.771 E0.02063
G1 X5.252 Y2.314 E0.01881
G1 X4.917 Y2.864 E0.02008
G1 X4.752 Y3.094 E0.00883
G1 X1.693 Y3.094 E0.09538
G1 X2.4 Y2.661 E0.02585
G1 X3.141 Y1.902 E0.03308
G1 X3.668 Y0.987 E0.03292
G1 X3.954 Y-0.031 E0.03297
G1 X3.981 Y-1.079 E0.03269
G1 X3.797 Y-1.963 E0.02816
G1 X3.37 Y-2.901 E0.03214
G1 X2.713 Y-3.714 E0.03259
G1 X1.874 Y-4.351 E0.03285
G1 X0.898 Y-4.764 E0.03305
G1 X-.159 Y-4.922 E0.03332
G1 X-1.178 Y-4.818 E0.03194
G1 X-2.038 Y-4.528 E0.0283
G1 X-2.906 Y-3.994 E0.03178
G1 X-3.647 Y-3.235 E0.03308
G1 X-4.18 Y-2.306 E0.0334
G1 X-4.46 Y-1.298 E0.03262
G1 X-4.487 Y-.243 E0.03291
G1 X-4.25 Y0.792 E0.03311
G1 X-3.768 Y1.731 E0.03291
G1 X-3.087 Y2.504 E0.03212
G1 X-2.355 Y3.032 E0.02814
G1 X-2.207 Y3.094 E0.005
G1 X-5.258 Y3.094 E0.09513
G1 X-5.596 Y2.596 E0.01877
G1 X-5.738 Y2.35 E0.00886
G1 X-5.738 Y-3.739 E0.18986
G1 X-5.394 Y-4.515 E0.02647
G1 X-5.188 Y-4.515 E0.00642
G1 X-4.86 Y-4.907 E0.01594
G1 X-4.409 Y-5.348 E0.01967
G1 X-4.281 Y-5.457 E0.00524
G1 X-3.732 Y-5.87 E0.02142
G1 X-3.218 Y-6.179 E0.0187
G1 X-2.54 Y-6.493 E0.0233
G1 X-1.952 Y-6.692 E0.01936
G1 X-1.345 Y-6.832 E0.01942
G1 X-.723 Y-6.909 E0.01954
G1 X-.108 Y-6.925 E0.01918
G1 X0.47 Y-6.884 E0.01807
G1 X0.985 Y-6.802 E0.01626
G1 X1.456 Y-6.69 E0.0151
G1 X3.108 Y-6.277 E0.0531
M566 X1800 Y1800
G0 F7200 X2.219 Y-6.265
M566 X1200 Y1200
G1 F3000 X5.165 Y-3.319 E0.12991
G1 X5.253 Y-3.231
M566 X1800 Y1800
G0 F7200 X5.512 Y-2.265
M566 X1200 Y1200
G1 F3000 X1.277 Y-6.5 E0.18675
M566 X1800 Y1800
G0 F7200 X0.408 Y-6.662
M566 X1200 Y1200
G1 F3000 X5.512 Y-1.558 E0.22507
M566 X1800 Y1800
G0 F7200 X5.512 Y-.851
M566 X1200 Y1200
G1 F3000 X3.742 Y-2.621 E0.07805
G1 X3.654 Y-2.709
M566 X1800 Y1800
G0 F7200 X4.113 Y-1.542
M566 X1200 Y1200
G1 F3000 X5.512 Y-.144 E0.06167
M566 X1800 Y1800
G0 F7200 X5.512 Y0.562
M566 X1200 Y1200
G1 F3000 X4.196 Y-.753 E0.05801
M566 X1800 Y1800
G0 F7200 X4.179 Y-0.063
M566 X1200 Y1200
G1 F3000 X5.47 Y1.228 E0.05693
M566 X1800 Y1800
G0 F7200 X5.277 Y1.742
M566 X1200 Y1200
G1 F3000 X4.036 Y0.501 E0.05472
M566 X1800 Y1800
G0 F7200 X3.882 Y1.053
M566 X1200 Y1200
G1 F3000 X5.046 Y2.218 E0.05135
M566 X1800 Y1800
G0 F7200 X4.779 Y2.658
M566 X1200 Y1200
G1 F3000 X3.627 Y1.506 E0.0508
M566 X1800 Y1800
G0 F7200 X3.368 Y1.954
M566 X1200 Y1200
G1 F3000 X4.282 Y2.868 E0.0403
M566 X1800 Y1800
G0 F7200 X3.575 Y2.868
M566 X1200 Y1200
G1 F3000 X3.037 Y2.329 E0.02375
M566 X1800 Y1800
G0 F7200 X2.687 Y2.687
M566 X1200 Y1200
G1 F3000 X2.868 Y2.868 E0.00798
M566 X1800 Y1800
G0 F7200 X-3.495 Y2.868
M566 X1200 Y1200
G1 F3000 X-5.512 Y0.851 E0.08894
M566 X1800 Y1800
G0 F7200 X-5.512 Y0.144
M566 X1200 Y1200
G1 F3000 X-4.12 Y1.536 E0.06138
G1 X-4.032 Y1.624
M566 X1800 Y1800
G0 F7200 X-4.576 Y0.373
M566 X1200 Y1200
G1 F3000 X-5.512 Y-.562 E0.04125
M566 X1800 Y1800
G0 F7200 X-5.512 Y-1.269
M566 X1200 Y1200
G1 F3000 X-4.705 Y-.463 E0.03556
M566 X1800 Y1800
G0 F7200 X-4.687 Y-1.151
M566 X1200 Y1200
G1 F3000 X-5.512 Y-1.977 E0.0364
M566 X1800 Y1800
G0 F7200 X-5.512 Y-2.684
M566 X1200 Y1200
G1 F3000 X-4.569 Y-1.74 E0.04161
M566 X1800 Y1800
G0 F7200 X-4.415 Y-2.293
M566 X1200 Y1200
G1 F3000 X-5.512 Y-3.391 E0.0484
M566 X1800 Y1800
G0 F7200 X-5.387 Y-3.973
M566 X1200 Y1200
G1 F3000 X-4.176 Y-2.761 E0.05342
M566 X1800 Y1800
G0 F7200 X-3.918 Y-3.211
M566 X1200 Y1200
G1 F3000 X-5.043 Y-4.336 E0.04961
M566 X1800 Y1800
G0 F7200 X-4.721 Y-4.721
M566 X1200 Y1200
G1 F3000 X-3.602 Y-3.602 E0.04934
M566 X1800 Y1800
G0 F7200 X-3.252 Y-3.959
M566 X1200 Y1200
G1 F3000 X-4.365 Y-5.072 E0.04908
M566 X1800 Y1800
G0 F7200 X-3.983 Y-5.398
M566 X1200 Y1200
G1 F3000 X-2.868 Y-4.282 E0.04919
M566 X1800 Y1800
G0 F7200 X-2.43 Y-4.551
M566 X1200 Y1200
G1 F3000 X-3.577 Y-5.699 E0.0506
M566 X1800 Y1800
G0 F7200 X-3.136 Y-5.965
M566 X1200 Y1200
G1 F3000 X-1.962 Y-4.79 E0.05179
M566 X1800 Y1800
G0 F7200 X-1.433 Y-4.968
M566 X1200 Y1200
G1 F3000 X-2.654 Y-6.19 E0.05386
M566 X1800 Y1800
G0 F7200 X-2.144 Y-6.387
M566 X1200 Y1200
G1 F3000 X-.835 Y-5.078 E0.05772
M566 X1800 Y1800
G0 F7200 X-.194 Y-5.144
M566 X1200 Y1200
G1 F3000 X-1.592 Y-6.542 E0.06165
M566 X1800 Y1800
G0 F7200 X-.99 Y-6.647
M566 X1200 Y1200
G1 F3000 X0.625 Y-5.031 E0.07124
G1 X0.713 Y-4.943
M566 X1800 Y1800
G0 F7200 X1.692 Y-4.671
M566 X1200 Y1200
G1 F3000 X-.328 Y-6.692 E0.0891
G1 X-.416 Y-6.78
M566 X1800 Y1800
G0 F7200 X-5.512 Y1.558
M566 X1200 Y1200
G1 F3000 X-4.202 Y2.868 E0.05777
M566 X1800 Y1800
G0 F7200 X-4.909 Y2.868
M566 X1200 Y1200
G1 F3000 X-5.512 Y2.265 E0.02659
M566 X1800 Y1800
;MESH:NONMESH
G0 F600 X-5.512 Y2.265 Z2.95
G0 F7200 X0.946 Y2.9
;TIME_ELAPSED:451.735443
;LAYER:17
M566 X1200 Y1200
;TYPE:WALL-INNER
;MESH:Roborama2026-Lasermount.3mf
G1 F6000 X1.789 Y2.492 E0.0292
G1 X2.505 Y1.893 E0.02911
G1 X3.052 Y1.131 E0.02925
G1 X3.391 Y0.261 E0.02911
G1 X3.509 Y-.669 E0.02923
G1 X3.391 Y-1.594 E0.02908
G1 X3.052 Y-2.466 E0.02917
G1 X2.503 Y-3.226 E0.02923
G1 X1.791 Y-3.825 E0.02901
G1 X0.944 Y-4.233 E0.02932
G1 X0.104 Y-4.401 E0.02671
G1 X-.236 Y-4.419 E0.01062
G1 X-1.089 Y-4.333 E0.02673
G1 X-1.968 Y-4.013 E0.02917
G1 X-2.742 Y-3.486 E0.0292
G1 X-3.366 Y-2.78 E0.02938
G1 X-3.789 Y-1.949 E0.02908
G1 X-3.995 Y-1.038 E0.02912
G1 X-3.972 Y-.102 E0.02919
G1 X-3.719 Y0.795 E0.02906
G1 X-3.251 Y1.604 E0.02914
G1 X-2.601 Y2.274 E0.02911
G1 X-1.8 Y2.763 E0.02926
G1 X-.906 Y3.037 E0.02916
G1 X0.027 Y3.086 E0.02913
G1 X0.946 Y2.9 E0.02924
M566 X1800 Y1800
G0 F7200 X0.027 Y3.584
M566 X1200 Y1200
G1 F6000 X-6.378 Y3.584 E0.19972
G1 X-6.378 Y-32.916 E1.13812
G1 X6.378 Y-32.916 E0.39775
G1 X6.378 Y3.584 E1.13812
G1 X0.027 Y3.584 E0.19803
M566 X1800 Y1800
G0 F7200 X2.201 Y0.669
G0 X2.453 Y0.022
G0 X2.541 Y-.669
G0 X0.026 Y-12.914
M566 X1200 Y1200
G1 F6000 X0.946 Y-13.1 E0.02927
G1 X1.791 Y-13.508 E0.02926
G1 X2.506 Y-14.11 E0.02914
G1 X3.051 Y-14.869 E0.02914
G1 X3.391 Y-15.743 E0.02924
G1 X3.509 Y-16.666 E0.02901
G1 X3.391 Y-17.594 E0.02917
G1 X3.052 Y-18.466 E0.02917
G1 X2.501 Y-19.229 E0.02935
G1 X1.787 Y-19.829 E0.02908
G1 X0.94 Y-20.234 E0.02927
G1 X0.104 Y-20.401 E0.02658
G1 X-.233 Y-20.419 E0.01052
G1 X-1.089 Y-20.333 E0.02683
G1 X-1.973 Y-20.011 E0.02934
G1 X-2.743 Y-19.488 E0.02902
G1 X-3.366 Y-18.779 E0.02943
G1 X-3.79 Y-17.947 E0.02912
G1 X-3.995 Y-17.041 E0.02896
G1 X-3.972 Y-16.105 E0.02919
G1 X-3.719 Y-15.205 E0.02915
G1 X-3.251 Y-14.396 E0.02914
G1 X-2.601 Y-13.726 E0.02911
G1 X-1.8 Y-13.237 E0.02926
G1 X-.906 Y-12.963 E0.02916
G1 X0.026 Y-12.914 E0.0291
M566 X1800 Y1800
G0 F7200 X-0.011 Y-13.417
M566 X1200 Y1200
G1 F6000 X0.785 Y-13.578 E0.02532
G1 X1.517 Y-13.931 E0.02534
G1 X2.136 Y-14.452 E0.02523
G1 X2.608 Y-15.109 E0.02522
G1 X2.903 Y-15.867 E0.02536
G1 X3.005 Y-16.666 E0.02512
G1 X2.903 Y-17.47 E0.02527
G1 X2.609 Y-18.225 E0.02526
G1 X2.132 Y-18.886 E0.02542
G1 X1.514 Y-19.405 E0.02516
G1 X0.781 Y-19.756 E0.02534
G1 X0.041 Y-19.904 E0.02353
G1 X-.221 Y-19.918 E0.00818
G1 X-.977 Y-19.842 E0.02369
G1 X-1.743 Y-19.563 E0.02542
G1 X-2.409 Y-19.11 E0.02512
G1 X-2.949 Y-18.496 E0.0255
G1 X-3.316 Y-17.776 E0.0252
G1 X-3.494 Y-16.991 E0.0251
G1 X-3.474 Y-16.18 E0.0253
G1 X-3.255 Y-15.401 E0.02523
G1 X-2.849 Y-14.7 E0.02526
G1 X-2.286 Y-14.12 E0.0252
G1 X-1.593 Y-13.697 E0.02532
G1 X-.818 Y-13.459 E0.02528
G1 X-0.011 Y-13.417 E0.0252
M566 X1800 Y1800
G0 F7200 X-.224 Y-3.918
M566 X1200 Y1200
G1 F6000 X-.977 Y-3.842 E0.0236
G1 X-1.738 Y-3.565 E0.02525
G1 X-2.409 Y-3.108 E0.02531
G1 X-2.949 Y-2.497 E0.02543
G1 X-3.315 Y-1.778 E0.02516
G1 X-3.494 Y-.988 E0.02526
G1 X-3.474 Y-.177 E0.0253
G1 X-3.255 Y0.599 E0.02514
G1 X-2.849 Y1.3 E0.02526
G1 X-2.286 Y1.88 E0.0252
G1 X-1.593 Y2.303 E0.02532
G1 X-.818 Y2.541 E0.02528
G1 X-0.01 Y2.583 E0.02523
G1 X0.785 Y2.422 E0.02529
G1 X1.516 Y2.069 E0.02531
G1 X2.136 Y1.55 E0.02521
G1 X2.609 Y0.891 E0.02529
G1 X2.903 Y0.137 E0.02523
G1 X3.005 Y-.669 E0.02533
G1 X2.903 Y-1.47 E0.02518
G1 X2.609 Y-2.225 E0.02526
G1 X2.134 Y-2.883 E0.0253
G1 X1.517 Y-3.402 E0.02514
G1 X0.784 Y-3.755 E0.02537
G1 X0.041 Y-3.904 E0.02363
G1 X-.224 Y-3.918 E0.00827
M566 X1800 Y1800
G0 F7200 X1.264 Y-3.012
G0 X6.878 Y4.084
M566 X1200 Y1200
G1 F6000 X-6.878 Y4.084 E0.42893
G1 X-6.878 Y-33.416 E1.1693
G1 X6.878 Y-33.416 E0.42893
G1 X6.878 Y4.084 E1.1693
M566 X1800 Y1800
G0 F7200 X7.378 Y4.584
M566 X1200 Y1200
G1 F6000 X-7.378 Y4.584 E0.46011
G1 X-7.378 Y-33.916 E1.20048
G1 X7.378 Y-33.916 E0.46011
G1 X7.378 Y4.584 E1.20048
M566 X1800 Y1800
G0 F7200 X7.308 Y4.514
G0 X2.253 Y0.697
G0 X2.166 Y0.65
M566 X1200 Y1200
G1 F6000 X2.415 Y0.013 E0.02133
G1 X2.501 Y-.669 E0.02143
G1 X2.415 Y-1.346 E0.02128
G1 X2.166 Y-1.984 E0.02136
G1 X1.765 Y-2.54 E0.02138
G1 X1.243 Y-2.979 E0.02127
G1 X0.624 Y-3.277 E0.02142
G1 X-0.022 Y-3.407 E0.02055
G1 X-.212 Y-3.417 E0.00593
G1 X-.865 Y-3.351 E0.02047
G1 X-1.508 Y-3.117 E0.02134
G1 X-2.076 Y-2.73 E0.02143
G1 X-2.532 Y-2.214 E0.02147
G1 X-2.841 Y-1.607 E0.02124
G1 X-2.993 Y-.938 E0.02139
G1 X-2.976 Y-.252 E0.0214
G1 X-2.791 Y0.403 E0.02122
G1 X-2.447 Y0.996 E0.02138
G1 X-1.971 Y1.486 E0.0213
G1 X-1.386 Y1.844 E0.02139
G1 X-.731 Y2.045 E0.02136
G1 X-0.047 Y2.08 E0.02136
G1 X0.624 Y1.944 E0.02135
G1 X1.243 Y1.646 E0.02142
G1 X1.766 Y1.207 E0.02129
G1 X2.166 Y0.65 E0.02138
M566 X1800 Y1800
G0 F7200 X2.253 Y0.697
G0 X2.453 Y0.022
G0 X2.532 Y-.599
G0 X0.655 Y-13.962
G0 X0.624 Y-14.056
M566 X1200 Y1200
G1 F6000 X1.243 Y-14.354 E0.02142
G1 X1.766 Y-14.794 E0.02131
G1 X2.165 Y-15.349 E0.02131
G1 X2.415 Y-15.991 E0.02148
G1 X2.501 Y-16.666 E0.02122
G1 X2.415 Y-17.346 E0.02137
G1 X2.166 Y-17.984 E0.02136
G1 X1.763 Y-18.543 E0.02149
G1 X1.241 Y-18.981 E0.02125
G1 X0.621 Y-19.278 E0.02144
G1 X-0.022 Y-19.407 E0.02045
G1 X-.209 Y-19.417 E0.00584
G1 X-.865 Y-19.351 E0.02056
G1 X-1.513 Y-19.115 E0.0215
G1 X-2.075 Y-18.732 E0.02121
G1 X-2.532 Y-18.213 E0.02156
G1 X-2.842 Y-17.604 E0.02131
G1 X-2.993 Y-16.941 E0.0212
G1 X-2.976 Y-16.255 E0.0214
G1 X-2.791 Y-15.597 E0.02131
G1 X-2.447 Y-15.004 E0.02138
G1 X-1.971 Y-14.514 E0.0213
G1 X-1.386 Y-14.156 E0.02139
G1 X-.731 Y-13.955 E0.02136
G1 X-0.048 Y-13.92 E0.02132
G1 X0.624 Y-14.056 E0.02138
M566 X1800 Y1800
G0 F7200 X0.464 Y-14.534
M566 X1200 Y1200
;TYPE:WALL-OUTER
G1 F3000 X0.969 Y-14.777 E0.01747
G1 X1.396 Y-15.136 E0.01739
G1 X1.722 Y-15.59 E0.01743
G1 X1.927 Y-16.115 E0.01757
G1 X1.997 Y-16.666 E0.01732
G1 X1.927 Y-17.222 E0.01747
G1 X1.723 Y-17.743 E0.01745
G1 X1.394 Y-18.2 E0.01756
G1 X0.968 Y-18.557 E0.01733
G1 X0.461 Y-18.8 E0.01753
G1 X-0.085 Y-18.91 E0.01737
G1 X-.197 Y-18.916 E0.0035
G1 X-.753 Y-18.86 E0.01742
G1 X-1.283 Y-18.667 E0.01759
G1 X-1.741 Y-18.354 E0.0173
G1 X-2.115 Y-17.93 E0.01763
G1 X-2.368 Y-17.432 E0.01742
G1 X-2.492 Y-16.891 E0.01731
G1 X-2.478 Y-16.33 E0.0175
G1 X-2.327 Y-15.793 E0.01739
G1 X-2.046 Y-15.308 E0.01748
G1 X-1.656 Y-14.908 E0.01742
G1 X-1.179 Y-14.615 E0.01746
G1 X-.644 Y-14.451 E0.01745
G1 X-0.086 Y-14.423 E0.01742
G1 X0.464 Y-14.534 E0.0175
M566 X1800 Y1800
G0 F7200 X0.689 Y-14.642
G0 X0.948 Y-14.101
G0 X-0.053 Y-3.508
G0 X-0.085 Y-2.91
M566 X1200 Y1200
G1 F3000 X-.2 Y-2.916 E0.00359
G1 X-.753 Y-2.86 E0.01733
G1 X-1.278 Y-2.669 E0.01742
G1 X-1.743 Y-2.352 E0.01755
G1 X-2.115 Y-1.931 E0.01752
G1 X-2.367 Y-1.435 E0.01735
G1 X-2.492 Y-.888 E0.0175
G1 X-2.478 Y-.327 E0.0175
G1 X-2.327 Y0.207 E0.0173
G1 X-2.046 Y0.692 E0.01748
G1 X-1.656 Y1.092 E0.01742
G1 X-1.179 Y1.385 E0.01746
G1 X-.644 Y1.549 E0.01745
G1 X-0.085 Y1.577 E0.01745
G1 X0.464 Y1.466 E0.01746
G1 X0.969 Y1.223 E0.01747
G1 X1.396 Y0.864 E0.01739
G1 X1.723 Y0.409 E0.01747
G1 X1.927 Y-.111 E0.01742
G1 X1.997 Y-.669 E0.01754
G1 X1.927 Y-1.222 E0.01738
G1 X1.723 Y-1.743 E0.01745
G1 X1.396 Y-2.197 E0.01745
G1 X0.969 Y-2.556 E0.01739
G1 X0.464 Y-2.799 E0.01747
G1 X-0.085 Y-2.91 E0.01746
M566 X1800 Y1800
G0 F7200 X-.2 Y-2.916
G0 X-.334 Y-2.903
G0 X-.394 Y-3.499
G0 X0.636 Y-3.314
G0 X1.264 Y-3.012
G0 X7.308 Y4.514
G0 X7.878 Y5.084
M566 X1200 Y1200
G1 F3000 X-7.878 Y5.084 E0.49129
G1 X-7.878 Y-34.416 E1.23166
G1 X7.878 Y-34.416 E0.49129
G1 X7.878 Y5.084 E1.23166
M566 X1800 Y1800
G0 F7200 X7.628 Y5.084
G0 X7.308 Y4.514
G0 X4.986 Y-4.427
M566 X1200 Y1200
;TYPE:FILL
G1 F6000 X6.178 Y-6.492 E0.07435
M566 X1800 Y1800
G0 F7200 X6.178 Y-7.142
M566 X1200 Y1200
G1 F6000 X3.649 Y-11.522 E0.15771
G1 X3.587 Y-11.63
M566 X1800 Y1800
G0 F7200 X5.103 Y-13.072
M566 X1200 Y1200
G1 F6000 X6.178 Y-13.072 E0.03352
M566 X1800 Y1800
G0 F7200 X6.178 Y-13.839
M566 X1200 Y1200
G1 F6000 X2.074 Y-6.731 E0.25593
G1 X2.188 Y-6.703
G1 X0.151 Y-10.231 E0.12703
M566 X1800 Y1800
G0 F7200 X-.159 Y-10.218
M566 X1200 Y1200
G1 F6000 X-2.108 Y-6.842 E0.12155
G1 X-2.134 Y-6.834
G1 X-5.84 Y-13.252 E0.23109
M566 X1800 Y1800
G0 F7200 X-5.615 Y-13.072
M566 X1200 Y1200
G1 F6000 X-6.178 Y-13.072 E0.01756
M566 X1800 Y1800
G0 F7200 X-3.793 Y-11.275
M566 X1200 Y1200
G1 F6000 X-6.178 Y-7.145 E0.14871
M566 X1800 Y1800
G0 F7200 X-6.178 Y-6.493
M566 X1200 Y1200
G1 F6000 X-5.202 Y-4.804 E0.06083
G1 X-5.14 Y-4.696
M566 X1800 Y1800
G0 F7200 X-4.256 Y-5.725
M566 X1200 Y1200
G1 F6000 X-6.178 Y-5.725 E0.05993
G1 X-6.303 Y-5.725
M566 X1800 Y1800
G0 F7200 X-6.178 Y-9.399
M566 X1200 Y1200
G1 F6000 X6.178 Y-9.399 E0.38528
G1 X6.303 Y-9.399
M566 X1800 Y1800
G0 F7200 X6.178 Y-5.725
M566 X1200 Y1200
G1 F6000 X3.75 Y-5.725 E0.07571
G1 X3.625 Y-5.725
M566 X1800 Y1800
G0 F7200 X5.38 Y-19.811
M566 X1200 Y1200
G1 F6000 X5.902 Y-20.716 E0.03258
M566 X1800 Y1800
G0 F7200 X6.178 Y-20.432
M566 X1200 Y1200
G1 F6000 X5.026 Y-20.432 E0.03592
G1 X4.901 Y-20.432
M566 X1800 Y1800
G0 F7200 X2.267 Y-28.616
M566 X1200 Y1200
G1 F6000 X-.101 Y-32.716 E0.14763
G1 X0.1 Y-32.716
G1 X-2.267 Y-28.616 E0.14762
M566 X1800 Y1800
G0 F7200 X-1.974 Y-28.616
M566 X1200 Y1200
G1 F6000 X-4.341 Y-32.716 E0.14762
G1 X-4.144 Y-32.716
G1 X-6.178 Y-29.192 E0.12687
G1 X-6.24 Y-29.084
M566 X1800 Y1800
G0 F7200 X-6.178 Y-31.453
M566 X1200 Y1200
G1 F6000 X6.178 Y-31.453 E0.38528
G1 X6.303 Y-31.453
M566 X1800 Y1800
G0 F7200 X4.342 Y-32.716
M566 X1200 Y1200
G1 F6000 X1.975 Y-28.616 E0.14762
G1 X1.913 Y-28.508
M566 X1800 Y1800
G0 F7200 X6.178 Y-29.193
M566 X1200 Y1200
G1 F6000 X4.144 Y-32.716 E0.12685
G1 X4.082 Y-32.824
M566 X1800 Y1800
G0 F7200 X5.888 Y-28.426
M566 X1200 Y1200
;TYPE:SKIN
G1 F3000 X5.888 Y-20.906 E0.23448
G1 X4.719 Y-20.906 E0.03645
G1 X4.588 Y-20.633 E0.00944
G1 X4.896 Y-20.226 E0.01592
G1 X5.234 Y-19.682 E0.01997
G1 X5.514 Y-19.101 E0.02011
G1 X5.726 Y-18.522 E0.01923
G1 X5.885 Y-17.899 E0.02005
G1 X5.888 Y-17.882 E0.00054
G1 X5.888 Y-15.45 E0.07583
G1 X5.73 Y-14.823 E0.02016
G1 X5.515 Y-14.229 E0.0197
G1 X5.252 Y-13.686 E0.01881
G1 X4.917 Y-13.136 E0.02008
G1 X4.548 Y-12.65 E0.01903
G1 X4.233 Y-12.303 E0.01461
G1 X4.233 Y-12.149 E0.0048
G1 X3.154 Y-11.414 E0.04071
G1 X2.594 Y-11.091 E0.02016
G1 X2.043 Y-10.843 E0.01884
G1 X1.732 Y-10.73 E0.01032
G1 X1.151 Y-10.565 E0.01883
G1 X0.535 Y-10.455 E0.01951
G1 X-.108 Y-10.408 E0.0201
G1 X-.727 Y-10.425 E0.01931
G1 X-1.342 Y-10.501 E0.01932
G1 X-1.939 Y-10.637 E0.01909
G1 X-2.549 Y-10.843 E0.02008
G1 X-3.101 Y-11.091 E0.01887
G1 X-3.636 Y-11.398 E0.01923
G1 X-4.115 Y-11.739 E0.01833
G1 X-4.633 Y-12.194 E0.0215
G1 X-5.054 Y-12.65 E0.01935
G1 X-5.397 Y-13.1 E0.01764
G1 X-5.594 Y-13.4 E0.01119
G1 X-5.888 Y-13.85 E0.01676
G1 X-5.888 Y-19.392 E0.17281
G1 X-5.644 Y-19.848 E0.01613
G1 X-5.276 Y-20.401 E0.02071
G1 X-5.095 Y-20.634 E0.0092
G1 X-5.226 Y-20.906 E0.00941
G1 X-5.888 Y-20.906 E0.02064
G1 X-5.888 Y-28.426 E0.23448
G1 X5.888 Y-28.426 E0.36719
M566 X1800 Y1800
G0 F7200 X1.096 Y-20.702
M566 X1200 Y1200
G1 F3000 X0.165 Y-20.889 E0.02961
G1 X-.245 Y-20.911 E0.0128
G1 X-1.199 Y-20.815 E0.0299
G1 X-2.198 Y-20.45 E0.03316
G1 X-3.07 Y-19.858 E0.03286
G1 X-3.775 Y-19.056 E0.0333
G1 X-4.254 Y-18.115 E0.03292
G1 X-4.487 Y-17.09 E0.03278
G1 X-4.46 Y-16.032 E0.033
G1 X-4.174 Y-15.013 E0.033
G1 X-3.645 Y-14.098 E0.03296
G1 X-2.909 Y-13.34 E0.03294
G1 X-2.002 Y-12.786 E0.03314
G1 X-.992 Y-12.477 E0.03293
G1 X0.062 Y-12.422 E0.03291
G1 X1.103 Y-12.632 E0.03311
G1 X2.06 Y-13.094 E0.03314
G1 X2.868 Y-13.775 E0.03295
G1 X3.486 Y-14.634 E0.033
G1 X3.869 Y-15.621 E0.03301
G1 X4.003 Y-16.666 E0.03285
G1 X3.869 Y-17.716 E0.03301
G1 X3.486 Y-18.702 E0.03298
G1 X2.863 Y-19.565 E0.03319
G1 X2.055 Y-20.244 E0.03291
G1 X1.096 Y-20.702 E0.03314
M566 X1800 Y1800
G0 F7200 X2.453 Y-17.355
G0 X3.302 Y-11.788
M566 X1200 Y1200
G1 F3000 X4.587 Y-13.072 E0.05664
G1 X4.675 Y-13.16
M566 X1800 Y1800
G0 F7200 X3.085 Y-13.691
M566 X1200 Y1200
G1 F3000 X5.663 Y-16.269 E0.11368
M566 X1800 Y1800
G0 F7200 X5.663 Y-16.976
M566 X1200 Y1200
G1 F3000 X3.986 Y-15.3 E0.07393
M566 X1800 Y1800
G0 F7200 X4.169 Y-16.189
M566 X1200 Y1200
G1 F3000 X5.663 Y-17.684 E0.0659
M566 X1800 Y1800
G0 F7200 X5.554 Y-18.282
M566 X1200 Y1200
G1 F3000 X4.196 Y-16.924 E0.05988
M566 X1800 Y1800
G0 F7200 X4.116 Y-17.551
M566 X1200 Y1200
G1 F3000 X5.378 Y-18.813 E0.05565
M566 X1800 Y1800
G0 F7200 X5.164 Y-19.306
M566 X1200 Y1200
G1 F3000 X3.96 Y-18.102 E0.05309
M566 X1800 Y1800
G0 F7200 X3.763 Y-18.612
M566 X1200 Y1200
G1 F3000 X4.916 Y-19.765 E0.05084
M566 X1800 Y1800
G0 F7200 X4.637 Y-20.193
M566 X1200 Y1200
G1 F3000 X3.504 Y-19.06 E0.04996
M566 X1800 Y1800
G0 F7200 X3.208 Y-19.471
M566 X1200 Y1200
G1 F3000 X4.332 Y-20.595 E0.04957
M566 X1800 Y1800
G0 F7200 X4.867 Y-21.13
M566 X1200 Y1200
G1 F3000 X5.663 Y-21.926 E0.0351
M566 X1800 Y1800
G0 F7200 X5.663 Y-22.633
M566 X1200 Y1200
G1 F3000 X2.875 Y-19.846 E0.12292
M566 X1800 Y1800
G0 F7200 X2.491 Y-20.169
M566 X1200 Y1200
G1 F3000 X5.663 Y-23.34 E0.13985
M566 X1800 Y1800
G0 F7200 X5.663 Y-24.047
M566 X1200 Y1200
G1 F3000 X2.089 Y-20.474 E0.15758
M566 X1800 Y1800
G0 F7200 X1.611 Y-20.703
M566 X1200 Y1200
G1 F3000 X5.663 Y-24.755 E0.17868
M566 X1800 Y1800
G0 F7200 X5.663 Y-25.462
M566 X1200 Y1200
G1 F3000 X1.125 Y-20.924 E0.20011
M566 X1800 Y1800
G0 F7200 X0.536 Y-21.042
M566 X1200 Y1200
G1 F3000 X5.663 Y-26.169 E0.22609
M566 X1800 Y1800
G0 F7200 X5.663 Y-26.876
M566 X1200 Y1200
G1 F3000 X-0.085 Y-21.127 E0.25349
M566 X1800 Y1800
G0 F7200 X-.843 Y-21.076
M566 X1200 Y1200
G1 F3000 X5.663 Y-27.583 E0.28692
M566 X1800 Y1800
G0 F7200 X5.572 Y-28.2
M566 X1200 Y1200
G1 F3000 X-1.788 Y-20.839 E0.32458
G1 X-1.876 Y-20.751
M566 X1800 Y1800
G0 F7200 X-4.838 Y-20.617
M566 X1200 Y1200
G1 F3000 X2.744 Y-28.2 E0.33437
M566 X1800 Y1800
G0 F7200 X2.037 Y-28.2
M566 X1200 Y1200
G1 F3000 X-5.067 Y-21.095 E0.31329
M566 X1800 Y1800
G0 F7200 X-5.663 Y-21.206
M566 X1200 Y1200
G1 F3000 X1.33 Y-28.2 E0.30839
M566 X1800 Y1800
G0 F7200 X0.622 Y-28.2
M566 X1200 Y1200
G1 F3000 X-5.663 Y-21.913 E0.27719
M566 X1800 Y1800
G0 F7200 X-5.663 Y-22.621
M566 X1200 Y1200
G1 F3000 X-0.084 Y-28.2 E0.24602
M566 X1800 Y1800
G0 F7200 X-.791 Y-28.2
M566 X1200 Y1200
G1 F3000 X-5.663 Y-23.328 E0.21484
M566 X1800 Y1800
G0 F7200 X-5.663 Y-24.035
M566 X1200 Y1200
G1 F3000 X-1.498 Y-28.2 E0.18366
M566 X1800 Y1800
G0 F7200 X-2.205 Y-28.2
M566 X1200 Y1200
G1 F3000 X-5.663 Y-24.742 E0.15249
M566 X1800 Y1800
G0 F7200 X-5.663 Y-25.449
M566 X1200 Y1200
G1 F3000 X-2.912 Y-28.2 E0.12131
M566 X1800 Y1800
G0 F7200 X-3.619 Y-28.2
M566 X1200 Y1200
G1 F3000 X-5.663 Y-26.156 E0.09013
M566 X1800 Y1800
G0 F7200 X-5.663 Y-26.863
M566 X1200 Y1200
G1 F3000 X-4.326 Y-28.2 E0.05896
M566 X1800 Y1800
G0 F7200 X-5.033 Y-28.2
M566 X1200 Y1200
G1 F3000 X-5.663 Y-27.57 E0.02778
M566 X1800 Y1800
G0 F7200 X-5.662 Y-19.086
M566 X1200 Y1200
G1 F3000 X3.451 Y-28.2 E0.40188
M566 X1800 Y1800
G0 F7200 X4.158 Y-28.2
M566 X1200 Y1200
G1 F3000 X-5.662 Y-18.379 E0.43306
M566 X1800 Y1800
G0 F7200 X-5.662 Y-17.672
M566 X1200 Y1200
G1 F3000 X4.865 Y-28.2 E0.46423
G1 X4.953 Y-28.288
M566 X1800 Y1800
G0 F7200 X5.663 Y-21.219
M566 X1200 Y1200
G1 F3000 X5.574 Y-21.13 E0.00392
M566 X1800 Y1800
G0 F7200 X5.663 Y-15.562
M566 X1200 Y1200
G1 F3000 X0.837 Y-10.737 E0.21279
M566 X1800 Y1800
G0 F7200 X0.036 Y-10.642
M566 X1200 Y1200
G1 F3000 X2.907 Y-13.514 E0.12662
G1 X2.995 Y-13.602
M566 X1800 Y1800
G0 F7200 X1.084 Y-12.398
M566 X1200 Y1200
G1 F3000 X-.665 Y-10.648 E0.07715
M566 X1800 Y1800
G0 F7200 X-1.298 Y-10.721
M566 X1200 Y1200
G1 F3000 X0.2 Y-12.22 E0.06608
M566 X1800 Y1800
G0 F7200 X-.502 Y-12.225
M566 X1200 Y1200
G1 F3000 X-1.874 Y-10.853 E0.0605
M566 X1800 Y1800
G0 F7200 X-2.403 Y-11.031
M566 X1200 Y1200
G1 F3000 X-1.146 Y-12.288 E0.05543
M566 X1800 Y1800
G0 F7200 X-1.687 Y-12.454
M566 X1200 Y1200
G1 F3000 X-2.897 Y-11.245 E0.05334
M566 X1800 Y1800
G0 F7200 X-3.354 Y-11.494
M566 X1200 Y1200
G1 F3000 X-2.204 Y-12.645 E0.05073
M566 X1800 Y1800
G0 F7200 X-2.643 Y-12.913
M566 X1200 Y1200
G1 F3000 X-3.78 Y-11.775 E0.05016
M566 X1800 Y1800
G0 F7200 X-4.174 Y-12.088
M566 X1200 Y1200
G1 F3000 X-3.075 Y-13.187 E0.04846
M566 X1800 Y1800
G0 F7200 X-3.424 Y-13.546
M566 X1200 Y1200
G1 F3000 X-4.541 Y-12.428 E0.04928
M566 X1800 Y1800
G0 F7200 X-4.881 Y-12.795
M566 X1200 Y1200
G1 F3000 X-3.773 Y-13.904 E0.04888
M566 X1800 Y1800
G0 F7200 X-4.045 Y-14.339
M566 X1200 Y1200
G1 F3000 X-5.187 Y-13.197 E0.05036
M566 X1800 Y1800
G0 F7200 X-5.47 Y-13.621
M566 X1200 Y1200
G1 F3000 X-4.304 Y-14.787 E0.05142
M566 X1800 Y1800
G0 F7200 X-4.49 Y-15.308
M566 X1200 Y1200
G1 F3000 X-5.662 Y-14.136 E0.05168
M566 X1800 Y1800
G0 F7200 X-5.662 Y-14.843
M566 X1200 Y1200
G1 F3000 X-4.645 Y-15.86 E0.04485
M566 X1800 Y1800
G0 F7200 X-4.698 Y-16.515
M566 X1200 Y1200
G1 F3000 X-5.662 Y-15.55 E0.04253
M566 X1800 Y1800
G0 F7200 X-5.662 Y-16.257
M566 X1200 Y1200
G1 F3000 X-4.685 Y-17.234 E0.04308
M566 X1800 Y1800
G0 F7200 X-4.477 Y-18.15
M566 X1200 Y1200
G1 F3000 X-5.662 Y-16.964 E0.05228
G1 X-5.75 Y-16.876
M566 X1800 Y1800
G0 F7200 X1.801 Y-10.993
M566 X1200 Y1200
G1 F3000 X5.412 Y-14.604 E0.15923
G1 X5.5 Y-14.692
M566 X1800 Y1800
G0 F7200 X3.108 Y-6.277
M566 X1200 Y1200
G1 F3000 X3.071 Y-5.977 E0.00943
G1 X3.495 Y-5.678 E0.01618
G1 X3.918 Y-5.337 E0.01694
G1 X4.325 Y-4.937 E0.01779
G1 X4.651 Y-4.555 E0.01566
G1 X5.094 Y-3.926 E0.02399
G1 X5.386 Y-3.385 E0.01917
G1 X5.631 Y-2.809 E0.01952
G1 X5.809 Y-2.229 E0.01892
G1 X5.888 Y-1.892 E0.01079
G1 X5.888 Y0.551 E0.07618
G1 X5.73 Y1.177 E0.02013
G1 X5.515 Y1.771 E0.0197
G1 X5.252 Y2.314 E0.01881
G1 X4.917 Y2.864 E0.02008
G1 X4.752 Y3.094 E0.00883
G1 X1.67 Y3.094 E0.0961
G1 X2.057 Y2.907 E0.0134
G1 X2.867 Y2.229 E0.03294
G1 X3.486 Y1.366 E0.03312
G1 X3.869 Y0.383 E0.0329
G1 X4.003 Y-.669 E0.03307
G1 X3.869 Y-1.716 E0.03291
G1 X3.486 Y-2.702 E0.03298
G1 X2.865 Y-3.561 E0.03305
G1 X2.059 Y-4.24 E0.03286
G1 X1.101 Y-4.701 E0.03315
G1 X0.165 Y-4.889 E0.02977
G1 X-.248 Y-4.911 E0.0129
G1 X-1.199 Y-4.815 E0.0298
G1 X-2.193 Y-4.452 E0.033
G1 X-3.069 Y-3.856 E0.03304
G1 X-3.774 Y-3.058 E0.0332
G1 X-4.253 Y-2.117 E0.03292
G1 X-4.487 Y-1.087 E0.03294
G1 X-4.46 Y-0.028 E0.03303
G1 X-4.174 Y0.987 E0.03288
G1 X-3.645 Y1.902 E0.03296
G1 X-2.909 Y2.66 E0.03294
G1 X-2.198 Y3.094 E0.02597
G1 X-5.258 Y3.094 E0.09542
G1 X-5.596 Y2.596 E0.01877
G1 X-5.888 Y2.06 E0.01903
G1 X-5.888 Y-3.399 E0.17022
G1 X-5.394 Y-4.515 E0.03806
G1 X-5.188 Y-4.515 E0.00642
G1 X-4.86 Y-4.907 E0.01594
G1 X-4.409 Y-5.348 E0.01967
G1 X-4.281 Y-5.457 E0.00524
G1 X-3.729 Y-5.873 E0.02155
G1 X-3.218 Y-6.179 E0.01857
G1 X-2.54 Y-6.493 E0.0233
G1 X-1.952 Y-6.692 E0.01936
G1 X-1.345 Y-6.832 E0.01942
G1 X-.723 Y-6.909 E0.01954
G1 X-.108 Y-6.925 E0.01918
G1 X0.47 Y-6.884 E0.01807
G1 X0.985 Y-6.802 E0.01626
G1 X1.456 Y-6.69 E0.0151
G1 X3.108 Y-6.277 E0.0531
M566 X1800 Y1800
G0 F7200 X-5.518 Y-3.673
M566 X1200 Y1200
G1 F3000 X-3.361 Y-5.83 E0.09512
G1 X-3.273 Y-5.918
M566 X1800 Y1800
G0 F7200 X-2.072 Y-6.412
M566 X1200 Y1200
G1 F3000 X-5.662 Y-2.822 E0.15831
M566 X1800 Y1800
G0 F7200 X-5.662 Y-2.115
M566 X1200 Y1200
G1 F3000 X-1.149 Y-6.629 E0.19903
M566 X1800 Y1800
G0 F7200 X-.379 Y-6.692
M566 X1200 Y1200
G1 F3000 X-2.679 Y-4.391 E0.10145
G1 X-2.767 Y-4.303
M566 X1800 Y1800
G0 F7200 X-1.373 Y-4.99
M566 X1200 Y1200
G1 F3000 X0.306 Y-6.67 E0.07406
M566 X1800 Y1800
G0 F7200 X0.926 Y-6.583
M566 X1200 Y1200
G1 F3000 X-.55 Y-5.106 E0.06511
M566 X1800 Y1800
G0 F7200 X0.164 Y-5.113
M566 X1200 Y1200
G1 F3000 X1.496 Y-6.446 E0.05876
M566 X1800 Y1800
G0 F7200 X2.062 Y-6.305
M566 X1200 Y1200
G1 F3000 X0.755 Y-4.998 E0.05763
M566 X1800 Y1800
G0 F7200 X1.312 Y-4.847
M566 X1200 Y1200
G1 F3000 X2.628 Y-6.163 E0.05803
M566 X1800 Y1800
G0 F7200 X2.954 Y-5.783
M566 X1200 Y1200
G1 F3000 X1.789 Y-4.618 E0.05137
M566 X1800 Y1800
G0 F7200 X2.25 Y-4.372
M566 X1200 Y1200
G1 F3000 X3.369 Y-5.49 E0.04932
M566 X1800 Y1800
G0 F7200 X3.761 Y-5.175
M566 X1200 Y1200
G1 F3000 X2.633 Y-4.048 E0.04972
M566 X1800 Y1800
G0 F7200 X3.017 Y-3.725
M566 X1200 Y1200
G1 F3000 X4.118 Y-4.825 E0.04853
M566 X1800 Y1800
G0 F7200 X4.446 Y-4.446
M566 X1200 Y1200
G1 F3000 X3.318 Y-3.318 E0.04974
M566 X1800 Y1800
G0 F7200 X3.614 Y-2.907
M566 X1200 Y1200
G1 F3000 X4.741 Y-4.034 E0.0497
M566 X1800 Y1800
G0 F7200 X5.013 Y-3.599
M566 X1200 Y1200
G1 F3000 X3.836 Y-2.421 E0.05192
M566 X1800 Y1800
G0 F7200 X4.034 Y-1.912
M566 X1200 Y1200
G1 F3000 X5.25 Y-3.128 E0.05362
M566 X1800 Y1800
G0 F7200 X5.451 Y-2.623
M566 X1200 Y1200
G1 F3000 X4.146 Y-1.318 E0.05755
M566 X1800 Y1800
G0 F7200 X4.227 Y-.691
M566 X1200 Y1200
G1 F3000 X5.613 Y-2.077 E0.06112
M566 X1800 Y1800
G0 F7200 X5.662 Y-1.419
M566 X1200 Y1200
G1 F3000 X4.129 Y0.113 E0.06758
G1 X4.041 Y0.201
M566 X1800 Y1800
G0 F7200 X3.819 Y1.129
M566 X1200 Y1200
G1 F3000 X5.662 Y-.712 E0.08123
M566 X1800 Y1800
G0 F7200 X5.662 Y-0.005
M566 X1200 Y1200
G1 F3000 X2.788 Y2.868 E0.12671
M566 X1800 Y1800
G0 F7200 X3.495 Y2.868
M566 X1200 Y1200
G1 F3000 X5.602 Y0.761 E0.09291
G1 X5.69 Y0.673
M566 X1800 Y1800
G0 F7200 X5.231 Y1.839
M566 X1200 Y1200
G1 F3000 X4.202 Y2.868 E0.04538
G1 X4.114 Y2.956
M566 X1800 Y1800
G0 F7200 X-3.293 Y2.586
M566 X1200 Y1200
G1 F3000 X-3.575 Y2.868 E0.01244
M566 X1800 Y1800
G0 F7200 X-3.642 Y2.228
M566 X1200 Y1200
G1 F3000 X-4.282 Y2.868 E0.02822
M566 X1800 Y1800
G0 F7200 X-4.99 Y2.868
M566 X1200 Y1200
G1 F3000 X-3.947 Y1.826 E0.04597
M566 X1800 Y1800
G0 F7200 X-4.206 Y1.378
M566 X1200 Y1200
G1 F3000 X-5.363 Y2.534 E0.051
M566 X1800 Y1800
G0 F7200 X-5.617 Y2.082
M566 X1200 Y1200
G1 F3000 X-4.432 Y0.896 E0.05228
M566 X1800 Y1800
G0 F7200 X-4.587 Y0.345
M566 X1200 Y1200
G1 F3000 X-5.662 Y1.419 E0.04738
M566 X1800 Y1800
G0 F7200 X-5.662 Y0.712
M566 X1200 Y1200
G1 F3000 X-4.69 Y-.259 E0.04284
M566 X1800 Y1800
G0 F7200 X-4.708 Y-.948
M566 X1200 Y1200
G1 F3000 X-5.662 Y0.005 E0.04205
M566 X1800 Y1800
G0 F7200 X-5.662 Y-.701
M566 X1200 Y1200
G1 F3000 X-4.553 Y-1.81 E0.0489
G1 X-4.465 Y-1.898
M566 X1800 Y1800
G0 F7200 X-5.662 Y-1.408
M566 X1200 Y1200
G1 F3000 X-4.038 Y-3.032 E0.07161
G1 X-3.95 Y-3.12
M566 X1800 Y1800
;MESH:NONMESH
G0 F600 X-3.95 Y-3.12 Z3.1
G0 F7200 X-2.827 Y0.418
G0 X-2.478 Y1.02
G0 X-1.995 Y1.517
G0 X4.314 Y3.584
;TIME_ELAPSED:474.996619
;LAYER:18
M566 X1200 Y1200
;TYPE:WALL-INNER
;MESH:Roborama2026-Lasermount.3mf
G1 F6000 X4.538 Y3.353 E0.01003
G1 X5.084 Y2.597 E0.02908
G1 X5.51 Y1.765 E0.02915
G1 X5.808 Y0.878 E0.02918
G1 X5.971 Y-0.043 E0.02916
G1 X5.994 Y-.978 E0.02916
G1 X5.879 Y-1.906 E0.02916
G1 X5.624 Y-2.809 E0.02926
G1 X5.239 Y-3.658 E0.02907
G1 X4.732 Y-4.445 E0.02919
G1 X4.113 Y-5.145 E0.02914
G1 X3.399 Y-5.744 E0.02906
G1 X2.599 Y-6.232 E0.02922
G1 X1.738 Y-6.594 E0.02912
G1 X0.831 Y-6.826 E0.02919
G1 X-0.097 Y-6.918 E0.02908
G1 X-1.031 Y-6.874 E0.02916
G1 X-1.948 Y-6.688 E0.02918
G1 X-2.826 Y-6.367 E0.02915
G1 X-3.649 Y-5.92 E0.0292
G1 X-4.393 Y-5.352 E0.02919
G1 X-5.045 Y-4.684 E0.02911
G1 X-5.59 Y-3.926 E0.02911
G1 X-6.016 Y-3.095 E0.02912
G1 X-6.314 Y-2.21 E0.02912
G1 X-6.477 Y-1.29 E0.02913
G1 X-6.5 Y-.355 E0.02916
G1 X-6.383 Y0.572 E0.02913
G1 X-6.13 Y1.472 E0.02915
G1 X-5.745 Y2.326 E0.02921
G1 X-5.239 Y3.111 E0.02912
G1 X-4.821 Y3.584 E0.01968
G1 X-6.528 Y3.584 E0.05323
G1 X-6.528 Y1.472 E0.06586
G1 X-6.528 Y0.572 E0.01512
G1 X-6.528 Y-.355 E0.00496
G1 X-6.528 Y-1.29 E0.0023
G1 X-6.528 Y-2.21 E0.00752
G1 X-6.528 Y-3.082 E0.01992
G1 X-6.528 Y-14.525 E0.35681
G1 X-6.528 Y-15.428 E0.02816
G1 X-6.528 Y-16.354 E0.02887
G1 X-6.528 Y-17.289 E0.02915
G1 X-6.528 Y-18.21 E0.02872
G1 X-6.528 Y-19.083 E0.02722
G1 X-6.528 Y-32.916 E0.43133
G1 X6.528 Y-32.916 E0.4071
G1 X6.528 Y3.584 E1.13812
G1 X4.314 Y3.584 E0.06904
M566 X1800 Y1800
G0 F7200 X5.012 Y-.14
G0 X5.031 Y-.929
G0 X4.934 Y-1.715
G0 X4.719 Y-2.478
G0 X4.457 Y-3.06
G0 X-.41 Y-10.415
M566 X1200 Y1200
G1 F6000 X0.523 Y-10.459 E0.02912
G1 X1.442 Y-10.645 E0.02924
G1 X2.319 Y-10.966 E0.02912
G1 X3.14 Y-11.413 E0.02915
G1 X3.887 Y-11.977 E0.02919
G1 X4.538 Y-12.647 E0.02913
G1 X5.084 Y-13.403 E0.02908
G1 X5.51 Y-14.235 E0.02915
G1 X5.808 Y-15.122 E0.02918
G1 X5.971 Y-16.043 E0.02916
G1 X5.995 Y-16.976 E0.0291
G1 X5.876 Y-17.907 E0.02927
G1 X5.624 Y-18.806 E0.02911
G1 X5.239 Y-19.66 E0.02921
G1 X4.729 Y-20.445 E0.02919
G1 X4.114 Y-21.144 E0.02903
G1 X3.398 Y-21.744 E0.02913
G1 X2.601 Y-22.232 E0.02914
G1 X1.737 Y-22.594 E0.02921
G1 X0.832 Y-22.826 E0.02913
G1 X-0.097 Y-22.918 E0.02911
G1 X-1.031 Y-22.874 E0.02916
G1 X-1.949 Y-22.688 E0.02921
G1 X-2.824 Y-22.367 E0.02906
G1 X-3.647 Y-21.92 E0.0292
G1 X-4.394 Y-21.354 E0.02922
G1 X-5.045 Y-20.685 E0.02911
G1 X-5.59 Y-19.925 E0.02916
G1 X-6.016 Y-19.096 E0.02906
G1 X-6.314 Y-18.21 E0.02186
G1 X-6.477 Y-17.289 E0.00797
G1 X-6.5 Y-16.354 E0.0023
G1 X-6.385 Y-15.428 E0.00512
G1 X-6.13 Y-14.525 E0.01621
G1 X-5.745 Y-13.675 E0.0291
G1 X-5.239 Y-12.889 E0.02915
G1 X-4.62 Y-12.189 E0.02914
G1 X-3.905 Y-11.589 E0.0291
G1 X-3.106 Y-11.101 E0.02919
G1 X-2.244 Y-10.739 E0.02915
G1 X-1.339 Y-10.507 E0.02913
G1 X-.41 Y-10.415 E0.02911
M566 X1800 Y1800
G0 F7200 X-.397 Y-10.916
M566 X1200 Y1200
G1 F6000 X0.461 Y-10.957 E0.02678
G1 X1.306 Y-11.128 E0.02688
G1 X2.113 Y-11.423 E0.02679
G1 X2.868 Y-11.834 E0.0268
G1 X3.555 Y-12.353 E0.02685
G1 X4.154 Y-12.969 E0.02679
G1 X4.656 Y-13.665 E0.02676
G1 X5.048 Y-14.43 E0.0268
G1 X5.322 Y-15.246 E0.02684
G1 X5.472 Y-16.093 E0.02682
G1 X5.494 Y-16.951 E0.02676
G1 X5.385 Y-17.807 E0.02691
G1 X5.153 Y-18.635 E0.02681
G1 X4.799 Y-19.42 E0.02685
G1 X4.33 Y-20.142 E0.02685
G1 X3.764 Y-20.785 E0.02671
G1 X3.105 Y-21.337 E0.0268
G1 X2.372 Y-21.786 E0.0268
G1 X1.578 Y-22.119 E0.02685
G1 X0.745 Y-22.332 E0.02681
G1 X-.11 Y-22.417 E0.02679
G1 X-.969 Y-22.376 E0.02682
G1 X-1.813 Y-22.205 E0.02685
G1 X-2.618 Y-21.91 E0.02673
G1 X-3.375 Y-21.499 E0.02686
G1 X-4.062 Y-20.978 E0.02688
G1 X-4.661 Y-20.363 E0.02677
G1 X-5.162 Y-19.664 E0.02682
G1 X-5.554 Y-18.901 E0.02675
G1 X-5.828 Y-18.086 E0.02681
G1 X-5.978 Y-17.239 E0.02682
G1 X-5.999 Y-16.379 E0.02682
G1 X-5.893 Y-15.527 E0.02677
G1 X-5.659 Y-14.697 E0.02689
G1 X-5.305 Y-13.915 E0.02677
G1 X-4.839 Y-13.192 E0.02682
G1 X-4.27 Y-12.548 E0.0268
G1 X-3.612 Y-11.996 E0.02678
G1 X-2.878 Y-11.547 E0.02683
G1 X-2.084 Y-11.214 E0.02685
G1 X-1.252 Y-11.001 E0.02678
G1 X-.397 Y-10.916 E0.02679
M566 X1800 Y1800
G0 F7200 X-.11 Y-6.417
M566 X1200 Y1200
G1 F6000 X-.969 Y-6.376 E0.02682
G1 X-1.812 Y-6.205 E0.02682
G1 X-2.62 Y-5.91 E0.02682
G1 X-3.376 Y-5.499 E0.02683
G1 X-4.061 Y-4.977 E0.02685
G1 X-4.661 Y-4.362 E0.02679
G1 X-5.162 Y-3.665 E0.02677
G1 X-5.554 Y-2.9 E0.0268
G1 X-5.828 Y-2.086 E0.02678
G1 X-5.978 Y-1.24 E0.02679
G1 X-5.999 Y-.38 E0.02682
G1 X-5.892 Y0.473 E0.02681
G1 X-5.659 Y1.301 E0.02682
G1 X-5.305 Y2.086 E0.02685
G1 X-4.839 Y2.808 E0.02679
G1 X-4.269 Y3.453 E0.02684
G1 X-3.612 Y4.004 E0.02674
G1 X-3.481 Y4.084 E0.00479
G1 X-4.058 Y4.084 E0.01317
G1 X-7.028 Y4.084 E0.09261
G1 X-7.028 Y-33.416 E1.1693
G1 X7.028 Y-33.416 E0.43829
G1 X7.028 Y4.084 E1.1693
G1 X3.555 Y4.084 E0.10829
G1 X2.977 Y4.084 E0.01802
G1 X3.555 Y3.647 E0.01174
G1 X4.154 Y3.031 E0.02679
G1 X4.656 Y2.335 E0.02676
G1 X5.048 Y1.57 E0.0268
G1 X5.322 Y0.754 E0.02684
G1 X5.472 Y-0.093 E0.02682
G1 X5.493 Y-.953 E0.02682
G1 X5.387 Y-1.807 E0.02683
G1 X5.153 Y-2.637 E0.02689
G1 X4.799 Y-3.418 E0.02674
G1 X4.332 Y-4.142 E0.02686
G1 X3.763 Y-4.786 E0.0268
G1 X3.106 Y-5.337 E0.02674
G1 X2.371 Y-5.786 E0.02686
G1 X1.578 Y-6.119 E0.02682
G1 X0.744 Y-6.332 E0.02684
G1 X-.11 Y-6.417 E0.02676
M566 X1800 Y1800
G0 F7200 X-.123 Y-5.916
M566 X1200 Y1200
G1 F6000 X-.907 Y-5.878 E0.02447
G1 X-1.676 Y-5.722 E0.02447
G1 X-2.414 Y-5.453 E0.02449
G1 X-3.104 Y-5.078 E0.02449
G1 X-3.729 Y-4.602 E0.0245
G1 X-4.277 Y-4.04 E0.02448
G1 X-4.734 Y-3.404 E0.02442
G1 X-5.092 Y-2.705 E0.02449
G1 X-5.342 Y-1.962 E0.02444
G1 X-5.479 Y-1.19 E0.02445
G1 X-5.498 Y-.405 E0.02448
G1 X-5.401 Y0.374 E0.02448
G1 X-5.188 Y1.129 E0.02446
G1 X-4.865 Y1.846 E0.02452
G1 X-4.439 Y2.505 E0.02447
G1 X-3.919 Y3.094 E0.0245
G1 X-3.319 Y3.597 E0.02441
G1 X-2.649 Y4.007 E0.02449
G1 X-1.925 Y4.311 E0.02448
G1 X-1.165 Y4.505 E0.02446
G1 X-.384 Y4.583 E0.02447
G1 X0.399 Y4.545 E0.02444
G1 X1.17 Y4.389 E0.02453
G1 X1.907 Y4.12 E0.02446
G1 X2.596 Y3.745 E0.02446
G1 X3.223 Y3.271 E0.02451
G1 X3.77 Y2.709 E0.02445
G1 X4.228 Y2.073 E0.02444
G1 X4.586 Y1.375 E0.02446
G1 X4.836 Y0.63 E0.0245
G1 X4.973 Y-.143 E0.02448
G1 X4.992 Y-.928 E0.02448
G1 X4.895 Y-1.708 E0.02451
G1 X4.682 Y-2.465 E0.02452
G1 X4.359 Y-3.178 E0.02441
G1 X3.932 Y-3.839 E0.02454
G1 X3.413 Y-4.427 E0.02446
G1 X2.813 Y-4.93 E0.02441
G1 X2.142 Y-5.34 E0.02452
G1 X1.419 Y-5.644 E0.02446
G1 X0.657 Y-5.838 E0.02452
G1 X-.123 Y-5.916 E0.02444
M566 X1800 Y1800
G0 F7200 X-.121 Y-6.015
G0 X-.386 Y-11.318
G0 X-.384 Y-11.417
M566 X1200 Y1200
G1 F6000 X0.399 Y-11.455 E0.02444
G1 X1.17 Y-11.611 E0.02453
G1 X1.907 Y-11.88 E0.02446
G1 X2.596 Y-12.255 E0.02446
G1 X3.223 Y-12.729 E0.02451
G1 X3.77 Y-13.291 E0.02445
G1 X4.228 Y-13.927 E0.02444
G1 X4.586 Y-14.625 E0.02446
G1 X4.836 Y-15.37 E0.0245
G1 X4.973 Y-16.143 E0.02448
G1 X4.993 Y-16.926 E0.02442
G1 X4.894 Y-17.708 E0.02458
G1 X4.682 Y-18.464 E0.02448
G1 X4.359 Y-19.18 E0.02449
G1 X3.931 Y-19.839 E0.0245
G1 X3.414 Y-20.426 E0.02439
G1 X2.812 Y-20.93 E0.02448
G1 X2.143 Y-21.34 E0.02447
G1 X1.419 Y-21.644 E0.02448
G1 X0.658 Y-21.838 E0.02449
G1 X-.123 Y-21.916 E0.02447
G1 X-.907 Y-21.878 E0.02447
G1 X-1.677 Y-21.722 E0.0245
G1 X-2.412 Y-21.453 E0.02441
G1 X-3.103 Y-21.078 E0.02451
G1 X-3.73 Y-20.602 E0.02455
G1 X-4.277 Y-20.041 E0.02443
G1 X-4.734 Y-19.403 E0.02447
G1 X-5.092 Y-18.706 E0.02443
G1 X-5.342 Y-17.962 E0.02447
G1 X-5.479 Y-17.189 E0.02448
G1 X-5.498 Y-16.404 E0.02448
G1 X-5.401 Y-15.626 E0.02445
G1 X-5.188 Y-14.869 E0.02452
G1 X-4.865 Y-14.155 E0.02444
G1 X-4.439 Y-13.495 E0.02449
G1 X-3.92 Y-12.907 E0.02446
G1 X-3.319 Y-12.403 E0.02446
G1 X-2.649 Y-11.993 E0.02449
G1 X-1.925 Y-11.689 E0.02448
G1 X-1.165 Y-11.495 E0.02446
G1 X-.384 Y-11.417 E0.02447
M566 X1800 Y1800
G0 F7200 X-.386 Y-11.318
G0 X-.384 Y4.484
G0 X-.384 Y4.584
M566 X1200 Y1200
G1 F6000 X-1.165 Y4.584 E0.00193
G1 X-1.925 Y4.584 E0.00822
G1 X-2.488 Y4.584 E0.0141
G1 X-7.528 Y4.584 E0.15715
G1 X-7.528 Y-33.916 E1.20048
G1 X7.528 Y-33.916 E0.46947
G1 X7.528 Y4.584 E1.20048
G1 X1.907 Y4.584 E0.17527
G1 X1.17 Y4.584 E0.01502
G1 X0.399 Y4.584 E0.00554
G1 X-.384 Y4.584 E0.00098
M566 X1800 Y1800
G0 F7200 X-.371 Y4.082
M566 X1200 Y1200
;TYPE:WALL-OUTER
G1 F3000 X0.337 Y4.047 E0.0221
G1 X1.034 Y3.906 E0.02217
G1 X1.701 Y3.663 E0.02214
G1 X2.324 Y3.324 E0.02212
G1 X2.891 Y2.895 E0.02217
G1 X3.386 Y2.387 E0.02212
G1 X3.8 Y1.811 E0.02212
G1 X4.124 Y1.18 E0.02212
G1 X4.35 Y0.506 E0.02217
G1 X4.474 Y-.193 E0.02214
G1 X4.491 Y-.903 E0.02215
G1 X4.403 Y-1.609 E0.02218
G1 X4.211 Y-2.293 E0.02215
G1 X3.919 Y-2.938 E0.02208
G1 X3.532 Y-3.536 E0.02221
G1 X3.063 Y-4.068 E0.02211
G1 X2.52 Y-4.523 E0.02209
G1 X1.913 Y-4.894 E0.02218
G1 X1.26 Y-5.169 E0.02209
G1 X0.57 Y-5.344 E0.0222
G1 X-.136 Y-5.415 E0.02213
G1 X-.845 Y-5.38 E0.02213
G1 X-1.54 Y-5.239 E0.02211
G1 X-2.208 Y-4.996 E0.02216
G1 X-2.832 Y-4.657 E0.02214
G1 X-3.397 Y-4.227 E0.02214
G1 X-3.893 Y-3.718 E0.02216
G1 X-4.306 Y-3.143 E0.02207
G1 X-4.63 Y-2.51 E0.02217
G1 X-4.856 Y-1.838 E0.02211
G1 X-4.98 Y-1.14 E0.02211
G1 X-4.997 Y-.43 E0.02215
G1 X-4.909 Y0.275 E0.02215
G1 X-4.717 Y0.958 E0.02212
G1 X-4.425 Y1.606 E0.02216
G1 X-4.039 Y2.202 E0.02214
G1 X-3.569 Y2.735 E0.02216
G1 X-3.026 Y3.19 E0.02209
G1 X-2.42 Y3.561 E0.02216
G1 X-1.766 Y3.836 E0.02212
G1 X-1.078 Y4.011 E0.02214
G1 X-.371 Y4.082 E0.02216
M566 X1800 Y1800
G0 F7200 X-.121 Y4.07
G0 X-0.093 Y4.67
G0 X-7.458 Y4.514
G0 X-8.028 Y5.084
M566 X1200 Y1200
G1 F3000 X-8.028 Y-34.416 E1.23166
G1 X8.028 Y-34.416 E0.50065
G1 X8.028 Y5.084 E1.23166
G1 X-8.028 Y5.084 E0.50065
M566 X1800 Y1800
G0 F7200 X-8.028 Y4.834
G0 X-7.458 Y4.514
G0 X-5.128 Y-2.72
G0 X-.43 Y-11.322
G0 X-.371 Y-11.918
M566 X1200 Y1200
G1 F3000 X0.337 Y-11.953 E0.0221
G1 X1.034 Y-12.094 E0.02217
G1 X1.701 Y-12.337 E0.02214
G1 X2.324 Y-12.676 E0.02212
G1 X2.891 Y-13.105 E0.02217
G1 X3.386 Y-13.613 E0.02212
G1 X3.8 Y-14.189 E0.02212
G1 X4.124 Y-14.82 E0.02212
G1 X4.35 Y-15.494 E0.02217
G1 X4.474 Y-16.193 E0.02214
G1 X4.492 Y-16.901 E0.02208
G1 X4.403 Y-17.609 E0.02225
G1 X4.211 Y-18.293 E0.02215
G1 X3.919 Y-18.94 E0.02213
G1 X3.532 Y-19.536 E0.02216
G1 X3.064 Y-20.067 E0.02207
G1 X2.519 Y-20.523 E0.02216
G1 X1.914 Y-20.894 E0.02213
G1 X1.26 Y-21.169 E0.02212
G1 X0.571 Y-21.344 E0.02217
G1 X-.136 Y-21.415 E0.02216
G1 X-.845 Y-21.38 E0.02213
G1 X-1.541 Y-21.239 E0.02214
G1 X-2.206 Y-20.996 E0.02208
G1 X-2.831 Y-20.657 E0.02217
G1 X-3.398 Y-20.226 E0.02221
G1 X-3.893 Y-19.719 E0.02209
G1 X-4.306 Y-19.142 E0.02213
G1 X-4.63 Y-18.511 E0.02212
G1 X-4.856 Y-17.838 E0.02214
G1 X-4.98 Y-17.139 E0.02214
G1 X-4.997 Y-16.429 E0.02215
G1 X-4.909 Y-15.725 E0.02212
G1 X-4.717 Y-15.041 E0.02215
G1 X-4.425 Y-14.395 E0.02211
G1 X-4.039 Y-13.798 E0.02217
G1 X-3.57 Y-13.266 E0.02211
G1 X-3.026 Y-12.81 E0.02213
G1 X-2.42 Y-12.439 E0.02216
G1 X-1.766 Y-12.164 E0.02212
G1 X-1.078 Y-11.989 E0.02214
G1 X-.371 Y-11.918 E0.02216
M566 X1800 Y1800
G0 F7200 X-.121 Y-11.93
G0 X-0.093 Y-11.33
G0 X-0.029 Y-10.232
M566 X1200 Y1200
;TYPE:FILL
G1 F6000 X-1.959 Y-6.89 E0.12034
M566 X1800 Y1800
G0 F7200 X-2.234 Y-6.796
M566 X1200 Y1200
G1 F6000 X-6.096 Y-13.484 E0.24081
M566 X1800 Y1800
G0 F7200 X-6.328 Y-13.178
M566 X1200 Y1200
G1 F6000 X-5.662 Y-13.178 E0.02077
M566 X1800 Y1800
G0 F7200 X-3.698 Y-11.229
M566 X1200 Y1200
G1 F6000 X-6.328 Y-6.674 E0.16401
G1 X-6.328 Y-6.54
G1 X-5.272 Y-4.71 E0.06588
G1 X-5.21 Y-4.602
M566 X1800 Y1800
G0 F7200 X-6.328 Y-5.831
M566 X1200 Y1200
G1 F6000 X-4.094 Y-5.831 E0.06966
G1 X-3.969 Y-5.831
M566 X1800 Y1800
G0 F7200 X-6.328 Y-9.506
M566 X1200 Y1200
G1 F6000 X6.328 Y-9.506 E0.39463
G1 X6.453 Y-9.506
M566 X1800 Y1800
G0 F7200 X6.328 Y-6.67
M566 X1200 Y1200
G1 F6000 X3.554 Y-11.474 E0.17298
G1 X3.492 Y-11.582
M566 X1800 Y1800
G0 F7200 X5.168 Y-13.178
M566 X1200 Y1200
G1 F6000 X6.328 Y-13.178 E0.03617
M566 X1800 Y1800
G0 F7200 X6.328 Y-13.887
M566 X1200 Y1200
G1 F6000 X2.144 Y-6.64 E0.26093
G1 X2.089 Y-6.664
G1 X0.027 Y-10.235 E0.12858
G1 X-0.035 Y-10.343
M566 X1800 Y1800
G0 F7200 X3.607 Y-5.831
M566 X1200 Y1200
G1 F6000 X6.328 Y-5.831 E0.08484
M566 X1800 Y1800
G0 F7200 X6.328 Y-6.539
M566 X1200 Y1200
G1 F6000 X5.048 Y-4.323 E0.0798
G1 X4.986 Y-4.215
M566 X1800 Y1800
G0 F7200 X5.944 Y1.476
M566 X1200 Y1200
G1 F6000 X5.401 Y2.416 E0.03385
M566 X1800 Y1800
G0 F7200 X5.157 Y2.838
M566 X1200 Y1200
G1 F6000 X5.014 Y3.086 E0.00893
M566 X1800 Y1800
G0 F7200 X5.805 Y1.517
M566 X1200 Y1200
G1 F6000 X6.195 Y1.517 E0.01216
M566 X1800 Y1800
G0 F7200 X6.328 Y-14.017
M566 X1200 Y1200
G1 F6000 X6.045 Y-14.508 E0.01767
M566 X1800 Y1800
G0 F7200 X5.439 Y-19.702
M566 X1200 Y1200
G1 F6000 X6.024 Y-20.716 E0.0365
M566 X1800 Y1800
G0 F7200 X6.328 Y-20.538
M566 X1200 Y1200
G1 F6000 X5.068 Y-20.538 E0.03929
G1 X4.943 Y-20.538
M566 X1800 Y1800
G0 F7200 X6.328 Y-28.721
M566 X1200 Y1200
G1 F6000 X4.021 Y-32.716 E0.14385
M566 X1800 Y1800
G0 F7200 X4.465 Y-32.716
M566 X1200 Y1200
G1 F6000 X2.098 Y-28.616 E0.14762
G1 X2.144 Y-28.616
G1 X-.223 Y-32.716 E0.14762
M566 X1800 Y1800
G0 F7200 X0.223 Y-32.716
M566 X1200 Y1200
G1 F6000 X-2.144 Y-28.616 E0.14762
G1 X-2.097 Y-28.616
G1 X-4.465 Y-32.716 E0.14763
M566 X1800 Y1800
G0 F7200 X-4.021 Y-32.716
M566 X1200 Y1200
G1 F6000 X-6.328 Y-28.72 E0.14388
G1 X-6.39 Y-28.612
M566 X1800 Y1800
G0 F7200 X-6.328 Y-31.559
M566 X1200 Y1200
G1 F6000 X6.328 Y-31.559 E0.39463
G1 X6.453 Y-31.559
M566 X1800 Y1800
G0 F7200 X-5.579 Y-20.538
M566 X1200 Y1200
G1 F6000 X-6.328 Y-20.538 E0.02335
M566 X1800 Y1800
G0 F7200 X-6.024 Y-20.716
M566 X1200 Y1200
G1 F6000 X-5.687 Y-20.133 E0.021
M566 X1800 Y1800
G0 F7200 X-5.489 Y-20.906
M566 X1200 Y1200
;TYPE:SKIN
G1 F3000 X-6.038 Y-20.906 E0.01712
G1 X-6.038 Y-28.426 E0.23448
G1 X6.038 Y-28.426 E0.37655
G1 X6.038 Y-20.906 E0.23448
G1 X4.976 Y-20.906 E0.03311
G1 X4.457 Y-21.495 E0.02448
G1 X3.685 Y-22.143 E0.03143
G1 X2.825 Y-22.669 E0.03143
G1 X1.894 Y-23.06 E0.03149
G1 X0.918 Y-23.31 E0.03142
G1 X-0.085 Y-23.41 E0.03143
G1 X-1.092 Y-23.362 E0.03144
G1 X-2.083 Y-23.161 E0.03153
G1 X-3.026 Y-22.814 E0.03133
G1 X-3.913 Y-22.333 E0.03146
G1 X-4.719 Y-21.722 E0.03154
G1 X-5.422 Y-21 E0.03142
G1 X-5.489 Y-20.906 E0.0036
M566 X1800 Y1800
G0 F7200 X-5.591 Y-21.148
M566 X1200 Y1200
G1 F3000 X-5.813 Y-21.369 E0.00977
M566 X1800 Y1800
G0 F7200 X-5.242 Y-21.505
M566 X1200 Y1200
G1 F3000 X-5.813 Y-22.076 E0.02518
M566 X1800 Y1800
G0 F7200 X-5.813 Y-22.783
M566 X1200 Y1200
G1 F3000 X-4.893 Y-21.864 E0.04055
M566 X1800 Y1800
G0 F7200 X-4.496 Y-22.174
M566 X1200 Y1200
G1 F3000 X-5.813 Y-23.49 E0.05805
M566 X1800 Y1800
G0 F7200 X-5.813 Y-24.197
M566 X1200 Y1200
G1 F3000 X-4.094 Y-22.478 E0.0758
M566 X1800 Y1800
G0 F7200 X-3.643 Y-22.734
M566 X1200 Y1200
G1 F3000 X-5.813 Y-24.905 E0.09571
M566 X1800 Y1800
G0 F7200 X-5.813 Y-25.612
M566 X1200 Y1200
G1 F3000 X-3.184 Y-22.983 E0.11593
M566 X1800 Y1800
G0 F7200 X-2.676 Y-23.182
M566 X1200 Y1200
G1 F3000 X-5.813 Y-26.319 E0.13833
M566 X1800 Y1800
G0 F7200 X-5.813 Y-27.026
M566 X1200 Y1200
G1 F3000 X-2.159 Y-23.372 E0.16113
M566 X1800 Y1800
G0 F7200 X-1.574 Y-23.494
M566 X1200 Y1200
G1 F3000 X-5.813 Y-27.733 E0.18693
M566 X1800 Y1800
G0 F7200 X-5.572 Y-28.2
M566 X1200 Y1200
G1 F3000 X-.965 Y-23.593 E0.20316
M566 X1800 Y1800
G0 F7200 X-.29 Y-23.625
M566 X1200 Y1200
G1 F3000 X-4.865 Y-28.2 E0.20174
M566 X1800 Y1800
G0 F7200 X-4.158 Y-28.2
M566 X1200 Y1200
G1 F3000 X0.46 Y-23.581 E0.20366
M566 X1800 Y1800
G0 F7200 X1.306 Y-23.442
M566 X1200 Y1200
G1 F3000 X-3.451 Y-28.2 E0.20979
M566 X1800 Y1800
G0 F7200 X-2.744 Y-28.2
M566 X1200 Y1200
G1 F3000 X2.339 Y-23.116 E0.22417
G1 X2.427 Y-23.028
M566 X1800 Y1800
G0 F7200 X3.947 Y-22.215
M566 X1200 Y1200
G1 F3000 X-2.037 Y-28.2 E0.2639
M566 X1800 Y1800
G0 F7200 X-1.33 Y-28.2
M566 X1200 Y1200
G1 F3000 X5.739 Y-21.13 E0.31174
M566 X1800 Y1800
G0 F7200 X5.813 Y-21.764
M566 X1200 Y1200
G1 F3000 X-.622 Y-28.2 E0.28379
M566 X1800 Y1800
G0 F7200 X0.084 Y-28.2
M566 X1200 Y1200
G1 F3000 X5.813 Y-22.471 E0.25263
M566 X1800 Y1800
G0 F7200 X5.813 Y-23.178
M566 X1200 Y1200
G1 F3000 X0.791 Y-28.2 E0.22146
M566 X1800 Y1800
G0 F7200 X1.498 Y-28.2
M566 X1200 Y1200
G1 F3000 X5.813 Y-23.885 E0.19028
M566 X1800 Y1800
G0 F7200 X5.813 Y-24.592
M566 X1200 Y1200
G1 F3000 X2.205 Y-28.2 E0.1591
M566 X1800 Y1800
G0 F7200 X2.912 Y-28.2
M566 X1200 Y1200
G1 F3000 X5.813 Y-25.299 E0.12793
M566 X1800 Y1800
G0 F7200 X5.813 Y-26.006
M566 X1200 Y1200
G1 F3000 X3.619 Y-28.2 E0.09675
M566 X1800 Y1800
G0 F7200 X4.326 Y-28.2
M566 X1200 Y1200
G1 F3000 X5.813 Y-26.713 E0.06557
M566 X1800 Y1800
G0 F7200 X5.813 Y-27.42
M566 X1200 Y1200
G1 F3000 X5.033 Y-28.2 E0.0344
M566 X1800 Y1800
G0 F7200 X5.74 Y-28.2
M566 X1200 Y1200
G1 F3000 X5.813 Y-28.128 E0.0032
M566 X1800 Y1800
G0 F7200 X6.173 Y-18.928
G0 X6.23 Y-18.87
M566 X1200 Y1200
;TYPE:SKIN
G1 F3000 X6.085 Y-18.662 E0.0031
G1 X6.252 Y-17.081 E0.01942
G1 X6.172 Y-15.04 E0.02495
G1 X5.985 Y-14.52 E0.00675
M566 X1800 Y1800
G0 F7200 X5.89 Y-14.615
G0 X6.248 Y-2.943
G0 X6.267 Y-2.923
M566 X1200 Y1200
G1 F3000 X6.122 Y-2.716 E0.00298
G1 X6.257 Y-.812 E0.0225
G1 X6.144 Y1.194 E0.02368
G1 X6.05 Y1.453 E0.00325
M566 X1800 Y1800
G0 F7200 X5.912 Y1.315
;MESH:NONMESH
G0 F600 X5.912 Y1.315 Z3.25
G0 F7200 X4.314 Y3.584
;TIME_ELAPSED:491.889299
;LAYER:19
M566 X1200 Y1200
;TYPE:WALL-INNER
;MESH:Roborama2026-Lasermount.3mf
G1 F6000 X4.538 Y3.353 E0.01003
G1 X5.084 Y2.597 E0.02908
G1 X5.51 Y1.765 E0.02915
G1 X5.808 Y0.878 E0.02918
G1 X5.971 Y-0.043 E0.02916
G1 X5.994 Y-.98 E0.02923
G1 X5.874 Y-1.916 E0.02942
G1 X5.621 Y-2.816 E0.02915
G1 X5.239 Y-3.658 E0.02883
G1 X4.725 Y-4.454 E0.02955
G1 X4.104 Y-5.153 E0.02915
G1 X3.398 Y-5.744 E0.02871
G1 X2.59 Y-6.237 E0.02951
G1 X1.736 Y-6.597 E0.0289
G1 X0.821 Y-6.827 E0.02942
G1 X-.107 Y-6.918 E0.02908
G1 X-1.041 Y-6.87 E0.02916
G1 X-1.949 Y-6.687 E0.02888
G1 X-2.836 Y-6.363 E0.02945
G1 X-3.657 Y-5.915 E0.02916
G1 X-4.395 Y-5.352 E0.02894
G1 X-5.052 Y-4.678 E0.02935
G1 X-5.594 Y-3.918 E0.02911
G1 X-6.019 Y-3.085 E0.02916
G1 X-6.316 Y-2.202 E0.02905
G1 X-6.477 Y-1.289 E0.02891
G1 X-6.5 Y-.354 E0.02916
G1 X-6.382 Y0.573 E0.02914
G1 X-6.13 Y1.471 E0.02908
G1 X-5.745 Y2.325 E0.02921
G1 X-5.239 Y3.111 E0.02915
G1 X-4.82 Y3.584 E0.0197
G1 X-6.678 Y3.584 E0.05793
G1 X-6.678 Y1.313 E0.07081
G1 X-6.678 Y0.573 E0.01871
G1 X-6.678 Y-.354 E0.01368
G1 X-6.678 Y-1.289 E0.01105
G1 X-6.678 Y-2.202 E0.01598
G1 X-6.678 Y-14.686 E0.38927
G1 X-6.678 Y-15.425 E0.02304
G1 X-6.678 Y-16.345 E0.02869
G1 X-6.678 Y-17.278 E0.02909
G1 X-6.678 Y-18.2 E0.02875
G1 X-6.678 Y-32.916 E0.45887
G1 X6.678 Y-32.916 E0.41646
G1 X6.678 Y3.584 E1.13812
G1 X4.314 Y3.584 E0.07371
M566 X1800 Y1800
G0 F7200 X5.012 Y-.14
G0 X5.031 Y-.93
G0 X4.931 Y-1.723
G0 X4.716 Y-2.485
G0 X4.456 Y-3.061
G0 X-.41 Y-10.415
M566 X1200 Y1200
G1 F6000 X0.523 Y-10.459 E0.02912
G1 X1.442 Y-10.645 E0.02924
G1 X2.319 Y-10.966 E0.02912
G1 X3.14 Y-11.413 E0.02915
G1 X3.887 Y-11.977 E0.02919
G1 X4.538 Y-12.647 E0.02913
G1 X5.084 Y-13.403 E0.02908
G1 X5.51 Y-14.235 E0.02915
G1 X5.808 Y-15.122 E0.02918
G1 X5.971 Y-16.043 E0.02916
G1 X5.995 Y-16.968 E0.02885
G1 X5.874 Y-17.916 E0.0298
G1 X5.621 Y-18.816 E0.02915
G1 X5.235 Y-19.669 E0.02919
G1 X4.725 Y-20.455 E0.02922
G1 X4.113 Y-21.144 E0.02874
G1 X3.399 Y-21.744 E0.02908
G1 X2.6 Y-22.232 E0.02919
G1 X1.739 Y-22.594 E0.02912
G1 X0.832 Y-22.826 E0.02919
G1 X-.107 Y-22.918 E0.02942
G1 X-1.041 Y-22.87 E0.02916
G1 X-1.958 Y-22.683 E0.02918
G1 X-2.825 Y-22.367 E0.02877
G1 X-3.648 Y-21.92 E0.0292
G1 X-4.402 Y-21.346 E0.02955
G1 X-5.051 Y-20.678 E0.02904
G1 X-5.595 Y-19.919 E0.02912
G1 X-6.016 Y-19.093 E0.02891
G1 X-6.316 Y-18.2 E0.02937
G1 X-6.477 Y-17.278 E0.01656
G1 X-6.5 Y-16.345 E0.01103
G1 X-6.382 Y-15.425 E0.0138
G1 X-6.127 Y-14.518 E0.02502
G1 X-5.745 Y-13.675 E0.02886
G1 X-5.239 Y-12.889 E0.02915
G1 X-4.62 Y-12.189 E0.02914
G1 X-3.905 Y-11.589 E0.0291
G1 X-3.106 Y-11.101 E0.02919
G1 X-2.244 Y-10.739 E0.02915
G1 X-1.339 Y-10.507 E0.02913
G1 X-.41 Y-10.415 E0.02911
M566 X1800 Y1800
G0 F7200 X-.397 Y-10.916
M566 X1200 Y1200
G1 F6000 X0.461 Y-10.957 E0.02678
G1 X1.306 Y-11.128 E0.02688
G1 X2.113 Y-11.423 E0.02679
G1 X2.868 Y-11.834 E0.0268
G1 X3.555 Y-12.353 E0.02685
G1 X4.154 Y-12.969 E0.02679
G1 X4.656 Y-13.665 E0.02676
G1 X5.048 Y-14.43 E0.0268
G1 X5.322 Y-15.246 E0.02684
G1 X5.472 Y-16.093 E0.02682
G1 X5.494 Y-16.943 E0.02651
G1 X5.383 Y-17.816 E0.02744
G1 X5.15 Y-18.644 E0.02682
G1 X4.795 Y-19.428 E0.02684
G1 X4.326 Y-20.151 E0.02687
G1 X3.763 Y-20.785 E0.02644
G1 X3.106 Y-21.337 E0.02676
G1 X2.371 Y-21.786 E0.02686
G1 X1.579 Y-22.119 E0.02679
G1 X0.745 Y-22.332 E0.02684
G1 X-.119 Y-22.417 E0.02707
G1 X-.978 Y-22.373 E0.02682
G1 X-1.822 Y-22.201 E0.02686
G1 X-2.619 Y-21.91 E0.02646
G1 X-3.376 Y-21.499 E0.02686
G1 X-4.069 Y-20.971 E0.02717
G1 X-4.666 Y-20.356 E0.02673
G1 X-5.167 Y-19.658 E0.02679
G1 X-5.554 Y-18.899 E0.02657
G1 X-5.83 Y-18.077 E0.02704
G1 X-5.978 Y-17.229 E0.02684
G1 X-5.999 Y-16.371 E0.02676
G1 X-5.891 Y-15.525 E0.02659
G1 X-5.656 Y-14.69 E0.02705
G1 X-5.305 Y-13.915 E0.02653
G1 X-4.839 Y-13.192 E0.02682
G1 X-4.27 Y-12.548 E0.0268
G1 X-3.612 Y-11.996 E0.02678
G1 X-2.878 Y-11.547 E0.02683
G1 X-2.084 Y-11.214 E0.02685
G1 X-1.252 Y-11.001 E0.02678
G1 X-.397 Y-10.916 E0.02679
M566 X1800 Y1800
G0 F7200 X-.119 Y-6.417
M566 X1200 Y1200
G1 F6000 X-.978 Y-6.373 E0.02682
G1 X-1.813 Y-6.204 E0.02656
G1 X-2.629 Y-5.906 E0.02709
G1 X-3.384 Y-5.494 E0.02682
G1 X-4.063 Y-4.977 E0.02661
G1 X-4.667 Y-4.356 E0.02701
G1 X-5.166 Y-3.658 E0.02675
G1 X-5.557 Y-2.891 E0.02684
G1 X-5.83 Y-2.078 E0.02674
G1 X-5.978 Y-1.239 E0.02657
G1 X-5.999 Y-.379 E0.02682
G1 X-5.891 Y0.473 E0.02678
G1 X-5.659 Y1.3 E0.02678
G1 X-5.305 Y2.085 E0.02685
G1 X-4.839 Y2.808 E0.02682
G1 X-4.264 Y3.458 E0.02706
G1 X-3.612 Y4.004 E0.02652
G1 X-3.481 Y4.084 E0.00479
G1 X-4.058 Y4.084 E0.01317
G1 X-7.178 Y4.084 E0.09729
G1 X-7.178 Y-33.416 E1.1693
G1 X7.178 Y-33.416 E0.44764
G1 X7.178 Y4.084 E1.1693
G1 X3.555 Y4.084 E0.11297
G1 X2.977 Y4.084 E0.01802
G1 X3.555 Y3.647 E0.01174
G1 X4.154 Y3.031 E0.02679
G1 X4.656 Y2.335 E0.02676
G1 X5.048 Y1.57 E0.0268
G1 X5.322 Y0.754 E0.02684
G1 X5.472 Y-0.093 E0.02682
G1 X5.493 Y-.954 E0.02686
G1 X5.383 Y-1.816 E0.0271
G1 X5.15 Y-2.644 E0.02682
G1 X4.799 Y-3.418 E0.0265
G1 X4.326 Y-4.151 E0.0272
G1 X3.755 Y-4.793 E0.02679
G1 X3.106 Y-5.337 E0.02641
G1 X2.362 Y-5.791 E0.02718
G1 X1.577 Y-6.121 E0.02655
G1 X0.735 Y-6.333 E0.02707
G1 X-.119 Y-6.417 E0.02676
M566 X1800 Y1800
G0 F7200 X-.131 Y-5.916
M566 X1200 Y1200
G1 F6000 X-.915 Y-5.876 E0.02448
G1 X-1.677 Y-5.721 E0.02425
G1 X-2.422 Y-5.449 E0.02473
G1 X-3.111 Y-5.073 E0.02447
G1 X-3.73 Y-4.602 E0.02425
G1 X-4.282 Y-4.034 E0.0247
G1 X-4.738 Y-3.397 E0.02443
G1 X-5.095 Y-2.697 E0.0245
G1 X-5.344 Y-1.954 E0.02443
G1 X-5.479 Y-1.189 E0.02422
G1 X-5.498 Y-.404 E0.02448
G1 X-5.4 Y0.374 E0.02445
G1 X-5.188 Y1.129 E0.02445
G1 X-4.865 Y1.845 E0.02449
G1 X-4.439 Y2.505 E0.02449
G1 X-3.914 Y3.099 E0.02472
G1 X-3.319 Y3.597 E0.02419
G1 X-2.649 Y4.007 E0.02449
G1 X-1.925 Y4.311 E0.02448
G1 X-1.165 Y4.505 E0.02446
G1 X-.384 Y4.583 E0.02447
G1 X0.399 Y4.545 E0.02444
G1 X1.17 Y4.389 E0.02453
G1 X1.907 Y4.12 E0.02446
G1 X2.596 Y3.745 E0.02446
G1 X3.223 Y3.271 E0.02451
G1 X3.77 Y2.709 E0.02445
G1 X4.228 Y2.073 E0.02444
G1 X4.586 Y1.375 E0.02446
G1 X4.836 Y0.63 E0.0245
G1 X4.973 Y-.143 E0.02448
G1 X4.992 Y-.928 E0.02448
G1 X4.892 Y-1.716 E0.02477
G1 X4.679 Y-2.472 E0.02449
G1 X4.359 Y-3.178 E0.02417
G1 X3.927 Y-3.847 E0.02483
G1 X3.406 Y-4.433 E0.02445
G1 X2.813 Y-4.93 E0.02413
G1 X2.134 Y-5.345 E0.02481
G1 X1.418 Y-5.645 E0.02421
G1 X0.649 Y-5.839 E0.02473
G1 X-.131 Y-5.916 E0.02444
M566 X1800 Y1800
G0 F7200 X-.129 Y-6.015
G0 X-.386 Y-11.318
G0 X-.384 Y-11.417
M566 X1200 Y1200
G1 F6000 X0.399 Y-11.455 E0.02444
G1 X1.17 Y-11.611 E0.02453
G1 X1.907 Y-11.88 E0.02446
G1 X2.596 Y-12.255 E0.02446
G1 X3.223 Y-12.729 E0.02451
G1 X3.77 Y-13.291 E0.02445
G1 X4.228 Y-13.927 E0.02444
G1 X4.586 Y-14.625 E0.02446
G1 X4.836 Y-15.37 E0.0245
G1 X4.973 Y-16.143 E0.02448
G1 X4.993 Y-16.918 E0.02417
G1 X4.892 Y-17.716 E0.02508
G1 X4.679 Y-18.472 E0.02449
G1 X4.355 Y-19.187 E0.02448
G1 X3.927 Y-19.847 E0.02453
G1 X3.413 Y-20.426 E0.02414
G1 X2.813 Y-20.93 E0.02443
G1 X2.142 Y-21.34 E0.02452
G1 X1.419 Y-21.644 E0.02446
G1 X0.658 Y-21.838 E0.02449
G1 X-.131 Y-21.916 E0.02472
G1 X-.915 Y-21.876 E0.02448
G1 X-1.685 Y-21.719 E0.0245
G1 X-2.413 Y-21.453 E0.02417
G1 X-3.104 Y-21.078 E0.02451
G1 X-3.736 Y-20.596 E0.02478
G1 X-4.281 Y-20.034 E0.02441
G1 X-4.739 Y-19.397 E0.02446
G1 X-5.092 Y-18.705 E0.02422
G1 X-5.344 Y-17.954 E0.0247
G1 X-5.479 Y-17.18 E0.0245
G1 X-5.498 Y-16.397 E0.02442
G1 X-5.4 Y-15.625 E0.02427
G1 X-5.185 Y-14.862 E0.02472
G1 X-4.865 Y-14.155 E0.0242
G1 X-4.439 Y-13.495 E0.02449
G1 X-3.92 Y-12.907 E0.02446
G1 X-3.319 Y-12.403 E0.02446
G1 X-2.649 Y-11.993 E0.02449
G1 X-1.925 Y-11.689 E0.02448
G1 X-1.165 Y-11.495 E0.02446
G1 X-.384 Y-11.417 E0.02447
M566 X1800 Y1800
G0 F7200 X-.386 Y-11.318
G0 X-.384 Y4.484
G0 X-.384 Y4.584
M566 X1200 Y1200
G1 F6000 X-1.165 Y4.584 E0.00193
G1 X-1.925 Y4.584 E0.00822
G1 X-2.488 Y4.584 E0.0141
G1 X-7.678 Y4.584 E0.16183
G1 X-7.678 Y-33.916 E1.20048
G1 X7.678 Y-33.916 E0.47882
G1 X7.678 Y4.584 E1.20048
G1 X1.907 Y4.584 E0.17995
G1 X1.17 Y4.584 E0.01502
G1 X0.399 Y4.584 E0.00554
G1 X-.384 Y4.584 E0.00098
M566 X1800 Y1800
G0 F7200 X-.371 Y4.082
M566 X1200 Y1200
;TYPE:WALL-OUTER
G1 F3000 X0.337 Y4.047 E0.0221
G1 X1.034 Y3.906 E0.02217
G1 X1.701 Y3.663 E0.02214
G1 X2.324 Y3.324 E0.02212
G1 X2.891 Y2.895 E0.02217
G1 X3.386 Y2.387 E0.02212
G1 X3.8 Y1.811 E0.02212
G1 X4.124 Y1.18 E0.02212
G1 X4.35 Y0.506 E0.02217
G1 X4.474 Y-.193 E0.02214
G1 X4.491 Y-.903 E0.02215
G1 X4.401 Y-1.616 E0.02241
G1 X4.208 Y-2.3 E0.02216
G1 X3.919 Y-2.938 E0.02184
G1 X3.528 Y-3.543 E0.02246
G1 X3.057 Y-4.073 E0.02211
G1 X2.52 Y-4.523 E0.02185
G1 X1.906 Y-4.898 E0.02243
G1 X1.259 Y-5.169 E0.02187
G1 X0.563 Y-5.345 E0.02239
G1 X-.143 Y-5.415 E0.02212
G1 X-.852 Y-5.379 E0.02214
G1 X-1.54 Y-5.239 E0.02189
G1 X-2.215 Y-4.992 E0.02241
G1 X-2.838 Y-4.652 E0.02213
G1 X-3.397 Y-4.227 E0.0219
G1 X-3.897 Y-3.712 E0.02238
G1 X-4.31 Y-3.136 E0.0221
G1 X-4.633 Y-2.503 E0.02216
G1 X-4.858 Y-1.831 E0.0221
G1 X-4.98 Y-1.139 E0.02191
G1 X-4.997 Y-.429 E0.02215
G1 X-4.909 Y0.275 E0.02212
G1 X-4.717 Y0.958 E0.02212
G1 X-4.425 Y1.605 E0.02213
G1 X-4.039 Y2.202 E0.02217
G1 X-3.564 Y2.74 E0.02238
G1 X-3.026 Y3.19 E0.02187
G1 X-2.42 Y3.561 E0.02216
G1 X-1.766 Y3.836 E0.02212
G1 X-1.078 Y4.011 E0.02214
G1 X-.371 Y4.082 E0.02216
M566 X1800 Y1800
G0 F7200 X-.121 Y4.07
G0 X-0.093 Y4.67
G0 X-7.608 Y4.514
G0 X-8.178 Y5.084
M566 X1200 Y1200
G1 F3000 X-8.178 Y-34.416 E1.23166
G1 X8.178 Y-34.416 E0.51
G1 X8.178 Y5.084 E1.23166
G1 X-8.178 Y5.084 E0.51
M566 X1800 Y1800
G0 F7200 X-8.178 Y4.834
G0 X-7.608 Y4.514
G0 X-5.131 Y-2.712
G0 X-.43 Y-11.322
G0 X-.371 Y-11.918
M566 X1200 Y1200
G1 F3000 X0.337 Y-11.953 E0.0221
G1 X1.034 Y-12.094 E0.02217
G1 X1.701 Y-12.337 E0.02214
G1 X2.324 Y-12.676 E0.02212
G1 X2.891 Y-13.105 E0.02217
G1 X3.386 Y-13.613 E0.02212
G1 X3.8 Y-14.189 E0.02212
G1 X4.124 Y-14.82 E0.02212
G1 X4.35 Y-15.494 E0.02217
G1 X4.474 Y-16.193 E0.02214
G1 X4.492 Y-16.893 E0.02183
G1 X4.401 Y-17.616 E0.02272
G1 X4.208 Y-18.3 E0.02216
G1 X3.915 Y-18.946 E0.02212
G1 X3.528 Y-19.543 E0.02218
G1 X3.063 Y-20.067 E0.02184
G1 X2.52 Y-20.523 E0.02211
G1 X1.913 Y-20.894 E0.02218
G1 X1.26 Y-21.169 E0.02209
G1 X0.571 Y-21.344 E0.02217
G1 X-.143 Y-21.415 E0.02237
G1 X-.852 Y-21.379 E0.02214
G1 X-1.548 Y-21.237 E0.02215
G1 X-2.207 Y-20.996 E0.02188
G1 X-2.831 Y-20.657 E0.02214
G1 X-3.403 Y-20.221 E0.02243
G1 X-3.897 Y-19.712 E0.02212
G1 X-4.311 Y-19.136 E0.02212
G1 X-4.63 Y-18.511 E0.02188
G1 X-4.858 Y-17.831 E0.02236
G1 X-4.98 Y-17.131 E0.02216
G1 X-4.997 Y-16.422 E0.02211
G1 X-4.909 Y-15.725 E0.02191
G1 X-4.714 Y-15.034 E0.02239
G1 X-4.425 Y-14.395 E0.02187
G1 X-4.039 Y-13.798 E0.02217
G1 X-3.57 Y-13.266 E0.02211
G1 X-3.026 Y-12.81 E0.02213
G1 X-2.42 Y-12.439 E0.02216
G1 X-1.766 Y-12.164 E0.02212
G1 X-1.078 Y-11.989 E0.02214
G1 X-.371 Y-11.918 E0.02216
M566 X1800 Y1800
G0 F7200 X-.121 Y-11.93
G0 X-0.093 Y-11.33
G0 X-0.092 Y-10.229
M566 X1200 Y1200
;TYPE:FILL
G1 F6000 X1.925 Y-6.735 E0.1258
M566 X1800 Y1800
G0 F7200 X2.244 Y-6.601
M566 X1200 Y1200
G1 F6000 X6.478 Y-13.934 E0.26403
M566 X1800 Y1800
G0 F7200 X6.478 Y-13.544
M566 X1200 Y1200
G1 F6000 X5.853 Y-14.627 E0.03899
G1 X5.791 Y-14.735
M566 X1800 Y1800
G0 F7200 X5.245 Y-13.284
M566 X1200 Y1200
G1 F6000 X6.478 Y-13.284 E0.03845
G1 X6.603 Y-13.284
M566 X1800 Y1800
G0 F7200 X3.469 Y-11.41
M566 X1200 Y1200
G1 F6000 X6.478 Y-6.199 E0.18763
M566 X1800 Y1800
G0 F7200 X6.478 Y-5.937
M566 X1200 Y1200
G1 F6000 X3.464 Y-5.937 E0.09398
G1 X3.339 Y-5.937
M566 X1800 Y1800
G0 F7200 X5.113 Y-4.223
M566 X1200 Y1200
G1 F6000 X6.478 Y-6.587 E0.08512
G1 X6.54 Y-6.695
M566 X1800 Y1800
G0 F7200 X6.478 Y-9.612
M566 X1200 Y1200
G1 F6000 X-6.478 Y-9.612 E0.40399
G1 X-6.603 Y-9.612
M566 X1800 Y1800
G0 F7200 X-6.478 Y-6.587
M566 X1200 Y1200
G1 F6000 X-5.34 Y-4.617 E0.07094
G1 X-5.278 Y-4.509
M566 X1800 Y1800
G0 F7200 X-6.478 Y-5.937
M566 X1200 Y1200
G1 F6000 X-3.956 Y-5.937 E0.07864
G1 X-3.831 Y-5.937
M566 X1800 Y1800
G0 F7200 X-2.335 Y-6.758
M566 X1200 Y1200
G1 F6000 X-6.338 Y-13.69 E0.2496
G1 X-6.406 Y-13.669
G1 X-6.478 Y-13.545 E0.00447
M566 X1800 Y1800
G0 F7200 X-6.478 Y-13.284
M566 X1200 Y1200
G1 F6000 X-5.731 Y-13.284 E0.02329
M566 X1800 Y1800
G0 F7200 X-3.608 Y-11.173
M566 X1200 Y1200
G1 F6000 X-6.478 Y-6.202 E0.17898
G1 X-6.54 Y-6.094
M566 X1800 Y1800
G0 F7200 X-1.821 Y-6.917
M566 X1200 Y1200
G1 F6000 X0.097 Y-10.238 E0.11958
G1 X0.159 Y-10.346
M566 X1800 Y1800
G0 F7200 X3.249 Y-12.7
G0 X3.8 Y-13.266
G0 X4.262 Y-13.907
G0 X4.622 Y-14.61
G0 X4.848 Y-15.285
G0 X5.493 Y-19.584
M566 X1200 Y1200
G1 F6000 X6.146 Y-20.716 E0.04075
M566 X1800 Y1800
G0 F7200 X6.478 Y-20.644
M566 X1200 Y1200
G1 F6000 X5.128 Y-20.644 E0.04209
G1 X5.003 Y-20.644
M566 X1800 Y1800
G0 F7200 X6.265 Y-28.616
M566 X1200 Y1200
G1 F6000 X3.898 Y-32.716 E0.14762
M566 X1800 Y1800
G0 F7200 X4.587 Y-32.716
M566 X1200 Y1200
G1 F6000 X2.22 Y-28.616 E0.14762
G1 X2.022 Y-28.616
G1 X-.346 Y-32.716 E0.14763
M566 X1800 Y1800
G0 F7200 X0.345 Y-32.716
M566 X1200 Y1200
G1 F6000 X-2.022 Y-28.616 E0.14762
G1 X-2.22 Y-28.616
G1 X-4.587 Y-32.716 E0.14762
M566 X1800 Y1800
G0 F7200 X-3.898 Y-32.716
M566 X1200 Y1200
G1 F6000 X-6.265 Y-28.616 E0.14762
G1 X-6.462 Y-28.616
G1 X-6.478 Y-28.644 E0.00101
M566 X1800 Y1800
G0 F7200 X-6.478 Y-31.666
M566 X1200 Y1200
G1 F6000 X6.478 Y-31.666 E0.40399
G1 X6.603 Y-31.666
M566 X1800 Y1800
G0 F7200 X6.478 Y-28.643
M566 X1200 Y1200
G1 F6000 X6.463 Y-28.616 E0.00096
M566 X1800 Y1800
G0 F7200 X-5.632 Y-20.644
M566 X1200 Y1200
G1 F6000 X-6.478 Y-20.644 E0.02638
M566 X1800 Y1800
G0 F7200 X-6.146 Y-20.716
M566 X1200 Y1200
G1 F6000 X-5.755 Y-20.038 E0.0244
M566 X1800 Y1800
G0 F7200 X-5.537 Y-16.395
G0 X-5.439 Y-15.618
G0 X-5.222 Y-14.849
G0 X-4.9 Y-14.136
G0 X-4.47 Y-13.471
G0 X3.958 Y-3.871
G0 X4.31 Y-3.326
G0 X6.303 Y1.064
M566 X1200 Y1200
G1 F6000 X5.071 Y3.198 E0.07683
G1 X5.009 Y3.306
M566 X1800 Y1800
G0 F7200 X5.84 Y1.411
M566 X1200 Y1200
G1 F6000 X6.478 Y1.411 E0.01989
M566 X1800 Y1800
G0 F7200 X6.478 Y1.15
M566 X1200 Y1200
G1 F6000 X6.442 Y1.087 E0.00226
M566 X1800 Y1800
G0 F7200 X6.188 Y-20.906
M566 X1200 Y1200
;TYPE:SKIN
G1 F3000 X4.979 Y-20.906 E0.0377
G1 X4.456 Y-21.496 E0.02458
G1 X3.685 Y-22.143 E0.03138
G1 X2.824 Y-22.669 E0.03146
G1 X1.896 Y-23.06 E0.0314
G1 X0.917 Y-23.31 E0.03151
G1 X-0.095 Y-23.41 E0.03171
G1 X-1.103 Y-23.358 E0.03147
G1 X-2.091 Y-23.156 E0.03144
G1 X-3.027 Y-22.815 E0.03106
G1 X-3.915 Y-22.333 E0.03151
G1 X-4.728 Y-21.714 E0.03186
G1 X-5.428 Y-20.993 E0.03133
G1 X-5.49 Y-20.906 E0.00333
G1 X-6.188 Y-20.906 E0.02176
G1 X-6.188 Y-28.426 E0.23448
G1 X6.188 Y-28.426 E0.3859
G1 X6.188 Y-20.906 E0.23448
M566 X1800 Y1800
G0 F7200 X5.963 Y-21.519
M566 X1200 Y1200
G1 F3000 X5.574 Y-21.13 E0.01715
M566 X1800 Y1800
G0 F7200 X4.98 Y-21.243
M566 X1200 Y1200
G1 F3000 X5.963 Y-22.226 E0.04335
M566 X1800 Y1800
G0 F7200 X5.963 Y-22.933
M566 X1200 Y1200
G1 F3000 X4.647 Y-21.618 E0.05801
M566 X1800 Y1800
G0 F7200 X4.268 Y-21.945
M566 X1200 Y1200
G1 F3000 X5.963 Y-23.64 E0.07474
M566 X1800 Y1800
G0 F7200 X5.963 Y-24.347
M566 X1200 Y1200
G1 F3000 X3.883 Y-22.268 E0.0917
M566 X1800 Y1800
G0 F7200 X3.454 Y-22.546
M566 X1200 Y1200
G1 F3000 X5.963 Y-25.054 E0.11062
M566 X1800 Y1800
G0 F7200 X5.963 Y-25.762
M566 X1200 Y1200
G1 F3000 X3.015 Y-22.814 E0.13
M566 X1800 Y1800
G0 F7200 X2.53 Y-23.036
M566 X1200 Y1200
G1 F3000 X5.963 Y-26.469 E0.15139
M566 X1800 Y1800
G0 F7200 X5.963 Y-27.176
M566 X1200 Y1200
G1 F3000 X2.032 Y-23.246 E0.17332
M566 X1800 Y1800
G0 F7200 X1.478 Y-23.398
M566 X1200 Y1200
G1 F3000 X5.963 Y-27.883 E0.19778
M566 X1800 Y1800
G0 F7200 X5.572 Y-28.2
M566 X1200 Y1200
G1 F3000 X0.908 Y-23.536 E0.20567
M566 X1800 Y1800
G0 F7200 X0.265 Y-23.599
M566 X1200 Y1200
G1 F3000 X4.865 Y-28.2 E0.20287
M566 X1800 Y1800
G0 F7200 X4.158 Y-28.2
M566 X1200 Y1200
G1 F3000 X-.424 Y-23.617 E0.20208
M566 X1800 Y1800
G0 F7200 X-1.176 Y-23.572
M566 X1200 Y1200
G1 F3000 X3.451 Y-28.2 E0.20406
M566 X1800 Y1800
G0 F7200 X2.744 Y-28.2
M566 X1200 Y1200
G1 F3000 X-2.066 Y-23.389 E0.21213
G1 X-2.154 Y-23.301
M566 X1800 Y1800
G0 F7200 X-3.17 Y-22.992
M566 X1200 Y1200
G1 F3000 X2.037 Y-28.2 E0.22964
M566 X1800 Y1800
G0 F7200 X1.33 Y-28.2
M566 X1200 Y1200
G1 F3000 X-5.739 Y-21.13 E0.31174
M566 X1800 Y1800
G0 F7200 X-5.963 Y-21.614
M566 X1200 Y1200
G1 F3000 X0.622 Y-28.2 E0.2904
M566 X1800 Y1800
G0 F7200 X-0.084 Y-28.2
M566 X1200 Y1200
G1 F3000 X-5.963 Y-22.321 E0.25925
M566 X1800 Y1800
G0 F7200 X-5.963 Y-23.028
M566 X1200 Y1200
G1 F3000 X-.791 Y-28.2 E0.22807
M566 X1800 Y1800
G0 F7200 X-1.498 Y-28.2
M566 X1200 Y1200
G1 F3000 X-5.963 Y-23.735 E0.19689
M566 X1800 Y1800
G0 F7200 X-5.963 Y-24.442
M566 X1200 Y1200
G1 F3000 X-2.205 Y-28.2 E0.16572
M566 X1800 Y1800
G0 F7200 X-2.912 Y-28.2
M566 X1200 Y1200
G1 F3000 X-5.963 Y-25.149 E0.13454
M566 X1800 Y1800
G0 F7200 X-5.963 Y-25.856
M566 X1200 Y1200
G1 F3000 X-3.619 Y-28.2 E0.10336
M566 X1800 Y1800
G0 F7200 X-4.326 Y-28.2
M566 X1200 Y1200
G1 F3000 X-5.963 Y-26.563 E0.07219
M566 X1800 Y1800
G0 F7200 X-5.963 Y-27.27
M566 X1200 Y1200
G1 F3000 X-5.033 Y-28.2 E0.04101
M566 X1800 Y1800
G0 F7200 X-5.74 Y-28.2
M566 X1200 Y1200
G1 F3000 X-5.963 Y-27.978 E0.00981
M566 X1800 Y1800
G0 F7200 X-3.469 Y-25.99
G0 X5.995 Y-18.369
G0 X6.031 Y-18.405
M566 X1200 Y1200
;TYPE:SKIN
G1 F3000 X6.255 Y-18.276 E0.00462
G1 X6.325 Y-16.224 E0.03671
G1 X6.248 Y-15.087 E0.02037
G1 X6.4 Y-14.885 E0.00452
M566 X1800 Y1800
G0 F7200 X6.438 Y-14.923
G0 X6.374 Y-2.485
G0 X6.213 Y-2.324
M566 X1200 Y1200
G1 F3000 X6.278 Y-2.035 E0.00605
G1 X6.325 Y-.314 E0.03514
G1 X6.214 Y0.856 E0.02399
G1 X6.361 Y1.062 E0.00517
M566 X1800 Y1800
G0 F7200 X6.436 Y0.987
;MESH:NONMESH
G0 F600 X6.436 Y0.987 Z3.4
G0 F7200 X4.314 Y3.584
;TIME_ELAPSED:509.368041
;LAYER:20
M566 X1200 Y1200
;TYPE:WALL-INNER
;MESH:Roborama2026-Lasermount.3mf
G1 F6000 X4.538 Y3.353 E0.01003
G1 X5.084 Y2.597 E0.02908
G1 X5.51 Y1.765 E0.02915
G1 X5.808 Y0.878 E0.02918
G1 X5.971 Y-0.043 E0.02916
G1 X5.994 Y-.98 E0.02923
G1 X5.873 Y-1.925 E0.02971
G1 X5.618 Y-2.826 E0.0292
G1 X5.239 Y-3.661 E0.02859
G1 X4.72 Y-4.46 E0.02971
G1 X4.098 Y-5.159 E0.02918
G1 X3.396 Y-5.744 E0.02849
G1 X2.584 Y-6.241 E0.02969
G1 X1.734 Y-6.597 E0.02873
G1 X0.81 Y-6.828 E0.0297
G1 X-.118 Y-6.918 E0.02907
G1 X-1.053 Y-6.869 E0.02919
G1 X-1.951 Y-6.685 E0.02858
G1 X-2.842 Y-6.359 E0.02958
G1 X-3.664 Y-5.91 E0.02921
G1 X-4.396 Y-5.352 E0.0287
G1 X-5.057 Y-4.67 E0.02961
G1 X-5.602 Y-3.909 E0.02919
G1 X-6.026 Y-3.075 E0.02917
G1 X-6.317 Y-2.189 E0.02908
G1 X-6.477 Y-1.289 E0.0285
G1 X-6.5 Y-.354 E0.02916
G1 X-6.382 Y0.573 E0.02914
G1 X-6.13 Y1.471 E0.02908
G1 X-5.745 Y2.325 E0.02921
G1 X-5.236 Y3.111 E0.0292
G1 X-4.818 Y3.584 E0.01968
G1 X-6.828 Y3.584 E0.06267
G1 X-6.828 Y0.573 E0.09389
G1 X-6.828 Y-.354 E0.02236
G1 X-6.828 Y-1.289 E0.0198
G1 X-6.828 Y-2.133 E0.02257
G1 X-6.828 Y-15.425 E0.41446
G1 X-6.828 Y-16.335 E0.02838
G1 X-6.828 Y-17.269 E0.02912
G1 X-6.828 Y-18.133 E0.02694
G1 X-6.828 Y-32.916 E0.46095
G1 X6.828 Y-32.916 E0.42581
G1 X6.828 Y3.584 E1.13812
G1 X4.314 Y3.584 E0.07839
M566 X1800 Y1800
G0 F7200 X5.012 Y-.14
G0 X5.031 Y-.93
G0 X4.93 Y-1.733
G0 X4.713 Y-2.493
G0 X4.455 Y-3.063
G0 X-.41 Y-10.415
M566 X1200 Y1200
G1 F6000 X0.523 Y-10.459 E0.02912
G1 X1.442 Y-10.645 E0.02924
G1 X2.319 Y-10.966 E0.02912
G1 X3.14 Y-11.413 E0.02915
G1 X3.887 Y-11.977 E0.02919
G1 X4.538 Y-12.647 E0.02913
G1 X5.084 Y-13.403 E0.02908
G1 X5.51 Y-14.235 E0.02915
G1 X5.808 Y-15.122 E0.02918
G1 X5.971 Y-16.043 E0.02916
G1 X5.995 Y-16.96 E0.0286
G1 X5.873 Y-17.925 E0.03033
G1 X5.615 Y-18.826 E0.02922
G1 X5.228 Y-19.677 E0.02915
G1 X4.72 Y-20.459 E0.02908
G1 X4.113 Y-21.144 E0.02854
G1 X3.398 Y-21.745 E0.02912
G1 X2.599 Y-22.232 E0.02918
G1 X1.738 Y-22.594 E0.02912
G1 X0.832 Y-22.826 E0.02916
G1 X-.117 Y-22.918 E0.02973
G1 X-1.053 Y-22.869 E0.02923
G1 X-1.966 Y-22.68 E0.02907
G1 X-2.825 Y-22.367 E0.02851
G1 X-3.65 Y-21.92 E0.02926
G1 X-4.408 Y-21.341 E0.02974
G1 X-5.057 Y-20.671 E0.02909
G1 X-5.6 Y-19.909 E0.02918
G1 X-6.019 Y-19.093 E0.0286
G1 X-6.317 Y-18.19 E0.02965
G1 X-6.478 Y-17.269 E0.02528
G1 X-6.499 Y-16.335 E0.01978
G1 X-6.382 Y-15.425 E0.02221
G1 X-6.124 Y-14.51 E0.02964
G1 X-5.745 Y-13.675 E0.02859
G1 X-5.239 Y-12.889 E0.02915
G1 X-4.62 Y-12.189 E0.02914
G1 X-3.905 Y-11.589 E0.0291
G1 X-3.106 Y-11.101 E0.02919
G1 X-2.244 Y-10.739 E0.02915
G1 X-1.339 Y-10.507 E0.02913
G1 X-.41 Y-10.415 E0.02911
M566 X1800 Y1800
G0 F7200 X-.397 Y-10.916
M566 X1200 Y1200
G1 F6000 X0.461 Y-10.957 E0.02678
G1 X1.306 Y-11.128 E0.02688
G1 X2.113 Y-11.423 E0.02679
G1 X2.868 Y-11.834 E0.0268
G1 X3.555 Y-12.353 E0.02685
G1 X4.154 Y-12.969 E0.02679
G1 X4.656 Y-13.665 E0.02676
G1 X5.048 Y-14.43 E0.0268
G1 X5.322 Y-15.246 E0.02684
G1 X5.472 Y-16.093 E0.02682
G1 X5.494 Y-16.935 E0.02626
G1 X5.382 Y-17.824 E0.02794
G1 X5.145 Y-18.653 E0.02688
G1 X4.788 Y-19.436 E0.02683
G1 X4.321 Y-20.155 E0.02673
G1 X3.763 Y-20.785 E0.02624
G1 X3.105 Y-21.338 E0.0268
G1 X2.371 Y-21.786 E0.02681
G1 X1.578 Y-22.119 E0.02682
G1 X0.745 Y-22.332 E0.02681
G1 X-.128 Y-22.417 E0.02735
G1 X-.989 Y-22.372 E0.02688
G1 X-1.829 Y-22.198 E0.02675
G1 X-2.619 Y-21.91 E0.02622
G1 X-3.377 Y-21.499 E0.02689
G1 X-4.075 Y-20.966 E0.02738
G1 X-4.672 Y-20.35 E0.02675
G1 X-5.172 Y-19.649 E0.02685
G1 X-5.556 Y-18.899 E0.02627
G1 X-5.831 Y-18.068 E0.02729
G1 X-5.979 Y-17.22 E0.02684
G1 X-5.998 Y-16.361 E0.02679
G1 X-5.891 Y-15.525 E0.02628
G1 X-5.653 Y-14.682 E0.02731
G1 X-5.305 Y-13.915 E0.02626
G1 X-4.839 Y-13.192 E0.02682
G1 X-4.27 Y-12.548 E0.0268
G1 X-3.612 Y-11.996 E0.02678
G1 X-2.878 Y-11.547 E0.02683
G1 X-2.084 Y-11.214 E0.02685
G1 X-1.252 Y-11.001 E0.02678
G1 X-.397 Y-10.916 E0.02679
M566 X1800 Y1800
G0 F7200 X-.129 Y-6.417
M566 X1200 Y1200
G1 F6000 X-.989 Y-6.372 E0.02685
G1 X-1.814 Y-6.203 E0.02626
G1 X-2.635 Y-5.902 E0.02727
G1 X-3.391 Y-5.489 E0.02686
G1 X-4.063 Y-4.977 E0.02634
G1 X-4.672 Y-4.349 E0.02728
G1 X-5.173 Y-3.649 E0.02684
G1 X-5.563 Y-2.882 E0.02683
G1 X-5.831 Y-2.067 E0.02675
G1 X-5.978 Y-1.239 E0.02622
G1 X-5.999 Y-.379 E0.02682
G1 X-5.891 Y0.473 E0.02678
G1 X-5.659 Y1.3 E0.02678
G1 X-5.305 Y2.085 E0.02685
G1 X-4.837 Y2.808 E0.02685
G1 X-4.256 Y3.465 E0.02735
G1 X-3.609 Y4.004 E0.02626
G1 X-3.479 Y4.084 E0.00476
G1 X-4.059 Y4.084 E0.01321
G1 X-7.328 Y4.084 E0.10193
G1 X-7.328 Y-33.416 E1.1693
G1 X7.328 Y-33.416 E0.45699
G1 X7.328 Y4.084 E1.1693
G1 X3.555 Y4.084 E0.11765
G1 X2.977 Y4.084 E0.01802
G1 X3.555 Y3.647 E0.01174
G1 X4.154 Y3.031 E0.02679
G1 X4.656 Y2.335 E0.02676
G1 X5.048 Y1.57 E0.0268
G1 X5.322 Y0.754 E0.02684
G1 X5.472 Y-0.093 E0.02682
G1 X5.493 Y-.954 E0.02686
G1 X5.382 Y-1.825 E0.02738
G1 X5.147 Y-2.653 E0.02684
G1 X4.799 Y-3.42 E0.02626
G1 X4.321 Y-4.156 E0.02736
G1 X3.749 Y-4.799 E0.02683
G1 X3.104 Y-5.337 E0.02619
G1 X2.356 Y-5.795 E0.02735
G1 X1.576 Y-6.121 E0.02636
G1 X0.725 Y-6.334 E0.02735
G1 X-.129 Y-6.417 E0.02675
M566 X1800 Y1800
G0 F7200 X-.14 Y-5.916
M566 X1200 Y1200
G1 F6000 X-.925 Y-5.875 E0.02451
G1 X-1.677 Y-5.721 E0.02394
G1 X-2.428 Y-5.445 E0.02495
G1 X-3.118 Y-5.068 E0.02452
G1 X-3.73 Y-4.602 E0.02399
G1 X-4.287 Y-4.028 E0.02494
G1 X-4.744 Y-3.389 E0.0245
G1 X-5.1 Y-2.689 E0.02449
G1 X-5.345 Y-1.945 E0.02442
G1 X-5.479 Y-1.189 E0.02394
G1 X-5.498 Y-.404 E0.02448
G1 X-5.4 Y0.374 E0.02445
G1 X-5.188 Y1.129 E0.02445
G1 X-4.865 Y1.845 E0.02449
G1 X-4.438 Y2.505 E0.02451
G1 X-3.907 Y3.105 E0.02498
G1 X-3.317 Y3.597 E0.02395
G1 X-2.649 Y4.007 E0.02444
G1 X-1.925 Y4.311 E0.02448
G1 X-1.165 Y4.505 E0.02446
G1 X-.384 Y4.583 E0.02447
G1 X0.399 Y4.545 E0.02444
G1 X1.17 Y4.389 E0.02453
G1 X1.907 Y4.12 E0.02446
G1 X2.596 Y3.745 E0.02446
G1 X3.223 Y3.271 E0.02451
G1 X3.77 Y2.709 E0.02445
G1 X4.228 Y2.073 E0.02444
G1 X4.586 Y1.375 E0.02446
G1 X4.836 Y0.63 E0.0245
G1 X4.973 Y-.143 E0.02448
G1 X4.992 Y-.928 E0.02448
G1 X4.891 Y-1.725 E0.02505
G1 X4.676 Y-2.48 E0.02448
G1 X4.359 Y-3.179 E0.02393
G1 X3.922 Y-3.852 E0.02502
G1 X3.4 Y-4.439 E0.02449
G1 X2.812 Y-4.93 E0.02389
G1 X2.128 Y-5.348 E0.025
G1 X1.418 Y-5.645 E0.024
G1 X0.64 Y-5.84 E0.02501
G1 X-.14 Y-5.916 E0.02444
M566 X1800 Y1800
G0 F7200 X-.138 Y-6.015
G0 X-.386 Y-11.318
G0 X-.384 Y-11.417
M566 X1200 Y1200
G1 F6000 X0.399 Y-11.455 E0.02444
G1 X1.17 Y-11.611 E0.02453
G1 X1.907 Y-11.88 E0.02446
G1 X2.596 Y-12.255 E0.02446
G1 X3.223 Y-12.729 E0.02451
G1 X3.77 Y-13.291 E0.02445
G1 X4.228 Y-13.927 E0.02444
G1 X4.586 Y-14.625 E0.02446
G1 X4.836 Y-15.37 E0.0245
G1 X4.973 Y-16.143 E0.02448
G1 X4.993 Y-16.91 E0.02392
G1 X4.891 Y-17.724 E0.02558
G1 X4.675 Y-18.48 E0.02452
G1 X4.349 Y-19.195 E0.0245
G1 X3.922 Y-19.851 E0.02441
G1 X3.413 Y-20.426 E0.02394
G1 X2.812 Y-20.931 E0.02448
G1 X2.143 Y-21.34 E0.02445
G1 X1.419 Y-21.644 E0.02448
G1 X0.658 Y-21.838 E0.02449
G1 X-.139 Y-21.916 E0.02497
G1 X-.925 Y-21.875 E0.02454
G1 X-1.692 Y-21.716 E0.02442
G1 X-2.413 Y-21.453 E0.02393
G1 X-3.104 Y-21.078 E0.02451
G1 X-3.742 Y-20.591 E0.02503
G1 X-4.287 Y-20.029 E0.02441
G1 X-4.744 Y-19.389 E0.02452
G1 X-5.093 Y-18.705 E0.02394
G1 X-5.345 Y-17.946 E0.02494
G1 X-5.48 Y-17.171 E0.02453
G1 X-5.497 Y-16.387 E0.02445
G1 X-5.4 Y-15.625 E0.02395
G1 X-5.182 Y-14.854 E0.02498
G1 X-4.865 Y-14.155 E0.02393
G1 X-4.439 Y-13.495 E0.02449
G1 X-3.92 Y-12.907 E0.02446
G1 X-3.319 Y-12.403 E0.02446
G1 X-2.649 Y-11.993 E0.02449
G1 X-1.925 Y-11.689 E0.02448
G1 X-1.165 Y-11.495 E0.02446
G1 X-.384 Y-11.417 E0.02447
M566 X1800 Y1800
G0 F7200 X-.386 Y-11.318
G0 X-.384 Y4.484
G0 X-.384 Y4.584
M566 X1200 Y1200
G1 F6000 X-1.165 Y4.584 E0.00193
G1 X-1.925 Y4.584 E0.00822
G1 X-2.488 Y4.584 E0.0141
G1 X-7.828 Y4.584 E0.16651
G1 X-7.828 Y-33.916 E1.20048
G1 X7.828 Y-33.916 E0.48818
G1 X7.828 Y4.584 E1.20048
G1 X1.907 Y4.584 E0.18462
G1 X1.17 Y4.584 E0.01502
G1 X0.399 Y4.584 E0.00554
G1 X-.384 Y4.584 E0.00098
M566 X1800 Y1800
G0 F7200 X-.371 Y4.082
M566 X1200 Y1200
;TYPE:WALL-OUTER
G1 F3000 X0.337 Y4.047 E0.0221
G1 X1.034 Y3.906 E0.02217
G1 X1.701 Y3.663 E0.02214
G1 X2.324 Y3.324 E0.02212
G1 X2.891 Y2.895 E0.02217
G1 X3.386 Y2.387 E0.02212
G1 X3.8 Y1.811 E0.02212
G1 X4.124 Y1.18 E0.02212
G1 X4.35 Y0.506 E0.02217
G1 X4.474 Y-.193 E0.02214
G1 X4.491 Y-.903 E0.02215
G1 X4.4 Y-1.624 E0.02266
G1 X4.205 Y-2.307 E0.02215
G1 X3.919 Y-2.938 E0.0216
G1 X3.523 Y-3.548 E0.02268
G1 X3.051 Y-4.079 E0.02215
G1 X2.52 Y-4.523 E0.02158
G1 X1.9 Y-4.901 E0.02264
G1 X1.26 Y-5.169 E0.02164
G1 X0.554 Y-5.346 E0.0227
G1 X-.151 Y-5.415 E0.02209
G1 X-.861 Y-5.378 E0.02217
G1 X-1.54 Y-5.239 E0.02161
G1 X-2.221 Y-4.989 E0.02262
G1 X-2.845 Y-4.647 E0.02219
G1 X-3.397 Y-4.227 E0.02163
G1 X-3.902 Y-3.707 E0.0226
G1 X-4.315 Y-3.129 E0.02215
G1 X-4.637 Y-2.496 E0.02214
G1 X-4.859 Y-1.823 E0.0221
G1 X-4.98 Y-1.139 E0.02166
G1 X-4.997 Y-.429 E0.02215
G1 X-4.909 Y0.275 E0.02212
G1 X-4.717 Y0.958 E0.02212
G1 X-4.425 Y1.605 E0.02213
G1 X-4.039 Y2.202 E0.02217
G1 X-3.558 Y2.745 E0.02262
G1 X-3.025 Y3.19 E0.02165
G1 X-2.42 Y3.561 E0.02213
G1 X-1.766 Y3.836 E0.02212
G1 X-1.078 Y4.011 E0.02214
G1 X-.371 Y4.082 E0.02216
M566 X1800 Y1800
G0 F7200 X-.121 Y4.07
G0 X-0.093 Y4.67
G0 X-7.758 Y4.514
G0 X-8.328 Y5.084
M566 X1200 Y1200
G1 F3000 X-8.328 Y-34.416 E1.23166
G1 X8.328 Y-34.416 E0.51936
G1 X8.328 Y5.084 E1.23166
G1 X-8.328 Y5.084 E0.51936
M566 X1800 Y1800
G0 F7200 X-8.328 Y4.834
G0 X-7.758 Y4.514
G0 X-5.136 Y-2.704
G0 X-.43 Y-11.322
G0 X-.371 Y-11.918
M566 X1200 Y1200
G1 F3000 X0.337 Y-11.953 E0.0221
G1 X1.034 Y-12.094 E0.02217
G1 X1.701 Y-12.337 E0.02214
G1 X2.324 Y-12.676 E0.02212
G1 X2.891 Y-13.105 E0.02217
G1 X3.386 Y-13.613 E0.02212
G1 X3.8 Y-14.189 E0.02212
G1 X4.124 Y-14.82 E0.02212
G1 X4.35 Y-15.494 E0.02217
G1 X4.474 Y-16.193 E0.02214
G1 X4.492 Y-16.885 E0.02158
G1 X4.4 Y-17.624 E0.02322
G1 X4.205 Y-18.307 E0.02215
G1 X3.91 Y-18.953 E0.02214
G1 X3.523 Y-19.547 E0.02211
G1 X3.063 Y-20.067 E0.02165
G1 X2.519 Y-20.524 E0.02215
G1 X1.914 Y-20.894 E0.02211
G1 X1.26 Y-21.169 E0.02212
G1 X0.571 Y-21.344 E0.02217
G1 X-.151 Y-21.415 E0.02262
G1 X-.861 Y-21.378 E0.02217
G1 X-1.555 Y-21.234 E0.0221
G1 X-2.207 Y-20.996 E0.02164
G1 X-2.831 Y-20.657 E0.02214
G1 X-3.409 Y-20.216 E0.02267
G1 X-3.902 Y-19.708 E0.02207
G1 X-4.315 Y-19.129 E0.02218
G1 X-4.63 Y-18.511 E0.02163
G1 X-4.859 Y-17.823 E0.02261
G1 X-4.981 Y-17.123 E0.02216
G1 X-4.996 Y-16.413 E0.02214
G1 X-4.909 Y-15.725 E0.02162
G1 X-4.711 Y-15.026 E0.02265
G1 X-4.425 Y-14.395 E0.0216
G1 X-4.039 Y-13.798 E0.02217
G1 X-3.57 Y-13.266 E0.02211
G1 X-3.026 Y-12.81 E0.02213
G1 X-2.42 Y-12.439 E0.02216
G1 X-1.766 Y-12.164 E0.02212
G1 X-1.078 Y-11.989 E0.02214
G1 X-.371 Y-11.918 E0.02216
M566 X1800 Y1800
G0 F7200 X-.121 Y-11.93
G0 X-0.093 Y-11.33
G0 X-.211 Y-10.224
M566 X1200 Y1200
;TYPE:FILL
G1 F6000 X1.769 Y-6.794 E0.12349
M566 X1800 Y1800
G0 F7200 X2.343 Y-6.559
M566 X1200 Y1200
G1 F6000 X6.628 Y-13.979 E0.26717
M566 X1800 Y1800
G0 F7200 X6.628 Y-13.39
M566 X1200 Y1200
G1 F6000 X5.302 Y-13.39 E0.04135
G1 X5.177 Y-13.39
M566 X1800 Y1800
G0 F7200 X5.808 Y-14.492
M566 X1200 Y1200
G1 F6000 X6.628 Y-13.071 E0.05116
G1 X6.69 Y-12.963
M566 X1800 Y1800
G0 F7200 X6.628 Y-9.718
M566 X1200 Y1200
G1 F6000 X-6.628 Y-9.718 E0.41334
G1 X-6.753 Y-9.718
M566 X1800 Y1800
G0 F7200 X-6.628 Y-6.634
M566 X1200 Y1200
G1 F6000 X-5.409 Y-4.522 E0.07604
G1 X-5.347 Y-4.414
M566 X1800 Y1800
G0 F7200 X-6.628 Y-5.727
M566 X1200 Y1200
G1 F6000 X-3.516 Y-11.117 E0.19407
G1 X-3.454 Y-11.225
M566 X1800 Y1800
G0 F7200 X-5.799 Y-13.39
M566 X1200 Y1200
G1 F6000 X-6.628 Y-13.39 E0.02585
M566 X1800 Y1800
G0 F7200 X-6.628 Y-13.072
M566 X1200 Y1200
G1 F6000 X-6.103 Y-13.982 E0.03276
M566 X1800 Y1800
G0 F7200 X-6.628 Y-13.98
M566 X1200 Y1200
G1 F6000 X-2.436 Y-6.72 E0.2614
M566 X1800 Y1800
G0 F7200 X-1.682 Y-6.944
M566 X1200 Y1200
G1 F6000 X0.223 Y-10.244 E0.11881
G1 X0.285 Y-10.352
M566 X1800 Y1800
G0 F7200 X3.383 Y-11.345
M566 X1200 Y1200
G1 F6000 X6.628 Y-5.725 E0.20235
M566 X1800 Y1800
G0 F7200 X6.628 Y-6.044
M566 X1200 Y1200
G1 F6000 X3.29 Y-6.044 E0.10408
G1 X3.165 Y-6.044
M566 X1800 Y1800
G0 F7200 X5.177 Y-4.122
M566 X1200 Y1200
G1 F6000 X6.628 Y-6.634 E0.09046
G1 X6.69 Y-6.742
M566 X1800 Y1800
G0 F7200 X6.628 Y-2.37
M566 X1200 Y1200
G1 F6000 X5.955 Y-2.37 E0.02099
M566 X1800 Y1800
G0 F7200 X6.055 Y0.63
M566 X1200 Y1200
G1 F6000 X6.628 Y1.622 E0.03572
M566 X1800 Y1800
G0 F7200 X6.628 Y1.305
M566 X1200 Y1200
G1 F6000 X5.876 Y1.305 E0.02345
M566 X1800 Y1800
G0 F7200 X6.628 Y0.712
M566 X1200 Y1200
G1 F6000 X5.128 Y3.31 E0.09354
G1 X5.066 Y3.418
M566 X1800 Y1800
G0 F7200 X5.031 Y-.93
G0 X4.93 Y-1.733
G0 X4.713 Y-2.493
G0 X4.394 Y-3.198
G0 X3.953 Y-3.876
G0 X3.427 Y-4.467
G0 X2.835 Y-4.962
G0 X2.146 Y-5.383
G0 X1.43 Y-5.682
G0 X0.646 Y-5.879
G0 X-3.815 Y-6.044
M566 X1200 Y1200
G1 F6000 X-6.628 Y-6.044 E0.08771
G1 X-6.753 Y-6.044
M566 X1800 Y1800
G0 F7200 X-5.815 Y-19.929
M566 X1200 Y1200
G1 F6000 X-6.269 Y-20.716 E0.02833
G1 X-6.461 Y-20.716
G1 X-6.628 Y-20.426 E0.01043
M566 X1800 Y1800
G0 F7200 X-6.584 Y-28.616
M566 X1200 Y1200
G1 F6000 X-6.628 Y-28.692 E0.00274
M566 X1800 Y1800
G0 F7200 X-6.142 Y-28.616
M566 X1200 Y1200
G1 F6000 X-3.775 Y-32.716 E0.14762
M566 X1800 Y1800
G0 F7200 X-4.71 Y-32.716
M566 X1200 Y1200
G1 F6000 X-2.342 Y-28.616 E0.14763
M566 X1800 Y1800
G0 F7200 X-1.899 Y-28.616
M566 X1200 Y1200
G1 F6000 X0.469 Y-32.716 E0.14763
M566 X1800 Y1800
G0 F7200 X-.468 Y-32.716
M566 X1200 Y1200
G1 F6000 X1.899 Y-28.616 E0.14762
M566 X1800 Y1800
G0 F7200 X2.343 Y-28.616
M566 X1200 Y1200
G1 F6000 X4.71 Y-32.716 E0.14762
M566 X1800 Y1800
G0 F7200 X3.775 Y-32.716
M566 X1200 Y1200
G1 F6000 X6.142 Y-28.616 E0.14762
M566 X1800 Y1800
G0 F7200 X6.587 Y-28.616
M566 X1200 Y1200
G1 F6000 X6.628 Y-28.688 E0.00258
M566 X1800 Y1800
G0 F7200 X6.628 Y-31.772
M566 X1200 Y1200
G1 F6000 X-6.628 Y-31.772 E0.41334
G1 X-6.753 Y-31.772
M566 X1800 Y1800
G0 F7200 X6.269 Y-20.716
M566 X1200 Y1200
G1 F6000 X5.545 Y-19.462 E0.04515
G1 X5.483 Y-19.354
M566 X1800 Y1800
G0 F7200 X6.628 Y-20.427
M566 X1200 Y1200
G1 F6000 X6.461 Y-20.716 E0.01041
M566 X1800 Y1800
G0 F7200 X6.338 Y-20.906
M566 X1200 Y1200
;TYPE:SKIN
G1 F3000 X4.978 Y-20.906 E0.04241
G1 X4.456 Y-21.496 E0.02456
G1 X3.684 Y-22.144 E0.03143
G1 X2.823 Y-22.669 E0.03144
G1 X1.895 Y-23.06 E0.0314
G1 X0.917 Y-23.31 E0.03148
G1 X-.106 Y-23.41 E0.03205
G1 X-1.116 Y-23.357 E0.03154
G1 X-2.1 Y-23.152 E0.03134
G1 X-3.027 Y-22.815 E0.03076
G1 X-3.917 Y-22.333 E0.03156
G1 X-4.735 Y-21.708 E0.0321
G1 X-5.435 Y-20.985 E0.03138
G1 X-5.491 Y-20.906 E0.00302
G1 X-6.338 Y-20.906 E0.02641
G1 X-6.338 Y-28.426 E0.23448
G1 X6.338 Y-28.426 E0.39526
G1 X6.338 Y-20.906 E0.23448
M566 X1800 Y1800
G0 F7200 X5.74 Y-28.2
M566 X1200 Y1200
G1 F3000 X6.112 Y-27.828 E0.0164
M566 X1800 Y1800
G0 F7200 X6.112 Y-27.121
M566 X1200 Y1200
G1 F3000 X5.033 Y-28.2 E0.04758
M566 X1800 Y1800
G0 F7200 X4.326 Y-28.2
M566 X1200 Y1200
G1 F3000 X6.112 Y-26.413 E0.07878
M566 X1800 Y1800
G0 F7200 X6.112 Y-25.706
M566 X1200 Y1200
G1 F3000 X3.619 Y-28.2 E0.10996
M566 X1800 Y1800
G0 F7200 X2.912 Y-28.2
M566 X1200 Y1200
G1 F3000 X6.112 Y-24.999 E0.14113
M566 X1800 Y1800
G0 F7200 X6.112 Y-24.292
M566 X1200 Y1200
G1 F3000 X2.205 Y-28.2 E0.17231
M566 X1800 Y1800
G0 F7200 X1.498 Y-28.2
M566 X1200 Y1200
G1 F3000 X6.112 Y-23.585 E0.20349
M566 X1800 Y1800
G0 F7200 X6.112 Y-22.878
M566 X1200 Y1200
G1 F3000 X0.791 Y-28.2 E0.23466
M566 X1800 Y1800
G0 F7200 X0.084 Y-28.2
M566 X1200 Y1200
G1 F3000 X6.112 Y-22.171 E0.26584
M566 X1800 Y1800
G0 F7200 X6.112 Y-21.464
M566 X1200 Y1200
G1 F3000 X-.622 Y-28.2 E0.29699
M566 X1800 Y1800
G0 F7200 X-1.33 Y-28.2
M566 X1200 Y1200
G1 F3000 X5.739 Y-21.13 E0.31174
G1 X5.827 Y-21.042
M566 X1800 Y1800
G0 F7200 X3.944 Y-22.218
M566 X1200 Y1200
G1 F3000 X-2.037 Y-28.2 E0.26377
M566 X1800 Y1800
G0 F7200 X-2.744 Y-28.2
M566 X1200 Y1200
G1 F3000 X2.339 Y-23.116 E0.22417
G1 X2.427 Y-23.028
M566 X1800 Y1800
G0 F7200 X1.305 Y-23.443
M566 X1200 Y1200
G1 F3000 X-3.451 Y-28.2 E0.20975
M566 X1800 Y1800
G0 F7200 X-4.158 Y-28.2
M566 X1200 Y1200
G1 F3000 X0.461 Y-23.58 E0.20371
M566 X1800 Y1800
G0 F7200 X-.291 Y-23.625
M566 X1200 Y1200
G1 F3000 X-4.865 Y-28.2 E0.20172
M566 X1800 Y1800
G0 F7200 X-5.572 Y-28.2
M566 X1200 Y1200
G1 F3000 X-.963 Y-23.59 E0.20327
M566 X1800 Y1800
G0 F7200 X-1.572 Y-23.492
M566 X1200 Y1200
G1 F3000 X-6.112 Y-28.033 E0.20022
M566 X1800 Y1800
G0 F7200 X-6.112 Y-27.326
M566 X1200 Y1200
G1 F3000 X-2.158 Y-23.371 E0.17438
M566 X1800 Y1800
G0 F7200 X-2.676 Y-23.182
M566 X1200 Y1200
G1 F3000 X-6.112 Y-26.619 E0.15154
M566 X1800 Y1800
G0 F7200 X-6.112 Y-25.911
M566 X1200 Y1200
G1 F3000 X-3.185 Y-22.984 E0.12907
M566 X1800 Y1800
G0 F7200 X-3.644 Y-22.736
M566 X1200 Y1200
G1 F3000 X-6.112 Y-25.204 E0.10883
M566 X1800 Y1800
G0 F7200 X-6.112 Y-24.497
M566 X1200 Y1200
G1 F3000 X-4.095 Y-22.48 E0.08894
M566 X1800 Y1800
G0 F7200 X-4.495 Y-22.173
M566 X1200 Y1200
G1 F3000 X-6.112 Y-23.79 E0.07131
M566 X1800 Y1800
G0 F7200 X-6.112 Y-23.083
M566 X1200 Y1200
G1 F3000 X-4.894 Y-21.865 E0.05371
M566 X1800 Y1800
G0 F7200 X-5.242 Y-21.505
M566 X1200 Y1200
G1 F3000 X-6.112 Y-22.376 E0.03839
M566 X1800 Y1800
G0 F7200 X-6.112 Y-21.669
M566 X1200 Y1200
G1 F3000 X-5.589 Y-21.146 E0.02306
M566 X1800 Y1800
G0 F7200 X-.93 Y-21.914
G0 X-.139 Y-21.955
G0 X0.664 Y-21.877
G0 X1.431 Y-21.681
G0 X2.161 Y-21.375
G0 X2.835 Y-20.963
G0 X6.13 Y-17.911
G0 X6.359 Y-17.682
M566 X1200 Y1200
;TYPE:SKIN
G1 F3000 X6.519 Y-17.875 E0.00649
G1 X6.402 Y-16.932 E0.02462
G1 X6.341 Y-15.578 E0.03511
M566 X1800 Y1800
G0 F7200 X6.163 Y-15.757
G0 X6.529 Y-1.955
G0 X6.558 Y-1.926
M566 X1200 Y1200
G1 F3000 X6.403 Y-1.728 E0.00611
G1 X6.381 Y0.37 E0.05098
G1 X6.176 Y0.519 E0.00616
M566 X1800 Y1800
G0 F7200 X6.23 Y0.573
;MESH:NONMESH
G0 F600 X6.23 Y0.573 Z3.55
G0 F7200 X4.314 Y3.584
;TIME_ELAPSED:526.957878
;LAYER:21
M566 X1200 Y1200
;TYPE:WALL-INNER
;MESH:Roborama2026-Lasermount.3mf
G1 F6000 X4.538 Y3.353 E0.01003
G1 X5.084 Y2.597 E0.02908
G1 X5.51 Y1.765 E0.02915
G1 X5.808 Y0.878 E0.02918
G1 X5.971 Y-0.043 E0.02916
G1 X5.994 Y-.979 E0.02919
G1 X5.876 Y-1.908 E0.0292
G1 X5.616 Y-2.832 E0.02993
G1 X5.239 Y-3.661 E0.0284
G1 X4.73 Y-4.445 E0.02915
G1 X4.093 Y-5.164 E0.02995
G1 X3.396 Y-5.747 E0.02833
G1 X2.573 Y-6.245 E0.02999
G1 X1.733 Y-6.597 E0.0284
G1 X0.802 Y-6.829 E0.02992
G1 X-.125 Y-6.918 E0.02904
G1 X-1.06 Y-6.868 E0.0292
G1 X-1.951 Y-6.685 E0.02836
G1 X-2.852 Y-6.354 E0.02993
G1 X-3.672 Y-5.903 E0.02918
G1 X-4.396 Y-5.352 E0.02837
G1 X-5.062 Y-4.664 E0.02986
G1 X-5.606 Y-3.9 E0.02924
G1 X-6.027 Y-3.065 E0.02916
G1 X-6.319 Y-2.184 E0.02894
G1 X-6.477 Y-1.289 E0.02834
G1 X-6.5 Y-.354 E0.02916
G1 X-6.382 Y0.573 E0.02914
G1 X-6.13 Y1.471 E0.02908
G1 X-5.745 Y2.325 E0.02921
G1 X-5.236 Y3.114 E0.02928
G1 X-4.818 Y3.584 E0.01961
G1 X-6.978 Y3.584 E0.06735
G1 X-6.978 Y-.354 E0.12279
G1 X-6.978 Y-1.248 E0.02727
G1 X-6.978 Y-16.325 E0.47012
G1 X-6.978 Y-17.26 E0.02915
G1 X-6.978 Y-32.916 E0.48818
G1 X6.978 Y-32.916 E0.43517
G1 X6.978 Y3.584 E1.13812
G1 X4.314 Y3.584 E0.08307
M566 X1800 Y1800
G0 F7200 X5.012 Y-.14
G0 X5.031 Y-.931
G0 X4.933 Y-1.715
G0 X4.711 Y-2.5
G0 X4.455 Y-3.065
G0 X-.41 Y-10.415
M566 X1200 Y1200
G1 F6000 X0.523 Y-10.459 E0.02912
G1 X1.442 Y-10.645 E0.02924
G1 X2.319 Y-10.966 E0.02912
G1 X3.14 Y-11.413 E0.02915
G1 X3.887 Y-11.977 E0.02919
G1 X4.538 Y-12.647 E0.02913
G1 X5.084 Y-13.403 E0.02908
G1 X5.51 Y-14.235 E0.02915
G1 X5.808 Y-15.122 E0.02918
G1 X5.971 Y-16.046 E0.02926
G1 X5.993 Y-17.008 E0.03
G1 X5.871 Y-17.937 E0.02922
G1 X5.613 Y-18.836 E0.02916
G1 X5.223 Y-19.683 E0.02908
G1 X4.733 Y-20.444 E0.02822
G1 X4.113 Y-21.145 E0.02918
G1 X3.398 Y-21.744 E0.02908
G1 X2.6 Y-22.232 E0.02917
G1 X1.737 Y-22.594 E0.02918
G1 X0.829 Y-22.826 E0.02922
G1 X-.125 Y-22.918 E0.02989
G1 X-1.063 Y-22.868 E0.02929
G1 X-1.977 Y-22.677 E0.02912
G1 X-2.825 Y-22.367 E0.02815
G1 X-3.65 Y-21.92 E0.02926
G1 X-4.416 Y-21.333 E0.03009
G1 X-5.062 Y-20.664 E0.029
G1 X-5.606 Y-19.903 E0.02917
G1 X-6.019 Y-19.091 E0.02841
G1 X-6.319 Y-18.181 E0.02988
G1 X-6.478 Y-17.26 E0.02914
G1 X-6.499 Y-16.325 E0.02855
G1 X-6.382 Y-15.425 E0.0283
G1 X-6.122 Y-14.5 E0.02996
G1 X-5.745 Y-13.672 E0.02837
G1 X-5.239 Y-12.889 E0.02907
G1 X-4.62 Y-12.189 E0.02914
G1 X-3.905 Y-11.589 E0.0291
G1 X-3.106 Y-11.101 E0.02919
G1 X-2.244 Y-10.739 E0.02915
G1 X-1.339 Y-10.507 E0.02913
G1 X-.41 Y-10.415 E0.02911
M566 X1800 Y1800
G0 F7200 X-.397 Y-10.916
M566 X1200 Y1200
G1 F6000 X0.461 Y-10.957 E0.02678
G1 X1.306 Y-11.128 E0.02688
G1 X2.113 Y-11.423 E0.02679
G1 X2.868 Y-11.834 E0.0268
G1 X3.555 Y-12.353 E0.02685
G1 X4.154 Y-12.969 E0.02679
G1 X4.656 Y-13.665 E0.02676
G1 X5.048 Y-14.43 E0.0268
G1 X5.322 Y-15.246 E0.02684
G1 X5.472 Y-16.095 E0.02688
G1 X5.492 Y-16.981 E0.02763
G1 X5.38 Y-17.835 E0.02686
G1 X5.143 Y-18.662 E0.02683
G1 X4.784 Y-19.442 E0.02677
G1 X4.333 Y-20.141 E0.02594
G1 X3.763 Y-20.786 E0.02684
G1 X3.105 Y-21.337 E0.02676
G1 X2.371 Y-21.786 E0.02683
G1 X1.578 Y-22.119 E0.02682
G1 X0.743 Y-22.332 E0.02687
G1 X-.136 Y-22.417 E0.02754
G1 X-.998 Y-22.371 E0.02692
G1 X-1.839 Y-22.195 E0.02679
G1 X-2.619 Y-21.91 E0.02589
G1 X-3.377 Y-21.499 E0.02689
G1 X-4.082 Y-20.959 E0.02769
G1 X-4.677 Y-20.343 E0.0267
G1 X-5.177 Y-19.643 E0.02682
G1 X-5.556 Y-18.898 E0.02606
G1 X-5.833 Y-18.059 E0.02755
G1 X-5.979 Y-17.212 E0.0268
G1 X-5.998 Y-16.352 E0.02682
G1 X-5.891 Y-15.525 E0.026
G1 X-5.651 Y-14.672 E0.02763
G1 X-5.305 Y-13.913 E0.02601
G1 X-4.839 Y-13.192 E0.02677
G1 X-4.27 Y-12.548 E0.0268
G1 X-3.612 Y-11.996 E0.02678
G1 X-2.878 Y-11.547 E0.02683
G1 X-2.084 Y-11.214 E0.02685
G1 X-1.252 Y-11.001 E0.02678
G1 X-.397 Y-10.916 E0.02679
M566 X1800 Y1800
G0 F7200 X-.136 Y-6.417
M566 X1200 Y1200
G1 F6000 X-.996 Y-6.371 E0.02685
G1 X-1.814 Y-6.203 E0.02604
G1 X-2.644 Y-5.898 E0.02757
G1 X-3.399 Y-5.483 E0.02686
G1 X-4.063 Y-4.977 E0.02603
G1 X-4.677 Y-4.343 E0.02752
G1 X-5.177 Y-3.641 E0.02687
G1 X-5.564 Y-2.873 E0.02682
G1 X-5.833 Y-2.061 E0.02667
G1 X-5.978 Y-1.239 E0.02603
G1 X-5.999 Y-.379 E0.02682
G1 X-5.891 Y0.473 E0.02678
G1 X-5.659 Y1.3 E0.02678
G1 X-5.305 Y2.085 E0.02685
G1 X-4.837 Y2.81 E0.02691
G1 X-4.25 Y3.47 E0.02754
G1 X-3.612 Y4.004 E0.02594
G1 X-3.481 Y4.084 E0.00479
G1 X-4.059 Y4.084 E0.01319
G1 X-7.478 Y4.084 E0.10661
G1 X-7.478 Y-33.416 E1.1693
G1 X7.478 Y-33.416 E0.46635
G1 X7.478 Y4.084 E1.1693
G1 X3.555 Y4.084 E0.12232
G1 X2.977 Y4.084 E0.01802
G1 X3.555 Y3.647 E0.01174
G1 X4.154 Y3.031 E0.02679
G1 X4.656 Y2.335 E0.02676
G1 X5.048 Y1.57 E0.0268
G1 X5.322 Y0.754 E0.02684
G1 X5.472 Y-0.093 E0.02682
G1 X5.493 Y-.954 E0.02686
G1 X5.385 Y-1.808 E0.02684
G1 X5.145 Y-2.66 E0.0276
G1 X4.799 Y-3.42 E0.02604
G1 X4.331 Y-4.141 E0.0268
G1 X3.744 Y-4.804 E0.02761
G1 X3.104 Y-5.339 E0.02601
G1 X2.346 Y-5.798 E0.02763
G1 X1.575 Y-6.121 E0.02607
G1 X0.717 Y-6.335 E0.02757
G1 X-.136 Y-6.417 E0.02672
M566 X1800 Y1800
G0 F7200 X-.147 Y-5.916
M566 X1200 Y1200
G1 F6000 X-.932 Y-5.874 E0.02451
G1 X-1.677 Y-5.721 E0.02371
G1 X-2.436 Y-5.442 E0.02521
G1 X-3.125 Y-5.063 E0.02452
G1 X-3.73 Y-4.602 E0.02372
G1 X-4.292 Y-4.022 E0.02518
G1 X-4.748 Y-3.382 E0.0245
G1 X-5.101 Y-2.681 E0.02447
G1 X-5.347 Y-1.938 E0.0244
G1 X-5.479 Y-1.189 E0.02371
G1 X-5.498 Y-.404 E0.02448
G1 X-5.4 Y0.374 E0.02445
G1 X-5.188 Y1.129 E0.02445
G1 X-4.865 Y1.845 E0.02449
G1 X-4.438 Y2.506 E0.02454
G1 X-3.901 Y3.11 E0.0252
G1 X-3.319 Y3.597 E0.02366
G1 X-2.649 Y4.007 E0.02449
G1 X-1.925 Y4.311 E0.02448
G1 X-1.165 Y4.505 E0.02446
G1 X-.384 Y4.583 E0.02447
G1 X0.399 Y4.545 E0.02444
G1 X1.17 Y4.389 E0.02453
G1 X1.907 Y4.12 E0.02446
G1 X2.596 Y3.745 E0.02446
G1 X3.223 Y3.271 E0.02451
G1 X3.77 Y2.709 E0.02445
G1 X4.228 Y2.073 E0.02444
G1 X4.586 Y1.375 E0.02446
G1 X4.836 Y0.63 E0.0245
G1 X4.973 Y-.143 E0.02448
G1 X4.992 Y-.929 E0.02452
G1 X4.894 Y-1.708 E0.02448
G1 X4.674 Y-2.487 E0.02524
G1 X4.359 Y-3.179 E0.02371
G1 X3.932 Y-3.838 E0.02449
G1 X3.395 Y-4.444 E0.02525
G1 X2.812 Y-4.931 E0.02369
G1 X2.119 Y-5.351 E0.02527
G1 X1.417 Y-5.645 E0.02373
G1 X0.632 Y-5.841 E0.02523
G1 X-.147 Y-5.916 E0.0244
M566 X1800 Y1800
G0 F7200 X-.145 Y-6.015
G0 X-.386 Y-11.318
G0 X-.384 Y-11.417
M566 X1200 Y1200
G1 F6000 X0.399 Y-11.455 E0.02444
G1 X1.17 Y-11.611 E0.02453
G1 X1.907 Y-11.88 E0.02446
G1 X2.596 Y-12.255 E0.02446
G1 X3.223 Y-12.729 E0.02451
G1 X3.77 Y-13.291 E0.02445
G1 X4.228 Y-13.927 E0.02444
G1 X4.586 Y-14.625 E0.02446
G1 X4.836 Y-15.37 E0.0245
G1 X4.973 Y-16.144 E0.02451
G1 X4.991 Y-16.954 E0.02526
G1 X4.889 Y-17.733 E0.0245
G1 X4.673 Y-18.488 E0.02449
G1 X4.345 Y-19.201 E0.02447
G1 X3.933 Y-19.838 E0.02365
G1 X3.413 Y-20.427 E0.0245
G1 X2.812 Y-20.93 E0.02444
G1 X2.142 Y-21.34 E0.02449
G1 X1.419 Y-21.644 E0.02446
G1 X0.657 Y-21.838 E0.02452
G1 X-.147 Y-21.916 E0.02519
G1 X-.933 Y-21.874 E0.02454
G1 X-1.701 Y-21.713 E0.02447
G1 X-2.413 Y-21.453 E0.02364
G1 X-3.104 Y-21.078 E0.02451
G1 X-3.748 Y-20.585 E0.02529
G1 X-4.292 Y-20.022 E0.02441
G1 X-4.748 Y-19.383 E0.02448
G1 X-5.093 Y-18.705 E0.02372
G1 X-5.347 Y-17.937 E0.02522
G1 X-5.48 Y-17.164 E0.02446
G1 X-5.497 Y-16.379 E0.02448
G1 X-5.4 Y-15.625 E0.0237
G1 X-5.18 Y-14.845 E0.02527
G1 X-4.865 Y-14.154 E0.02368
G1 X-4.439 Y-13.495 E0.02447
G1 X-3.92 Y-12.907 E0.02446
G1 X-3.319 Y-12.403 E0.02446
G1 X-2.649 Y-11.993 E0.02449
G1 X-1.925 Y-11.689 E0.02448
G1 X-1.165 Y-11.495 E0.02446
G1 X-.384 Y-11.417 E0.02447
M566 X1800 Y1800
G0 F7200 X-.386 Y-11.318
G0 X-.384 Y4.484
G0 X-.384 Y4.584
M566 X1200 Y1200
G1 F6000 X-1.165 Y4.584 E0.00193
G1 X-1.925 Y4.584 E0.00822
G1 X-2.488 Y4.584 E0.0141
G1 X-7.978 Y4.584 E0.17119
G1 X-7.978 Y-33.916 E1.20048
G1 X7.978 Y-33.916 E0.49753
G1 X7.978 Y4.584 E1.20048
G1 X1.907 Y4.584 E0.1893
G1 X1.17 Y4.584 E0.01502
G1 X0.399 Y4.584 E0.00554
G1 X-.384 Y4.584 E0.00098
M566 X1800 Y1800
G0 F7200 X-.371 Y4.082
M566 X1200 Y1200
;TYPE:WALL-OUTER
G1 F3000 X0.337 Y4.047 E0.0221
G1 X1.034 Y3.906 E0.02217
G1 X1.701 Y3.663 E0.02214
G1 X2.324 Y3.324 E0.02212
G1 X2.891 Y2.895 E0.02217
G1 X3.386 Y2.387 E0.02212
G1 X3.8 Y1.811 E0.02212
G1 X4.124 Y1.18 E0.02212
G1 X4.35 Y0.506 E0.02217
G1 X4.474 Y-.193 E0.02214
G1 X4.491 Y-.904 E0.02218
G1 X4.403 Y-1.608 E0.02212
G1 X4.203 Y-2.314 E0.02288
G1 X3.919 Y-2.938 E0.02138
G1 X3.533 Y-3.535 E0.02217
G1 X3.046 Y-4.084 E0.02288
G1 X2.52 Y-4.523 E0.02136
G1 X1.892 Y-4.904 E0.0229
G1 X1.259 Y-5.169 E0.0214
G1 X0.547 Y-5.347 E0.02288
G1 X-.158 Y-5.415 E0.02208
G1 X-.868 Y-5.377 E0.02217
G1 X-1.54 Y-5.239 E0.02139
G1 X-2.228 Y-4.986 E0.02286
G1 X-2.851 Y-4.643 E0.02218
G1 X-3.397 Y-4.227 E0.0214
G1 X-3.907 Y-3.701 E0.02285
G1 X-4.319 Y-3.123 E0.02213
G1 X-4.638 Y-2.489 E0.02213
G1 X-4.861 Y-1.815 E0.02214
G1 X-4.98 Y-1.139 E0.0214
G1 X-4.997 Y-.429 E0.02215
G1 X-4.909 Y0.275 E0.02212
G1 X-4.717 Y0.958 E0.02212
G1 X-4.425 Y1.605 E0.02213
G1 X-4.039 Y2.202 E0.02217
G1 X-3.552 Y2.75 E0.02286
G1 X-3.026 Y3.19 E0.02138
G1 X-2.42 Y3.561 E0.02216
G1 X-1.766 Y3.836 E0.02212
G1 X-1.078 Y4.011 E0.02214
G1 X-.371 Y4.082 E0.02216
M566 X1800 Y1800
G0 F7200 X-.121 Y4.07
G0 X-0.093 Y4.67
G0 X-7.908 Y4.514
G0 X-8.478 Y5.084
M566 X1200 Y1200
G1 F3000 X-8.478 Y-34.416 E1.23166
G1 X8.478 Y-34.416 E0.52871
G1 X8.478 Y5.084 E1.23166
G1 X-8.478 Y5.084 E0.52871
M566 X1800 Y1800
G0 F7200 X-8.478 Y4.834
G0 X-7.908 Y4.514
G0 X-5.137 Y-2.696
G0 X-.43 Y-11.322
G0 X-.371 Y-11.918
M566 X1200 Y1200
G1 F3000 X0.337 Y-11.953 E0.0221
G1 X1.034 Y-12.094 E0.02217
G1 X1.701 Y-12.337 E0.02214
G1 X2.324 Y-12.676 E0.02212
G1 X2.891 Y-13.105 E0.02217
G1 X3.386 Y-13.613 E0.02212
G1 X3.8 Y-14.189 E0.02212
G1 X4.124 Y-14.82 E0.02212
G1 X4.35 Y-15.494 E0.02217
G1 X4.474 Y-16.193 E0.02214
G1 X4.49 Y-16.927 E0.02289
G1 X4.398 Y-17.631 E0.02214
G1 X4.203 Y-18.314 E0.02215
G1 X3.906 Y-18.959 E0.02214
G1 X3.533 Y-19.535 E0.0214
G1 X3.063 Y-20.068 E0.02216
G1 X2.519 Y-20.523 E0.02211
G1 X1.913 Y-20.894 E0.02216
G1 X1.26 Y-21.169 E0.02209
G1 X0.571 Y-21.344 E0.02217
G1 X-.158 Y-21.415 E0.02284
G1 X-.868 Y-21.377 E0.02217
G1 X-1.563 Y-21.231 E0.02214
G1 X-2.207 Y-20.996 E0.02138
G1 X-2.831 Y-20.657 E0.02214
G1 X-3.414 Y-20.211 E0.02289
G1 X-3.907 Y-19.701 E0.02212
G1 X-4.319 Y-19.123 E0.02213
G1 X-4.63 Y-18.512 E0.02138
G1 X-4.861 Y-17.815 E0.0229
G1 X-4.981 Y-17.116 E0.02211
G1 X-4.996 Y-16.406 E0.02214
G1 X-4.909 Y-15.725 E0.02141
G1 X-4.709 Y-15.018 E0.02291
G1 X-4.425 Y-14.395 E0.02135
G1 X-4.039 Y-13.798 E0.02217
G1 X-3.57 Y-13.266 E0.02211
G1 X-3.026 Y-12.81 E0.02213
G1 X-2.42 Y-12.439 E0.02216
G1 X-1.766 Y-12.164 E0.02212
G1 X-1.078 Y-11.989 E0.02214
G1 X-.371 Y-11.918 E0.02216
M566 X1800 Y1800
G0 F7200 X-.121 Y-11.93
G0 X-0.093 Y-11.33
G0 X-.33 Y-10.218
M566 X1200 Y1200
;TYPE:FILL
G1 F6000 X1.627 Y-6.828 E0.12205
M566 X1800 Y1800
G0 F7200 X2.44 Y-6.517
M566 X1200 Y1200
G1 F6000 X6.778 Y-14.03 E0.27051
M566 X1800 Y1800
G0 F7200 X6.778 Y-13.496
M566 X1200 Y1200
G1 F6000 X5.356 Y-13.496 E0.04434
M566 X1800 Y1800
G0 F7200 X5.764 Y-14.363
M566 X1200 Y1200
G1 F6000 X6.778 Y-12.606 E0.06325
G1 X6.84 Y-12.498
M566 X1800 Y1800
G0 F7200 X6.778 Y-9.824
M566 X1200 Y1200
G1 F6000 X-6.778 Y-9.824 E0.42269
G1 X-6.903 Y-9.824
M566 X1800 Y1800
G0 F7200 X-6.778 Y-12.606
M566 X1200 Y1200
G1 F6000 X-6.052 Y-13.864 E0.04529
M566 X1800 Y1800
G0 F7200 X-5.869 Y-13.496
M566 X1200 Y1200
G1 F6000 X-6.778 Y-13.496 E0.02834
M566 X1800 Y1800
G0 F7200 X-6.778 Y-14.029
M566 X1200 Y1200
G1 F6000 X-2.536 Y-6.683 E0.26451
G1 X-2.474 Y-6.575
M566 X1800 Y1800
G0 F7200 X-1.543 Y-6.973
M566 X1200 Y1200
G1 F6000 X0.349 Y-10.25 E0.11799
G1 X0.411 Y-10.358
M566 X1800 Y1800
G0 F7200 X3.299 Y-11.282
M566 X1200 Y1200
G1 F6000 X6.778 Y-5.256 E0.21697
M566 X1800 Y1800
G0 F7200 X6.778 Y-6.15
M566 X1200 Y1200
G1 F6000 X3.115 Y-6.15 E0.11422
G1 X2.99 Y-6.15
M566 X1800 Y1800
G0 F7200 X5.244 Y-4.021
M566 X1200 Y1200
G1 F6000 X6.778 Y-6.679 E0.09569
G1 X6.84 Y-6.787
M566 X1800 Y1800
G0 F7200 X6.778 Y-2.476
M566 X1200 Y1200
G1 F6000 X5.924 Y-2.476 E0.02663
M566 X1800 Y1800
G0 F7200 X6.778 Y0.663
M566 X1200 Y1200
G1 F6000 X5.207 Y3.384 E0.09797
G1 X5.145 Y3.492
M566 X1800 Y1800
G0 F7200 X6.778 Y2.093
M566 X1200 Y1200
G1 F6000 X6.027 Y0.792 E0.04684
M566 X1800 Y1800
G0 F7200 X5.912 Y1.199
M566 X1200 Y1200
G1 F6000 X6.778 Y1.199 E0.027
M566 X1800 Y1800
G0 F7200 X4.394 Y-3.198
G0 X3.963 Y-3.862
G0 X3.422 Y-4.472
G0 X2.835 Y-4.963
G0 X2.137 Y-5.386
G0 X1.429 Y-5.682
G0 X0.718 Y-5.86
G0 X-3.636 Y-6.15
M566 X1200 Y1200
G1 F6000 X-6.778 Y-6.15 E0.09797
M566 X1800 Y1800
G0 F7200 X-6.778 Y-6.677
M566 X1200 Y1200
G1 F6000 X-5.478 Y-4.425 E0.08108
G1 X-5.416 Y-4.317
M566 X1800 Y1800
G0 F7200 X-6.778 Y-5.256
M566 X1200 Y1200
G1 F6000 X-3.426 Y-11.063 E0.20907
G1 X-3.364 Y-11.171
M566 X1800 Y1800
G0 F7200 X-5.217 Y-14.832
G0 X-5.416 Y-15.538
G0 X-5.872 Y-19.818
M566 X1200 Y1200
G1 F6000 X-6.391 Y-20.716 E0.03234
G1 X-6.339 Y-20.716
G1 X-6.778 Y-19.956 E0.02737
M566 X1800 Y1800
G0 F7200 X-6.706 Y-28.616
M566 X1200 Y1200
G1 F6000 X-6.778 Y-28.74 E0.00447
M566 X1800 Y1800
G0 F7200 X-6.02 Y-28.616
M566 X1200 Y1200
G1 F6000 X-3.653 Y-32.716 E0.14762
G1 X-3.591 Y-32.824
M566 X1800 Y1800
G0 F7200 X-4.832 Y-32.716
M566 X1200 Y1200
G1 F6000 X-2.465 Y-28.616 E0.14762
M566 X1800 Y1800
G0 F7200 X-1.777 Y-28.616
M566 X1200 Y1200
G1 F6000 X0.59 Y-32.716 E0.14762
G1 X0.652 Y-32.824
M566 X1800 Y1800
G0 F7200 X-.59 Y-32.716
M566 X1200 Y1200
G1 F6000 X1.777 Y-28.616 E0.14762
M566 X1800 Y1800
G0 F7200 X2.465 Y-28.616
M566 X1200 Y1200
G1 F6000 X4.832 Y-32.716 E0.14762
G1 X4.894 Y-32.824
M566 X1800 Y1800
G0 F7200 X3.654 Y-32.716
M566 X1200 Y1200
G1 F6000 X6.021 Y-28.616 E0.14762
M566 X1800 Y1800
G0 F7200 X6.708 Y-28.616
M566 X1200 Y1200
G1 F6000 X6.778 Y-28.738 E0.00439
M566 X1800 Y1800
G0 F7200 X6.778 Y-31.878
M566 X1200 Y1200
G1 F6000 X-6.778 Y-31.878 E0.42269
G1 X-6.903 Y-31.878
M566 X1800 Y1800
G0 F7200 X6.339 Y-20.716
M566 X1200 Y1200
G1 F6000 X6.778 Y-19.956 E0.02737
M566 X1800 Y1800
G0 F7200 X6.391 Y-20.716
M566 X1200 Y1200
G1 F6000 X5.6 Y-19.345 E0.04935
G1 X5.538 Y-19.237
M566 X1800 Y1800
G0 F7200 X6.172 Y-17.176
M566 X1200 Y1200
G1 F6000 X6.778 Y-17.176 E0.0189
M566 X1800 Y1800
G0 F7200 X-1.687 Y-5.759
G0 X-2.452 Y-5.478
G0 X-3.146 Y-5.096
G0 X-3.756 Y-4.631
G0 X-4.322 Y-4.047
G0 X-4.782 Y-3.402
G0 X-5.069 Y-2.831
G0 X-6.502 Y1.616
M566 X1200 Y1200
G1 F6000 X-6.778 Y2.093 E0.01718
M566 X1800 Y1800
G0 F7200 X-6.488 Y-20.906
M566 X1200 Y1200
;TYPE:SKIN
G1 F3000 X-6.488 Y-28.426 E0.23448
G1 X6.488 Y-28.426 E0.40461
G1 X6.488 Y-20.906 E0.23448
G1 X4.978 Y-20.906 E0.04708
G1 X4.456 Y-21.497 E0.02459
G1 X3.684 Y-22.143 E0.03139
G1 X2.824 Y-22.669 E0.03143
G1 X1.894 Y-23.06 E0.03146
G1 X0.913 Y-23.31 E0.03157
G1 X-.115 Y-23.41 E0.03221
G1 X-1.126 Y-23.356 E0.03157
G1 X-2.112 Y-23.149 E0.03142
G1 X-3.027 Y-22.815 E0.03037
G1 X-3.917 Y-22.332 E0.03157
G1 X-4.743 Y-21.7 E0.03243
G1 X-5.44 Y-20.978 E0.03129
G1 X-5.491 Y-20.906 E0.00275
G1 X-6.488 Y-20.906 E0.03109
M566 X1800 Y1800
G0 F7200 X-6.262 Y-27.678
M566 X1200 Y1200
G1 F3000 X-5.74 Y-28.2 E0.02302
M566 X1800 Y1800
G0 F7200 X-5.033 Y-28.2
M566 X1200 Y1200
G1 F3000 X-6.262 Y-26.971 E0.0542
M566 X1800 Y1800
G0 F7200 X-6.262 Y-26.264
M566 X1200 Y1200
G1 F3000 X-4.326 Y-28.2 E0.08537
M566 X1800 Y1800
G0 F7200 X-3.619 Y-28.2
M566 X1200 Y1200
G1 F3000 X-6.262 Y-25.556 E0.11657
M566 X1800 Y1800
G0 F7200 X-6.262 Y-24.849
M566 X1200 Y1200
G1 F3000 X-2.912 Y-28.2 E0.14775
M566 X1800 Y1800
G0 F7200 X-2.205 Y-28.2
M566 X1200 Y1200
G1 F3000 X-6.262 Y-24.142 E0.17892
M566 X1800 Y1800
G0 F7200 X-6.262 Y-23.435
M566 X1200 Y1200
G1 F3000 X-1.498 Y-28.2 E0.2101
M566 X1800 Y1800
G0 F7200 X-.791 Y-28.2
M566 X1200 Y1200
G1 F3000 X-6.262 Y-22.728 E0.24128
M566 X1800 Y1800
G0 F7200 X-6.262 Y-22.021
M566 X1200 Y1200
G1 F3000 X-0.084 Y-28.2 E0.27245
M566 X1800 Y1800
G0 F7200 X0.622 Y-28.2
M566 X1200 Y1200
G1 F3000 X-6.262 Y-21.314 E0.30361
M566 X1800 Y1800
G0 F7200 X-5.739 Y-21.13
M566 X1200 Y1200
G1 F3000 X1.33 Y-28.2 E0.31174
M566 X1800 Y1800
G0 F7200 X2.037 Y-28.2
M566 X1200 Y1200
G1 F3000 X-3.17 Y-22.992 E0.22964
G1 X-3.258 Y-22.904
M566 X1800 Y1800
G0 F7200 X-2.067 Y-23.388
M566 X1200 Y1200
G1 F3000 X2.744 Y-28.2 E0.21217
M566 X1800 Y1800
G0 F7200 X3.451 Y-28.2
M566 X1200 Y1200
G1 F3000 X-1.173 Y-23.575 E0.20393
M566 X1800 Y1800
G0 F7200 X-.423 Y-23.618
M566 X1200 Y1200
G1 F3000 X4.158 Y-28.2 E0.20203
M566 X1800 Y1800
G0 F7200 X4.865 Y-28.2
M566 X1200 Y1200
G1 F3000 X0.263 Y-23.598 E0.20293
M566 X1800 Y1800
G0 F7200 X0.908 Y-23.536
M566 X1200 Y1200
G1 F3000 X5.572 Y-28.2 E0.20567
M566 X1800 Y1800
G0 F7200 X6.262 Y-28.183
M566 X1200 Y1200
G1 F3000 X1.477 Y-23.398 E0.211
M566 X1800 Y1800
G0 F7200 X2.032 Y-23.245
M566 X1200 Y1200
G1 F3000 X6.262 Y-27.476 E0.18655
M566 X1800 Y1800
G0 F7200 X6.262 Y-26.768
M566 X1200 Y1200
G1 F3000 X2.529 Y-23.035 E0.16461
M566 X1800 Y1800
G0 F7200 X3.015 Y-22.814
M566 X1200 Y1200
G1 F3000 X6.262 Y-26.061 E0.14318
M566 X1800 Y1800
G0 F7200 X6.262 Y-25.354
M566 X1200 Y1200
G1 F3000 X3.454 Y-22.546 E0.12382
M566 X1800 Y1800
G0 F7200 X3.884 Y-22.268
M566 X1200 Y1200
G1 F3000 X6.262 Y-24.647 E0.10489
M566 X1800 Y1800
G0 F7200 X6.262 Y-23.94
M566 X1200 Y1200
G1 F3000 X4.268 Y-21.946 E0.08793
M566 X1800 Y1800
G0 F7200 X4.648 Y-21.619
M566 X1200 Y1200
G1 F3000 X6.262 Y-23.233 E0.07117
M566 X1800 Y1800
G0 F7200 X6.262 Y-22.526
M566 X1200 Y1200
G1 F3000 X4.98 Y-21.243 E0.05655
M566 X1800 Y1800
G0 F7200 X5.574 Y-21.13
M566 X1200 Y1200
G1 F3000 X6.262 Y-21.819 E0.03036
M566 X1800 Y1800
;MESH:NONMESH
G0 F600 X6.262 Y-21.819 Z3.7
G0 F7200 X5.012 Y-.14
G0 X4.315 Y3.584
;TIME_ELAPSED:544.969355
;LAYER:22
M566 X1200 Y1200
;TYPE:WALL-INNER
;MESH:Roborama2026-Lasermount.3mf
G1 F6000 X4.733 Y3.111 E0.01968
G1 X5.239 Y2.325 E0.02915
G1 X5.624 Y1.473 E0.02915
G1 X5.877 Y0.572 E0.02918
G1 X5.994 Y-.355 E0.02913
G1 X5.971 Y-1.29 E0.02916
G1 X5.811 Y-2.193 E0.0286
G1 X5.604 Y-2.858 E0.02172
G1 X5.244 Y-3.647 E0.02704
G1 X4.88 Y-4.235 E0.02156
G1 X4.339 Y-4.911 E0.027
G1 X3.84 Y-5.391 E0.02159
G1 X3.139 Y-5.92 E0.02738
G1 X2.315 Y-6.37 E0.02928
G1 X1.401 Y-6.696 E0.03026
G1 X0.5 Y-6.874 E0.02864
G1 X-.155 Y-6.918 E0.02047
G1 X-1.033 Y-6.871 E0.02742
G1 X-1.948 Y-6.688 E0.0291
G1 X-2.828 Y-6.367 E0.02921
G1 X-3.679 Y-5.899 E0.03028
G1 X-4.396 Y-5.352 E0.02812
G1 X-5.067 Y-4.658 E0.0301
G1 X-5.594 Y-3.923 E0.0282
G1 X-6.031 Y-3.057 E0.03025
G1 X-6.321 Y-2.174 E0.02898
G1 X-6.477 Y-1.288 E0.02805
G1 X-6.5 Y-.37 E0.02863
G1 X-6.427 Y0.319 E0.0216
G1 X-6.229 Y1.179 E0.02752
G1 X-5.888 Y2.049 E0.02914
G1 X-5.429 Y2.843 E0.0286
G1 X-5.008 Y3.394 E0.02162
G1 X-4.822 Y3.584 E0.00829
G1 X-7.128 Y3.584 E0.0719
G1 X-7.128 Y-32.916 E1.13812
G1 X7.128 Y-32.916 E0.44452
G1 X7.128 Y3.584 E1.13812
G1 X4.315 Y3.584 E0.08771
M566 X1800 Y1800
G0 F7200 X4.934 Y0.381
G0 X5.031 Y-.404
G0 X5.012 Y-1.193
G0 X4.875 Y-1.966
G0 X4.53 Y-2.898
G0 X0.212 Y-10.43
M566 X1200 Y1200
G1 F6000 X1.138 Y-10.568 E0.02919
G1 X2.031 Y-10.844 E0.02914
G1 X2.872 Y-11.25 E0.02912
G1 X3.648 Y-11.776 E0.02923
G1 X4.333 Y-12.413 E0.02917
G1 X4.914 Y-13.145 E0.02914
G1 X5.382 Y-13.951 E0.02906
G1 X5.723 Y-14.822 E0.02917
G1 X5.932 Y-15.734 E0.02917
G1 X6 Y-16.666 E0.02914
G1 X5.932 Y-17.599 E0.02917
G1 X5.723 Y-18.511 E0.02917
G1 X5.382 Y-19.382 E0.02917
G1 X4.923 Y-20.176 E0.0286
G1 X4.5 Y-20.727 E0.02166
G1 X3.883 Y-21.356 E0.02747
G1 X3.139 Y-21.92 E0.02911
G1 X2.321 Y-22.367 E0.02907
G1 X1.442 Y-22.688 E0.02918
G1 X0.538 Y-22.871 E0.02876
G1 X-.157 Y-22.918 E0.02172
G1 X-1.074 Y-22.867 E0.02864
G1 X-1.984 Y-22.675 E0.029
G1 X-2.825 Y-22.367 E0.02793
G1 X-3.65 Y-21.92 E0.02926
G1 X-4.423 Y-21.327 E0.03038
G1 X-5.066 Y-20.658 E0.02893
G1 X-5.591 Y-19.926 E0.02809
G1 X-6.02 Y-19.093 E0.02922
G1 X-6.324 Y-18.171 E0.03027
G1 X-6.479 Y-17.252 E0.02906
G1 X-6.5 Y-16.352 E0.02807
G1 X-6.382 Y-15.425 E0.02914
G1 X-6.119 Y-14.493 E0.0302
G1 X-5.745 Y-13.672 E0.02813
G1 X-5.239 Y-12.889 E0.02907
G1 X-4.632 Y-12.201 E0.02861
G1 X-4.107 Y-11.742 E0.02174
G1 X-3.378 Y-11.247 E0.02748
G1 X-2.534 Y-10.844 E0.02916
G1 X-1.609 Y-10.562 E0.03015
G1 X-.718 Y-10.43 E0.02809
G1 X0.212 Y-10.43 E0.029
M566 X1800 Y1800
G0 F7200 X0.175 Y-10.93
M566 X1200 Y1200
G1 F6000 X1.027 Y-11.057 E0.02686
G1 X1.848 Y-11.311 E0.0268
G1 X2.622 Y-11.684 E0.02679
G1 X3.335 Y-12.168 E0.02687
G1 X3.965 Y-12.754 E0.02683
G1 X4.5 Y-13.427 E0.02681
G1 X4.93 Y-14.169 E0.02674
G1 X5.244 Y-14.97 E0.02683
G1 X5.436 Y-15.809 E0.02684
G1 X5.499 Y-16.666 E0.02679
G1 X5.436 Y-17.524 E0.02683
G1 X5.244 Y-18.363 E0.02684
G1 X4.93 Y-19.164 E0.02683
G1 X4.506 Y-19.898 E0.02643
G1 X4.122 Y-20.399 E0.01968
G1 X3.552 Y-20.98 E0.02538
G1 X2.867 Y-21.499 E0.0268
G1 X2.114 Y-21.91 E0.02675
G1 X1.306 Y-22.205 E0.02682
G1 X0.471 Y-22.374 E0.02656
G1 X-.16 Y-22.417 E0.01972
G1 X-1.008 Y-22.37 E0.02648
G1 X-1.846 Y-22.193 E0.02671
G1 X-2.619 Y-21.91 E0.02567
G1 X-3.377 Y-21.499 E0.02689
G1 X-4.089 Y-20.953 E0.02798
G1 X-4.681 Y-20.337 E0.02664
G1 X-5.163 Y-19.665 E0.02579
G1 X-5.557 Y-18.899 E0.02686
G1 X-5.837 Y-18.05 E0.02788
G1 X-5.98 Y-17.204 E0.02675
G1 X-5.999 Y-16.378 E0.02576
G1 X-5.891 Y-15.525 E0.02681
G1 X-5.648 Y-14.666 E0.02784
G1 X-5.305 Y-13.913 E0.0258
G1 X-4.839 Y-13.192 E0.02677
G1 X-4.278 Y-12.556 E0.02644
G1 X-3.801 Y-12.139 E0.01976
G1 X-3.128 Y-11.682 E0.02537
G1 X-2.352 Y-11.311 E0.02682
G1 X-1.499 Y-11.051 E0.02781
G1 X-.681 Y-10.93 E0.02578
G1 X0.175 Y-10.93 E0.02669
M566 X1800 Y1800
G0 F7200 X-.159 Y-6.417
M566 X1200 Y1200
G1 F6000 X-.97 Y-6.374 E0.02532
G1 X-1.812 Y-6.205 E0.02678
G1 X-2.621 Y-5.91 E0.02685
G1 X-3.405 Y-5.479 E0.0279
G1 X-4.063 Y-4.977 E0.02581
G1 X-4.682 Y-4.337 E0.02776
G1 X-5.165 Y-3.663 E0.02586
G1 X-5.568 Y-2.865 E0.02788
G1 X-5.835 Y-2.052 E0.02668
G1 X-5.978 Y-1.238 E0.02577
G1 X-5.999 Y-.39 E0.02645
G1 X-5.933 Y0.236 E0.01963
G1 X-5.75 Y1.031 E0.02544
G1 X-5.436 Y1.831 E0.0268
G1 X-5.012 Y2.565 E0.02643
G1 X-4.629 Y3.066 E0.01966
G1 X-4.058 Y3.65 E0.02547
G1 X-3.479 Y4.084 E0.02256
G1 X-4.058 Y4.084 E0.00715
G1 X-7.628 Y4.084 E0.11132
G1 X-7.628 Y-33.416 E1.1693
G1 X7.628 Y-33.416 E0.4757
G1 X7.628 Y4.084 E1.1693
G1 X2.975 Y4.084 E0.14509
G1 X3.106 Y4.004 E0.00479
G1 X3.764 Y3.452 E0.02678
G1 X4.333 Y2.808 E0.0268
G1 X4.799 Y2.085 E0.02682
G1 X5.153 Y1.301 E0.02682
G1 X5.386 Y0.473 E0.02682
G1 X5.493 Y-.38 E0.02681
G1 X5.472 Y-1.24 E0.02682
G1 X5.324 Y-2.075 E0.02644
G1 X5.136 Y-2.679 E0.01972
G1 X4.802 Y-3.411 E0.02509
G1 X4.471 Y-3.946 E0.01962
G1 X3.969 Y-4.573 E0.02504
G1 X3.515 Y-5.01 E0.01965
G1 X2.867 Y-5.499 E0.02531
G1 X2.11 Y-5.912 E0.02689
G1 X1.268 Y-6.213 E0.02788
G1 X0.435 Y-6.377 E0.02647
G1 X-.159 Y-6.417 E0.01856
M566 X1800 Y1800
G0 F7200 X-.163 Y-5.916
M566 X1200 Y1200
G1 F6000 X-.907 Y-5.877 E0.02323
G1 X-1.676 Y-5.722 E0.02446
G1 X-2.414 Y-5.453 E0.02449
G1 X-3.131 Y-5.059 E0.02551
G1 X-3.73 Y-4.602 E0.02349
G1 X-4.297 Y-4.016 E0.02543
G1 X-4.736 Y-3.403 E0.02351
G1 X-5.105 Y-2.673 E0.02551
G1 X-5.349 Y-1.93 E0.02439
G1 X-5.479 Y-1.188 E0.02349
G1 X-5.498 Y-.41 E0.02427
G1 X-5.439 Y0.154 E0.01768
G1 X-5.271 Y0.883 E0.02333
G1 X-4.984 Y1.613 E0.02446
G1 X-4.595 Y2.287 E0.02427
G1 X-4.25 Y2.738 E0.01771
G1 X-3.727 Y3.273 E0.02333
G1 X-3.074 Y3.763 E0.02546
G1 X-2.412 Y4.12 E0.02345
G1 X-1.676 Y4.389 E0.02443
G1 X-.906 Y4.545 E0.0245
G1 X-.122 Y4.583 E0.02447
G1 X0.658 Y4.505 E0.02444
G1 X1.419 Y4.311 E0.02449
G1 X2.143 Y4.007 E0.02448
G1 X2.813 Y3.597 E0.02449
G1 X3.414 Y3.093 E0.02446
G1 X3.933 Y2.505 E0.02446
G1 X4.359 Y1.845 E0.02449
G1 X4.682 Y1.129 E0.02449
G1 X4.895 Y0.374 E0.02446
G1 X4.992 Y-.405 E0.02448
G1 X4.973 Y-1.19 E0.02448
G1 X4.837 Y-1.957 E0.02429
G1 X4.668 Y-2.5 E0.01773
G1 X4.36 Y-3.175 E0.02314
G1 X4.062 Y-3.657 E0.01767
G1 X3.599 Y-4.235 E0.02309
G1 X3.19 Y-4.629 E0.01771
G1 X2.595 Y-5.078 E0.02324
G1 X1.905 Y-5.454 E0.0245
G1 X1.135 Y-5.73 E0.02551
G1 X0.37 Y-5.88 E0.02431
G1 X-.163 Y-5.916 E0.01666
M566 X1800 Y1800
G0 F7200 X-.163 Y-6.016
G0 X0.145 Y-11.331
G0 X0.138 Y-11.43
M566 X1200 Y1200
G1 F6000 X0.916 Y-11.546 E0.02453
G1 X1.665 Y-11.778 E0.02445
G1 X2.372 Y-12.118 E0.02446
G1 X3.022 Y-12.56 E0.02451
G1 X3.597 Y-13.095 E0.02449
G1 X4.086 Y-13.709 E0.02448
G1 X4.478 Y-14.387 E0.02442
G1 X4.765 Y-15.118 E0.02449
G1 X4.94 Y-15.884 E0.0245
G1 X4.998 Y-16.666 E0.02445
G1 X4.94 Y-17.449 E0.02448
G1 X4.765 Y-18.215 E0.0245
G1 X4.478 Y-18.946 E0.02449
G1 X4.089 Y-19.62 E0.02427
G1 X3.744 Y-20.071 E0.01771
G1 X3.221 Y-20.604 E0.02328
G1 X2.595 Y-21.078 E0.02448
G1 X1.907 Y-21.453 E0.02443
G1 X1.17 Y-21.722 E0.02446
G1 X0.404 Y-21.877 E0.02437
G1 X-.163 Y-21.916 E0.01772
G1 X-.942 Y-21.873 E0.02433
G1 X-1.708 Y-21.711 E0.02441
G1 X-2.413 Y-21.453 E0.02341
G1 X-3.104 Y-21.078 E0.02451
G1 X-3.755 Y-20.579 E0.02558
G1 X-4.296 Y-20.016 E0.02435
G1 X-4.735 Y-19.404 E0.02348
G1 X-5.094 Y-18.705 E0.0245
G1 X-5.35 Y-17.929 E0.02548
G1 X-5.481 Y-17.156 E0.02445
G1 X-5.498 Y-16.404 E0.02345
G1 X-5.4 Y-15.625 E0.02448
G1 X-5.177 Y-14.839 E0.02548
G1 X-4.865 Y-14.154 E0.02347
G1 X-4.439 Y-13.495 E0.02447
G1 X-3.924 Y-12.911 E0.02428
G1 X-3.495 Y-12.536 E0.01777
G1 X-2.878 Y-12.117 E0.02326
G1 X-2.17 Y-11.778 E0.02448
G1 X-1.389 Y-11.54 E0.02546
G1 X-.644 Y-11.43 E0.02348
G1 X0.138 Y-11.43 E0.02438
M566 X1800 Y1800
G0 F7200 X0.145 Y-11.331
G0 X-.122 Y4.484
G0 X-.122 Y4.584
M566 X1200 Y1200
G1 F6000 X-.906 Y4.584 E0.00098
G1 X-1.676 Y4.584 E0.00553
G1 X-2.412 Y4.584 E0.015
G1 X-8.128 Y4.584 E0.17823
G1 X-8.128 Y-33.916 E1.20048
G1 X8.128 Y-33.916 E0.50688
G1 X8.128 Y4.584 E1.20048
G1 X1.982 Y4.584 E0.19164
G1 X1.419 Y4.584 E0.0141
G1 X0.658 Y4.584 E0.00823
G1 X-.122 Y4.584 E0.00193
M566 X1800 Y1800
G0 F7200 X-.135 Y4.082
M566 X1200 Y1200
;TYPE:WALL-OUTER
G1 F3000 X0.571 Y4.011 E0.02213
G1 X1.26 Y3.836 E0.02217
G1 X1.914 Y3.561 E0.02212
G1 X2.52 Y3.19 E0.02216
G1 X3.064 Y2.734 E0.02213
G1 X3.533 Y2.202 E0.02211
G1 X3.919 Y1.605 E0.02217
G1 X4.211 Y0.958 E0.02213
G1 X4.403 Y0.275 E0.02212
G1 X4.491 Y-.43 E0.02215
G1 X4.474 Y-1.14 E0.02215
G1 X4.35 Y-1.839 E0.02214
G1 X4.2 Y-2.321 E0.01574
G1 X3.918 Y-2.939 E0.02118
G1 X3.653 Y-3.368 E0.01572
G1 X3.229 Y-3.897 E0.02114
G1 X2.865 Y-4.248 E0.01577
G1 X2.323 Y-4.657 E0.02117
G1 X1.7 Y-4.996 E0.02212
G1 X1.002 Y-5.247 E0.02313
G1 X0.305 Y-5.383 E0.02214
G1 X-.167 Y-5.415 E0.01475
G1 X-.844 Y-5.38 E0.02114
G1 X-1.54 Y-5.239 E0.02214
G1 X-2.207 Y-4.996 E0.02214
G1 X-2.857 Y-4.639 E0.02312
G1 X-3.397 Y-4.227 E0.02118
G1 X-3.912 Y-3.695 E0.02309
G1 X-4.307 Y-3.143 E0.02116
G1 X-4.642 Y-2.481 E0.02313
G1 X-4.863 Y-1.808 E0.02209
G1 X-4.98 Y-1.139 E0.02118
G1 X-4.997 Y-.43 E0.02211
G1 X-4.945 Y0.072 E0.01574
G1 X-4.792 Y0.734 E0.02119
G1 X-4.532 Y1.395 E0.02215
G1 X-4.178 Y2.009 E0.0221
G1 X-3.871 Y2.41 E0.01575
G1 X-3.396 Y2.896 E0.02119
G1 X-2.804 Y3.341 E0.02309
G1 X-2.207 Y3.663 E0.02115
G1 X-1.54 Y3.906 E0.02214
G1 X-.844 Y4.047 E0.02214
G1 X-.135 Y4.082 E0.02213
M566 X1800 Y1800
G0 F7200 X0.113 Y4.057
G0 X0.171 Y4.654
G0 X-8.058 Y4.514
G0 X-8.628 Y5.084
M566 X1200 Y1200
G1 F3000 X-8.628 Y-34.416 E1.23166
G1 X8.628 Y-34.416 E0.53807
G1 X8.628 Y5.084 E1.23166
G1 X-8.628 Y5.084 E0.53807
M566 X1800 Y1800
G0 F7200 X-8.628 Y4.834
G0 X-8.058 Y4.514
G0 X-5.141 Y-2.688
G0 X0.101 Y-11.33
G0 X0.101 Y-11.93
M566 X1200 Y1200
G1 F3000 X0.804 Y-12.035 E0.02216
G1 X1.482 Y-12.245 E0.02213
G1 X2.122 Y-12.552 E0.02213
G1 X2.709 Y-12.952 E0.02215
G1 X3.229 Y-13.436 E0.02215
G1 X3.672 Y-13.991 E0.02214
G1 X4.026 Y-14.605 E0.0221
G1 X4.286 Y-15.266 E0.02215
G1 X4.444 Y-15.959 E0.02216
G1 X4.497 Y-16.666 E0.02211
G1 X4.444 Y-17.374 E0.02214
G1 X4.286 Y-18.067 E0.02216
G1 X4.026 Y-18.728 E0.02215
G1 X3.672 Y-19.342 E0.0221
G1 X3.365 Y-19.743 E0.01575
G1 X2.89 Y-20.228 E0.02117
G1 X2.323 Y-20.657 E0.02217
G1 X1.701 Y-20.996 E0.02209
G1 X1.034 Y-21.239 E0.02214
G1 X0.337 Y-21.38 E0.02217
G1 X-.167 Y-21.415 E0.01575
G1 X-.876 Y-21.376 E0.02214
G1 X-1.57 Y-21.229 E0.02212
G1 X-2.207 Y-20.996 E0.02115
G1 X-2.831 Y-20.657 E0.02214
G1 X-3.421 Y-20.205 E0.02318
G1 X-3.911 Y-19.695 E0.02205
G1 X-4.307 Y-19.143 E0.02118
G1 X-4.631 Y-18.511 E0.02215
G1 X-4.863 Y-17.808 E0.02308
G1 X-4.982 Y-17.108 E0.02214
G1 X-4.997 Y-16.43 E0.02115
G1 X-4.909 Y-15.725 E0.02215
G1 X-4.706 Y-15.012 E0.02312
G1 X-4.425 Y-14.395 E0.02114
G1 X-4.039 Y-13.798 E0.02217
G1 X-3.57 Y-13.266 E0.02211
G1 X-3.189 Y-12.933 E0.01578
G1 X-2.628 Y-12.552 E0.02115
G1 X-1.988 Y-12.245 E0.02213
G1 X-1.279 Y-12.029 E0.02311
G1 X-.607 Y-11.93 E0.02118
G1 X0.101 Y-11.93 E0.02208
M566 X1800 Y1800
G0 F7200 X0.348 Y-11.966
G0 X0.435 Y-11.374
G0 X0.481 Y-10.267
M566 X1200 Y1200
;TYPE:FILL
G1 F6000 X-1.405 Y-7.001 E0.1176
G1 X-1.467 Y-6.893
M566 X1800 Y1800
G0 F7200 X-2.638 Y-6.648
M566 X1200 Y1200
G1 F6000 X-6.928 Y-14.076 E0.26747
M566 X1800 Y1800
G0 F7200 X-6.928 Y-13.602
M566 X1200 Y1200
G1 F6000 X-5.932 Y-13.602 E0.03106
G1 X-5.997 Y-13.746
G1 X-6.928 Y-12.134 E0.05805
G1 X-6.99 Y-12.026
M566 X1800 Y1800
G0 F7200 X-6.928 Y-9.93
M566 X1200 Y1200
G1 F6000 X6.928 Y-9.93 E0.43205
G1 X7.053 Y-9.93
M566 X1800 Y1800
G0 F7200 X6.928 Y-12.135
M566 X1200 Y1200
G1 F6000 X5.711 Y-14.243 E0.0759
M566 X1800 Y1800
G0 F7200 X5.411 Y-13.602
M566 X1200 Y1200
G1 F6000 X6.928 Y-13.602 E0.0473
M566 X1800 Y1800
G0 F7200 X6.928 Y-14.077
M566 X1200 Y1200
G1 F6000 X2.539 Y-6.477 E0.27366
M566 X1800 Y1800
G0 F7200 X2.942 Y-6.256
M566 X1200 Y1200
G1 F6000 X6.928 Y-6.256 E0.12429
M566 X1800 Y1800
G0 F7200 X6.928 Y-6.727
M566 X1200 Y1200
G1 F6000 X5.308 Y-3.921 E0.10103
G1 X5.246 Y-3.813
M566 X1800 Y1800
G0 F7200 X5.899 Y-2.582
M566 X1200 Y1200
G1 F6000 X6.928 Y-2.582 E0.03209
G1 X7.053 Y-2.582
M566 X1800 Y1800
G0 F7200 X6.928 Y-4.784
M566 X1200 Y1200
G1 F6000 X3.204 Y-11.234 E0.23223
G1 X3.142 Y-11.342
M566 X1800 Y1800
G0 F7200 X-.46 Y-10.23
M566 X1200 Y1200
G1 F6000 X1.472 Y-6.884 E0.12048
G1 X1.534 Y-6.776
M566 X1800 Y1800
G0 F7200 X-3.443 Y-6.256
M566 X1200 Y1200
G1 F6000 X-6.928 Y-6.256 E0.10867
M566 X1800 Y1800
G0 F7200 X-6.928 Y-6.726
M566 X1200 Y1200
G1 F6000 X-5.547 Y-4.333 E0.08615
G1 X-5.485 Y-4.225
M566 X1800 Y1800
G0 F7200 X-6.928 Y-4.784
M566 X1200 Y1200
G1 F6000 X-3.336 Y-11.006 E0.22402
G1 X-3.274 Y-11.114
M566 X1800 Y1800
G0 F7200 X-6.398 Y-2.582
M566 X1200 Y1200
G1 F6000 X-6.896 Y-2.582 E0.01553
M566 X1800 Y1800
G0 F7200 X-6.581 Y1.215
M566 X1200 Y1200
G1 F6000 X-6.11 Y2.032 E0.02941
M566 X1800 Y1800
G0 F7200 X-6.315 Y1.504
M566 X1200 Y1200
G1 F6000 X-6.928 Y2.566 E0.03824
G1 X-6.99 Y2.674
M566 X1800 Y1800
G0 F7200 X-1.686 Y4.427
G0 X-.91 Y4.584
G0 X-.121 Y4.622
G0 X0.514 Y4.559
G0 X5.329 Y3.384
M566 X1200 Y1200
G1 F6000 X6.928 Y0.615 E0.0997
M566 X1800 Y1800
G0 F7200 X6.928 Y1.093
M566 X1200 Y1200
G1 F6000 X5.939 Y1.093 E0.03084
G1 X5.984 Y0.931
G1 X6.928 Y2.566 E0.05887
G1 X6.99 Y2.674
M566 X1800 Y1800
G0 F7200 X6.928 Y-17.282
M566 X1200 Y1200
G1 F6000 X6.157 Y-17.282 E0.02404
M566 X1800 Y1800
G0 F7200 X5.656 Y-19.231
M566 X1200 Y1200
G1 F6000 X6.514 Y-20.716 E0.05348
M566 X1800 Y1800
G0 F7200 X6.217 Y-20.716
M566 X1200 Y1200
G1 F6000 X6.928 Y-19.486 E0.0443
G1 X6.99 Y-19.378
M566 X1800 Y1800
G0 F7200 X6.83 Y-28.616
M566 X1200 Y1200
G1 F6000 X6.928 Y-28.785 E0.00609
M566 X1800 Y1800
G0 F7200 X5.899 Y-28.616
M566 X1200 Y1200
G1 F6000 X3.532 Y-32.716 E0.14762
G1 X3.47 Y-32.824
M566 X1800 Y1800
G0 F7200 X4.954 Y-32.716
M566 X1200 Y1200
G1 F6000 X2.587 Y-28.616 E0.14762
M566 X1800 Y1800
G0 F7200 X1.655 Y-28.616
M566 X1200 Y1200
G1 F6000 X-.713 Y-32.716 E0.14763
G1 X-.775 Y-32.824
M566 X1800 Y1800
G0 F7200 X0.712 Y-32.716
M566 X1200 Y1200
G1 F6000 X-1.655 Y-28.616 E0.14762
M566 X1800 Y1800
G0 F7200 X-2.587 Y-28.616
M566 X1200 Y1200
G1 F6000 X-4.954 Y-32.716 E0.14762
G1 X-5.016 Y-32.824
M566 X1800 Y1800
G0 F7200 X-3.531 Y-32.716
M566 X1200 Y1200
G1 F6000 X-5.898 Y-28.616 E0.14762
M566 X1800 Y1800
G0 F7200 X-6.828 Y-28.616
M566 X1200 Y1200
G1 F6000 X-6.928 Y-28.788 E0.0062
M566 X1800 Y1800
G0 F7200 X-6.928 Y-31.984
M566 X1200 Y1200
G1 F6000 X6.928 Y-31.984 E0.43205
G1 X7.053 Y-31.984
M566 X1800 Y1800
G0 F7200 X-6.217 Y-20.716
M566 X1200 Y1200
G1 F6000 X-6.928 Y-19.485 E0.04433
G1 X-6.99 Y-19.377
M566 X1800 Y1800
G0 F7200 X-5.93 Y-19.705
M566 X1200 Y1200
G1 F6000 X-6.514 Y-20.716 E0.03641
G1 X-6.576 Y-20.824
M566 X1800 Y1800
G0 F7200 X-6.638 Y-20.906
M566 X1200 Y1200
;TYPE:SKIN
G1 F3000 X-6.638 Y-28.426 E0.23448
G1 X6.638 Y-28.426 E0.41396
G1 X6.638 Y-20.906 E0.23448
G1 X4.98 Y-20.906 E0.0517
G1 X4.87 Y-21.049 E0.00563
G1 X4.208 Y-21.725 E0.0295
G1 X3.406 Y-22.332 E0.03136
G1 X2.523 Y-22.814 E0.03137
G1 X1.575 Y-23.161 E0.03148
G1 X0.603 Y-23.357 E0.03092
G1 X-.154 Y-23.408 E0.02366
G1 X-1.139 Y-23.355 E0.03076
G1 X-2.119 Y-23.147 E0.03124
G1 X-3.027 Y-22.814 E0.03016
G1 X-3.917 Y-22.332 E0.03156
G1 X-4.75 Y-21.693 E0.03274
G1 X-5.444 Y-20.972 E0.0312
G1 X-5.491 Y-20.906 E0.00253
G1 X-6.638 Y-20.906 E0.03577
M566 X1800 Y1800
G0 F7200 X-6.412 Y-21.261
M566 X1200 Y1200
G1 F3000 X-6.281 Y-21.13 E0.00578
M566 X1800 Y1800
G0 F7200 X-5.588 Y-21.144
M566 X1200 Y1200
G1 F3000 X-6.412 Y-21.969 E0.03636
M566 X1800 Y1800
G0 F7200 X-6.412 Y-22.676
M566 X1200 Y1200
G1 F3000 X-5.241 Y-21.505 E0.05164
M566 X1800 Y1800
G0 F7200 X-4.894 Y-21.865
M566 X1200 Y1200
G1 F3000 X-6.412 Y-23.383 E0.06694
M566 X1800 Y1800
G0 F7200 X-6.412 Y-24.09
M566 X1200 Y1200
G1 F3000 X-4.494 Y-22.172 E0.08458
M566 X1800 Y1800
G0 F7200 X-4.094 Y-22.478
M566 X1200 Y1200
G1 F3000 X-6.412 Y-24.797 E0.10224
M566 X1800 Y1800
G0 F7200 X-6.412 Y-25.504
M566 X1200 Y1200
G1 F3000 X-3.643 Y-22.735 E0.1221
M566 X1800 Y1800
G0 F7200 X-3.184 Y-22.983
M566 X1200 Y1200
G1 F3000 X-6.412 Y-26.211 E0.14235
M566 X1800 Y1800
G0 F7200 X-6.412 Y-26.918
M566 X1200 Y1200
G1 F3000 X-2.676 Y-23.182 E0.16475
M566 X1800 Y1800
G0 F7200 X-2.156 Y-23.369
M566 X1200 Y1200
G1 F3000 X-6.412 Y-27.625 E0.18768
M566 X1800 Y1800
G0 F7200 X-6.279 Y-28.2
M566 X1200 Y1200
G1 F3000 X-1.573 Y-23.493 E0.20754
M566 X1800 Y1800
G0 F7200 X-.961 Y-23.589
M566 X1200 Y1200
G1 F3000 X-5.572 Y-28.2 E0.20333
M566 X1800 Y1800
G0 F7200 X-4.865 Y-28.2
M566 X1200 Y1200
G1 F3000 X-.29 Y-23.625 E0.20174
M566 X1800 Y1800
G0 F7200 X0.449 Y-23.591
M566 X1200 Y1200
G1 F3000 X-4.158 Y-28.2 E0.2032
M566 X1800 Y1800
G0 F7200 X-3.451 Y-28.2
M566 X1200 Y1200
G1 F3000 X1.305 Y-23.443 E0.20975
G1 X1.393 Y-23.355
M566 X1800 Y1800
G0 F7200 X2.334 Y-23.121
M566 X1200 Y1200
G1 F3000 X-2.744 Y-28.2 E0.22395
M566 X1800 Y1800
G0 F7200 X-2.037 Y-28.2
M566 X1200 Y1200
G1 F3000 X3.996 Y-22.166 E0.26606
G1 X4.084 Y-22.078
M566 X1800 Y1800
G0 F7200 X5.739 Y-21.13
M566 X1200 Y1200
G1 F3000 X-1.33 Y-28.2 E0.31174
M566 X1800 Y1800
G0 F7200 X-.622 Y-28.2
M566 X1200 Y1200
G1 F3000 X6.412 Y-21.164 E0.31022
M566 X1800 Y1800
G0 F7200 X6.412 Y-21.871
M566 X1200 Y1200
G1 F3000 X0.084 Y-28.2 E0.27907
M566 X1800 Y1800
G0 F7200 X0.791 Y-28.2
M566 X1200 Y1200
G1 F3000 X6.412 Y-22.578 E0.24789
M566 X1800 Y1800
G0 F7200 X6.412 Y-23.285
M566 X1200 Y1200
G1 F3000 X1.498 Y-28.2 E0.21672
M566 X1800 Y1800
G0 F7200 X2.205 Y-28.2
M566 X1200 Y1200
G1 F3000 X6.412 Y-23.992 E0.18554
M566 X1800 Y1800
G0 F7200 X6.412 Y-24.699
M566 X1200 Y1200
G1 F3000 X2.912 Y-28.2 E0.15436
M566 X1800 Y1800
G0 F7200 X3.619 Y-28.2
M566 X1200 Y1200
G1 F3000 X6.412 Y-25.407 E0.12316
M566 X1800 Y1800
G0 F7200 X6.412 Y-26.114
M566 X1200 Y1200
G1 F3000 X4.326 Y-28.2 E0.09199
M566 X1800 Y1800
G0 F7200 X5.033 Y-28.2
M566 X1200 Y1200
G1 F3000 X6.412 Y-26.821 E0.06081
M566 X1800 Y1800
G0 F7200 X6.412 Y-27.528
M566 X1200 Y1200
G1 F3000 X5.74 Y-28.2 E0.02963
M566 X1800 Y1800
G0 F7200 X-6.47 Y-18.491
G0 X-6.529 Y-18.549
M566 X1200 Y1200
;TYPE:SKIN
G1 F3000 X-6.722 Y-18.389 E0.00407
G1 X-6.809 Y-16.355 E0.03306
G1 X-6.724 Y-14.856 E0.02438
M566 X1800 Y1800
G0 F7200 X-6.887 Y-15.019
G0 X-6.887 Y-2.644
G0 X-6.71 Y-2.467
M566 X1200 Y1200
G1 F3000 X-6.74 Y-2.144 E0.00568
G1 X-6.812 Y-.448 E0.0297
G1 X-6.694 Y1.083 E0.02687
G1 X-6.843 Y1.288 E0.00443
M566 X1800 Y1800
G0 F7200 X-6.887 Y1.244
;MESH:NONMESH
G0 F600 X-6.887 Y1.244 Z3.85
G0 F7200 X-3.095 Y3.796
G0 X-2.428 Y4.156
G0 X-1.686 Y4.427
G0 X-.91 Y4.584
G0 X-.121 Y4.622
G0 X0.514 Y4.559
G0 X4.315 Y3.584
;TIME_ELAPSED:563.349131
;LAYER:23
M566 X1200 Y1200
;TYPE:WALL-INNER
;MESH:Roborama2026-Lasermount.3mf
G1 F6000 X4.733 Y3.111 E0.01968
G1 X5.239 Y2.325 E0.02915
G1 X5.624 Y1.473 E0.02915
G1 X5.877 Y0.572 E0.02918
G1 X5.994 Y-.355 E0.02913
G1 X5.971 Y-1.275 E0.0287
G1 X5.862 Y-1.97 E0.02194
G1 X5.624 Y-2.807 E0.02713
G1 X5.245 Y-3.643 E0.02862
G1 X4.876 Y-4.241 E0.02191
G1 X4.339 Y-4.911 E0.02677
G1 X3.836 Y-5.396 E0.02179
G1 X3.137 Y-5.923 E0.0273
G1 X2.318 Y-6.367 E0.02905
G1 X1.454 Y-6.682 E0.02868
G1 X0.764 Y-6.835 E0.02204
G1 X-.144 Y-6.918 E0.02843
G1 X-1.033 Y-6.871 E0.02776
G1 X-1.948 Y-6.688 E0.0291
G1 X-2.825 Y-6.367 E0.02912
G1 X-3.647 Y-5.92 E0.02918
G1 X-4.396 Y-5.352 E0.02931
G1 X-5.071 Y-4.652 E0.03032
G1 X-5.593 Y-3.924 E0.02793
G1 X-6.034 Y-3.054 E0.03041
G1 X-6.311 Y-2.22 E0.0274
G1 X-6.446 Y-1.533 E0.02183
G1 X-6.506 Y-.66 E0.02729
G1 X-6.431 Y0.31 E0.03034
G1 X-6.229 Y1.181 E0.02788
G1 X-5.888 Y2.049 E0.02908
G1 X-5.429 Y2.843 E0.0286
G1 X-5 Y3.402 E0.02197
G1 X-4.821 Y3.584 E0.00796
G1 X-7.278 Y3.584 E0.07661
G1 X-7.278 Y-32.916 E1.13812
G1 X7.278 Y-32.916 E0.45388
G1 X7.278 Y3.584 E1.13812
G1 X4.315 Y3.584 E0.09239
M566 X1800 Y1800
G0 F7200 X4.934 Y0.381
G0 X5.031 Y-.404
G0 X5.012 Y-1.188
G0 X4.719 Y-2.476
G0 X0.212 Y-10.43
M566 X1200 Y1200
G1 F6000 X1.138 Y-10.568 E0.02919
G1 X2.031 Y-10.844 E0.02914
G1 X2.872 Y-11.25 E0.02912
G1 X3.648 Y-11.776 E0.02923
G1 X4.333 Y-12.413 E0.02917
G1 X4.914 Y-13.145 E0.02914
G1 X5.382 Y-13.951 E0.02906
G1 X5.723 Y-14.822 E0.02917
G1 X5.932 Y-15.734 E0.02917
G1 X6 Y-16.666 E0.02914
G1 X5.932 Y-17.599 E0.02917
G1 X5.723 Y-18.511 E0.02917
G1 X5.382 Y-19.379 E0.02908
G1 X4.923 Y-20.176 E0.02868
G1 X4.494 Y-20.737 E0.02202
G1 X3.848 Y-21.387 E0.02858
G1 X3.137 Y-21.923 E0.02776
G1 X2.319 Y-22.367 E0.02902
G1 X1.439 Y-22.688 E0.02921
G1 X0.495 Y-22.875 E0.03001
G1 X-.119 Y-22.918 E0.01919
G1 X-1.018 Y-22.874 E0.02807
G1 X-1.709 Y-22.746 E0.02191
G1 X-2.525 Y-22.492 E0.02665
G1 X-3.163 Y-22.201 E0.02187
G1 X-3.911 Y-21.741 E0.02738
G1 X-4.653 Y-21.11 E0.03037
G1 X-5.23 Y-20.453 E0.02727
G1 X-5.622 Y-19.872 E0.02185
G1 X-6.016 Y-19.094 E0.02719
G1 X-6.314 Y-18.208 E0.02915
G1 X-6.48 Y-17.245 E0.03047
G1 X-6.5 Y-16.352 E0.02785
G1 X-6.383 Y-15.428 E0.02904
G1 X-6.13 Y-14.527 E0.02918
G1 X-5.745 Y-13.675 E0.02915
G1 X-5.239 Y-12.889 E0.02915
G1 X-4.629 Y-12.201 E0.02867
G1 X-4.101 Y-11.739 E0.02188
G1 X-3.378 Y-11.247 E0.02727
G1 X-2.537 Y-10.844 E0.02908
G1 X-1.644 Y-10.568 E0.02914
G1 X-.718 Y-10.43 E0.02919
G1 X0.212 Y-10.43 E0.029
M566 X1800 Y1800
G0 F7200 X0.175 Y-10.93
M566 X1200 Y1200
G1 F6000 X1.027 Y-11.057 E0.02686
G1 X1.848 Y-11.311 E0.0268
G1 X2.622 Y-11.684 E0.02679
G1 X3.335 Y-12.168 E0.02687
G1 X3.965 Y-12.754 E0.02683
G1 X4.5 Y-13.427 E0.02681
G1 X4.93 Y-14.169 E0.02674
G1 X5.244 Y-14.97 E0.02683
G1 X5.436 Y-15.809 E0.02684
G1 X5.499 Y-16.666 E0.02679
G1 X5.436 Y-17.524 E0.02683
G1 X5.244 Y-18.363 E0.02684
G1 X4.93 Y-19.162 E0.02677
G1 X4.506 Y-19.898 E0.02649
G1 X4.116 Y-20.408 E0.02002
G1 X3.519 Y-21.009 E0.02641
G1 X2.866 Y-21.501 E0.02549
G1 X2.113 Y-21.91 E0.02672
G1 X1.304 Y-22.205 E0.02685
G1 X0.429 Y-22.378 E0.02781
G1 X-.124 Y-22.417 E0.01729
G1 X-.96 Y-22.376 E0.0261
G1 X-1.589 Y-22.26 E0.01994
G1 X-2.346 Y-22.024 E0.02472
G1 X-2.927 Y-21.759 E0.01991
G1 X-3.616 Y-21.335 E0.02523
G1 X-4.301 Y-20.753 E0.02803
G1 X-4.833 Y-20.147 E0.02514
G1 X-5.19 Y-19.618 E0.0199
G1 X-5.554 Y-18.9 E0.0251
G1 X-5.828 Y-18.085 E0.02681
G1 X-5.981 Y-17.197 E0.0281
G1 X-5.999 Y-16.378 E0.02554
G1 X-5.892 Y-15.527 E0.02674
G1 X-5.659 Y-14.699 E0.02682
G1 X-5.305 Y-13.915 E0.02682
G1 X-4.839 Y-13.192 E0.02682
G1 X-4.276 Y-12.556 E0.02649
G1 X-3.795 Y-12.135 E0.01993
G1 X-3.128 Y-11.682 E0.02514
G1 X-2.354 Y-11.311 E0.02676
G1 X-1.533 Y-11.057 E0.0268
G1 X-.681 Y-10.93 E0.02686
G1 X0.175 Y-10.93 E0.02669
M566 X1800 Y1800
G0 F7200 X-.154 Y-6.417
M566 X1200 Y1200
G1 F6000 X-.97 Y-6.374 E0.02548
G1 X-1.812 Y-6.205 E0.02678
G1 X-2.619 Y-5.91 E0.02679
G1 X-3.375 Y-5.499 E0.02683
G1 X-4.063 Y-4.977 E0.02693
G1 X-4.686 Y-4.331 E0.02798
G1 X-5.164 Y-3.664 E0.02559
G1 X-5.571 Y-2.861 E0.02807
G1 X-5.826 Y-2.093 E0.02523
G1 X-5.949 Y-1.467 E0.01989
G1 X-6.005 Y-.662 E0.02516
G1 X-5.935 Y0.234 E0.02802
G1 X-5.75 Y1.032 E0.02554
G1 X-5.436 Y1.831 E0.02677
G1 X-5.012 Y2.565 E0.02643
G1 X-4.622 Y3.073 E0.01997
G1 X-4.058 Y3.648 E0.02511
G1 X-3.483 Y4.084 E0.0225
G1 X-4.058 Y4.084 E0.00712
G1 X-7.778 Y4.084 E0.11599
G1 X-7.778 Y-33.416 E1.1693
G1 X7.778 Y-33.416 E0.48506
G1 X7.778 Y4.084 E1.1693
G1 X2.975 Y4.084 E0.14976
G1 X3.106 Y4.004 E0.00479
G1 X3.764 Y3.452 E0.02678
G1 X4.333 Y2.808 E0.0268
G1 X4.799 Y2.085 E0.02682
G1 X5.153 Y1.301 E0.02682
G1 X5.386 Y0.473 E0.02682
G1 X5.493 Y-.38 E0.02681
G1 X5.472 Y-1.23 E0.02651
G1 X5.373 Y-1.862 E0.01995
G1 X5.153 Y-2.635 E0.02506
G1 X4.803 Y-3.408 E0.02646
G1 X4.467 Y-3.952 E0.01994
G1 X3.969 Y-4.573 E0.02482
G1 X3.511 Y-5.015 E0.01985
G1 X2.866 Y-5.501 E0.02518
G1 X2.112 Y-5.91 E0.02675
G1 X1.314 Y-6.201 E0.02649
G1 X0.687 Y-6.34 E0.02003
G1 X-.154 Y-6.417 E0.02633
M566 X1800 Y1800
G0 F7200 X-.164 Y-5.916
M566 X1200 Y1200
G1 F6000 X-.907 Y-5.877 E0.0232
G1 X-1.676 Y-5.722 E0.02446
G1 X-2.413 Y-5.453 E0.02446
G1 X-3.103 Y-5.078 E0.02449
G1 X-3.73 Y-4.602 E0.02455
G1 X-4.301 Y-4.01 E0.02565
G1 X-4.735 Y-3.404 E0.02324
G1 X-5.108 Y-2.668 E0.02573
G1 X-5.341 Y-1.966 E0.02306
G1 X-5.452 Y-1.401 E0.01795
G1 X-5.504 Y-.664 E0.02304
G1 X-5.439 Y0.157 E0.02568
G1 X-5.271 Y0.883 E0.02324
G1 X-4.984 Y1.613 E0.02446
G1 X-4.595 Y2.287 E0.02427
G1 X-4.244 Y2.745 E0.01799
G1 X-3.727 Y3.272 E0.02302
G1 X-3.103 Y3.745 E0.02442
G1 X-2.413 Y4.12 E0.02449
G1 X-1.676 Y4.389 E0.02446
G1 X-.906 Y4.545 E0.0245
G1 X-.122 Y4.583 E0.02447
G1 X0.658 Y4.505 E0.02444
G1 X1.419 Y4.311 E0.02449
G1 X2.143 Y4.007 E0.02448
G1 X2.813 Y3.597 E0.02449
G1 X3.414 Y3.093 E0.02446
G1 X3.933 Y2.505 E0.02446
G1 X4.359 Y1.845 E0.02449
G1 X4.682 Y1.129 E0.02449
G1 X4.895 Y0.374 E0.02446
G1 X4.992 Y-.405 E0.02448
G1 X4.973 Y-1.185 E0.02433
G1 X4.884 Y-1.754 E0.01796
G1 X4.682 Y-2.463 E0.02299
G1 X4.361 Y-3.173 E0.0243
G1 X4.058 Y-3.663 E0.01796
G1 X3.599 Y-4.235 E0.02287
G1 X3.186 Y-4.634 E0.01791
G1 X2.595 Y-5.079 E0.02307
G1 X1.906 Y-5.453 E0.02445
G1 X1.174 Y-5.72 E0.0243
G1 X0.61 Y-5.845 E0.01801
G1 X-.164 Y-5.916 E0.02424
M566 X1800 Y1800
G0 F7200 X-.163 Y-6.015
G0 X0.145 Y-11.331
G0 X0.138 Y-11.43
M566 X1200 Y1200
G1 F6000 X0.916 Y-11.546 E0.02453
G1 X1.665 Y-11.778 E0.02445
G1 X2.372 Y-12.118 E0.02446
G1 X3.022 Y-12.56 E0.02451
G1 X3.597 Y-13.095 E0.02449
G1 X4.086 Y-13.709 E0.02448
G1 X4.478 Y-14.387 E0.02442
G1 X4.765 Y-15.118 E0.02449
G1 X4.94 Y-15.884 E0.0245
G1 X4.998 Y-16.666 E0.02445
G1 X4.94 Y-17.449 E0.02448
G1 X4.765 Y-18.215 E0.0245
G1 X4.478 Y-18.945 E0.02446
G1 X4.089 Y-19.62 E0.02429
G1 X3.738 Y-20.079 E0.01802
G1 X3.19 Y-20.631 E0.02425
G1 X2.595 Y-21.079 E0.02322
G1 X1.907 Y-21.453 E0.02442
G1 X1.169 Y-21.722 E0.02449
G1 X0.363 Y-21.881 E0.02562
G1 X-.129 Y-21.916 E0.01538
G1 X-.902 Y-21.878 E0.02413
G1 X-1.469 Y-21.774 E0.01797
G1 X-2.167 Y-21.556 E0.0228
G1 X-2.691 Y-21.317 E0.01796
G1 X-3.321 Y-20.929 E0.02307
G1 X-3.949 Y-20.396 E0.02568
G1 X-4.436 Y-19.841 E0.02302
G1 X-4.758 Y-19.364 E0.01795
G1 X-5.092 Y-18.706 E0.02301
G1 X-5.342 Y-17.962 E0.02447
G1 X-5.482 Y-17.149 E0.02572
G1 X-5.498 Y-16.404 E0.02324
G1 X-5.401 Y-15.626 E0.02445
G1 X-5.188 Y-14.871 E0.02446
G1 X-4.865 Y-14.155 E0.02449
G1 X-4.439 Y-13.495 E0.02449
G1 X-3.923 Y-12.911 E0.0243
G1 X-3.489 Y-12.532 E0.01797
G1 X-2.878 Y-12.117 E0.02303
G1 X-2.171 Y-11.778 E0.02445
G1 X-1.422 Y-11.546 E0.02445
G1 X-.644 Y-11.43 E0.02453
G1 X0.138 Y-11.43 E0.02438
M566 X1800 Y1800
G0 F7200 X0.145 Y-11.331
G0 X-.122 Y4.484
G0 X-.122 Y4.584
M566 X1200 Y1200
G1 F6000 X-.906 Y4.584 E0.00098
G1 X-1.676 Y4.584 E0.00553
G1 X-2.413 Y4.584 E0.01502
G1 X-8.278 Y4.584 E0.18288
G1 X-8.278 Y-33.916 E1.20048
G1 X8.278 Y-33.916 E0.51624
G1 X8.278 Y4.584 E1.20048
G1 X1.982 Y4.584 E0.19632
G1 X1.419 Y4.584 E0.0141
G1 X0.658 Y4.584 E0.00823
G1 X-.122 Y4.584 E0.00193
M566 X1800 Y1800
G0 F7200 X-.135 Y4.082
M566 X1200 Y1200
;TYPE:WALL-OUTER
G1 F3000 X0.571 Y4.011 E0.02213
G1 X1.26 Y3.836 E0.02217
G1 X1.914 Y3.561 E0.02212
G1 X2.52 Y3.19 E0.02216
G1 X3.064 Y2.734 E0.02213
G1 X3.533 Y2.202 E0.02211
G1 X3.919 Y1.605 E0.02217
G1 X4.211 Y0.958 E0.02213
G1 X4.403 Y0.275 E0.02212
G1 X4.491 Y-.43 E0.02215
G1 X4.474 Y-1.14 E0.02215
G1 X4.395 Y-1.646 E0.01597
G1 X4.211 Y-2.291 E0.02091
G1 X3.919 Y-2.938 E0.02213
G1 X3.649 Y-3.374 E0.01599
G1 X3.229 Y-3.897 E0.02092
G1 X2.861 Y-4.253 E0.01597
G1 X2.324 Y-4.657 E0.02095
G1 X1.7 Y-4.996 E0.02214
G1 X1.034 Y-5.239 E0.02211
G1 X0.533 Y-5.35 E0.016
G1 X-.174 Y-5.415 E0.02214
G1 X-.844 Y-5.38 E0.02092
G1 X-1.54 Y-5.239 E0.02214
G1 X-2.207 Y-4.996 E0.02214
G1 X-2.831 Y-4.657 E0.02214
G1 X-3.397 Y-4.227 E0.02216
G1 X-3.916 Y-3.689 E0.02331
G1 X-4.306 Y-3.144 E0.0209
G1 X-4.645 Y-2.475 E0.02339
G1 X-4.856 Y-1.839 E0.02089
G1 X-4.955 Y-1.335 E0.01602
G1 X-5.003 Y-.666 E0.02091
G1 X-4.944 Y0.08 E0.02333
G1 X-4.792 Y0.734 E0.02094
G1 X-4.532 Y1.395 E0.02215
G1 X-4.178 Y2.009 E0.0221
G1 X-3.866 Y2.417 E0.01602
G1 X-3.396 Y2.896 E0.02093
G1 X-2.831 Y3.324 E0.0221
G1 X-2.207 Y3.663 E0.02214
G1 X-1.54 Y3.906 E0.02214
G1 X-.844 Y4.047 E0.02214
G1 X-.135 Y4.082 E0.02213
M566 X1800 Y1800
G0 F7200 X0.113 Y4.057
G0 X0.171 Y4.654
G0 X-8.208 Y4.514
G0 X-8.778 Y5.084
M566 X1200 Y1200
G1 F3000 X-8.778 Y-34.416 E1.23166
G1 X8.778 Y-34.416 E0.54742
G1 X8.778 Y5.084 E1.23166
G1 X-8.778 Y5.084 E0.54742
M566 X1800 Y1800
G0 F7200 X-8.778 Y4.834
G0 X-8.208 Y4.514
G0 X-5.144 Y-2.683
G0 X0.101 Y-11.33
G0 X0.101 Y-11.93
M566 X1200 Y1200
G1 F3000 X0.804 Y-12.035 E0.02216
G1 X1.482 Y-12.245 E0.02213
G1 X2.122 Y-12.552 E0.02213
G1 X2.709 Y-12.952 E0.02215
G1 X3.229 Y-13.436 E0.02215
G1 X3.672 Y-13.991 E0.02214
G1 X4.026 Y-14.605 E0.0221
G1 X4.286 Y-15.266 E0.02215
G1 X4.444 Y-15.959 E0.02216
G1 X4.497 Y-16.666 E0.02211
G1 X4.444 Y-17.374 E0.02214
G1 X4.286 Y-18.067 E0.02216
G1 X4.026 Y-18.727 E0.02212
G1 X3.672 Y-19.342 E0.02213
G1 X3.36 Y-19.75 E0.01602
G1 X2.861 Y-20.253 E0.02209
G1 X2.324 Y-20.657 E0.02095
G1 X1.701 Y-20.996 E0.02212
G1 X1.034 Y-21.239 E0.02214
G1 X0.297 Y-21.384 E0.02342
G1 X-.135 Y-21.415 E0.0135
G1 X-.845 Y-21.38 E0.02217
G1 X-1.349 Y-21.288 E0.01598
G1 X-1.988 Y-21.088 E0.02088
G1 X-2.455 Y-20.875 E0.016
G1 X-3.026 Y-20.523 E0.02092
G1 X-3.597 Y-20.039 E0.02334
G1 X-4.039 Y-19.535 E0.0209
G1 X-4.326 Y-19.11 E0.01599
G1 X-4.63 Y-18.512 E0.02092
G1 X-4.856 Y-17.839 E0.02214
G1 X-4.983 Y-17.101 E0.02335
G1 X-4.997 Y-16.43 E0.02093
G1 X-4.909 Y-15.725 E0.02215
G1 X-4.717 Y-15.042 E0.02212
G1 X-4.425 Y-14.395 E0.02213
G1 X-4.039 Y-13.798 E0.02217
G1 X-3.57 Y-13.266 E0.02211
G1 X-3.183 Y-12.929 E0.016
G1 X-2.628 Y-12.552 E0.02092
G1 X-1.988 Y-12.245 E0.02213
G1 X-1.31 Y-12.035 E0.02213
G1 X-.607 Y-11.93 E0.02216
G1 X0.101 Y-11.93 E0.02208
M566 X1800 Y1800
G0 F7200 X0.348 Y-11.966
G0 X0.435 Y-11.374
G0 X0.615 Y-10.288
M566 X1200 Y1200
;TYPE:FILL
G1 F6000 X-1.266 Y-7.029 E0.11733
G1 X-1.328 Y-6.921
M566 X1800 Y1800
G0 F7200 X-2.739 Y-6.611
M566 X1200 Y1200
G1 F6000 X-7.078 Y-14.125 E0.27056
M566 X1800 Y1800
G0 F7200 X-7.078 Y-13.708
M566 X1200 Y1200
G1 F6000 X-5.978 Y-13.708 E0.0343
G1 X-5.942 Y-13.629
G1 X-7.078 Y-11.662 E0.07083
G1 X-7.14 Y-11.554
M566 X1800 Y1800
G0 F7200 X-7.078 Y-10.036
M566 X1200 Y1200
G1 F6000 X7.078 Y-10.036 E0.4414
G1 X7.203 Y-10.036
M566 X1800 Y1800
G0 F7200 X7.078 Y-11.662
M566 X1200 Y1200
G1 F6000 X5.661 Y-14.116 E0.08836
M566 X1800 Y1800
G0 F7200 X5.473 Y-13.708
M566 X1200 Y1200
G1 F6000 X7.078 Y-13.708 E0.05005
M566 X1800 Y1800
G0 F7200 X7.078 Y-14.124
M566 X1200 Y1200
G1 F6000 X2.632 Y-6.425 E0.27722
G1 X2.748 Y-6.362
G1 X7.078 Y-6.362 E0.13502
M566 X1800 Y1800
G0 F7200 X7.078 Y-6.776
M566 X1200 Y1200
G1 F6000 X5.371 Y-3.819 E0.10646
G1 X5.309 Y-3.711
M566 X1800 Y1800
G0 F7200 X5.866 Y-2.688
M566 X1200 Y1200
G1 F6000 X7.078 Y-2.688 E0.03779
G1 X7.203 Y-2.688
M566 X1800 Y1800
G0 F7200 X7.078 Y-4.312
M566 X1200 Y1200
G1 F6000 X3.116 Y-11.174 E0.24707
G1 X3.054 Y-11.282
M566 X1800 Y1800
G0 F7200 X-.582 Y-10.23
M566 X1200 Y1200
G1 F6000 X1.332 Y-6.914 E0.11939
G1 X1.394 Y-6.806
M566 X1800 Y1800
G0 F7200 X-3.251 Y-6.362
M566 X1200 Y1200
G1 F6000 X-7.078 Y-6.362 E0.11933
M566 X1800 Y1800
G0 F7200 X-7.078 Y-6.774
M566 X1200 Y1200
G1 F6000 X-5.614 Y-4.238 E0.09131
G1 X-5.552 Y-4.13
M566 X1800 Y1800
G0 F7200 X-7.078 Y-4.312
M566 X1200 Y1200
G1 F6000 X-3.24 Y-10.96 E0.23936
G1 X-3.178 Y-11.068
M566 X1800 Y1800
G0 F7200 X-6.366 Y-2.688
M566 X1200 Y1200
G1 F6000 X-7.078 Y-2.688 E0.0222
M566 X1800 Y1800
G0 F7200 X-6.975 Y0.745
M566 X1200 Y1200
G1 F6000 X-5.572 Y3.176 E0.08752
G1 X-5.51 Y3.284
M566 X1800 Y1800
G0 F7200 X-7.078 Y3.038
M566 X1200 Y1200
G1 F6000 X-6.266 Y1.632 E0.05063
M566 X1800 Y1800
G0 F7200 X-6.479 Y0.987
M566 X1200 Y1200
G1 F6000 X-7.078 Y0.987 E0.01868
M566 X1800 Y1800
G0 F7200 X-3.124 Y3.778
G0 X-2.429 Y4.156
G0 X-1.686 Y4.427
G0 X-.91 Y4.584
G0 X-.121 Y4.622
G0 X0.514 Y4.559
G0 X5.452 Y3.384
M566 X1200 Y1200
G1 F6000 X7.078 Y0.568 E0.10139
M566 X1800 Y1800
G0 F7200 X7.078 Y0.987
M566 X1200 Y1200
G1 F6000 X5.969 Y0.987 E0.03458
G1 X5.944 Y1.074
G1 X7.078 Y3.037 E0.07069
G1 X7.14 Y3.145
M566 X1800 Y1800
G0 F7200 X7.078 Y-17.388
M566 X1200 Y1200
G1 F6000 X6.149 Y-17.388 E0.02897
M566 X1800 Y1800
G0 F7200 X5.705 Y-19.103
M566 X1200 Y1200
G1 F6000 X6.636 Y-20.716 E0.05807
M566 X1800 Y1800
G0 F7200 X6.095 Y-20.716
M566 X1200 Y1200
G1 F6000 X7.078 Y-19.013 E0.06131
G1 X7.14 Y-18.905
M566 X1800 Y1800
G0 F7200 X6.953 Y-28.616
M566 X1200 Y1200
G1 F6000 X7.078 Y-28.832 E0.00778
M566 X1800 Y1800
G0 F7200 X5.776 Y-28.616
M566 X1200 Y1200
G1 F6000 X3.409 Y-32.716 E0.14762
G1 X3.347 Y-32.824
M566 X1800 Y1800
G0 F7200 X5.077 Y-32.716
M566 X1200 Y1200
G1 F6000 X2.71 Y-28.616 E0.14762
G1 X2.648 Y-28.508
M566 X1800 Y1800
G0 F7200 X1.533 Y-28.616
M566 X1200 Y1200
G1 F6000 X-.835 Y-32.716 E0.14763
G1 X-.897 Y-32.824
M566 X1800 Y1800
G0 F7200 X0.835 Y-32.716
M566 X1200 Y1200
G1 F6000 X-1.532 Y-28.616 E0.14762
G1 X-1.594 Y-28.508
M566 X1800 Y1800
G0 F7200 X-2.71 Y-28.616
M566 X1200 Y1200
G1 F6000 X-5.077 Y-32.716 E0.14762
G1 X-5.139 Y-32.824
M566 X1800 Y1800
G0 F7200 X-3.408 Y-32.716
M566 X1200 Y1200
G1 F6000 X-5.775 Y-28.616 E0.14762
G1 X-5.837 Y-28.508
M566 X1800 Y1800
G0 F7200 X-6.951 Y-28.616
M566 X1200 Y1200
G1 F6000 X-7.078 Y-28.836 E0.00792
M566 X1800 Y1800
G0 F7200 X-7.078 Y-32.09
M566 X1200 Y1200
G1 F6000 X7.078 Y-32.09 E0.4414
G1 X7.203 Y-32.09
M566 X1800 Y1800
G0 F7200 X-6.094 Y-20.716
M566 X1200 Y1200
G1 F6000 X-7.078 Y-19.012 E0.06136
G1 X-7.14 Y-18.904
M566 X1800 Y1800
G0 F7200 X-5.987 Y-19.592
M566 X1200 Y1200
G1 F6000 X-6.636 Y-20.716 E0.04047
G1 X-6.698 Y-20.824
M566 X1800 Y1800
G0 F7200 X-6.788 Y-20.906
M566 X1200 Y1200
;TYPE:SKIN
G1 F3000 X-6.788 Y-28.426 E0.23448
G1 X6.788 Y-28.426 E0.42332
G1 X6.788 Y-20.906 E0.23448
G1 X4.982 Y-20.906 E0.05631
G1 X4.864 Y-21.06 E0.00605
G1 X4.171 Y-21.757 E0.03065
G1 X3.403 Y-22.336 E0.02999
G1 X2.521 Y-22.815 E0.0313
G1 X1.572 Y-23.161 E0.0315
G1 X0.56 Y-23.361 E0.03217
G1 X-.113 Y-23.408 E0.02104
G1 X-1.075 Y-23.362 E0.03003
G1 X-1.827 Y-23.222 E0.02385
G1 X-2.7 Y-22.951 E0.0285
G1 X-3.394 Y-22.634 E0.02379
G1 X-4.199 Y-22.139 E0.02947
G1 X-4.998 Y-21.46 E0.0327
G1 X-5.483 Y-20.906 E0.02296
G1 X-6.788 Y-20.906 E0.04069
M566 X1800 Y1800
G0 F7200 X-6.448 Y-28.2
M566 X1200 Y1200
G1 F3000 X-6.562 Y-28.085 E0.00505
M566 X1800 Y1800
G0 F7200 X-6.562 Y-27.378
M566 X1200 Y1200
G1 F3000 X-5.74 Y-28.2 E0.03625
M566 X1800 Y1800
G0 F7200 X-5.033 Y-28.2
M566 X1200 Y1200
G1 F3000 X-6.562 Y-26.671 E0.06742
M566 X1800 Y1800
G0 F7200 X-6.562 Y-25.964
M566 X1200 Y1200
G1 F3000 X-4.326 Y-28.2 E0.0986
M566 X1800 Y1800
G0 F7200 X-3.619 Y-28.2
M566 X1200 Y1200
G1 F3000 X-6.562 Y-25.257 E0.12978
M566 X1800 Y1800
G0 F7200 X-6.562 Y-24.55
M566 X1200 Y1200
G1 F3000 X-2.912 Y-28.2 E0.16095
M566 X1800 Y1800
G0 F7200 X-2.205 Y-28.2
M566 X1200 Y1200
G1 F3000 X-6.562 Y-23.842 E0.19215
M566 X1800 Y1800
G0 F7200 X-6.562 Y-23.135
M566 X1200 Y1200
G1 F3000 X-1.498 Y-28.2 E0.22333
M566 X1800 Y1800
G0 F7200 X-.791 Y-28.2
M566 X1200 Y1200
G1 F3000 X-6.562 Y-22.428 E0.25451
M566 X1800 Y1800
G0 F7200 X-6.562 Y-21.721
M566 X1200 Y1200
G1 F3000 X-0.084 Y-28.2 E0.28568
M566 X1800 Y1800
G0 F7200 X0.622 Y-28.2
M566 X1200 Y1200
G1 F3000 X-6.447 Y-21.129 E0.31177
M566 X1800 Y1800
G0 F7200 X-5.74 Y-21.129
M566 X1200 Y1200
G1 F3000 X1.33 Y-28.2 E0.31179
M566 X1800 Y1800
G0 F7200 X2.037 Y-28.2
M566 X1200 Y1200
G1 F3000 X-3.189 Y-22.973 E0.23047
G1 X-3.277 Y-22.885
M566 X1800 Y1800
G0 F7200 X-2.077 Y-23.378
M566 X1200 Y1200
G1 F3000 X2.744 Y-28.2 E0.21261
M566 X1800 Y1800
G0 F7200 X3.451 Y-28.2
M566 X1200 Y1200
G1 F3000 X-1.179 Y-23.569 E0.20419
M566 X1800 Y1800
G0 F7200 X-.424 Y-23.616
M566 X1200 Y1200
G1 F3000 X4.158 Y-28.2 E0.2021
M566 X1800 Y1800
G0 F7200 X4.865 Y-28.2
M566 X1200 Y1200
G1 F3000 X0.27 Y-23.605 E0.20263
M566 X1800 Y1800
G0 F7200 X0.895 Y-23.522
M566 X1200 Y1200
G1 F3000 X5.572 Y-28.2 E0.20626
M566 X1800 Y1800
G0 F7200 X6.279 Y-28.2
M566 X1200 Y1200
G1 F3000 X1.486 Y-23.406 E0.21138
M566 X1800 Y1800
G0 F7200 X2.022 Y-23.235
M566 X1200 Y1200
G1 F3000 X6.562 Y-27.775 E0.2002
M566 X1800 Y1800
G0 F7200 X6.562 Y-27.068
M566 X1200 Y1200
G1 F3000 X2.54 Y-23.046 E0.17736
M566 X1800 Y1800
G0 F7200 X3.007 Y-22.806
M566 X1200 Y1200
G1 F3000 X6.562 Y-26.361 E0.15677
M566 X1800 Y1800
G0 F7200 X6.562 Y-25.654
M566 X1200 Y1200
G1 F3000 X3.465 Y-22.557 E0.13657
M566 X1800 Y1800
G0 F7200 X3.875 Y-22.26
M566 X1200 Y1200
G1 F3000 X6.562 Y-24.947 E0.11849
M566 X1800 Y1800
G0 F7200 X6.562 Y-24.24
M566 X1200 Y1200
G1 F3000 X4.278 Y-21.956 E0.10072
M566 X1800 Y1800
G0 F7200 X4.636 Y-21.607
M566 X1200 Y1200
G1 F3000 X6.562 Y-23.533 E0.08493
M566 X1800 Y1800
G0 F7200 X6.562 Y-22.826
M566 X1200 Y1200
G1 F3000 X4.989 Y-21.252 E0.06939
M566 X1800 Y1800
G0 F7200 X5.574 Y-21.13
M566 X1200 Y1200
G1 F3000 X6.562 Y-22.119 E0.04359
M566 X1800 Y1800
G0 F7200 X6.562 Y-21.411
M566 X1200 Y1200
G1 F3000 X6.281 Y-21.13 E0.01239
M566 X1800 Y1800
G0 F7200 X-.129 Y-21.955
G0 X-.906 Y-21.917
G0 X-2.181 Y-21.593
G0 X-3.222 Y-21.037
G0 X-6.561 Y-18.187
G0 X-6.799 Y-17.948
M566 X1200 Y1200
;TYPE:SKIN
G1 F3000 X-6.835 Y-17.559 E0.0102
G1 X-6.863 Y-15.763 E0.04691
G1 X-6.651 Y-15.267 E0.01409
M566 X1800 Y1800
G0 F7200 X-6.702 Y-15.217
G0 X-7.037 Y-18.064
M566 X1200 Y1200
G1 F3000 X-6.912 Y-18.189 E0.00276
M566 X1800 Y1800
G0 F7200 X-6.986 Y-2.205
G0 X-7.011 Y-2.18
M566 X1200 Y1200
G1 F3000 X-6.859 Y-1.978 E0.00561
G1 X-6.879 Y-.19 E0.03969
G1 X-6.711 Y0.701 E0.02012
M566 X1800 Y1800
G0 F7200 X-6.813 Y0.803
;MESH:NONMESH
G0 F600 X-6.813 Y0.803 Z4
G0 F7200 X-3.124 Y3.778
G0 X-2.429 Y4.156
G0 X-1.686 Y4.427
G0 X-.91 Y4.584
G0 X-.121 Y4.622
G0 X0.514 Y4.559
G0 X4.335 Y3.584
;TIME_ELAPSED:582.109252
;LAYER:24
M566 X1200 Y1200
;TYPE:WALL-INNER
;MESH:Roborama2026-Lasermount.3mf
G1 F6000 X4.914 Y2.855 E0.02903
G1 X5.382 Y2.049 E0.02906
G1 X5.723 Y1.178 E0.02917
G1 X5.932 Y0.266 E0.02917
G1 X6 Y-.666 E0.02914
G1 X5.932 Y-1.599 E0.02917
G1 X5.723 Y-2.511 E0.02917
G1 X5.382 Y-3.381 E0.02914
G1 X4.914 Y-4.188 E0.02909
G1 X4.333 Y-4.92 E0.02914
G1 X3.648 Y-5.557 E0.02917
G1 X2.869 Y-6.086 E0.02936
G1 X1.981 Y-6.508 E0.03066
G1 X1.135 Y-6.765 E0.02757
G1 X0.245 Y-6.897 E0.02805
G1 X-.189 Y-6.918 E0.01355
G1 X-1.033 Y-6.871 E0.02636
G1 X-1.948 Y-6.688 E0.0291
G1 X-2.825 Y-6.367 E0.02912
G1 X-3.647 Y-5.92 E0.02918
G1 X-4.393 Y-5.355 E0.02918
G1 X-5.044 Y-4.686 E0.02911
G1 X-5.59 Y-3.928 E0.02913
G1 X-6.016 Y-3.097 E0.02912
G1 X-6.308 Y-2.223 E0.02873
G1 X-6.447 Y-1.526 E0.02216
G1 X-6.506 Y-.663 E0.02697
G1 X-6.438 Y0.266 E0.02904
G1 X-6.229 Y1.178 E0.02917
G1 X-5.888 Y2.049 E0.02917
G1 X-5.42 Y2.855 E0.02906
G1 X-4.841 Y3.584 E0.02903
G1 X-5.358 Y3.584 E0.00586
G1 X-7.428 Y3.584 E0.06455
G1 X-7.428 Y-32.916 E1.13812
G1 X7.428 Y-32.916 E0.46323
G1 X7.428 Y3.584 E1.13812
G1 X4.852 Y3.584 E0.08032
G1 X4.335 Y3.584 E0.00586
M566 X1800 Y1800
G0 F7200 X4.979 Y0.121
G0 X5.038 Y-.666
G0 X4.979 Y-1.454
G0 X4.803 Y-2.226
G0 X4.514 Y-2.962
G0 X-.41 Y-10.415
M566 X1200 Y1200
G1 F6000 X0.523 Y-10.459 E0.02912
G1 X1.442 Y-10.645 E0.02924
G1 X2.319 Y-10.966 E0.02912
G1 X3.14 Y-11.413 E0.02915
G1 X3.887 Y-11.977 E0.02919
G1 X4.538 Y-12.647 E0.02913
G1 X5.084 Y-13.403 E0.02908
G1 X5.51 Y-14.235 E0.02915
G1 X5.808 Y-15.122 E0.02918
G1 X5.971 Y-16.043 E0.02916
G1 X5.994 Y-16.978 E0.02916
G1 X5.877 Y-17.905 E0.02913
G1 X5.624 Y-18.806 E0.02918
G1 X5.239 Y-19.658 E0.02915
G1 X4.733 Y-20.444 E0.02915
G1 X4.113 Y-21.145 E0.02918
G1 X3.399 Y-21.744 E0.02906
G1 X2.6 Y-22.232 E0.02919
G1 X1.739 Y-22.594 E0.02912
G1 X0.832 Y-22.826 E0.02919
G1 X-0.096 Y-22.918 E0.02908
G1 X-1.03 Y-22.874 E0.02916
G1 X-1.948 Y-22.688 E0.02921
G1 X-2.825 Y-22.367 E0.02912
G1 X-3.647 Y-21.92 E0.02918
G1 X-4.393 Y-21.355 E0.02918
G1 X-5.044 Y-20.686 E0.02911
G1 X-5.59 Y-19.928 E0.02913
G1 X-6.016 Y-19.097 E0.02912
G1 X-6.314 Y-18.211 E0.02915
G1 X-6.477 Y-17.29 E0.02916
G1 X-6.5 Y-16.355 E0.02916
G1 X-6.383 Y-15.428 E0.02913
G1 X-6.13 Y-14.527 E0.02918
G1 X-5.745 Y-13.675 E0.02915
G1 X-5.239 Y-12.889 E0.02915
G1 X-4.62 Y-12.189 E0.02914
G1 X-3.905 Y-11.589 E0.0291
G1 X-3.106 Y-11.101 E0.02919
G1 X-2.244 Y-10.739 E0.02915
G1 X-1.339 Y-10.507 E0.02913
G1 X-.41 Y-10.415 E0.02911
M566 X1800 Y1800
G0 F7200 X-.397 Y-10.916
M566 X1200 Y1200
G1 F6000 X0.461 Y-10.957 E0.02678
G1 X1.306 Y-11.128 E0.02688
G1 X2.113 Y-11.423 E0.02679
G1 X2.868 Y-11.834 E0.0268
G1 X3.555 Y-12.353 E0.02685
G1 X4.154 Y-12.969 E0.02679
G1 X4.656 Y-13.665 E0.02676
G1 X5.048 Y-14.43 E0.0268
G1 X5.322 Y-15.246 E0.02684
G1 X5.472 Y-16.093 E0.02682
G1 X5.493 Y-16.953 E0.02682
G1 X5.386 Y-17.806 E0.02681
G1 X5.153 Y-18.634 E0.02682
G1 X4.799 Y-19.418 E0.02682
G1 X4.333 Y-20.141 E0.02682
G1 X3.763 Y-20.786 E0.02684
G1 X3.106 Y-21.337 E0.02674
G1 X2.371 Y-21.786 E0.02686
G1 X1.579 Y-22.119 E0.02679
G1 X0.745 Y-22.332 E0.02684
G1 X-.109 Y-22.417 E0.02676
G1 X-.968 Y-22.376 E0.02682
G1 X-1.812 Y-22.205 E0.02685
G1 X-2.619 Y-21.91 E0.02679
G1 X-3.375 Y-21.499 E0.02683
G1 X-4.061 Y-20.979 E0.02684
G1 X-4.66 Y-20.364 E0.02677
G1 X-5.162 Y-19.666 E0.02681
G1 X-5.554 Y-18.902 E0.02678
G1 X-5.828 Y-18.087 E0.02681
G1 X-5.978 Y-17.24 E0.02682
G1 X-5.999 Y-16.38 E0.02682
G1 X-5.892 Y-15.527 E0.02681
G1 X-5.659 Y-14.699 E0.02682
G1 X-5.305 Y-13.915 E0.02682
G1 X-4.839 Y-13.192 E0.02682
G1 X-4.27 Y-12.548 E0.0268
G1 X-3.612 Y-11.996 E0.02678
G1 X-2.878 Y-11.547 E0.02683
G1 X-2.084 Y-11.214 E0.02685
G1 X-1.252 Y-11.001 E0.02678
G1 X-.397 Y-10.916 E0.02679
M566 X1800 Y1800
G0 F7200 X-.187 Y-6.417
M566 X1200 Y1200
G1 F6000 X-.97 Y-6.374 E0.02445
G1 X-1.812 Y-6.205 E0.02678
G1 X-2.619 Y-5.91 E0.02679
G1 X-3.375 Y-5.499 E0.02683
G1 X-4.061 Y-4.979 E0.02684
G1 X-4.66 Y-4.364 E0.02677
G1 X-5.162 Y-3.666 E0.02681
G1 X-5.554 Y-2.902 E0.02678
G1 X-5.824 Y-2.095 E0.02653
G1 X-5.95 Y-1.46 E0.02019
G1 X-6.005 Y-.664 E0.02488
G1 X-5.942 Y0.191 E0.02673
G1 X-5.75 Y1.03 E0.02684
G1 X-5.436 Y1.831 E0.02683
G1 X-5.006 Y2.573 E0.02674
G1 X-4.471 Y3.246 E0.02681
G1 X-3.841 Y3.832 E0.02683
G1 X-3.47 Y4.084 E0.01398
G1 X-7.928 Y4.084 E0.13901
G1 X-7.928 Y-33.416 E1.1693
G1 X7.928 Y-33.416 E0.49441
G1 X7.928 Y4.084 E1.1693
G1 X2.964 Y4.084 E0.15478
G1 X3.335 Y3.832 E0.01398
G1 X3.965 Y3.246 E0.02683
G1 X4.5 Y2.573 E0.02681
G1 X4.93 Y1.831 E0.02674
G1 X5.244 Y1.03 E0.02683
G1 X5.436 Y0.191 E0.02684
G1 X5.499 Y-.666 E0.02679
G1 X5.436 Y-1.524 E0.02683
G1 X5.244 Y-2.363 E0.02684
G1 X4.93 Y-3.163 E0.0268
G1 X4.5 Y-3.906 E0.02677
G1 X3.965 Y-4.579 E0.02681
G1 X3.335 Y-5.165 E0.02683
G1 X2.62 Y-5.651 E0.02696
G1 X1.8 Y-6.04 E0.0283
G1 X1.025 Y-6.276 E0.02526
G1 X0.196 Y-6.399 E0.02613
G1 X-.187 Y-6.417 E0.01196
M566 X1800 Y1800
G0 F7200 X-.185 Y-5.916
M566 X1200 Y1200
G1 F6000 X-.907 Y-5.877 E0.02255
G1 X-1.676 Y-5.722 E0.02446
G1 X-2.413 Y-5.453 E0.02446
G1 X-3.103 Y-5.078 E0.02449
G1 X-3.729 Y-4.603 E0.0245
G1 X-4.276 Y-4.042 E0.02443
G1 X-4.734 Y-3.405 E0.02446
G1 X-5.092 Y-2.707 E0.02446
G1 X-5.34 Y-1.967 E0.02434
G1 X-5.453 Y-1.394 E0.01821
G1 X-5.504 Y-.665 E0.02279
G1 X-5.446 Y0.116 E0.02442
G1 X-5.271 Y0.882 E0.0245
G1 X-4.984 Y1.613 E0.02449
G1 X-4.592 Y2.291 E0.02442
G1 X-4.103 Y2.905 E0.02448
G1 X-3.528 Y3.44 E0.02449
G1 X-2.878 Y3.882 E0.02451
G1 X-2.171 Y4.222 E0.02446
G1 X-1.422 Y4.454 E0.02445
G1 X-.644 Y4.57 E0.02453
G1 X0.138 Y4.57 E0.02438
G1 X0.916 Y4.454 E0.02453
G1 X1.665 Y4.222 E0.02445
G1 X2.372 Y3.882 E0.02446
G1 X3.022 Y3.44 E0.02451
G1 X3.597 Y2.905 E0.02449
G1 X4.086 Y2.291 E0.02448
G1 X4.478 Y1.613 E0.02442
G1 X4.765 Y0.882 E0.02449
G1 X4.94 Y0.116 E0.0245
G1 X4.998 Y-.666 E0.02445
G1 X4.94 Y-1.449 E0.02448
G1 X4.765 Y-2.215 E0.0245
G1 X4.478 Y-2.945 E0.02446
G1 X4.086 Y-3.624 E0.02445
G1 X3.597 Y-4.238 E0.02448
G1 X3.022 Y-4.773 E0.02449
G1 X2.371 Y-5.216 E0.02455
G1 X1.619 Y-5.572 E0.02594
G1 X0.915 Y-5.787 E0.02295
G1 X0.148 Y-5.901 E0.02418
G1 X-.185 Y-5.916 E0.01039
M566 X1800 Y1800
G0 F7200 X-.185 Y-6.016
G0 X-.386 Y-11.318
G0 X-.384 Y-11.417
M566 X1200 Y1200
G1 F6000 X0.399 Y-11.455 E0.02444
G1 X1.17 Y-11.611 E0.02453
G1 X1.907 Y-11.88 E0.02446
G1 X2.596 Y-12.255 E0.02446
G1 X3.223 Y-12.729 E0.02451
G1 X3.77 Y-13.291 E0.02445
G1 X4.228 Y-13.927 E0.02444
G1 X4.586 Y-14.625 E0.02446
G1 X4.836 Y-15.37 E0.0245
G1 X4.973 Y-16.143 E0.02448
G1 X4.992 Y-16.928 E0.02448
G1 X4.895 Y-17.707 E0.02448
G1 X4.682 Y-18.462 E0.02446
G1 X4.359 Y-19.178 E0.02449
G1 X3.933 Y-19.838 E0.02449
G1 X3.413 Y-20.427 E0.0245
G1 X2.813 Y-20.93 E0.02441
G1 X2.142 Y-21.34 E0.02452
G1 X1.419 Y-21.644 E0.02446
G1 X0.658 Y-21.838 E0.02449
G1 X-.122 Y-21.916 E0.02444
G1 X-.906 Y-21.878 E0.02447
G1 X-1.676 Y-21.722 E0.0245
G1 X-2.413 Y-21.453 E0.02446
G1 X-3.103 Y-21.078 E0.02449
G1 X-3.729 Y-20.603 E0.0245
G1 X-4.276 Y-20.042 E0.02443
G1 X-4.734 Y-19.405 E0.02446
G1 X-5.092 Y-18.707 E0.02446
G1 X-5.342 Y-17.963 E0.02447
G1 X-5.479 Y-17.19 E0.02448
G1 X-5.498 Y-16.405 E0.02448
G1 X-5.401 Y-15.626 E0.02448
G1 X-5.188 Y-14.871 E0.02446
G1 X-4.865 Y-14.155 E0.02449
G1 X-4.439 Y-13.495 E0.02449
G1 X-3.92 Y-12.907 E0.02446
G1 X-3.319 Y-12.403 E0.02446
G1 X-2.649 Y-11.993 E0.02449
G1 X-1.925 Y-11.689 E0.02448
G1 X-1.165 Y-11.495 E0.02446
G1 X-.384 Y-11.417 E0.02447
M566 X1800 Y1800
G0 F7200 X-.386 Y-11.318
G0 X0.138 Y4.484
G0 X0.138 Y4.584
M566 X1200 Y1200
G1 F6000 X-.644 Y4.584 E0.00068
G1 X-1.422 Y4.584 E0.00344
G1 X-2.171 Y4.584 E0.01136
G1 X-8.428 Y4.584 E0.1951
G1 X-8.428 Y-33.916 E1.20048
G1 X8.428 Y-33.916 E0.52559
G1 X8.428 Y4.584 E1.20048
G1 X1.665 Y4.584 E0.21088
G1 X0.916 Y4.584 E0.01136
G1 X0.138 Y4.584 E0.00344
M566 X1800 Y1800
G0 F7200 X0.101 Y4.07
M566 X1200 Y1200
;TYPE:WALL-OUTER
G1 F3000 X0.804 Y3.965 E0.02216
G1 X1.482 Y3.755 E0.02213
G1 X2.122 Y3.448 E0.02213
G1 X2.709 Y3.048 E0.02215
G1 X3.229 Y2.564 E0.02215
G1 X3.672 Y2.009 E0.02214
G1 X4.026 Y1.395 E0.0221
G1 X4.286 Y0.734 E0.02215
G1 X4.444 Y0.041 E0.02216
G1 X4.497 Y-.666 E0.02211
G1 X4.444 Y-1.374 E0.02214
G1 X4.286 Y-2.067 E0.02216
G1 X4.026 Y-2.727 E0.02212
G1 X3.672 Y-3.342 E0.02213
G1 X3.229 Y-3.897 E0.02214
G1 X2.709 Y-4.381 E0.02215
G1 X2.122 Y-4.781 E0.02215
G1 X1.438 Y-5.104 E0.02359
G1 X0.804 Y-5.298 E0.02067
G1 X0.1 Y-5.403 E0.02219
G1 X-.182 Y-5.415 E0.0088
G1 X-.844 Y-5.38 E0.02067
G1 X-1.54 Y-5.239 E0.02214
G1 X-2.207 Y-4.996 E0.02214
G1 X-2.831 Y-4.657 E0.02214
G1 X-3.397 Y-4.227 E0.02216
G1 X-3.892 Y-3.72 E0.02209
G1 X-4.306 Y-3.144 E0.02212
G1 X-4.63 Y-2.512 E0.02215
G1 X-4.856 Y-1.839 E0.02214
G1 X-4.956 Y-1.328 E0.01624
G1 X-5.003 Y-.666 E0.02069
G1 X-4.95 Y0.041 E0.02211
G1 X-4.792 Y0.734 E0.02216
G1 X-4.532 Y1.395 E0.02215
G1 X-4.178 Y2.009 E0.0221
G1 X-3.735 Y2.564 E0.02214
G1 X-3.215 Y3.048 E0.02215
G1 X-2.628 Y3.448 E0.02215
G1 X-1.988 Y3.755 E0.02213
G1 X-1.31 Y3.965 E0.02213
G1 X-.607 Y4.07 E0.02216
G1 X0.101 Y4.07 E0.02208
M566 X1800 Y1800
G0 F7200 X0.348 Y4.034
G0 X0.435 Y4.626
G0 X8.358 Y4.514
G0 X8.928 Y5.084
M566 X1200 Y1200
G1 F3000 X-8.928 Y5.084 E0.55677
G1 X-8.928 Y-34.416 E1.23166
G1 X8.928 Y-34.416 E0.55677
G1 X8.928 Y5.084 E1.23166
M566 X1800 Y1800
G0 F7200 X8.678 Y5.084
G0 X8.358 Y4.514
G0 X4.119 Y-3.646
G0 X-.43 Y-11.322
G0 X-.371 Y-11.918
M566 X1200 Y1200
G1 F3000 X0.337 Y-11.953 E0.0221
G1 X1.034 Y-12.094 E0.02217
G1 X1.701 Y-12.337 E0.02214
G1 X2.324 Y-12.676 E0.02212
G1 X2.891 Y-13.105 E0.02217
G1 X3.386 Y-13.613 E0.02212
G1 X3.8 Y-14.189 E0.02212
G1 X4.124 Y-14.82 E0.02212
G1 X4.35 Y-15.494 E0.02217
G1 X4.474 Y-16.193 E0.02214
G1 X4.491 Y-16.903 E0.02215
G1 X4.403 Y-17.608 E0.02215
G1 X4.211 Y-18.291 E0.02212
G1 X3.919 Y-18.938 E0.02213
G1 X3.533 Y-19.535 E0.02217
G1 X3.063 Y-20.068 E0.02216
G1 X2.52 Y-20.523 E0.02209
G1 X1.913 Y-20.894 E0.02218
G1 X1.26 Y-21.169 E0.02209
G1 X0.571 Y-21.344 E0.02217
G1 X-.135 Y-21.415 E0.02213
G1 X-.844 Y-21.38 E0.02213
G1 X-1.54 Y-21.239 E0.02214
G1 X-2.207 Y-20.996 E0.02214
G1 X-2.831 Y-20.657 E0.02214
G1 X-3.397 Y-20.227 E0.02216
G1 X-3.892 Y-19.72 E0.02209
G1 X-4.306 Y-19.144 E0.02212
G1 X-4.63 Y-18.512 E0.02215
G1 X-4.856 Y-17.839 E0.02214
G1 X-4.98 Y-17.14 E0.02214
G1 X-4.997 Y-16.43 E0.02215
G1 X-4.909 Y-15.725 E0.02215
G1 X-4.717 Y-15.042 E0.02212
G1 X-4.425 Y-14.395 E0.02213
G1 X-4.039 Y-13.798 E0.02217
G1 X-3.57 Y-13.266 E0.02211
G1 X-3.026 Y-12.81 E0.02213
G1 X-2.42 Y-12.439 E0.02216
G1 X-1.766 Y-12.164 E0.02212
G1 X-1.078 Y-11.989 E0.02214
G1 X-.371 Y-11.918 E0.02216
M566 X1800 Y1800
G0 F7200 X-.121 Y-11.93
G0 X-0.093 Y-11.33
G0 X-.712 Y-10.244
M566 X1200 Y1200
;TYPE:FILL
G1 F6000 X1.184 Y-6.96 E0.11824
G1 X1.246 Y-6.852
M566 X1800 Y1800
G0 F7200 X2.534 Y-6.468
M566 X1200 Y1200
G1 F6000 X7.228 Y-6.468 E0.14637
M566 X1800 Y1800
G0 F7200 X7.228 Y-6.823
M566 X1200 Y1200
G1 F6000 X5.427 Y-3.703 E0.11233
M566 X1800 Y1800
G0 F7200 X5.827 Y-2.794
M566 X1200 Y1200
G1 F6000 X7.228 Y-2.794 E0.04369
G1 X7.353 Y-2.794
M566 X1800 Y1800
G0 F7200 X7.228 Y-3.841
M566 X1200 Y1200
G1 F6000 X3.024 Y-11.122 E0.26216
G1 X2.962 Y-11.23
M566 X1800 Y1800
G0 F7200 X0.744 Y-10.3
M566 X1200 Y1200
G1 F6000 X-1.128 Y-7.057 E0.11676
G1 X-1.19 Y-6.949
M566 X1800 Y1800
G0 F7200 X-2.84 Y-6.573
M566 X1200 Y1200
G1 F6000 X-7.228 Y-14.172 E0.27361
M566 X1800 Y1800
G0 F7200 X-7.228 Y-13.814
M566 X1200 Y1200
G1 F6000 X-6.026 Y-13.814 E0.03748
M566 X1800 Y1800
G0 F7200 X-5.883 Y-13.52
M566 X1200 Y1200
G1 F6000 X-7.228 Y-11.19 E0.08389
G1 X-7.29 Y-11.082
M566 X1800 Y1800
G0 F7200 X-7.228 Y-10.142
M566 X1200 Y1200
G1 F6000 X7.228 Y-10.142 E0.45076
G1 X7.353 Y-10.142
M566 X1800 Y1800
G0 F7200 X7.228 Y-11.189
M566 X1200 Y1200
G1 F6000 X5.61 Y-13.992 E0.10092
G1 X5.518 Y-13.814
G1 X7.228 Y-13.814 E0.05332
M566 X1800 Y1800
G0 F7200 X7.228 Y-14.173
M566 X1200 Y1200
G1 F6000 X2.726 Y-6.377 E0.28071
G1 X2.664 Y-6.269
M566 X1800 Y1800
G0 F7200 X-3.056 Y-6.468
M566 X1200 Y1200
G1 F6000 X-7.228 Y-6.468 E0.13009
M566 X1800 Y1800
G0 F7200 X-7.228 Y-6.821
M566 X1200 Y1200
G1 F6000 X-5.682 Y-4.143 E0.09642
G1 X-5.62 Y-4.035
M566 X1800 Y1800
G0 F7200 X-6.328 Y-2.794
M566 X1200 Y1200
G1 F6000 X-7.228 Y-2.794 E0.02806
M566 X1800 Y1800
G0 F7200 X-7.228 Y-3.841
M566 X1200 Y1200
G1 F6000 X-3.151 Y-10.903 E0.25426
G1 X-3.089 Y-11.011
M566 X1800 Y1800
G0 F7200 X-4.555 Y-13.541
G0 X-6.643 Y-17.494
M566 X1200 Y1200
G1 F6000 X-7.228 Y-17.494 E0.01824
M566 X1800 Y1800
G0 F7200 X-7.228 Y-18.542
M566 X1200 Y1200
G1 F6000 X-5.972 Y-20.716 E0.07829
M566 X1800 Y1800
G0 F7200 X-6.758 Y-20.716
M566 X1200 Y1200
G1 F6000 X-6.045 Y-19.48 E0.04449
G1 X-5.983 Y-19.372
M566 X1800 Y1800
G0 F7200 X-5.653 Y-28.616
M566 X1200 Y1200
G1 F6000 X-3.286 Y-32.716 E0.14762
G1 X-3.224 Y-32.824
M566 X1800 Y1800
G0 F7200 X-5.2 Y-32.716
M566 X1200 Y1200
G1 F6000 X-2.833 Y-28.616 E0.14762
G1 X-2.771 Y-28.508
M566 X1800 Y1800
G0 F7200 X-1.411 Y-28.616
M566 X1200 Y1200
G1 F6000 X0.957 Y-32.716 E0.14763
G1 X1.019 Y-32.824
M566 X1800 Y1800
G0 F7200 X-.958 Y-32.716
M566 X1200 Y1200
G1 F6000 X1.41 Y-28.616 E0.14763
G1 X1.472 Y-28.508
M566 X1800 Y1800
G0 F7200 X2.833 Y-28.616
M566 X1200 Y1200
G1 F6000 X5.2 Y-32.716 E0.14762
G1 X5.262 Y-32.824
M566 X1800 Y1800
G0 F7200 X3.287 Y-32.716
M566 X1200 Y1200
G1 F6000 X5.654 Y-28.616 E0.14762
G1 X5.716 Y-28.508
M566 X1800 Y1800
G0 F7200 X7.075 Y-28.616
M566 X1200 Y1200
G1 F6000 X7.228 Y-28.881 E0.00954
M566 X1800 Y1800
G0 F7200 X7.228 Y-32.196
M566 X1200 Y1200
G1 F6000 X-7.228 Y-32.196 E0.45076
G1 X-7.353 Y-32.196
M566 X1800 Y1800
G0 F7200 X-7.228 Y-28.884
M566 X1200 Y1200
G1 F6000 X-7.073 Y-28.616 E0.00965
M566 X1800 Y1800
G0 F7200 X5.972 Y-20.716
M566 X1200 Y1200
G1 F6000 X7.228 Y-18.541 E0.07832
G1 X7.29 Y-18.433
M566 X1800 Y1800
G0 F7200 X7.228 Y-17.494
M566 X1200 Y1200
G1 F6000 X6.13 Y-17.494 E0.03424
G1 X6.005 Y-17.494
M566 X1800 Y1800
G0 F7200 X5.761 Y-18.989
M566 X1200 Y1200
G1 F6000 X6.758 Y-20.716 E0.06218
G1 X6.82 Y-20.824
M566 X1800 Y1800
G0 F7200 X7.228 Y0.519
M566 X1200 Y1200
G1 F6000 X5.574 Y3.384 E0.10315
G1 X5.512 Y3.492
M566 X1800 Y1800
G0 F7200 X7.156 Y3.384
M566 X1200 Y1200
G1 F6000 X5.916 Y1.236 E0.07734
M566 X1800 Y1800
G0 F7200 X5.997 Y0.881
M566 X1200 Y1200
G1 F6000 X7.228 Y0.881 E0.03838
G1 X7.353 Y0.881
M566 X1800 Y1800
G0 F7200 X2.391 Y3.916
G0 X1.679 Y4.259
G0 X0.924 Y4.493
G0 X0.14 Y4.609
G0 X-.646 Y4.609
G0 X-1.28 Y4.516
G0 X-5.633 Y3.283
M566 X1200 Y1200
G1 F6000 X-7.228 Y0.52 E0.09948
M566 X1800 Y1800
G0 F7200 X-7.228 Y0.881
M566 X1200 Y1200
G1 F6000 X-6.503 Y0.881 E0.02261
M566 X1800 Y1800
G0 F7200 X-6.217 Y1.758
M566 X1200 Y1200
G1 F6000 X-7.156 Y3.384 E0.05855
G1 X-7.218 Y3.492
M566 X1800 Y1800
G0 F7200 X-6.938 Y-20.906
M566 X1200 Y1200
;TYPE:SKIN
G1 F3000 X-6.938 Y-28.426 E0.23448
G1 X6.938 Y-28.426 E0.43267
G1 X6.938 Y-20.906 E0.23448
G1 X4.978 Y-20.906 E0.06112
G1 X4.456 Y-21.497 E0.02459
G1 X3.685 Y-22.143 E0.03136
G1 X2.824 Y-22.669 E0.03146
G1 X1.896 Y-23.06 E0.0314
G1 X0.918 Y-23.31 E0.03148
G1 X-0.084 Y-23.41 E0.0314
G1 X-1.091 Y-23.362 E0.03144
G1 X-2.082 Y-23.161 E0.03153
G1 X-3.027 Y-22.814 E0.03139
G1 X-3.913 Y-22.333 E0.03144
G1 X-4.718 Y-21.723 E0.03149
G1 X-5.421 Y-21.002 E0.0314
G1 X-5.49 Y-20.906 E0.00369
G1 X-6.938 Y-20.906 E0.04515
M566 X1800 Y1800
G0 F7200 X-6.712 Y-21.561
M566 X1200 Y1200
G1 F3000 X-6.281 Y-21.13 E0.01901
M566 X1800 Y1800
G0 F7200 X-5.591 Y-21.148
M566 X1200 Y1200
G1 F3000 X-6.712 Y-22.268 E0.04941
M566 X1800 Y1800
G0 F7200 X-6.712 Y-22.976
M566 X1200 Y1200
G1 F3000 X-5.242 Y-21.505 E0.06484
M566 X1800 Y1800
G0 F7200 X-4.893 Y-21.864
M566 X1200 Y1200
G1 F3000 X-6.712 Y-23.683 E0.08021
M566 X1800 Y1800
G0 F7200 X-6.712 Y-24.39
M566 X1200 Y1200
G1 F3000 X-4.496 Y-22.174 E0.09772
M566 X1800 Y1800
G0 F7200 X-4.094 Y-22.478
M566 X1200 Y1200
G1 F3000 X-6.712 Y-25.097 E0.11547
M566 X1800 Y1800
G0 F7200 X-6.712 Y-25.804
M566 X1200 Y1200
G1 F3000 X-3.643 Y-22.735 E0.13533
M566 X1800 Y1800
G0 F7200 X-3.184 Y-22.983
M566 X1200 Y1200
G1 F3000 X-6.712 Y-26.511 E0.15557
M566 X1800 Y1800
G0 F7200 X-6.712 Y-27.218
M566 X1200 Y1200
G1 F3000 X-2.676 Y-23.182 E0.17798
M566 X1800 Y1800
G0 F7200 X-2.159 Y-23.372
M566 X1200 Y1200
G1 F3000 X-6.712 Y-27.925 E0.20077
M566 X1800 Y1800
G0 F7200 X-6.279 Y-28.2
M566 X1200 Y1200
G1 F3000 X-1.574 Y-23.494 E0.2075
M566 X1800 Y1800
G0 F7200 X-.965 Y-23.593
M566 X1200 Y1200
G1 F3000 X-5.572 Y-28.2 E0.20316
M566 X1800 Y1800
G0 F7200 X-4.865 Y-28.2
M566 X1200 Y1200
G1 F3000 X-.291 Y-23.625 E0.20172
M566 X1800 Y1800
G0 F7200 X0.459 Y-23.582
M566 X1200 Y1200
G1 F3000 X-4.158 Y-28.2 E0.20362
M566 X1800 Y1800
G0 F7200 X-3.451 Y-28.2
M566 X1200 Y1200
G1 F3000 X1.305 Y-23.443 E0.20975
G1 X1.393 Y-23.355
M566 X1800 Y1800
G0 F7200 X2.338 Y-23.117
M566 X1200 Y1200
G1 F3000 X-2.744 Y-28.2 E0.22412
M566 X1800 Y1800
G0 F7200 X-2.037 Y-28.2
M566 X1200 Y1200
G1 F3000 X3.944 Y-22.218 E0.26377
G1 X4.032 Y-22.13
M566 X1800 Y1800
G0 F7200 X5.739 Y-21.13
M566 X1200 Y1200
G1 F3000 X-1.33 Y-28.2 E0.31174
M566 X1800 Y1800
G0 F7200 X-.622 Y-28.2
M566 X1200 Y1200
G1 F3000 X6.446 Y-21.13 E0.31172
M566 X1800 Y1800
G0 F7200 X6.712 Y-21.571
M566 X1200 Y1200
G1 F3000 X0.084 Y-28.2 E0.2923
M566 X1800 Y1800
G0 F7200 X0.791 Y-28.2
M566 X1200 Y1200
G1 F3000 X6.712 Y-22.278 E0.26112
M566 X1800 Y1800
G0 F7200 X6.712 Y-22.985
M566 X1200 Y1200
G1 F3000 X1.498 Y-28.2 E0.22994
M566 X1800 Y1800
G0 F7200 X2.205 Y-28.2
M566 X1200 Y1200
G1 F3000 X6.712 Y-23.693 E0.19875
M566 X1800 Y1800
G0 F7200 X6.712 Y-24.4
M566 X1200 Y1200
G1 F3000 X2.912 Y-28.2 E0.16757
M566 X1800 Y1800
G0 F7200 X3.619 Y-28.2
M566 X1200 Y1200
G1 F3000 X6.712 Y-25.107 E0.13639
M566 X1800 Y1800
G0 F7200 X6.712 Y-25.814
M566 X1200 Y1200
G1 F3000 X4.326 Y-28.2 E0.10522
M566 X1800 Y1800
G0 F7200 X5.033 Y-28.2
M566 X1200 Y1200
G1 F3000 X6.712 Y-26.521 E0.07404
M566 X1800 Y1800
G0 F7200 X6.712 Y-27.228
M566 X1200 Y1200
G1 F3000 X5.74 Y-28.2 E0.04286
M566 X1800 Y1800
G0 F7200 X6.448 Y-28.2
M566 X1200 Y1200
G1 F3000 X6.712 Y-27.935 E0.01166
M566 X1800 Y1800
G0 F7200 X-3.755 Y-20.632
G0 X-6.713 Y-17.32
G0 X-6.735 Y-17.342
M566 X1200 Y1200
;TYPE:SKIN
G1 F3000 X-6.934 Y-17.187 E0.00678
G1 X-6.99 Y-16.182 E0.02705
G1 X-7.156 Y-15.995 E0.00672
M566 X1800 Y1800
G0 F7200 X-7.188 Y-16.027
G0 X-7.117 Y-1.46
G0 X-6.917 Y-1.26
M566 X1200 Y1200
G1 F3000 X-6.718 Y-1.415 E0.00688
G1 X-6.963 Y-.953 E0.01427
G1 X-6.94 Y-.224 E0.0199
G1 X-7.059 Y0.011 E0.00719
M566 X1800 Y1800
G0 F7200 X-7.187 Y-.116
;MESH:NONMESH
G0 F600 X-7.187 Y-.116 Z4.15
G0 F7200 X-3.552 Y3.471
G0 X-2.897 Y3.916
G0 X-2.185 Y4.259
G0 X-1.43 Y4.493
G0 X-.646 Y4.609
G0 X0.14 Y4.609
G0 X4.314 Y3.584
;TIME_ELAPSED:601.117810
;LAYER:25
M566 X1200 Y1200
;TYPE:WALL-INNER
;MESH:Roborama2026-Lasermount.3mf
G1 F6000 X4.538 Y3.353 E0.01003
G1 X5.084 Y2.597 E0.02908
G1 X5.51 Y1.765 E0.02915
G1 X5.808 Y0.878 E0.02918
G1 X5.971 Y-0.043 E0.02916
G1 X5.994 Y-.978 E0.02916
G1 X5.877 Y-1.905 E0.02913
G1 X5.624 Y-2.806 E0.02918
G1 X5.239 Y-3.658 E0.02915
G1 X4.733 Y-4.444 E0.02915
G1 X4.114 Y-5.144 E0.02914
G1 X3.399 Y-5.744 E0.0291
G1 X2.6 Y-6.232 E0.02919
G1 X1.737 Y-6.594 E0.02918
G1 X0.832 Y-6.826 E0.02913
G1 X-0.096 Y-6.918 E0.02908
G1 X-1.03 Y-6.874 E0.02916
G1 X-1.948 Y-6.688 E0.02921
G1 X-2.825 Y-6.367 E0.02912
G1 X-3.647 Y-5.92 E0.02918
G1 X-4.393 Y-5.355 E0.02918
G1 X-5.044 Y-4.686 E0.02911
G1 X-5.59 Y-3.928 E0.02913
G1 X-6.016 Y-3.097 E0.02912
G1 X-6.314 Y-2.211 E0.02915
G1 X-6.477 Y-1.29 E0.02916
G1 X-6.5 Y-.355 E0.02916
G1 X-6.383 Y0.572 E0.02913
G1 X-6.13 Y1.473 E0.02918
G1 X-5.745 Y2.325 E0.02915
G1 X-5.239 Y3.111 E0.02915
G1 X-4.821 Y3.584 E0.01968
G1 X-7.578 Y3.584 E0.08597
G1 X-7.578 Y-32.916 E1.13812
G1 X7.578 Y-32.916 E0.47258
G1 X7.578 Y3.584 E1.13812
G1 X4.314 Y3.584 E0.10178
M566 X1800 Y1800
G0 F7200 X5.012 Y-.14
G0 X5.031 Y-.929
G0 X4.934 Y-1.714
G0 X4.719 Y-2.475
G0 X4.457 Y-3.059
G0 X-.41 Y-10.415
M566 X1200 Y1200
G1 F6000 X0.523 Y-10.459 E0.02912
G1 X1.442 Y-10.645 E0.02924
G1 X2.319 Y-10.966 E0.02912
G1 X3.14 Y-11.413 E0.02915
G1 X3.887 Y-11.977 E0.02919
G1 X4.538 Y-12.647 E0.02913
G1 X5.084 Y-13.403 E0.02908
G1 X5.51 Y-14.235 E0.02915
G1 X5.808 Y-15.122 E0.02918
G1 X5.971 Y-16.043 E0.02916
G1 X5.994 Y-16.978 E0.02916
G1 X5.877 Y-17.905 E0.02913
G1 X5.624 Y-18.806 E0.02918
G1 X5.239 Y-19.658 E0.02915
G1 X4.733 Y-20.444 E0.02915
G1 X4.114 Y-21.144 E0.02914
G1 X3.399 Y-21.744 E0.0291
G1 X2.6 Y-22.232 E0.02919
G1 X1.737 Y-22.594 E0.02918
G1 X0.832 Y-22.826 E0.02913
G1 X-0.096 Y-22.918 E0.02908
G1 X-1.03 Y-22.874 E0.02916
G1 X-1.948 Y-22.688 E0.02921
G1 X-2.825 Y-22.367 E0.02912
G1 X-3.647 Y-21.92 E0.02918
G1 X-4.393 Y-21.355 E0.02918
G1 X-5.044 Y-20.686 E0.02911
G1 X-5.59 Y-19.928 E0.02913
G1 X-6.016 Y-19.097 E0.02912
G1 X-6.314 Y-18.211 E0.02915
G1 X-6.477 Y-17.29 E0.02916
G1 X-6.5 Y-16.355 E0.02916
G1 X-6.383 Y-15.428 E0.02913
G1 X-6.13 Y-14.527 E0.02918
G1 X-5.745 Y-13.675 E0.02915
G1 X-5.239 Y-12.889 E0.02915
G1 X-4.62 Y-12.189 E0.02914
G1 X-3.905 Y-11.589 E0.0291
G1 X-3.106 Y-11.101 E0.02919
G1 X-2.244 Y-10.739 E0.02915
G1 X-1.339 Y-10.507 E0.02913
G1 X-.41 Y-10.415 E0.02911
M566 X1800 Y1800
G0 F7200 X-.397 Y-10.916
M566 X1200 Y1200
G1 F6000 X0.461 Y-10.957 E0.02678
G1 X1.306 Y-11.128 E0.02688
G1 X2.113 Y-11.423 E0.02679
G1 X2.868 Y-11.834 E0.0268
G1 X3.555 Y-12.353 E0.02685
G1 X4.154 Y-12.969 E0.02679
G1 X4.656 Y-13.665 E0.02676
G1 X5.048 Y-14.43 E0.0268
G1 X5.322 Y-15.246 E0.02684
G1 X5.472 Y-16.093 E0.02682
G1 X5.493 Y-16.953 E0.02682
G1 X5.386 Y-17.806 E0.02681
G1 X5.153 Y-18.634 E0.02682
G1 X4.799 Y-19.418 E0.02682
G1 X4.333 Y-20.141 E0.02682
G1 X3.764 Y-20.785 E0.0268
G1 X3.106 Y-21.337 E0.02678
G1 X2.372 Y-21.786 E0.02683
G1 X1.578 Y-22.119 E0.02685
G1 X0.745 Y-22.332 E0.02681
G1 X-.109 Y-22.417 E0.02676
G1 X-.968 Y-22.376 E0.02682
G1 X-1.812 Y-22.205 E0.02685
G1 X-2.619 Y-21.91 E0.02679
G1 X-3.375 Y-21.499 E0.02683
G1 X-4.061 Y-20.979 E0.02684
G1 X-4.66 Y-20.364 E0.02677
G1 X-5.162 Y-19.666 E0.02681
G1 X-5.554 Y-18.902 E0.02678
G1 X-5.828 Y-18.087 E0.02681
G1 X-5.978 Y-17.24 E0.02682
G1 X-5.999 Y-16.38 E0.02682
G1 X-5.892 Y-15.527 E0.02681
G1 X-5.659 Y-14.699 E0.02682
G1 X-5.305 Y-13.915 E0.02682
G1 X-4.839 Y-13.192 E0.02682
G1 X-4.27 Y-12.548 E0.0268
G1 X-3.612 Y-11.996 E0.02678
G1 X-2.878 Y-11.547 E0.02683
G1 X-2.084 Y-11.214 E0.02685
G1 X-1.252 Y-11.001 E0.02678
G1 X-.397 Y-10.916 E0.02679
M566 X1800 Y1800
G0 F7200 X-.109 Y-6.417
M566 X1200 Y1200
G1 F6000 X-.968 Y-6.376 E0.02682
G1 X-1.812 Y-6.205 E0.02685
G1 X-2.619 Y-5.91 E0.02679
G1 X-3.375 Y-5.499 E0.02683
G1 X-4.061 Y-4.979 E0.02684
G1 X-4.66 Y-4.364 E0.02677
G1 X-5.162 Y-3.666 E0.02681
G1 X-5.554 Y-2.902 E0.02678
G1 X-5.828 Y-2.087 E0.02681
G1 X-5.978 Y-1.24 E0.02682
G1 X-5.999 Y-.38 E0.02682
G1 X-5.892 Y0.473 E0.02681
G1 X-5.659 Y1.301 E0.02682
G1 X-5.305 Y2.085 E0.02682
G1 X-4.839 Y2.808 E0.02682
G1 X-4.27 Y3.452 E0.0268
G1 X-3.612 Y4.004 E0.02678
G1 X-3.481 Y4.084 E0.00479
G1 X-4.058 Y4.084 E0.01317
G1 X-8.078 Y4.084 E0.12535
G1 X-8.078 Y-33.416 E1.1693
G1 X8.078 Y-33.416 E0.50377
G1 X8.078 Y4.084 E1.1693
G1 X3.555 Y4.084 E0.14103
G1 X2.977 Y4.084 E0.01802
G1 X3.555 Y3.647 E0.01174
G1 X4.154 Y3.031 E0.02679
G1 X4.656 Y2.335 E0.02676
G1 X5.048 Y1.57 E0.0268
G1 X5.322 Y0.754 E0.02684
G1 X5.472 Y-0.093 E0.02682
G1 X5.493 Y-.953 E0.02682
G1 X5.386 Y-1.806 E0.02681
G1 X5.153 Y-2.634 E0.02682
G1 X4.799 Y-3.418 E0.02682
G1 X4.333 Y-4.141 E0.02682
G1 X3.764 Y-4.785 E0.0268
G1 X3.106 Y-5.337 E0.02678
G1 X2.372 Y-5.786 E0.02683
G1 X1.578 Y-6.119 E0.02685
G1 X0.745 Y-6.332 E0.02681
G1 X-.109 Y-6.417 E0.02676
M566 X1800 Y1800
G0 F7200 X-.122 Y-5.916
M566 X1200 Y1200
G1 F6000 X-.906 Y-5.878 E0.02447
G1 X-1.676 Y-5.722 E0.0245
G1 X-2.413 Y-5.453 E0.02446
G1 X-3.103 Y-5.078 E0.02449
G1 X-3.729 Y-4.603 E0.0245
G1 X-4.276 Y-4.042 E0.02443
G1 X-4.734 Y-3.405 E0.02446
G1 X-5.092 Y-2.707 E0.02446
G1 X-5.342 Y-1.963 E0.02447
G1 X-5.479 Y-1.19 E0.02448
G1 X-5.498 Y-.405 E0.02448
G1 X-5.401 Y0.374 E0.02448
G1 X-5.188 Y1.129 E0.02446
G1 X-4.865 Y1.845 E0.02449
G1 X-4.439 Y2.505 E0.02449
G1 X-3.92 Y3.093 E0.02446
G1 X-3.319 Y3.597 E0.02446
G1 X-2.649 Y4.007 E0.02449
G1 X-1.925 Y4.311 E0.02448
G1 X-1.165 Y4.505 E0.02446
G1 X-.384 Y4.583 E0.02447
G1 X0.399 Y4.545 E0.02444
G1 X1.17 Y4.389 E0.02453
G1 X1.907 Y4.12 E0.02446
G1 X2.596 Y3.745 E0.02446
G1 X3.223 Y3.271 E0.02451
G1 X3.77 Y2.709 E0.02445
G1 X4.228 Y2.073 E0.02444
G1 X4.586 Y1.375 E0.02446
G1 X4.836 Y0.63 E0.0245
G1 X4.973 Y-.143 E0.02448
G1 X4.992 Y-.928 E0.02448
G1 X4.895 Y-1.707 E0.02448
G1 X4.682 Y-2.462 E0.02446
G1 X4.359 Y-3.178 E0.02449
G1 X3.933 Y-3.838 E0.02449
G1 X3.414 Y-4.426 E0.02446
G1 X2.813 Y-4.93 E0.02446
G1 X2.143 Y-5.34 E0.02449
G1 X1.419 Y-5.644 E0.02448
G1 X0.658 Y-5.838 E0.02449
G1 X-.122 Y-5.916 E0.02444
M566 X1800 Y1800
G0 F7200 X-.12 Y-6.015
G0 X-.386 Y-11.318
G0 X-.384 Y-11.417
M566 X1200 Y1200
G1 F6000 X0.399 Y-11.455 E0.02444
G1 X1.17 Y-11.611 E0.02453
G1 X1.907 Y-11.88 E0.02446
G1 X2.596 Y-12.255 E0.02446
G1 X3.223 Y-12.729 E0.02451
G1 X3.77 Y-13.291 E0.02445
G1 X4.228 Y-13.927 E0.02444
G1 X4.586 Y-14.625 E0.02446
G1 X4.836 Y-15.37 E0.0245
G1 X4.973 Y-16.143 E0.02448
G1 X4.992 Y-16.928 E0.02448
G1 X4.895 Y-17.707 E0.02448
G1 X4.682 Y-18.462 E0.02446
G1 X4.359 Y-19.178 E0.02449
G1 X3.933 Y-19.838 E0.02449
G1 X3.414 Y-20.426 E0.02446
G1 X2.813 Y-20.93 E0.02446
G1 X2.143 Y-21.34 E0.02449
G1 X1.419 Y-21.644 E0.02448
G1 X0.658 Y-21.838 E0.02449
G1 X-.122 Y-21.916 E0.02444
G1 X-.906 Y-21.878 E0.02447
G1 X-1.676 Y-21.722 E0.0245
G1 X-2.413 Y-21.453 E0.02446
G1 X-3.103 Y-21.078 E0.02449
G1 X-3.729 Y-20.603 E0.0245
G1 X-4.276 Y-20.042 E0.02443
G1 X-4.734 Y-19.405 E0.02446
G1 X-5.092 Y-18.707 E0.02446
G1 X-5.342 Y-17.963 E0.02447
G1 X-5.479 Y-17.19 E0.02448
G1 X-5.498 Y-16.405 E0.02448
G1 X-5.401 Y-15.626 E0.02448
G1 X-5.188 Y-14.871 E0.02446
G1 X-4.865 Y-14.155 E0.02449
G1 X-4.439 Y-13.495 E0.02449
G1 X-3.92 Y-12.907 E0.02446
G1 X-3.319 Y-12.403 E0.02446
G1 X-2.649 Y-11.993 E0.02449
G1 X-1.925 Y-11.689 E0.02448
G1 X-1.165 Y-11.495 E0.02446
G1 X-.384 Y-11.417 E0.02447
M566 X1800 Y1800
G0 F7200 X-.386 Y-11.318
G0 X-.384 Y4.484
G0 X-.384 Y4.584
M566 X1200 Y1200
G1 F6000 X-1.165 Y4.584 E0.00193
G1 X-1.925 Y4.584 E0.00822
G1 X-2.488 Y4.584 E0.0141
G1 X-8.578 Y4.584 E0.18989
G1 X-8.578 Y-33.916 E1.20048
G1 X8.578 Y-33.916 E0.53495
G1 X8.578 Y4.584 E1.20048
G1 X1.907 Y4.584 E0.20801
G1 X1.17 Y4.584 E0.01502
G1 X0.399 Y4.584 E0.00554
G1 X-.384 Y4.584 E0.00098
M566 X1800 Y1800
G0 F7200 X-.371 Y4.082
M566 X1200 Y1200
;TYPE:WALL-OUTER
G1 F3000 X0.337 Y4.047 E0.0221
G1 X1.034 Y3.906 E0.02217
G1 X1.701 Y3.663 E0.02214
G1 X2.324 Y3.324 E0.02212
G1 X2.891 Y2.895 E0.02217
G1 X3.386 Y2.387 E0.02212
G1 X3.8 Y1.811 E0.02212
G1 X4.124 Y1.18 E0.02212
G1 X4.35 Y0.506 E0.02217
G1 X4.474 Y-.193 E0.02214
G1 X4.491 Y-.903 E0.02215
G1 X4.403 Y-1.608 E0.02215
G1 X4.211 Y-2.291 E0.02212
G1 X3.919 Y-2.938 E0.02213
G1 X3.533 Y-3.535 E0.02217
G1 X3.064 Y-4.067 E0.02211
G1 X2.52 Y-4.523 E0.02213
G1 X1.914 Y-4.894 E0.02216
G1 X1.26 Y-5.169 E0.02212
G1 X0.571 Y-5.344 E0.02217
G1 X-.135 Y-5.415 E0.02213
G1 X-.844 Y-5.38 E0.02213
G1 X-1.54 Y-5.239 E0.02214
G1 X-2.207 Y-4.996 E0.02214
G1 X-2.831 Y-4.657 E0.02214
G1 X-3.397 Y-4.227 E0.02216
G1 X-3.892 Y-3.72 E0.02209
G1 X-4.306 Y-3.144 E0.02212
G1 X-4.63 Y-2.512 E0.02215
G1 X-4.856 Y-1.839 E0.02214
G1 X-4.98 Y-1.14 E0.02214
G1 X-4.997 Y-.43 E0.02215
G1 X-4.909 Y0.275 E0.02215
G1 X-4.717 Y0.958 E0.02212
G1 X-4.425 Y1.605 E0.02213
G1 X-4.039 Y2.202 E0.02217
G1 X-3.57 Y2.734 E0.02211
G1 X-3.026 Y3.19 E0.02213
G1 X-2.42 Y3.561 E0.02216
G1 X-1.766 Y3.836 E0.02212
G1 X-1.078 Y4.011 E0.02214
G1 X-.371 Y4.082 E0.02216
M566 X1800 Y1800
G0 F7200 X-.121 Y4.07
G0 X-0.093 Y4.67
G0 X-8.508 Y4.514
G0 X-9.078 Y5.084
M566 X1200 Y1200
G1 F3000 X-9.078 Y-34.416 E1.23166
G1 X9.078 Y-34.416 E0.56613
G1 X9.078 Y5.084 E1.23166
G1 X-9.078 Y5.084 E0.56613
M566 X1800 Y1800
G0 F7200 X-9.078 Y4.834
G0 X-8.508 Y4.514
G0 X-4.768 Y-3.425
G0 X-.43 Y-11.322
G0 X-.371 Y-11.918
M566 X1200 Y1200
G1 F3000 X0.337 Y-11.953 E0.0221
G1 X1.034 Y-12.094 E0.02217
G1 X1.701 Y-12.337 E0.02214
G1 X2.324 Y-12.676 E0.02212
G1 X2.891 Y-13.105 E0.02217
G1 X3.386 Y-13.613 E0.02212
G1 X3.8 Y-14.189 E0.02212
G1 X4.124 Y-14.82 E0.02212
G1 X4.35 Y-15.494 E0.02217
G1 X4.474 Y-16.193 E0.02214
G1 X4.491 Y-16.903 E0.02215
G1 X4.403 Y-17.608 E0.02215
G1 X4.211 Y-18.291 E0.02212
G1 X3.919 Y-18.938 E0.02213
G1 X3.533 Y-19.535 E0.02217
G1 X3.064 Y-20.067 E0.02211
G1 X2.52 Y-20.523 E0.02213
G1 X1.914 Y-20.894 E0.02216
G1 X1.26 Y-21.169 E0.02212
G1 X0.571 Y-21.344 E0.02217
G1 X-.135 Y-21.415 E0.02213
G1 X-.844 Y-21.38 E0.02213
G1 X-1.54 Y-21.239 E0.02214
G1 X-2.207 Y-20.996 E0.02214
G1 X-2.831 Y-20.657 E0.02214
G1 X-3.397 Y-20.227 E0.02216
G1 X-3.892 Y-19.72 E0.02209
G1 X-4.306 Y-19.144 E0.02212
G1 X-4.63 Y-18.512 E0.02215
G1 X-4.856 Y-17.839 E0.02214
G1 X-4.98 Y-17.14 E0.02214
G1 X-4.997 Y-16.43 E0.02215
G1 X-4.909 Y-15.725 E0.02215
G1 X-4.717 Y-15.042 E0.02212
G1 X-4.425 Y-14.395 E0.02213
G1 X-4.039 Y-13.798 E0.02217
G1 X-3.57 Y-13.266 E0.02211
G1 X-3.026 Y-12.81 E0.02213
G1 X-2.42 Y-12.439 E0.02216
G1 X-1.766 Y-12.164 E0.02212
G1 X-1.078 Y-11.989 E0.02214
G1 X-.371 Y-11.918 E0.02216
M566 X1800 Y1800
G0 F7200 X-.121 Y-11.93
G0 X-0.093 Y-11.33
G0 X0.298 Y-10.248
M566 X1200 Y1200
;TYPE:FILL
G1 F6000 X7.378 Y-10.248 E0.22076
M566 X1800 Y1800
G0 F7200 X7.378 Y-10.719
M566 X1200 Y1200
G1 F6000 X5.552 Y-13.88 E0.11383
G1 X5.573 Y-13.92
G1 X7.378 Y-13.92 E0.05628
M566 X1800 Y1800
G0 F7200 X7.378 Y-14.22
M566 X1200 Y1200
G1 F6000 X2.822 Y-6.33 E0.28409
M566 X1800 Y1800
G0 F7200 X2.302 Y-6.574
M566 X1200 Y1200
G1 F6000 X7.378 Y-6.574 E0.15828
M566 X1800 Y1800
G0 F7200 X7.378 Y-6.871
M566 X1200 Y1200
G1 F6000 X5.486 Y-3.594 E0.11799
M566 X1800 Y1800
G0 F7200 X5.801 Y-2.9
M566 X1200 Y1200
G1 F6000 X7.378 Y-2.9 E0.04917
M566 X1800 Y1800
G0 F7200 X7.378 Y-3.369
M566 X1200 Y1200
G1 F6000 X2.931 Y-11.072 E0.27734
G1 X2.869 Y-11.18
M566 X1800 Y1800
G0 F7200 X0.883 Y-10.328
M566 X1200 Y1200
G1 F6000 X-.994 Y-7.076 E0.11708
G1 X-1.056 Y-6.968
M566 X1800 Y1800
G0 F7200 X-2.839 Y-6.574
M566 X1200 Y1200
G1 F6000 X-7.378 Y-6.574 E0.14153
M566 X1800 Y1800
G0 F7200 X-7.378 Y-6.869
M566 X1200 Y1200
G1 F6000 X-5.75 Y-4.049 E0.10153
G1 X-5.688 Y-3.941
M566 X1800 Y1800
G0 F7200 X-6.294 Y-2.9
M566 X1200 Y1200
G1 F6000 X-7.378 Y-2.9 E0.0338
M566 X1800 Y1800
G0 F7200 X-7.378 Y-3.369
M566 X1200 Y1200
G1 F6000 X-3.052 Y-10.861 E0.26976
G1 X-2.99 Y-10.969
M566 X1800 Y1800
G0 F7200 X-.842 Y-10.257
M566 X1200 Y1200
G1 F6000 X1.051 Y-6.978 E0.11806
G1 X1.113 Y-6.87
M566 X1800 Y1800
G0 F7200 X-.756 Y-10.248
M566 X1200 Y1200
G1 F6000 X-7.378 Y-10.248 E0.20648
M566 X1800 Y1800
G0 F7200 X-7.378 Y-10.718
M566 X1200 Y1200
G1 F6000 X-5.818 Y-13.42 E0.09729
M566 X1800 Y1800
G0 F7200 X-6.074 Y-13.92
M566 X1200 Y1200
G1 F6000 X-7.378 Y-13.92 E0.04066
M566 X1800 Y1800
G0 F7200 X-7.378 Y-14.221
M566 X1200 Y1200
G1 F6000 X-2.938 Y-6.532 E0.27686
G1 X-2.876 Y-6.424
M566 X1800 Y1800
G0 F7200 X-4.768 Y-3.425
G0 X-6.534 Y0.775
M566 X1200 Y1200
G1 F6000 X-7.378 Y0.775 E0.02632
M566 X1800 Y1800
G0 F7200 X-7.378 Y0.471
M566 X1200 Y1200
G1 F6000 X-5.696 Y3.384 E0.10489
G1 X-5.634 Y3.492
M566 X1800 Y1800
G0 F7200 X-7.033 Y3.384
M566 X1200 Y1200
G1 F6000 X-6.165 Y1.88 E0.05415
G1 X-6.103 Y1.772
M566 X1800 Y1800
G0 F7200 X-2.667 Y4.042
G0 X-1.937 Y4.348
G0 X-1.171 Y4.544
G0 X-.385 Y4.622
G0 X0.403 Y4.584
G0 X5.697 Y3.384
M566 X1200 Y1200
G1 F6000 X7.378 Y0.472 E0.10484
M566 X1800 Y1800
G0 F7200 X7.378 Y0.775
M566 X1200 Y1200
G1 F6000 X6.03 Y0.775 E0.04203
M566 X1800 Y1800
G0 F7200 X5.86 Y1.352
M566 X1200 Y1200
G1 F6000 X7.033 Y3.384 E0.07316
G1 X7.095 Y3.492
M566 X1800 Y1800
G0 F7200 X7.378 Y-17.6
M566 X1200 Y1200
G1 F6000 X6.117 Y-17.6 E0.03932
G1 X5.992 Y-17.6
M566 X1800 Y1800
G0 F7200 X5.815 Y-18.869
M566 X1200 Y1200
G1 F6000 X6.881 Y-20.716 E0.0665
G1 X6.943 Y-20.824
M566 X1800 Y1800
G0 F7200 X5.85 Y-20.716
M566 X1200 Y1200
G1 F6000 X7.378 Y-18.07 E0.09527
G1 X7.44 Y-17.962
M566 X1800 Y1800
G0 F7200 X7.198 Y-28.616
M566 X1200 Y1200
G1 F6000 X7.378 Y-28.928 E0.01123
M566 X1800 Y1800
G0 F7200 X7.378 Y-28.627
M566 X1200 Y1200
G1 F6000 X-7.378 Y-28.627 E0.46011
G1 X-7.195 Y-28.616
G1 X-7.378 Y-28.932 E0.01139
M566 X1800 Y1800
G0 F7200 X-5.531 Y-28.616
M566 X1200 Y1200
G1 F6000 X-3.164 Y-32.716 E0.14762
G1 X-3.102 Y-32.824
M566 X1800 Y1800
G0 F7200 X-1.079 Y-32.716
M566 X1200 Y1200
G1 F6000 X1.288 Y-28.616 E0.14762
G1 X1.35 Y-28.508
M566 X1800 Y1800
G0 F7200 X2.955 Y-28.616
M566 X1200 Y1200
G1 F6000 X5.322 Y-32.716 E0.14762
G1 X5.384 Y-32.824
M566 X1800 Y1800
G0 F7200 X7.378 Y-32.302
M566 X1200 Y1200
G1 F6000 X-7.378 Y-32.302 E0.46011
G1 X-7.503 Y-32.302
M566 X1800 Y1800
G0 F7200 X-5.322 Y-32.716
M566 X1200 Y1200
G1 F6000 X-2.955 Y-28.616 E0.14762
G1 X-2.893 Y-28.508
M566 X1800 Y1800
G0 F7200 X-1.288 Y-28.616
M566 X1200 Y1200
G1 F6000 X1.08 Y-32.716 E0.14763
G1 X1.142 Y-32.824
M566 X1800 Y1800
G0 F7200 X3.165 Y-32.716
M566 X1200 Y1200
G1 F6000 X5.532 Y-28.616 E0.14762
G1 X5.594 Y-28.508
M566 X1800 Y1800
G0 F7200 X-5.85 Y-20.716
M566 X1200 Y1200
G1 F6000 X-7.378 Y-18.069 E0.0953
M566 X1800 Y1800
G0 F7200 X-7.378 Y-17.6
M566 X1200 Y1200
G1 F6000 X-6.625 Y-17.6 E0.02348
M566 X1800 Y1800
G0 F7200 X-6.102 Y-19.367
M566 X1200 Y1200
G1 F6000 X-6.881 Y-20.716 E0.04857
G1 X-6.943 Y-20.824
M566 X1800 Y1800
G0 F7200 X-7.088 Y-20.906
M566 X1200 Y1200
;TYPE:SKIN
G1 F3000 X-7.088 Y-28.426 E0.23448
G1 X7.088 Y-28.426 E0.44203
G1 X7.088 Y-20.906 E0.23448
G1 X4.978 Y-20.906 E0.06579
G1 X4.457 Y-21.496 E0.02454
G1 X3.685 Y-22.143 E0.03141
G1 X2.824 Y-22.669 E0.03146
G1 X1.894 Y-23.06 E0.03146
G1 X0.918 Y-23.31 E0.03142
G1 X-0.084 Y-23.41 E0.0314
G1 X-1.091 Y-23.362 E0.03144
G1 X-2.082 Y-23.161 E0.03153
G1 X-3.027 Y-22.814 E0.03139
G1 X-3.913 Y-22.333 E0.03144
G1 X-4.718 Y-21.723 E0.03149
G1 X-5.421 Y-21.002 E0.0314
G1 X-5.49 Y-20.906 E0.00369
G1 X-7.088 Y-20.906 E0.04983
M566 X1800 Y1800
G0 F7200 X-6.448 Y-28.2
M566 X1200 Y1200
G1 F3000 X-6.862 Y-27.785 E0.01828
M566 X1800 Y1800
G0 F7200 X-6.862 Y-27.078
M566 X1200 Y1200
G1 F3000 X-5.74 Y-28.2 E0.04948
M566 X1800 Y1800
G0 F7200 X-5.033 Y-28.2
M566 X1200 Y1200
G1 F3000 X-6.862 Y-26.371 E0.08065
M566 X1800 Y1800
G0 F7200 X-6.862 Y-25.664
M566 X1200 Y1200
G1 F3000 X-4.326 Y-28.2 E0.11183
M566 X1800 Y1800
G0 F7200 X-3.619 Y-28.2
M566 X1200 Y1200
G1 F3000 X-6.862 Y-24.957 E0.14301
M566 X1800 Y1800
G0 F7200 X-6.862 Y-24.25
M566 X1200 Y1200
G1 F3000 X-2.912 Y-28.2 E0.17418
M566 X1800 Y1800
G0 F7200 X-2.205 Y-28.2
M566 X1200 Y1200
G1 F3000 X-6.862 Y-23.543 E0.20536
M566 X1800 Y1800
G0 F7200 X-6.862 Y-22.836
M566 X1200 Y1200
G1 F3000 X-1.498 Y-28.2 E0.23654
M566 X1800 Y1800
G0 F7200 X-.791 Y-28.2
M566 X1200 Y1200
G1 F3000 X-6.862 Y-22.128 E0.26774
M566 X1800 Y1800
G0 F7200 X-6.862 Y-21.421
M566 X1200 Y1200
G1 F3000 X-0.084 Y-28.2 E0.29891
M566 X1800 Y1800
G0 F7200 X0.622 Y-28.2
M566 X1200 Y1200
G1 F3000 X-6.447 Y-21.129 E0.31177
M566 X1800 Y1800
G0 F7200 X-5.74 Y-21.129
M566 X1200 Y1200
G1 F3000 X1.33 Y-28.2 E0.31179
M566 X1800 Y1800
G0 F7200 X2.037 Y-28.2
M566 X1200 Y1200
G1 F3000 X-3.174 Y-22.988 E0.22981
G1 X-3.262 Y-22.9
M566 X1800 Y1800
G0 F7200 X-2.061 Y-23.394
M566 X1200 Y1200
G1 F3000 X2.744 Y-28.2 E0.21191
M566 X1800 Y1800
G0 F7200 X3.451 Y-28.2
M566 X1200 Y1200
G1 F3000 X-1.174 Y-23.574 E0.20397
M566 X1800 Y1800
G0 F7200 X-.422 Y-23.618
M566 X1200 Y1200
G1 F3000 X4.158 Y-28.2 E0.20201
M566 X1800 Y1800
G0 F7200 X4.865 Y-28.2
M566 X1200 Y1200
G1 F3000 X0.265 Y-23.6 E0.20285
M566 X1800 Y1800
G0 F7200 X0.908 Y-23.536
M566 X1200 Y1200
G1 F3000 X5.572 Y-28.2 E0.20567
M566 X1800 Y1800
G0 F7200 X6.279 Y-28.2
M566 X1200 Y1200
G1 F3000 X1.477 Y-23.398 E0.21175
M566 X1800 Y1800
G0 F7200 X2.032 Y-23.245
M566 X1200 Y1200
G1 F3000 X6.862 Y-28.075 E0.21299
M566 X1800 Y1800
G0 F7200 X6.862 Y-27.368
M566 X1200 Y1200
G1 F3000 X2.529 Y-23.035 E0.19107
M566 X1800 Y1800
G0 F7200 X3.015 Y-22.814
M566 X1200 Y1200
G1 F3000 X6.862 Y-26.661 E0.16964
M566 X1800 Y1800
G0 F7200 X6.862 Y-25.954
M566 X1200 Y1200
G1 F3000 X3.454 Y-22.546 E0.15028
M566 X1800 Y1800
G0 F7200 X3.883 Y-22.268
M566 X1200 Y1200
G1 F3000 X6.862 Y-25.247 E0.13137
M566 X1800 Y1800
G0 F7200 X6.862 Y-24.54
M566 X1200 Y1200
G1 F3000 X4.268 Y-21.946 E0.11439
M566 X1800 Y1800
G0 F7200 X4.648 Y-21.619
M566 X1200 Y1200
G1 F3000 X6.862 Y-23.833 E0.09763
M566 X1800 Y1800
G0 F7200 X6.862 Y-23.125
M566 X1200 Y1200
G1 F3000 X4.98 Y-21.243 E0.08299
M566 X1800 Y1800
G0 F7200 X5.573 Y-21.129
M566 X1200 Y1200
G1 F3000 X6.862 Y-22.418 E0.05684
M566 X1800 Y1800
G0 F7200 X6.862 Y-21.711
M566 X1200 Y1200
G1 F3000 X6.28 Y-21.129 E0.02566
M566 X1800 Y1800
;MESH:NONMESH
G0 F600 X6.28 Y-21.129 Z4.3
G0 F7200 X5.012 Y-.14
G0 X4.314 Y3.584
;TIME_ELAPSED:620.019811
;LAYER:26
M566 X1200 Y1200
;TYPE:WALL-INNER
;MESH:Roborama2026-Lasermount.3mf
G1 F6000 X4.538 Y3.353 E0.01003
G1 X5.084 Y2.597 E0.02908
G1 X5.51 Y1.765 E0.02915
G1 X5.808 Y0.878 E0.02918
G1 X5.971 Y-0.043 E0.02916
G1 X5.994 Y-.978 E0.02916
G1 X5.877 Y-1.905 E0.02913
G1 X5.624 Y-2.806 E0.02918
G1 X5.239 Y-3.658 E0.02915
G1 X4.733 Y-4.444 E0.02915
G1 X4.114 Y-5.144 E0.02914
G1 X3.399 Y-5.744 E0.0291
G1 X2.6 Y-6.232 E0.02919
G1 X1.737 Y-6.594 E0.02918
G1 X0.832 Y-6.826 E0.02913
G1 X-0.096 Y-6.918 E0.02908
G1 X-1.03 Y-6.874 E0.02916
G1 X-1.948 Y-6.688 E0.02921
G1 X-2.825 Y-6.367 E0.02912
G1 X-3.647 Y-5.92 E0.02918
G1 X-4.393 Y-5.355 E0.02918
G1 X-5.044 Y-4.686 E0.02911
G1 X-5.59 Y-3.928 E0.02913
G1 X-6.016 Y-3.097 E0.02912
G1 X-6.314 Y-2.211 E0.02915
G1 X-6.477 Y-1.29 E0.02916
G1 X-6.5 Y-.355 E0.02916
G1 X-6.383 Y0.572 E0.02913
G1 X-6.13 Y1.473 E0.02918
G1 X-5.745 Y2.325 E0.02915
G1 X-5.239 Y3.111 E0.02915
G1 X-4.821 Y3.584 E0.01968
G1 X-7.728 Y3.584 E0.09064
G1 X-7.728 Y-32.916 E1.13812
G1 X7.728 Y-32.916 E0.48194
G1 X7.728 Y3.584 E1.13812
G1 X4.314 Y3.584 E0.10645
M566 X1800 Y1800
G0 F7200 X5.012 Y-.14
G0 X5.031 Y-.929
G0 X4.934 Y-1.714
G0 X4.719 Y-2.475
G0 X4.457 Y-3.059
G0 X-.41 Y-10.415
M566 X1200 Y1200
G1 F6000 X0.523 Y-10.459 E0.02912
G1 X1.442 Y-10.645 E0.02924
G1 X2.319 Y-10.966 E0.02912
G1 X3.14 Y-11.413 E0.02915
G1 X3.887 Y-11.977 E0.02919
G1 X4.538 Y-12.647 E0.02913
G1 X5.084 Y-13.403 E0.02908
G1 X5.51 Y-14.235 E0.02915
G1 X5.808 Y-15.122 E0.02918
G1 X5.971 Y-16.043 E0.02916
G1 X5.994 Y-16.978 E0.02916
G1 X5.877 Y-17.905 E0.02913
G1 X5.624 Y-18.806 E0.02918
G1 X5.239 Y-19.658 E0.02915
G1 X4.733 Y-20.444 E0.02915
G1 X4.114 Y-21.144 E0.02914
G1 X3.399 Y-21.744 E0.0291
G1 X2.6 Y-22.232 E0.02919
G1 X1.737 Y-22.594 E0.02918
G1 X0.832 Y-22.826 E0.02913
G1 X-0.096 Y-22.918 E0.02908
G1 X-1.03 Y-22.874 E0.02916
G1 X-1.948 Y-22.688 E0.02921
G1 X-2.825 Y-22.367 E0.02912
G1 X-3.647 Y-21.92 E0.02918
G1 X-4.393 Y-21.355 E0.02918
G1 X-5.044 Y-20.686 E0.02911
G1 X-5.59 Y-19.928 E0.02913
G1 X-6.016 Y-19.097 E0.02912
G1 X-6.314 Y-18.211 E0.02915
G1 X-6.477 Y-17.29 E0.02916
G1 X-6.5 Y-16.355 E0.02916
G1 X-6.383 Y-15.428 E0.02913
G1 X-6.13 Y-14.527 E0.02918
G1 X-5.745 Y-13.675 E0.02915
G1 X-5.239 Y-12.889 E0.02915
G1 X-4.62 Y-12.189 E0.02914
G1 X-3.905 Y-11.589 E0.0291
G1 X-3.106 Y-11.101 E0.02919
G1 X-2.244 Y-10.739 E0.02915
G1 X-1.339 Y-10.507 E0.02913
G1 X-.41 Y-10.415 E0.02911
M566 X1800 Y1800
G0 F7200 X-.397 Y-10.916
M566 X1200 Y1200
G1 F6000 X0.461 Y-10.957 E0.02678
G1 X1.306 Y-11.128 E0.02688
G1 X2.113 Y-11.423 E0.02679
G1 X2.868 Y-11.834 E0.0268
G1 X3.555 Y-12.353 E0.02685
G1 X4.154 Y-12.969 E0.02679
G1 X4.656 Y-13.665 E0.02676
G1 X5.048 Y-14.43 E0.0268
G1 X5.322 Y-15.246 E0.02684
G1 X5.472 Y-16.093 E0.02682
G1 X5.493 Y-16.953 E0.02682
G1 X5.386 Y-17.806 E0.02681
G1 X5.153 Y-18.634 E0.02682
G1 X4.799 Y-19.418 E0.02682
G1 X4.333 Y-20.141 E0.02682
G1 X3.764 Y-20.785 E0.0268
G1 X3.106 Y-21.337 E0.02678
G1 X2.372 Y-21.786 E0.02683
G1 X1.578 Y-22.119 E0.02685
G1 X0.745 Y-22.332 E0.02681
G1 X-.109 Y-22.417 E0.02676
G1 X-.968 Y-22.376 E0.02682
G1 X-1.812 Y-22.205 E0.02685
G1 X-2.619 Y-21.91 E0.02679
G1 X-3.375 Y-21.499 E0.02683
G1 X-4.061 Y-20.979 E0.02684
G1 X-4.66 Y-20.364 E0.02677
G1 X-5.162 Y-19.666 E0.02681
G1 X-5.554 Y-18.902 E0.02678
G1 X-5.828 Y-18.087 E0.02681
G1 X-5.978 Y-17.24 E0.02682
G1 X-5.999 Y-16.38 E0.02682
G1 X-5.892 Y-15.527 E0.02681
G1 X-5.659 Y-14.699 E0.02682
G1 X-5.305 Y-13.915 E0.02682
G1 X-4.839 Y-13.192 E0.02682
G1 X-4.27 Y-12.548 E0.0268
G1 X-3.612 Y-11.996 E0.02678
G1 X-2.878 Y-11.547 E0.02683
G1 X-2.084 Y-11.214 E0.02685
G1 X-1.252 Y-11.001 E0.02678
G1 X-.397 Y-10.916 E0.02679
M566 X1800 Y1800
G0 F7200 X-.109 Y-6.417
M566 X1200 Y1200
G1 F6000 X-.968 Y-6.376 E0.02682
G1 X-1.812 Y-6.205 E0.02685
G1 X-2.619 Y-5.91 E0.02679
G1 X-3.375 Y-5.499 E0.02683
G1 X-4.061 Y-4.979 E0.02684
G1 X-4.66 Y-4.364 E0.02677
G1 X-5.162 Y-3.666 E0.02681
G1 X-5.554 Y-2.902 E0.02678
G1 X-5.828 Y-2.087 E0.02681
G1 X-5.978 Y-1.24 E0.02682
G1 X-5.999 Y-.38 E0.02682
G1 X-5.892 Y0.473 E0.02681
G1 X-5.659 Y1.301 E0.02682
G1 X-5.305 Y2.085 E0.02682
G1 X-4.839 Y2.808 E0.02682
G1 X-4.27 Y3.452 E0.0268
G1 X-3.612 Y4.004 E0.02678
G1 X-3.481 Y4.084 E0.00479
G1 X-4.058 Y4.084 E0.01317
G1 X-8.228 Y4.084 E0.13003
G1 X-8.228 Y-33.416 E1.1693
G1 X8.228 Y-33.416 E0.51312
G1 X8.228 Y4.084 E1.1693
G1 X3.555 Y4.084 E0.14571
G1 X2.977 Y4.084 E0.01802
G1 X3.555 Y3.647 E0.01174
G1 X4.154 Y3.031 E0.02679
G1 X4.656 Y2.335 E0.02676
G1 X5.048 Y1.57 E0.0268
G1 X5.322 Y0.754 E0.02684
G1 X5.472 Y-0.093 E0.02682
G1 X5.493 Y-.953 E0.02682
G1 X5.386 Y-1.806 E0.02681
G1 X5.153 Y-2.634 E0.02682
G1 X4.799 Y-3.418 E0.02682
G1 X4.333 Y-4.141 E0.02682
G1 X3.764 Y-4.785 E0.0268
G1 X3.106 Y-5.337 E0.02678
G1 X2.372 Y-5.786 E0.02683
G1 X1.578 Y-6.119 E0.02685
G1 X0.745 Y-6.332 E0.02681
G1 X-.109 Y-6.417 E0.02676
M566 X1800 Y1800
G0 F7200 X-.122 Y-5.916
M566 X1200 Y1200
G1 F6000 X-.906 Y-5.878 E0.02447
G1 X-1.676 Y-5.722 E0.0245
G1 X-2.413 Y-5.453 E0.02446
G1 X-3.103 Y-5.078 E0.02449
G1 X-3.729 Y-4.603 E0.0245
G1 X-4.276 Y-4.042 E0.02443
G1 X-4.734 Y-3.405 E0.02446
G1 X-5.092 Y-2.707 E0.02446
G1 X-5.342 Y-1.963 E0.02447
G1 X-5.479 Y-1.19 E0.02448
G1 X-5.498 Y-.405 E0.02448
G1 X-5.401 Y0.374 E0.02448
G1 X-5.188 Y1.129 E0.02446
G1 X-4.865 Y1.845 E0.02449
G1 X-4.439 Y2.505 E0.02449
G1 X-3.92 Y3.093 E0.02446
G1 X-3.319 Y3.597 E0.02446
G1 X-2.649 Y4.007 E0.02449
G1 X-1.925 Y4.311 E0.02448
G1 X-1.165 Y4.505 E0.02446
G1 X-.384 Y4.583 E0.02447
G1 X0.399 Y4.545 E0.02444
G1 X1.17 Y4.389 E0.02453
G1 X1.907 Y4.12 E0.02446
G1 X2.596 Y3.745 E0.02446
G1 X3.223 Y3.271 E0.02451
G1 X3.77 Y2.709 E0.02445
G1 X4.228 Y2.073 E0.02444
G1 X4.586 Y1.375 E0.02446
G1 X4.836 Y0.63 E0.0245
G1 X4.973 Y-.143 E0.02448
G1 X4.992 Y-.928 E0.02448
G1 X4.895 Y-1.707 E0.02448
G1 X4.682 Y-2.462 E0.02446
G1 X4.359 Y-3.178 E0.02449
G1 X3.933 Y-3.838 E0.02449
G1 X3.414 Y-4.426 E0.02446
G1 X2.813 Y-4.93 E0.02446
G1 X2.143 Y-5.34 E0.02449
G1 X1.419 Y-5.644 E0.02448
G1 X0.658 Y-5.838 E0.02449
G1 X-.122 Y-5.916 E0.02444
M566 X1800 Y1800
G0 F7200 X-.12 Y-6.015
G0 X-.386 Y-11.318
G0 X-.384 Y-11.417
M566 X1200 Y1200
G1 F6000 X0.399 Y-11.455 E0.02444
G1 X1.17 Y-11.611 E0.02453
G1 X1.907 Y-11.88 E0.02446
G1 X2.596 Y-12.255 E0.02446
G1 X3.223 Y-12.729 E0.02451
G1 X3.77 Y-13.291 E0.02445
G1 X4.228 Y-13.927 E0.02444
G1 X4.586 Y-14.625 E0.02446
G1 X4.836 Y-15.37 E0.0245
G1 X4.973 Y-16.143 E0.02448
G1 X4.992 Y-16.928 E0.02448
G1 X4.895 Y-17.707 E0.02448
G1 X4.682 Y-18.462 E0.02446
G1 X4.359 Y-19.178 E0.02449
G1 X3.933 Y-19.838 E0.02449
G1 X3.414 Y-20.426 E0.02446
G1 X2.813 Y-20.93 E0.02446
G1 X2.143 Y-21.34 E0.02449
G1 X1.419 Y-21.644 E0.02448
G1 X0.658 Y-21.838 E0.02449
G1 X-.122 Y-21.916 E0.02444
G1 X-.906 Y-21.878 E0.02447
G1 X-1.676 Y-21.722 E0.0245
G1 X-2.413 Y-21.453 E0.02446
G1 X-3.103 Y-21.078 E0.02449
G1 X-3.729 Y-20.603 E0.0245
G1 X-4.276 Y-20.042 E0.02443
G1 X-4.734 Y-19.405 E0.02446
G1 X-5.092 Y-18.707 E0.02446
G1 X-5.342 Y-17.963 E0.02447
G1 X-5.479 Y-17.19 E0.02448
G1 X-5.498 Y-16.405 E0.02448
G1 X-5.401 Y-15.626 E0.02448
G1 X-5.188 Y-14.871 E0.02446
G1 X-4.865 Y-14.155 E0.02449
G1 X-4.439 Y-13.495 E0.02449
G1 X-3.92 Y-12.907 E0.02446
G1 X-3.319 Y-12.403 E0.02446
G1 X-2.649 Y-11.993 E0.02449
G1 X-1.925 Y-11.689 E0.02448
G1 X-1.165 Y-11.495 E0.02446
G1 X-.384 Y-11.417 E0.02447
M566 X1800 Y1800
G0 F7200 X-.386 Y-11.318
G0 X-.384 Y4.484
G0 X-.384 Y4.584
M566 X1200 Y1200
G1 F6000 X-1.165 Y4.584 E0.00193
G1 X-1.925 Y4.584 E0.00822
G1 X-2.488 Y4.584 E0.0141
G1 X-8.728 Y4.584 E0.19457
G1 X-8.728 Y-33.916 E1.20048
G1 X8.728 Y-33.916 E0.5443
G1 X8.728 Y4.584 E1.20048
G1 X1.907 Y4.584 E0.21269
G1 X1.17 Y4.584 E0.01502
G1 X0.399 Y4.584 E0.00554
G1 X-.384 Y4.584 E0.00098
M566 X1800 Y1800
G0 F7200 X-.371 Y4.082
M566 X1200 Y1200
;TYPE:WALL-OUTER
G1 F3000 X0.337 Y4.047 E0.0221
G1 X1.034 Y3.906 E0.02217
G1 X1.701 Y3.663 E0.02214
G1 X2.324 Y3.324 E0.02212
G1 X2.891 Y2.895 E0.02217
G1 X3.386 Y2.387 E0.02212
G1 X3.8 Y1.811 E0.02212
G1 X4.124 Y1.18 E0.02212
G1 X4.35 Y0.506 E0.02217
G1 X4.474 Y-.193 E0.02214
G1 X4.491 Y-.903 E0.02215
G1 X4.403 Y-1.608 E0.02215
G1 X4.211 Y-2.291 E0.02212
G1 X3.919 Y-2.938 E0.02213
G1 X3.533 Y-3.535 E0.02217
G1 X3.064 Y-4.067 E0.02211
G1 X2.52 Y-4.523 E0.02213
G1 X1.914 Y-4.894 E0.02216
G1 X1.26 Y-5.169 E0.02212
G1 X0.571 Y-5.344 E0.02217
G1 X-.135 Y-5.415 E0.02213
G1 X-.844 Y-5.38 E0.02213
G1 X-1.54 Y-5.239 E0.02214
G1 X-2.207 Y-4.996 E0.02214
G1 X-2.831 Y-4.657 E0.02214
G1 X-3.397 Y-4.227 E0.02216
G1 X-3.892 Y-3.72 E0.02209
G1 X-4.306 Y-3.144 E0.02212
G1 X-4.63 Y-2.512 E0.02215
G1 X-4.856 Y-1.839 E0.02214
G1 X-4.98 Y-1.14 E0.02214
G1 X-4.997 Y-.43 E0.02215
G1 X-4.909 Y0.275 E0.02215
G1 X-4.717 Y0.958 E0.02212
G1 X-4.425 Y1.605 E0.02213
G1 X-4.039 Y2.202 E0.02217
G1 X-3.57 Y2.734 E0.02211
G1 X-3.026 Y3.19 E0.02213
G1 X-2.42 Y3.561 E0.02216
G1 X-1.766 Y3.836 E0.02212
G1 X-1.078 Y4.011 E0.02214
G1 X-.371 Y4.082 E0.02216
M566 X1800 Y1800
G0 F7200 X-.121 Y4.07
G0 X-0.093 Y4.67
G0 X-8.658 Y4.514
G0 X-9.228 Y5.084
M566 X1200 Y1200
G1 F3000 X-9.228 Y-34.416 E1.23166
G1 X9.228 Y-34.416 E0.57548
G1 X9.228 Y5.084 E1.23166
G1 X-9.228 Y5.084 E0.57548
M566 X1800 Y1800
G0 F7200 X-9.228 Y4.834
G0 X-8.658 Y4.514
G0 X-5.157 Y-2.631
G0 X-.43 Y-11.322
G0 X-.371 Y-11.918
M566 X1200 Y1200
G1 F3000 X0.337 Y-11.953 E0.0221
G1 X1.034 Y-12.094 E0.02217
G1 X1.701 Y-12.337 E0.02214
G1 X2.324 Y-12.676 E0.02212
G1 X2.891 Y-13.105 E0.02217
G1 X3.386 Y-13.613 E0.02212
G1 X3.8 Y-14.189 E0.02212
G1 X4.124 Y-14.82 E0.02212
G1 X4.35 Y-15.494 E0.02217
G1 X4.474 Y-16.193 E0.02214
G1 X4.491 Y-16.903 E0.02215
G1 X4.403 Y-17.608 E0.02215
G1 X4.211 Y-18.291 E0.02212
G1 X3.919 Y-18.938 E0.02213
G1 X3.533 Y-19.535 E0.02217
G1 X3.064 Y-20.067 E0.02211
G1 X2.52 Y-20.523 E0.02213
G1 X1.914 Y-20.894 E0.02216
G1 X1.26 Y-21.169 E0.02212
G1 X0.571 Y-21.344 E0.02217
G1 X-.135 Y-21.415 E0.02213
G1 X-.844 Y-21.38 E0.02213
G1 X-1.54 Y-21.239 E0.02214
G1 X-2.207 Y-20.996 E0.02214
G1 X-2.831 Y-20.657 E0.02214
G1 X-3.397 Y-20.227 E0.02216
G1 X-3.892 Y-19.72 E0.02209
G1 X-4.306 Y-19.144 E0.02212
G1 X-4.63 Y-18.512 E0.02215
G1 X-4.856 Y-17.839 E0.02214
G1 X-4.98 Y-17.14 E0.02214
G1 X-4.997 Y-16.43 E0.02215
G1 X-4.909 Y-15.725 E0.02215
G1 X-4.717 Y-15.042 E0.02212
G1 X-4.425 Y-14.395 E0.02213
G1 X-4.039 Y-13.798 E0.02217
G1 X-3.57 Y-13.266 E0.02211
G1 X-3.026 Y-12.81 E0.02213
G1 X-2.42 Y-12.439 E0.02216
G1 X-1.766 Y-12.164 E0.02212
G1 X-1.078 Y-11.989 E0.02214
G1 X-.371 Y-11.918 E0.02216
M566 X1800 Y1800
G0 F7200 X-.121 Y-11.93
G0 X-0.093 Y-11.33
G0 X-.973 Y-10.269
M566 X1200 Y1200
;TYPE:FILL
G1 F6000 X0.907 Y-7.015 E0.11718
G1 X0.969 Y-6.907
M566 X1800 Y1800
G0 F7200 X2.05 Y-6.68
M566 X1200 Y1200
G1 F6000 X7.528 Y-6.68 E0.17081
G1 X7.528 Y-6.919
G1 X5.54 Y-3.475 E0.124
M566 X1800 Y1800
G0 F7200 X5.753 Y-3.006
M566 X1200 Y1200
G1 F6000 X7.528 Y-3.006 E0.05535
G1 X7.528 Y-2.897
G1 X2.838 Y-11.021 E0.2925
G1 X2.776 Y-11.129
M566 X1800 Y1800
G0 F7200 X1.022 Y-10.356
M566 X1200 Y1200
G1 F6000 X-.868 Y-7.082 E0.11788
G1 X-.93 Y-6.974
M566 X1800 Y1800
G0 F7200 X-2.55 Y-6.68
M566 X1200 Y1200
G1 F6000 X-7.528 Y-6.68 E0.15522
G1 X-7.528 Y-6.917
G1 X-5.809 Y-3.939 E0.10722
G1 X-5.747 Y-3.831
M566 X1800 Y1800
G0 F7200 X-6.258 Y-3.006
M566 X1200 Y1200
G1 F6000 X-7.528 Y-3.006 E0.0396
G1 X-7.528 Y-2.898
G1 X-2.954 Y-10.82 E0.28524
G1 X-2.892 Y-10.928
M566 X1800 Y1800
G0 F7200 X-1.552 Y-10.354
M566 X1200 Y1200
G1 F6000 X-7.528 Y-10.354 E0.18634
G1 X-7.528 Y-10.246
G1 X-5.754 Y-13.319 E0.11064
M566 X1800 Y1800
G0 F7200 X-6.123 Y-14.026
M566 X1200 Y1200
G1 F6000 X-7.528 Y-14.026 E0.04381
G1 X-7.528 Y-14.269
G1 X-3.031 Y-6.481 E0.28042
G1 X-2.969 Y-6.373
M566 X1800 Y1800
G0 F7200 X1.012 Y-10.354
M566 X1200 Y1200
G1 F6000 X7.528 Y-10.354 E0.20318
G1 X7.528 Y-10.246
G1 X5.495 Y-13.768 E0.1268
M566 X1800 Y1800
G0 F7200 X5.627 Y-14.026
M566 X1200 Y1200
G1 F6000 X7.528 Y-14.026 E0.05928
G1 X7.528 Y-14.27
G1 X2.912 Y-6.275 E0.28786
G1 X2.85 Y-6.167
M566 X1800 Y1800
G0 F7200 X4.532 Y-2.845
G0 X6.048 Y0.669
M566 X1200 Y1200
G1 F6000 X7.528 Y0.669 E0.04615
G1 X7.528 Y0.424
G1 X5.819 Y3.384 E0.10658
G1 X5.757 Y3.492
M566 X1800 Y1800
G0 F7200 X6.91 Y3.384
M566 X1200 Y1200
G1 F6000 X5.815 Y1.487 E0.0683
G1 X5.753 Y1.379
M566 X1800 Y1800
G0 F7200 X2.617 Y3.778
G0 X1.923 Y4.156
G0 X1.18 Y4.427
G0 X0.403 Y4.584
G0 X-.385 Y4.622
G0 X-1.021 Y4.559
G0 X-5.819 Y3.384
M566 X1200 Y1200
G1 F6000 X-6.361 Y2.446 E0.03378
G1 X-6.367 Y2.436
G1 X-7.528 Y0.425 E0.07241
G1 X-7.528 Y0.669
G1 X-6.564 Y0.669 E0.03006
M566 X1800 Y1800
G0 F7200 X-6.111 Y1.999
M566 X1200 Y1200
G1 F6000 X-6.911 Y3.384 E0.04987
G1 X-6.973 Y3.492
M566 X1800 Y1800
G0 F7200 X-7.528 Y-17.592
M566 X1200 Y1200
G1 F6000 X-7.466 Y-17.699 E0.00386
G1 X-7.461 Y-17.714
G1 X-5.728 Y-20.716 E0.10808
G1 X-5.666 Y-20.824
M566 X1800 Y1800
G0 F7200 X-7.004 Y-20.716
M566 X1200 Y1200
G1 F6000 X-6.16 Y-19.255 E0.05261
G1 X-6.098 Y-19.147
M566 X1800 Y1800
G0 F7200 X-6.606 Y-17.706
M566 X1200 Y1200
G1 F6000 X-7.528 Y-17.706 E0.02875
M566 X1800 Y1800
G0 F7200 X-7.318 Y-28.616
M566 X1200 Y1200
G1 F6000 X-7.528 Y-28.98 E0.0131
G1 X-7.528 Y-28.733
G1 X7.528 Y-28.733 E0.46947
G1 X7.319 Y-28.616
G1 X7.528 Y-28.978 E0.01303
M566 X1800 Y1800
G0 F7200 X5.409 Y-28.616
M566 X1200 Y1200
G1 F6000 X3.042 Y-32.716 E0.14762
G1 X2.98 Y-32.824
M566 X1800 Y1800
G0 F7200 X1.201 Y-32.716
M566 X1200 Y1200
G1 F6000 X-1.166 Y-28.616 E0.14762
G1 X-1.228 Y-28.508
M566 X1800 Y1800
G0 F7200 X-3.077 Y-28.616
M566 X1200 Y1200
G1 F6000 X-5.445 Y-32.716 E0.14763
G1 X-5.507 Y-32.824
M566 X1800 Y1800
G0 F7200 X-7.283 Y-32.716
M566 X1200 Y1200
G1 F6000 X-7.528 Y-32.292 E0.01527
G1 X-7.528 Y-32.408
G1 X7.528 Y-32.408 E0.46947
G1 X7.528 Y-32.293
G1 X7.284 Y-32.716 E0.01523
M566 X1800 Y1800
G0 F7200 X5.444 Y-32.716
M566 X1200 Y1200
G1 F6000 X3.077 Y-28.616 E0.14762
G1 X3.015 Y-28.508
M566 X1800 Y1800
G0 F7200 X1.166 Y-28.616
M566 X1200 Y1200
G1 F6000 X-1.202 Y-32.716 E0.14763
G1 X-1.264 Y-32.824
M566 X1800 Y1800
G0 F7200 X-3.041 Y-32.716
M566 X1200 Y1200
G1 F6000 X-5.408 Y-28.616 E0.14762
G1 X-5.47 Y-28.508
M566 X1800 Y1800
G0 F7200 X5.727 Y-20.716
M566 X1200 Y1200
G1 F6000 X7.46 Y-17.715 E0.10806
G1 X7.466 Y-17.698
G1 X7.528 Y-17.591 E0.00386
G1 X7.528 Y-17.706
G1 X6.104 Y-17.706 E0.0444
G1 X5.979 Y-17.706
M566 X1800 Y1800
G0 F7200 X5.855 Y-18.726
M566 X1200 Y1200
G1 F6000 X7.004 Y-20.716 E0.07165
G1 X7.066 Y-20.824
M566 X1800 Y1800
G0 F7200 X7.238 Y-20.906
M566 X1200 Y1200
;TYPE:SKIN
G1 F3000 X4.978 Y-20.906 E0.07047
G1 X4.457 Y-21.496 E0.02454
G1 X3.685 Y-22.143 E0.03141
G1 X2.824 Y-22.669 E0.03146
G1 X1.894 Y-23.06 E0.03146
G1 X0.918 Y-23.31 E0.03142
G1 X-0.084 Y-23.41 E0.0314
G1 X-1.091 Y-23.362 E0.03144
G1 X-2.082 Y-23.161 E0.03153
G1 X-3.027 Y-22.814 E0.03139
G1 X-3.913 Y-22.333 E0.03144
G1 X-4.718 Y-21.723 E0.03149
G1 X-5.421 Y-21.002 E0.0314
G1 X-5.49 Y-20.906 E0.00369
G1 X-7.238 Y-20.906 E0.05451
G1 X-7.238 Y-28.426 E0.23448
G1 X7.238 Y-28.426 E0.45138
G1 X7.238 Y-20.906 E0.23448
M566 X1800 Y1800
G0 F7200 X6.447 Y-28.2
M566 X1200 Y1200
G1 F3000 X7.013 Y-27.635 E0.02494
M566 X1800 Y1800
G0 F7200 X7.013 Y-26.928
M566 X1200 Y1200
G1 F3000 X5.74 Y-28.2 E0.05611
M566 X1800 Y1800
G0 F7200 X5.033 Y-28.2
M566 X1200 Y1200
G1 F3000 X7.013 Y-26.22 E0.08731
M566 X1800 Y1800
G0 F7200 X7.013 Y-25.513
M566 X1200 Y1200
G1 F3000 X4.326 Y-28.2 E0.11849
M566 X1800 Y1800
G0 F7200 X3.618 Y-28.2
M566 X1200 Y1200
G1 F3000 X7.013 Y-24.806 E0.14969
M566 X1800 Y1800
G0 F7200 X7.013 Y-24.099
M566 X1200 Y1200
G1 F3000 X2.911 Y-28.2 E0.18086
M566 X1800 Y1800
G0 F7200 X2.204 Y-28.2
M566 X1200 Y1200
G1 F3000 X7.013 Y-23.392 E0.21204
M566 X1800 Y1800
G0 F7200 X7.013 Y-22.685
M566 X1200 Y1200
G1 F3000 X1.497 Y-28.2 E0.24322
M566 X1800 Y1800
G0 F7200 X0.79 Y-28.2
M566 X1200 Y1200
G1 F3000 X7.013 Y-21.978 E0.27439
M566 X1800 Y1800
G0 F7200 X7.013 Y-21.271
M566 X1200 Y1200
G1 F3000 X0.083 Y-28.2 E0.30557
M566 X1800 Y1800
G0 F7200 X-.623 Y-28.2
M566 X1200 Y1200
G1 F3000 X6.446 Y-21.13 E0.31174
M566 X1800 Y1800
G0 F7200 X5.739 Y-21.13
M566 X1200 Y1200
G1 F3000 X-1.33 Y-28.2 E0.31174
M566 X1800 Y1800
G0 F7200 X-2.037 Y-28.2
M566 X1200 Y1200
G1 F3000 X3.944 Y-22.218 E0.26377
G1 X4.032 Y-22.13
M566 X1800 Y1800
G0 F7200 X2.339 Y-23.116
M566 X1200 Y1200
G1 F3000 X-2.744 Y-28.2 E0.22417
M566 X1800 Y1800
G0 F7200 X-3.452 Y-28.2
M566 X1200 Y1200
G1 F3000 X1.306 Y-23.442 E0.20981
M566 X1800 Y1800
G0 F7200 X0.459 Y-23.582
M566 X1200 Y1200
G1 F3000 X-4.159 Y-28.2 E0.20364
M566 X1800 Y1800
G0 F7200 X-4.866 Y-28.2
M566 X1200 Y1200
G1 F3000 X-.291 Y-23.625 E0.20174
M566 X1800 Y1800
G0 F7200 X-.965 Y-23.593
M566 X1200 Y1200
G1 F3000 X-5.573 Y-28.2 E0.20318
M566 X1800 Y1800
G0 F7200 X-6.28 Y-28.2
M566 X1200 Y1200
G1 F3000 X-1.574 Y-23.494 E0.20752
M566 X1800 Y1800
G0 F7200 X-2.159 Y-23.372
M566 X1200 Y1200
G1 F3000 X-6.987 Y-28.2 E0.2129
M566 X1800 Y1800
G0 F7200 X-7.013 Y-27.519
M566 X1200 Y1200
G1 F3000 X-2.676 Y-23.182 E0.19125
M566 X1800 Y1800
G0 F7200 X-3.184 Y-22.983
M566 X1200 Y1200
G1 F3000 X-7.013 Y-26.812 E0.16885
M566 X1800 Y1800
G0 F7200 X-7.013 Y-26.104
M566 X1200 Y1200
G1 F3000 X-3.643 Y-22.735 E0.14859
M566 X1800 Y1800
G0 F7200 X-4.094 Y-22.478
M566 X1200 Y1200
G1 F3000 X-7.013 Y-25.397 E0.12872
M566 X1800 Y1800
G0 F7200 X-7.013 Y-24.69
M566 X1200 Y1200
G1 F3000 X-4.496 Y-22.174 E0.11097
M566 X1800 Y1800
G0 F7200 X-4.893 Y-21.864
M566 X1200 Y1200
G1 F3000 X-7.013 Y-23.983 E0.09346
M566 X1800 Y1800
G0 F7200 X-7.013 Y-23.276
M566 X1200 Y1200
G1 F3000 X-5.242 Y-21.505 E0.0781
M566 X1800 Y1800
G0 F7200 X-5.591 Y-21.148
M566 X1200 Y1200
G1 F3000 X-7.013 Y-22.569 E0.06268
M566 X1800 Y1800
G0 F7200 X-7.013 Y-21.862
M566 X1200 Y1200
G1 F3000 X-6.281 Y-21.13 E0.03228
G1 X-6.193 Y-21.042
M566 X1800 Y1800
;MESH:NONMESH
G0 F600 X-6.193 Y-21.042 Z4.45
G0 F7200 X-5.44 Y-15.619
G0 X-5.225 Y-14.858
G0 X-4.9 Y-14.136
G0 X0.664 Y-5.877
G0 X1.431 Y-5.681
G0 X2.161 Y-5.375
G0 X2.836 Y-4.962
G0 X3.441 Y-4.454
G0 X3.964 Y-3.862
G0 X4.394 Y-3.197
G0 X4.719 Y-2.475
G0 X4.934 Y-1.714
G0 X5.031 Y-.929
G0 X5.016 Y-.29
G0 X4.314 Y3.584
;TIME_ELAPSED:639.210966
;LAYER:27
M566 X1200 Y1200
;TYPE:WALL-INNER
;MESH:Roborama2026-Lasermount.3mf
G1 F6000 X4.538 Y3.353 E0.01003
G1 X5.084 Y2.597 E0.02908
G1 X5.51 Y1.765 E0.02915
G1 X5.808 Y0.878 E0.02918
G1 X5.971 Y-0.043 E0.02916
G1 X5.994 Y-.978 E0.02916
G1 X5.877 Y-1.905 E0.02913
G1 X5.624 Y-2.806 E0.02918
G1 X5.239 Y-3.658 E0.02915
G1 X4.733 Y-4.444 E0.02915
G1 X4.114 Y-5.144 E0.02914
G1 X3.399 Y-5.744 E0.0291
G1 X2.6 Y-6.232 E0.02919
G1 X1.737 Y-6.594 E0.02918
G1 X0.832 Y-6.826 E0.02913
G1 X-0.096 Y-6.918 E0.02908
G1 X-1.03 Y-6.874 E0.02916
G1 X-1.948 Y-6.688 E0.02921
G1 X-2.825 Y-6.367 E0.02912
G1 X-3.647 Y-5.92 E0.02918
G1 X-4.393 Y-5.355 E0.02918
G1 X-5.044 Y-4.686 E0.02911
G1 X-5.59 Y-3.928 E0.02913
G1 X-6.016 Y-3.097 E0.02912
G1 X-6.314 Y-2.211 E0.02915
G1 X-6.477 Y-1.29 E0.02916
G1 X-6.5 Y-.355 E0.02916
G1 X-6.383 Y0.572 E0.02913
G1 X-6.13 Y1.473 E0.02918
G1 X-5.745 Y2.325 E0.02915
G1 X-5.239 Y3.111 E0.02915
G1 X-4.821 Y3.584 E0.01968
G1 X-7.869 Y3.584 E0.09504
G1 X-7.869 Y-32.916 E1.13812
G1 X7.869 Y-32.916 E0.49073
G1 X7.87 Y3.584 E1.13812
G1 X4.314 Y3.584 E0.11088
M566 X1800 Y1800
G0 F7200 X5.012 Y-.14
G0 X5.031 Y-.929
G0 X4.934 Y-1.714
G0 X4.719 Y-2.475
G0 X4.457 Y-3.059
G0 X-.41 Y-10.415
M566 X1200 Y1200
G1 F6000 X0.523 Y-10.459 E0.02912
G1 X1.442 Y-10.645 E0.02924
G1 X2.319 Y-10.966 E0.02912
G1 X3.14 Y-11.413 E0.02915
G1 X3.887 Y-11.977 E0.02919
G1 X4.538 Y-12.647 E0.02913
G1 X5.084 Y-13.403 E0.02908
G1 X5.51 Y-14.235 E0.02915
G1 X5.808 Y-15.122 E0.02918
G1 X5.971 Y-16.043 E0.02916
G1 X5.994 Y-16.978 E0.02916
G1 X5.877 Y-17.905 E0.02913
G1 X5.624 Y-18.806 E0.02918
G1 X5.239 Y-19.658 E0.02915
G1 X4.733 Y-20.444 E0.02915
G1 X4.114 Y-21.144 E0.02914
G1 X3.399 Y-21.744 E0.0291
G1 X2.6 Y-22.232 E0.02919
G1 X1.737 Y-22.594 E0.02918
G1 X0.832 Y-22.826 E0.02913
G1 X-0.096 Y-22.918 E0.02908
G1 X-1.03 Y-22.874 E0.02916
G1 X-1.948 Y-22.688 E0.02921
G1 X-2.825 Y-22.367 E0.02912
G1 X-3.647 Y-21.92 E0.02918
G1 X-4.393 Y-21.355 E0.02918
G1 X-5.044 Y-20.686 E0.02911
G1 X-5.59 Y-19.928 E0.02913
G1 X-6.016 Y-19.097 E0.02912
G1 X-6.314 Y-18.211 E0.02915
G1 X-6.477 Y-17.29 E0.02916
G1 X-6.5 Y-16.355 E0.02916
G1 X-6.383 Y-15.428 E0.02913
G1 X-6.13 Y-14.527 E0.02918
G1 X-5.745 Y-13.675 E0.02915
G1 X-5.239 Y-12.889 E0.02915
G1 X-4.62 Y-12.189 E0.02914
G1 X-3.905 Y-11.589 E0.0291
G1 X-3.106 Y-11.101 E0.02919
G1 X-2.244 Y-10.739 E0.02915
G1 X-1.339 Y-10.507 E0.02913
G1 X-.41 Y-10.415 E0.02911
M566 X1800 Y1800
G0 F7200 X-.397 Y-10.916
M566 X1200 Y1200
G1 F6000 X0.461 Y-10.957 E0.02678
G1 X1.306 Y-11.128 E0.02688
G1 X2.113 Y-11.423 E0.02679
G1 X2.868 Y-11.834 E0.0268
G1 X3.555 Y-12.353 E0.02685
G1 X4.154 Y-12.969 E0.02679
G1 X4.656 Y-13.665 E0.02676
G1 X5.048 Y-14.43 E0.0268
G1 X5.322 Y-15.246 E0.02684
G1 X5.472 Y-16.093 E0.02682
G1 X5.493 Y-16.953 E0.02682
G1 X5.386 Y-17.806 E0.02681
G1 X5.153 Y-18.634 E0.02682
G1 X4.799 Y-19.418 E0.02682
G1 X4.333 Y-20.141 E0.02682
G1 X3.764 Y-20.785 E0.0268
G1 X3.106 Y-21.337 E0.02678
G1 X2.372 Y-21.786 E0.02683
G1 X1.578 Y-22.119 E0.02685
G1 X0.745 Y-22.332 E0.02681
G1 X-.109 Y-22.417 E0.02676
G1 X-.968 Y-22.376 E0.02682
G1 X-1.812 Y-22.205 E0.02685
G1 X-2.619 Y-21.91 E0.02679
G1 X-3.375 Y-21.499 E0.02683
G1 X-4.061 Y-20.979 E0.02684
G1 X-4.66 Y-20.364 E0.02677
G1 X-5.162 Y-19.666 E0.02681
G1 X-5.554 Y-18.902 E0.02678
G1 X-5.828 Y-18.087 E0.02681
G1 X-5.978 Y-17.24 E0.02682
G1 X-5.999 Y-16.38 E0.02682
G1 X-5.892 Y-15.527 E0.02681
G1 X-5.659 Y-14.699 E0.02682
G1 X-5.305 Y-13.915 E0.02682
G1 X-4.839 Y-13.192 E0.02682
G1 X-4.27 Y-12.548 E0.0268
G1 X-3.612 Y-11.996 E0.02678
G1 X-2.878 Y-11.547 E0.02683
G1 X-2.084 Y-11.214 E0.02685
G1 X-1.252 Y-11.001 E0.02678
G1 X-.397 Y-10.916 E0.02679
M566 X1800 Y1800
G0 F7200 X-.109 Y-6.417
M566 X1200 Y1200
G1 F6000 X-.968 Y-6.376 E0.02682
G1 X-1.812 Y-6.205 E0.02685
G1 X-2.619 Y-5.91 E0.02679
G1 X-3.375 Y-5.499 E0.02683
G1 X-4.061 Y-4.979 E0.02684
G1 X-4.66 Y-4.364 E0.02677
G1 X-5.162 Y-3.666 E0.02681
G1 X-5.554 Y-2.902 E0.02678
G1 X-5.828 Y-2.087 E0.02681
G1 X-5.978 Y-1.24 E0.02682
G1 X-5.999 Y-.38 E0.02682
G1 X-5.892 Y0.473 E0.02681
G1 X-5.659 Y1.301 E0.02682
G1 X-5.305 Y2.085 E0.02682
G1 X-4.839 Y2.808 E0.02682
G1 X-4.27 Y3.452 E0.0268
G1 X-3.612 Y4.004 E0.02678
G1 X-3.481 Y4.084 E0.00479
G1 X-4.058 Y4.084 E0.01317
G1 X-8.369 Y4.084 E0.13442
G1 X-8.369 Y-33.416 E1.1693
G1 X8.369 Y-33.416 E0.52191
G1 X8.37 Y4.084 E1.1693
G1 X3.555 Y4.084 E0.15014
G1 X2.977 Y4.084 E0.01802
G1 X3.555 Y3.647 E0.01174
G1 X4.154 Y3.031 E0.02679
G1 X4.656 Y2.335 E0.02676
G1 X5.048 Y1.57 E0.0268
G1 X5.322 Y0.754 E0.02684
G1 X5.472 Y-0.093 E0.02682
G1 X5.493 Y-.953 E0.02682
G1 X5.386 Y-1.806 E0.02681
G1 X5.153 Y-2.634 E0.02682
G1 X4.799 Y-3.418 E0.02682
G1 X4.333 Y-4.141 E0.02682
G1 X3.764 Y-4.785 E0.0268
G1 X3.106 Y-5.337 E0.02678
G1 X2.372 Y-5.786 E0.02683
G1 X1.578 Y-6.119 E0.02685
G1 X0.745 Y-6.332 E0.02681
G1 X-.109 Y-6.417 E0.02676
M566 X1800 Y1800
G0 F7200 X-.122 Y-5.916
M566 X1200 Y1200
G1 F6000 X-.906 Y-5.878 E0.02447
G1 X-1.676 Y-5.722 E0.0245
G1 X-2.413 Y-5.453 E0.02446
G1 X-3.103 Y-5.078 E0.02449
G1 X-3.729 Y-4.603 E0.0245
G1 X-4.276 Y-4.042 E0.02443
G1 X-4.734 Y-3.405 E0.02446
G1 X-5.092 Y-2.707 E0.02446
G1 X-5.342 Y-1.963 E0.02447
G1 X-5.479 Y-1.19 E0.02448
G1 X-5.498 Y-.405 E0.02448
G1 X-5.401 Y0.374 E0.02448
G1 X-5.188 Y1.129 E0.02446
G1 X-4.865 Y1.845 E0.02449
G1 X-4.439 Y2.505 E0.02449
G1 X-3.92 Y3.093 E0.02446
G1 X-3.319 Y3.597 E0.02446
G1 X-2.649 Y4.007 E0.02449
G1 X-1.925 Y4.311 E0.02448
G1 X-1.165 Y4.505 E0.02446
G1 X-.384 Y4.583 E0.02447
G1 X0.399 Y4.545 E0.02444
G1 X1.17 Y4.389 E0.02453
G1 X1.907 Y4.12 E0.02446
G1 X2.596 Y3.745 E0.02446
G1 X3.223 Y3.271 E0.02451
G1 X3.77 Y2.709 E0.02445
G1 X4.228 Y2.073 E0.02444
G1 X4.586 Y1.375 E0.02446
G1 X4.836 Y0.63 E0.0245
G1 X4.973 Y-.143 E0.02448
G1 X4.992 Y-.928 E0.02448
G1 X4.895 Y-1.707 E0.02448
G1 X4.682 Y-2.462 E0.02446
G1 X4.359 Y-3.178 E0.02449
G1 X3.933 Y-3.838 E0.02449
G1 X3.414 Y-4.426 E0.02446
G1 X2.813 Y-4.93 E0.02446
G1 X2.143 Y-5.34 E0.02449
G1 X1.419 Y-5.644 E0.02448
G1 X0.658 Y-5.838 E0.02449
G1 X-.122 Y-5.916 E0.02444
M566 X1800 Y1800
G0 F7200 X-.12 Y-6.015
G0 X-.386 Y-11.318
G0 X-.384 Y-11.417
M566 X1200 Y1200
G1 F6000 X0.399 Y-11.455 E0.02444
G1 X1.17 Y-11.611 E0.02453
G1 X1.907 Y-11.88 E0.02446
G1 X2.596 Y-12.255 E0.02446
G1 X3.223 Y-12.729 E0.02451
G1 X3.77 Y-13.291 E0.02445
G1 X4.228 Y-13.927 E0.02444
G1 X4.586 Y-14.625 E0.02446
G1 X4.836 Y-15.37 E0.0245
G1 X4.973 Y-16.143 E0.02448
G1 X4.992 Y-16.928 E0.02448
G1 X4.895 Y-17.707 E0.02448
G1 X4.682 Y-18.462 E0.02446
G1 X4.359 Y-19.178 E0.02449
G1 X3.933 Y-19.838 E0.02449
G1 X3.414 Y-20.426 E0.02446
G1 X2.813 Y-20.93 E0.02446
G1 X2.143 Y-21.34 E0.02449
G1 X1.419 Y-21.644 E0.02448
G1 X0.658 Y-21.838 E0.02449
G1 X-.122 Y-21.916 E0.02444
G1 X-.906 Y-21.878 E0.02447
G1 X-1.676 Y-21.722 E0.0245
G1 X-2.413 Y-21.453 E0.02446
G1 X-3.103 Y-21.078 E0.02449
G1 X-3.729 Y-20.603 E0.0245
G1 X-4.276 Y-20.042 E0.02443
G1 X-4.734 Y-19.405 E0.02446
G1 X-5.092 Y-18.707 E0.02446
G1 X-5.342 Y-17.963 E0.02447
G1 X-5.479 Y-17.19 E0.02448
G1 X-5.498 Y-16.405 E0.02448
G1 X-5.401 Y-15.626 E0.02448
G1 X-5.188 Y-14.871 E0.02446
G1 X-4.865 Y-14.155 E0.02449
G1 X-4.439 Y-13.495 E0.02449
G1 X-3.92 Y-12.907 E0.02446
G1 X-3.319 Y-12.403 E0.02446
G1 X-2.649 Y-11.993 E0.02449
G1 X-1.925 Y-11.689 E0.02448
G1 X-1.165 Y-11.495 E0.02446
G1 X-.384 Y-11.417 E0.02447
M566 X1800 Y1800
G0 F7200 X-.386 Y-11.318
G0 X-.384 Y4.484
G0 X-.384 Y4.584
M566 X1200 Y1200
G1 F6000 X-1.165 Y4.584 E0.00193
G1 X-1.925 Y4.584 E0.00822
G1 X-2.488 Y4.584 E0.0141
G1 X-8.869 Y4.584 E0.19897
G1 X-8.869 Y-33.916 E1.20048
G1 X8.869 Y-33.916 E0.5531
G1 X8.87 Y4.584 E1.20048
G1 X1.907 Y4.584 E0.21712
G1 X1.17 Y4.584 E0.01502
G1 X0.399 Y4.584 E0.00554
G1 X-.384 Y4.584 E0.00098
M566 X1800 Y1800
G0 F7200 X-.371 Y4.082
M566 X1200 Y1200
;TYPE:WALL-OUTER
G1 F3000 X0.337 Y4.047 E0.0221
G1 X1.034 Y3.906 E0.02217
G1 X1.701 Y3.663 E0.02214
G1 X2.324 Y3.324 E0.02212
G1 X2.891 Y2.895 E0.02217
G1 X3.386 Y2.387 E0.02212
G1 X3.8 Y1.811 E0.02212
G1 X4.124 Y1.18 E0.02212
G1 X4.35 Y0.506 E0.02217
G1 X4.474 Y-.193 E0.02214
G1 X4.491 Y-.903 E0.02215
G1 X4.403 Y-1.608 E0.02215
G1 X4.211 Y-2.291 E0.02212
G1 X3.919 Y-2.938 E0.02213
G1 X3.533 Y-3.535 E0.02217
G1 X3.064 Y-4.067 E0.02211
G1 X2.52 Y-4.523 E0.02213
G1 X1.914 Y-4.894 E0.02216
G1 X1.26 Y-5.169 E0.02212
G1 X0.571 Y-5.344 E0.02217
G1 X-.135 Y-5.415 E0.02213
G1 X-.844 Y-5.38 E0.02213
G1 X-1.54 Y-5.239 E0.02214
G1 X-2.207 Y-4.996 E0.02214
G1 X-2.831 Y-4.657 E0.02214
G1 X-3.397 Y-4.227 E0.02216
G1 X-3.892 Y-3.72 E0.02209
G1 X-4.306 Y-3.144 E0.02212
G1 X-4.63 Y-2.512 E0.02215
G1 X-4.856 Y-1.839 E0.02214
G1 X-4.98 Y-1.14 E0.02214
G1 X-4.997 Y-.43 E0.02215
G1 X-4.909 Y0.275 E0.02215
G1 X-4.717 Y0.958 E0.02212
G1 X-4.425 Y1.605 E0.02213
G1 X-4.039 Y2.202 E0.02217
G1 X-3.57 Y2.734 E0.02211
G1 X-3.026 Y3.19 E0.02213
G1 X-2.42 Y3.561 E0.02216
G1 X-1.766 Y3.836 E0.02212
G1 X-1.078 Y4.011 E0.02214
G1 X-.371 Y4.082 E0.02216
M566 X1800 Y1800
G0 F7200 X-.121 Y4.07
G0 X-0.093 Y4.67
G0 X-8.799 Y4.514
G0 X-9.369 Y5.084
M566 X1200 Y1200
G1 F3000 X-9.369 Y-34.416 E1.23166
G1 X9.369 Y-34.416 E0.58428
G1 X9.37 Y5.084 E1.23166
G1 X-9.369 Y5.084 E0.58431
M566 X1800 Y1800
G0 F7200 X-9.369 Y4.834
G0 X-8.799 Y4.514
G0 X-5.172 Y-2.631
G0 X-.43 Y-11.322
G0 X-.371 Y-11.918
M566 X1200 Y1200
G1 F3000 X0.337 Y-11.953 E0.0221
G1 X1.034 Y-12.094 E0.02217
G1 X1.701 Y-12.337 E0.02214
G1 X2.324 Y-12.676 E0.02212
G1 X2.891 Y-13.105 E0.02217
G1 X3.386 Y-13.613 E0.02212
G1 X3.8 Y-14.189 E0.02212
G1 X4.124 Y-14.82 E0.02212
G1 X4.35 Y-15.494 E0.02217
G1 X4.474 Y-16.193 E0.02214
G1 X4.491 Y-16.903 E0.02215
G1 X4.403 Y-17.608 E0.02215
G1 X4.211 Y-18.291 E0.02212
G1 X3.919 Y-18.938 E0.02213
G1 X3.533 Y-19.535 E0.02217
G1 X3.064 Y-20.067 E0.02211
G1 X2.52 Y-20.523 E0.02213
G1 X1.914 Y-20.894 E0.02216
G1 X1.26 Y-21.169 E0.02212
G1 X0.571 Y-21.344 E0.02217
G1 X-.135 Y-21.415 E0.02213
G1 X-.844 Y-21.38 E0.02213
G1 X-1.54 Y-21.239 E0.02214
G1 X-2.207 Y-20.996 E0.02214
G1 X-2.831 Y-20.657 E0.02214
G1 X-3.397 Y-20.227 E0.02216
G1 X-3.892 Y-19.72 E0.02209
G1 X-4.306 Y-19.144 E0.02212
G1 X-4.63 Y-18.512 E0.02215
G1 X-4.856 Y-17.839 E0.02214
G1 X-4.98 Y-17.14 E0.02214
G1 X-4.997 Y-16.43 E0.02215
G1 X-4.909 Y-15.725 E0.02215
G1 X-4.717 Y-15.042 E0.02212
G1 X-4.425 Y-14.395 E0.02213
G1 X-4.039 Y-13.798 E0.02217
G1 X-3.57 Y-13.266 E0.02211
G1 X-3.026 Y-12.81 E0.02213
G1 X-2.42 Y-12.439 E0.02216
G1 X-1.766 Y-12.164 E0.02212
G1 X-1.078 Y-11.989 E0.02214
G1 X-.371 Y-11.918 E0.02216
M566 X1800 Y1800
G0 F7200 X-.121 Y-11.93
G0 X-0.093 Y-11.33
G0 X-1.103 Y-10.282
M566 X1200 Y1200
;TYPE:FILL
G1 F6000 X0.773 Y-7.033 E0.11698
G1 X0.835 Y-6.925
M566 X1800 Y1800
G0 F7200 X1.796 Y-6.786
M566 X1200 Y1200
G1 F6000 X7.67 Y-6.786 E0.18316
G1 X7.67 Y-6.951
G1 X5.594 Y-3.356 E0.12945
M566 X1800 Y1800
G0 F7200 X5.705 Y-3.113
M566 X1200 Y1200
G1 F6000 X7.67 Y-3.113 E0.06127
M566 X1800 Y1800
G0 F7200 X7.67 Y-2.44
M566 X1200 Y1200
G1 F6000 X2.745 Y-10.971 E0.30715
G1 X2.683 Y-11.079
M566 X1800 Y1800
G0 F7200 X1.517 Y-10.46
M566 X1200 Y1200
G1 F6000 X7.669 Y-10.46 E0.19183
M566 X1800 Y1800
G0 F7200 X7.669 Y-9.789
M566 X1200 Y1200
G1 F6000 X5.437 Y-13.655 E0.1392
M566 X1800 Y1800
G0 F7200 X5.681 Y-14.132
M566 X1200 Y1200
G1 F6000 X7.669 Y-14.132 E0.06199
G1 X7.669 Y-14.302
G1 X3.003 Y-6.22 E0.29099
G1 X2.941 Y-6.112
M566 X1800 Y1800
G0 F7200 X-.742 Y-7.088
M566 X1200 Y1200
G1 F6000 X1.161 Y-10.384 E0.11867
G1 X1.223 Y-10.492
M566 X1800 Y1800
G0 F7200 X-1.965 Y-10.46
M566 X1200 Y1200
G1 F6000 X-7.669 Y-10.46 E0.17786
M566 X1800 Y1800
G0 F7200 X-7.669 Y-9.79
M566 X1200 Y1200
G1 F6000 X-5.689 Y-13.219 E0.12347
G1 X-5.627 Y-13.327
M566 X1800 Y1800
G0 F7200 X-6.171 Y-14.132
M566 X1200 Y1200
G1 F6000 X-7.669 Y-14.132 E0.04671
G1 X-7.669 Y-14.301
G1 X-3.124 Y-6.431 E0.28338
M566 X1800 Y1800
G0 F7200 X-2.26 Y-6.786
M566 X1200 Y1200
G1 F6000 X-7.669 Y-6.786 E0.16866
G1 X-7.669 Y-6.949
G1 X-5.866 Y-3.826 E0.11244
M566 X1800 Y1800
G0 F7200 X-6.222 Y-3.113
M566 X1200 Y1200
G1 F6000 X-7.669 Y-3.113 E0.04512
M566 X1800 Y1800
G0 F7200 X-7.669 Y-2.442
M566 X1200 Y1200
G1 F6000 X-2.856 Y-10.779 E0.30017
G1 X-2.794 Y-10.887
M566 X1800 Y1800
G0 F7200 X-4.9 Y-14.136
G0 X-6.588 Y-17.812
M566 X1200 Y1200
G1 F6000 X-7.669 Y-17.812 E0.03371
M566 X1800 Y1800
G0 F7200 X-7.282 Y-17.805
M566 X1200 Y1200
G1 F6000 X-7.669 Y-17.135 E0.02413
M566 X1800 Y1800
G0 F7200 X-7.278 Y-17.819
M566 X1200 Y1200
G1 F6000 X-5.64 Y-20.655 E0.10212
G1 X-5.578 Y-20.763
M566 X1800 Y1800
G0 F7200 X-7.126 Y-20.716
M566 X1200 Y1200
G1 F6000 X-6.214 Y-19.136 E0.05688
G1 X-6.152 Y-19.028
M566 X1800 Y1800
G0 F7200 X-5.286 Y-28.616
M566 X1200 Y1200
G1 F6000 X-2.919 Y-32.716 E0.14762
G1 X-2.857 Y-32.824
M566 X1800 Y1800
G0 F7200 X-1.324 Y-32.716
M566 X1200 Y1200
G1 F6000 X1.044 Y-28.616 E0.14763
G1 X1.106 Y-28.508
M566 X1800 Y1800
G0 F7200 X-1.043 Y-28.616
M566 X1200 Y1200
G1 F6000 X1.324 Y-32.716 E0.14762
G1 X1.386 Y-32.824
M566 X1800 Y1800
G0 F7200 X2.92 Y-32.716
M566 X1200 Y1200
G1 F6000 X5.287 Y-28.616 E0.14762
G1 X5.349 Y-28.508
M566 X1800 Y1800
G0 F7200 X3.2 Y-28.616
M566 X1200 Y1200
G1 F6000 X5.567 Y-32.716 E0.14762
G1 X5.629 Y-32.824
M566 X1800 Y1800
G0 F7200 X7.161 Y-32.716
M566 X1200 Y1200
G1 F6000 X7.669 Y-31.835 E0.03171
M566 X1800 Y1800
G0 F7200 X7.669 Y-32.514
M566 X1200 Y1200
G1 F6000 X-7.669 Y-32.514 E0.47826
M566 X1800 Y1800
G0 F7200 X-7.161 Y-32.716
M566 X1200 Y1200
G1 F6000 X-7.669 Y-31.835 E0.03171
G1 X-7.731 Y-31.727
M566 X1800 Y1800
G0 F7200 X-5.567 Y-32.716
M566 X1200 Y1200
G1 F6000 X-3.2 Y-28.616 E0.14762
G1 X-3.138 Y-28.508
M566 X1800 Y1800
G0 F7200 X-7.44 Y-28.616
M566 X1200 Y1200
G1 F6000 X-7.669 Y-29.012 E0.01426
G1 X-7.669 Y-28.839
G1 X7.669 Y-28.839 E0.47826
G1 X7.669 Y-29.009
G1 X7.442 Y-28.616 E0.01415
M566 X1800 Y1800
G0 F7200 X7.126 Y-20.716
M566 X1200 Y1200
G1 F6000 X5.895 Y-18.584 E0.07676
M566 X1800 Y1800
G0 F7200 X6.091 Y-17.812
M566 X1200 Y1200
G1 F6000 X7.669 Y-17.812 E0.0492
M566 X1800 Y1800
G0 F7200 X7.282 Y-17.804
M566 X1200 Y1200
G1 F6000 X7.669 Y-17.134 E0.02413
M566 X1800 Y1800
G0 F7200 X7.279 Y-17.82
M566 X1200 Y1200
G1 F6000 X5.606 Y-20.716 E0.10429
G1 X5.544 Y-20.824
M566 X1800 Y1800
G0 F7200 X7.67 Y0.39
M566 X1200 Y1200
G1 F6000 X5.941 Y3.384 E0.10781
M566 X1800 Y1800
G0 F7200 X6.788 Y3.384
M566 X1200 Y1200
G1 F6000 X5.77 Y1.621 E0.06348
G1 X5.708 Y1.513
M566 X1800 Y1800
G0 F7200 X6.067 Y0.563
M566 X1200 Y1200
G1 F6000 X7.67 Y0.563 E0.04998
G1 X7.795 Y0.563
M566 X1800 Y1800
G0 F7200 X2.617 Y3.778
G0 X1.923 Y4.156
G0 X1.18 Y4.427
G0 X0.403 Y4.584
G0 X-.385 Y4.622
G0 X-1.171 Y4.544
G0 X-1.937 Y4.348
G0 X-6.057 Y2.118
M566 X1200 Y1200
G1 F6000 X-6.788 Y3.384 E0.04558
M566 X1800 Y1800
G0 F7200 X-5.94 Y3.384
M566 X1200 Y1200
G1 F6000 X-7.669 Y0.389 E0.10783
G1 X-7.669 Y0.563
G1 X-6.586 Y0.563 E0.03377
G1 X-6.461 Y0.563
M566 X1800 Y1800
G0 F7200 X-7.379 Y-20.906
M566 X1200 Y1200
;TYPE:SKIN
G1 F3000 X-7.379 Y-28.426 E0.23448
G1 X7.379 Y-28.426 E0.46017
G1 X7.379 Y-20.906 E0.23448
G1 X4.978 Y-20.906 E0.07487
G1 X4.457 Y-21.496 E0.02454
G1 X3.685 Y-22.143 E0.03141
G1 X2.824 Y-22.669 E0.03146
G1 X1.894 Y-23.06 E0.03146
G1 X0.918 Y-23.31 E0.03142
G1 X-0.084 Y-23.41 E0.0314
G1 X-1.091 Y-23.362 E0.03144
G1 X-2.082 Y-23.161 E0.03153
G1 X-3.027 Y-22.814 E0.03139
G1 X-3.913 Y-22.333 E0.03144
G1 X-4.718 Y-21.723 E0.03149
G1 X-5.421 Y-21.002 E0.0314
G1 X-5.49 Y-20.906 E0.00369
G1 X-7.379 Y-20.906 E0.0589
M566 X1800 Y1800
G0 F7200 X-6.448 Y-28.2
M566 X1200 Y1200
G1 F3000 X-7.153 Y-27.494 E0.03111
M566 X1800 Y1800
G0 F7200 X-7.153 Y-26.787
M566 X1200 Y1200
G1 F3000 X-5.74 Y-28.2 E0.06231
M566 X1800 Y1800
G0 F7200 X-5.033 Y-28.2
M566 X1200 Y1200
G1 F3000 X-7.153 Y-26.08 E0.09349
M566 X1800 Y1800
G0 F7200 X-7.153 Y-25.373
M566 X1200 Y1200
G1 F3000 X-4.326 Y-28.2 E0.12466
M566 X1800 Y1800
G0 F7200 X-3.619 Y-28.2
M566 X1200 Y1200
G1 F3000 X-7.153 Y-24.666 E0.15584
M566 X1800 Y1800
G0 F7200 X-7.153 Y-23.958
M566 X1200 Y1200
G1 F3000 X-2.912 Y-28.2 E0.18704
M566 X1800 Y1800
G0 F7200 X-2.205 Y-28.2
M566 X1200 Y1200
G1 F3000 X-7.153 Y-23.251 E0.21821
M566 X1800 Y1800
G0 F7200 X-7.153 Y-22.544
M566 X1200 Y1200
G1 F3000 X-1.498 Y-28.2 E0.24939
M566 X1800 Y1800
G0 F7200 X-.791 Y-28.2
M566 X1200 Y1200
G1 F3000 X-7.153 Y-21.837 E0.28057
M566 X1800 Y1800
G0 F7200 X-7.153 Y-21.13
M566 X1200 Y1200
G1 F3000 X-0.084 Y-28.2 E0.31174
M566 X1800 Y1800
G0 F7200 X0.622 Y-28.2
M566 X1200 Y1200
G1 F3000 X-6.446 Y-21.13 E0.31172
M566 X1800 Y1800
G0 F7200 X-5.739 Y-21.13
M566 X1200 Y1200
G1 F3000 X1.33 Y-28.2 E0.31174
M566 X1800 Y1800
G0 F7200 X2.037 Y-28.2
M566 X1200 Y1200
G1 F3000 X-3.174 Y-22.988 E0.22981
G1 X-3.262 Y-22.9
M566 X1800 Y1800
G0 F7200 X-2.061 Y-23.394
M566 X1200 Y1200
G1 F3000 X2.744 Y-28.2 E0.21191
M566 X1800 Y1800
G0 F7200 X3.451 Y-28.2
M566 X1200 Y1200
G1 F3000 X-1.174 Y-23.574 E0.20397
M566 X1800 Y1800
G0 F7200 X-.422 Y-23.618
M566 X1200 Y1200
G1 F3000 X4.158 Y-28.2 E0.20201
M566 X1800 Y1800
G0 F7200 X4.865 Y-28.2
M566 X1200 Y1200
G1 F3000 X0.265 Y-23.6 E0.20285
M566 X1800 Y1800
G0 F7200 X0.908 Y-23.536
M566 X1200 Y1200
G1 F3000 X5.572 Y-28.2 E0.20567
M566 X1800 Y1800
G0 F7200 X6.279 Y-28.2
M566 X1200 Y1200
G1 F3000 X1.477 Y-23.398 E0.21175
M566 X1800 Y1800
G0 F7200 X2.032 Y-23.245
M566 X1200 Y1200
G1 F3000 X6.986 Y-28.2 E0.21848
M566 X1800 Y1800
G0 F7200 X7.153 Y-27.659
M566 X1200 Y1200
G1 F3000 X2.529 Y-23.035 E0.20391
M566 X1800 Y1800
G0 F7200 X3.015 Y-22.814
M566 X1200 Y1200
G1 F3000 X7.153 Y-26.952 E0.18247
M566 X1800 Y1800
G0 F7200 X7.153 Y-26.245
M566 X1200 Y1200
G1 F3000 X3.454 Y-22.546 E0.16312
M566 X1800 Y1800
G0 F7200 X3.883 Y-22.268
M566 X1200 Y1200
G1 F3000 X7.153 Y-25.538 E0.1442
M566 X1800 Y1800
G0 F7200 X7.153 Y-24.831
M566 X1200 Y1200
G1 F3000 X4.268 Y-21.946 E0.12722
M566 X1800 Y1800
G0 F7200 X4.648 Y-21.619
M566 X1200 Y1200
G1 F3000 X7.153 Y-24.124 E0.11046
M566 X1800 Y1800
G0 F7200 X7.153 Y-23.417
M566 X1200 Y1200
G1 F3000 X4.98 Y-21.243 E0.09585
M566 X1800 Y1800
G0 F7200 X5.574 Y-21.13
M566 X1200 Y1200
G1 F3000 X7.153 Y-22.71 E0.06965
M566 X1800 Y1800
G0 F7200 X7.153 Y-22.003
M566 X1200 Y1200
G1 F3000 X6.281 Y-21.13 E0.03847
M566 X1800 Y1800
G0 F7200 X6.988 Y-21.13
M566 X1200 Y1200
G1 F3000 X7.153 Y-21.295 E0.00728
M566 X1800 Y1800
;MESH:NONMESH
G0 F600 X7.153 Y-21.295 Z4.6
G0 F7200 X5.012 Y-.14
G0 X4.314 Y3.584
;TIME_ELAPSED:658.863005
;LAYER:28
M566 X1200 Y1200
;TYPE:WALL-INNER
;MESH:Roborama2026-Lasermount.3mf
G1 F6000 X4.538 Y3.353 E0.01003
G1 X5.084 Y2.597 E0.02908
G1 X5.51 Y1.765 E0.02915
G1 X5.808 Y0.878 E0.02918
G1 X5.971 Y-0.043 E0.02916
G1 X5.994 Y-.978 E0.02916
G1 X5.877 Y-1.905 E0.02913
G1 X5.624 Y-2.806 E0.02918
G1 X5.239 Y-3.658 E0.02915
G1 X4.733 Y-4.444 E0.02915
G1 X4.114 Y-5.144 E0.02914
G1 X3.399 Y-5.744 E0.0291
G1 X2.6 Y-6.232 E0.02919
G1 X1.737 Y-6.594 E0.02918
G1 X0.832 Y-6.826 E0.02913
G1 X-0.096 Y-6.918 E0.02908
G1 X-1.03 Y-6.874 E0.02916
G1 X-1.948 Y-6.688 E0.02921
G1 X-2.825 Y-6.367 E0.02912
G1 X-3.647 Y-5.92 E0.02918
G1 X-4.393 Y-5.355 E0.02918
G1 X-5.044 Y-4.686 E0.02911
G1 X-5.59 Y-3.928 E0.02913
G1 X-6.016 Y-3.097 E0.02912
G1 X-6.314 Y-2.211 E0.02915
G1 X-6.477 Y-1.29 E0.02916
G1 X-6.5 Y-.355 E0.02916
G1 X-6.383 Y0.572 E0.02913
G1 X-6.13 Y1.473 E0.02918
G1 X-5.745 Y2.325 E0.02915
G1 X-5.239 Y3.111 E0.02915
G1 X-4.821 Y3.584 E0.01968
G1 X-7.969 Y3.584 E0.09816
G1 X-7.968 Y-20.916 E0.76394
G1 X-4.82 Y-20.916 E0.09816
G1 X-5.044 Y-20.686 E0.01001
G1 X-5.59 Y-19.928 E0.02913
G1 X-6.016 Y-19.097 E0.02912
G1 X-6.314 Y-18.211 E0.02915
G1 X-6.477 Y-17.29 E0.02916
G1 X-6.5 Y-16.355 E0.02916
G1 X-6.383 Y-15.428 E0.02913
G1 X-6.13 Y-14.527 E0.02918
G1 X-5.745 Y-13.675 E0.02915
G1 X-5.239 Y-12.889 E0.02915
G1 X-4.62 Y-12.189 E0.02914
G1 X-3.905 Y-11.589 E0.0291
G1 X-3.106 Y-11.101 E0.02919
G1 X-2.244 Y-10.739 E0.02915
G1 X-1.339 Y-10.507 E0.02913
G1 X-.41 Y-10.415 E0.02911
G1 X0.523 Y-10.459 E0.02912
G1 X1.442 Y-10.645 E0.02924
G1 X2.319 Y-10.966 E0.02912
G1 X3.14 Y-11.413 E0.02915
G1 X3.887 Y-11.977 E0.02919
G1 X4.538 Y-12.647 E0.02913
G1 X5.084 Y-13.403 E0.02908
G1 X5.51 Y-14.235 E0.02915
G1 X5.808 Y-15.122 E0.02918
G1 X5.971 Y-16.043 E0.02916
G1 X5.994 Y-16.978 E0.02916
G1 X5.877 Y-17.905 E0.02913
G1 X5.624 Y-18.806 E0.02918
G1 X5.239 Y-19.658 E0.02915
G1 X4.733 Y-20.444 E0.02915
G1 X4.316 Y-20.916 E0.01964
G1 X7.968 Y-20.916 E0.11387
G1 X7.969 Y3.584 E0.76394
G1 X4.314 Y3.584 E0.11397
M566 X1800 Y1800
G0 F7200 X4.154 Y3.031
M566 X1200 Y1200
G1 F6000 X4.656 Y2.335 E0.02676
G1 X5.048 Y1.57 E0.0268
G1 X5.322 Y0.754 E0.02684
G1 X5.472 Y-0.093 E0.02682
G1 X5.493 Y-.953 E0.02682
G1 X5.386 Y-1.806 E0.02681
G1 X5.153 Y-2.634 E0.02682
G1 X4.799 Y-3.418 E0.02682
G1 X4.333 Y-4.141 E0.02682
G1 X3.764 Y-4.785 E0.0268
G1 X3.106 Y-5.337 E0.02678
G1 X2.372 Y-5.786 E0.02683
G1 X1.578 Y-6.119 E0.02685
G1 X0.745 Y-6.332 E0.02681
G1 X-.109 Y-6.417 E0.02676
G1 X-.968 Y-6.376 E0.02682
G1 X-1.812 Y-6.205 E0.02685
G1 X-2.619 Y-5.91 E0.02679
G1 X-3.375 Y-5.499 E0.02683
G1 X-4.061 Y-4.979 E0.02684
G1 X-4.66 Y-4.364 E0.02677
G1 X-5.162 Y-3.666 E0.02681
G1 X-5.554 Y-2.902 E0.02678
G1 X-5.828 Y-2.087 E0.02681
G1 X-5.978 Y-1.24 E0.02682
G1 X-5.999 Y-.38 E0.02682
G1 X-5.892 Y0.473 E0.02681
G1 X-5.659 Y1.301 E0.02682
G1 X-5.305 Y2.085 E0.02682
G1 X-4.839 Y2.808 E0.02682
G1 X-4.27 Y3.452 E0.0268
G1 X-3.612 Y4.004 E0.02678
G1 X-3.481 Y4.084 E0.00479
G1 X-4.058 Y4.084 E0.01317
G1 X-8.469 Y4.084 E0.13754
G1 X-8.468 Y-21.416 E0.79513
G1 X-4.061 Y-21.416 E0.13742
G1 X-3.484 Y-21.416 E0.01799
G1 X-4.061 Y-20.979 E0.01173
G1 X-4.66 Y-20.364 E0.02677
G1 X-5.162 Y-19.666 E0.02681
G1 X-5.554 Y-18.902 E0.02678
G1 X-5.828 Y-18.087 E0.02681
G1 X-5.978 Y-17.24 E0.02682
G1 X-5.999 Y-16.38 E0.02682
G1 X-5.892 Y-15.527 E0.02681
G1 X-5.659 Y-14.699 E0.02682
G1 X-5.305 Y-13.915 E0.02682
G1 X-4.839 Y-13.192 E0.02682
G1 X-4.27 Y-12.548 E0.0268
G1 X-3.612 Y-11.996 E0.02678
G1 X-2.878 Y-11.547 E0.02683
G1 X-2.084 Y-11.214 E0.02685
G1 X-1.252 Y-11.001 E0.02678
G1 X-.397 Y-10.916 E0.02679
G1 X0.461 Y-10.957 E0.02678
G1 X1.306 Y-11.128 E0.02688
G1 X2.113 Y-11.423 E0.02679
G1 X2.868 Y-11.834 E0.0268
G1 X3.555 Y-12.353 E0.02685
G1 X4.154 Y-12.969 E0.02679
G1 X4.656 Y-13.665 E0.02676
G1 X5.048 Y-14.43 E0.0268
G1 X5.322 Y-15.246 E0.02684
G1 X5.472 Y-16.093 E0.02682
G1 X5.493 Y-16.953 E0.02682
G1 X5.386 Y-17.806 E0.02681
G1 X5.153 Y-18.634 E0.02682
G1 X4.799 Y-19.418 E0.02682
G1 X4.333 Y-20.141 E0.02682
G1 X3.764 Y-20.785 E0.0268
G1 X3.106 Y-21.337 E0.02678
G1 X2.977 Y-21.416 E0.00472
G1 X3.555 Y-21.416 E0.01315
G1 X8.468 Y-21.416 E0.15319
G1 X8.469 Y4.084 E0.79513
G1 X3.555 Y4.084 E0.15323
G1 X2.977 Y4.084 E0.01802
G1 X3.555 Y3.647 E0.01174
G1 X4.154 Y3.031 E0.02679
M566 X1800 Y1800
G0 F7200 X3.77 Y2.709
M566 X1200 Y1200
G1 F6000 X4.228 Y2.073 E0.02444
G1 X4.586 Y1.375 E0.02446
G1 X4.836 Y0.63 E0.0245
G1 X4.973 Y-.143 E0.02448
G1 X4.992 Y-.928 E0.02448
G1 X4.895 Y-1.707 E0.02448
G1 X4.682 Y-2.462 E0.02446
G1 X4.359 Y-3.178 E0.02449
G1 X3.933 Y-3.838 E0.02449
G1 X3.414 Y-4.426 E0.02446
G1 X2.813 Y-4.93 E0.02446
G1 X2.143 Y-5.34 E0.02449
G1 X1.419 Y-5.644 E0.02448
G1 X0.658 Y-5.838 E0.02449
G1 X-.122 Y-5.916 E0.02444
G1 X-.906 Y-5.878 E0.02447
G1 X-1.676 Y-5.722 E0.0245
G1 X-2.413 Y-5.453 E0.02446
G1 X-3.103 Y-5.078 E0.02449
G1 X-3.729 Y-4.603 E0.0245
G1 X-4.276 Y-4.042 E0.02443
G1 X-4.734 Y-3.405 E0.02446
G1 X-5.092 Y-2.707 E0.02446
G1 X-5.342 Y-1.963 E0.02447
G1 X-5.479 Y-1.19 E0.02448
G1 X-5.498 Y-.405 E0.02448
G1 X-5.401 Y0.374 E0.02448
G1 X-5.188 Y1.129 E0.02446
G1 X-4.865 Y1.845 E0.02449
G1 X-4.439 Y2.505 E0.02449
G1 X-3.92 Y3.093 E0.02446
G1 X-3.319 Y3.597 E0.02446
G1 X-2.649 Y4.007 E0.02449
G1 X-1.925 Y4.311 E0.02448
G1 X-1.165 Y4.505 E0.02446
G1 X-.384 Y4.583 E0.02447
G1 X0.399 Y4.545 E0.02444
G1 X1.17 Y4.389 E0.02453
G1 X1.907 Y4.12 E0.02446
G1 X2.596 Y3.745 E0.02446
G1 X3.223 Y3.271 E0.02451
G1 X3.77 Y2.709 E0.02445
M566 X1800 Y1800
G0 F7200 X3.846 Y2.773
G0 X1.907 Y4.484
G0 X1.907 Y4.584
M566 X1200 Y1200
G1 F6000 X1.17 Y4.584 E0.01502
G1 X0.399 Y4.584 E0.00554
G1 X-.384 Y4.584 E0.00098
G1 X-1.165 Y4.584 E0.00193
G1 X-1.925 Y4.584 E0.00822
G1 X-2.488 Y4.584 E0.0141
G1 X-8.969 Y4.584 E0.20209
G1 X-8.968 Y-21.916 E0.82631
G1 X-2.413 Y-21.916 E0.20439
G1 X-1.676 Y-21.916 E0.02298
G1 X-.906 Y-21.916 E0.02401
G1 X-.122 Y-21.916 E0.02445
G1 X0.658 Y-21.916 E0.02432
G1 X1.419 Y-21.916 E0.02373
G1 X1.984 Y-21.916 E0.01762
G1 X8.968 Y-21.916 E0.21777
G1 X8.969 Y4.584 E0.82631
G1 X1.907 Y4.584 E0.2202
M566 X1800 Y1800
G0 F7200 X1.907 Y4.484
G0 X3.249 Y3.3
G0 X3.8 Y2.734
G0 X4.262 Y2.093
G0 X4.622 Y1.39
G0 X4.874 Y0.639
G0 X5.012 Y-.14
G0 X5.031 Y-.929
G0 X4.934 Y-1.714
G0 X1.197 Y-11.515
G0 X1.17 Y-11.611
M566 X1200 Y1200
G1 F6000 X1.907 Y-11.88 E0.02446
G1 X2.596 Y-12.255 E0.02446
G1 X3.223 Y-12.729 E0.02451
G1 X3.77 Y-13.291 E0.02445
G1 X4.228 Y-13.927 E0.02444
G1 X4.586 Y-14.625 E0.02446
G1 X4.836 Y-15.37 E0.0245
G1 X4.973 Y-16.143 E0.02448
G1 X4.992 Y-16.928 E0.02448
G1 X4.895 Y-17.707 E0.02448
G1 X4.682 Y-18.462 E0.02446
G1 X4.359 Y-19.178 E0.02449
G1 X3.933 Y-19.838 E0.02449
G1 X3.414 Y-20.426 E0.02446
G1 X2.813 Y-20.93 E0.02446
G1 X2.143 Y-21.34 E0.02449
G1 X1.419 Y-21.644 E0.021
G1 X0.658 Y-21.838 E0.00894
G1 X-.122 Y-21.916 E0.00198
G1 X-.906 Y-21.878 E0.02447
G1 X-1.676 Y-21.722 E0.00596
G1 X-2.413 Y-21.453 E0.01645
G1 X-3.103 Y-21.078 E0.02449
G1 X-3.729 Y-20.603 E0.0245
G1 X-4.276 Y-20.042 E0.02443
G1 X-4.734 Y-19.405 E0.02446
G1 X-5.092 Y-18.707 E0.02446
G1 X-5.342 Y-17.963 E0.02447
G1 X-5.479 Y-17.19 E0.02448
G1 X-5.498 Y-16.405 E0.02448
G1 X-5.401 Y-15.626 E0.02448
G1 X-5.188 Y-14.871 E0.02446
G1 X-4.865 Y-14.155 E0.02449
G1 X-4.439 Y-13.495 E0.02449
G1 X-3.92 Y-12.907 E0.02446
G1 X-3.319 Y-12.403 E0.02446
G1 X-2.649 Y-11.993 E0.02449
G1 X-1.925 Y-11.689 E0.02448
G1 X-1.165 Y-11.495 E0.02446
G1 X-.384 Y-11.417 E0.02447
G1 X0.399 Y-11.455 E0.02444
G1 X1.17 Y-11.611 E0.02453
M566 X1800 Y1800
G0 F7200 X1.034 Y-12.094
M566 X1200 Y1200
;TYPE:WALL-OUTER
G1 F3000 X1.701 Y-12.337 E0.02214
G1 X2.324 Y-12.676 E0.02212
G1 X2.891 Y-13.105 E0.02217
G1 X3.386 Y-13.613 E0.02212
G1 X3.8 Y-14.189 E0.02212
G1 X4.124 Y-14.82 E0.02212
G1 X4.35 Y-15.494 E0.02217
G1 X4.474 Y-16.193 E0.02214
G1 X4.491 Y-16.903 E0.02215
G1 X4.403 Y-17.608 E0.02215
G1 X4.211 Y-18.291 E0.02212
G1 X3.919 Y-18.938 E0.02213
G1 X3.533 Y-19.535 E0.02217
G1 X3.064 Y-20.067 E0.02211
G1 X2.52 Y-20.523 E0.02213
G1 X1.914 Y-20.894 E0.02216
G1 X1.26 Y-21.169 E0.02212
G1 X0.571 Y-21.344 E0.02217
G1 X-.135 Y-21.415 E0.02213
G1 X-.844 Y-21.38 E0.02213
G1 X-1.54 Y-21.239 E0.02214
G1 X-2.207 Y-20.996 E0.02214
G1 X-2.831 Y-20.657 E0.02214
G1 X-3.397 Y-20.227 E0.02216
G1 X-3.892 Y-19.72 E0.02209
G1 X-4.306 Y-19.144 E0.02212
G1 X-4.63 Y-18.512 E0.02215
G1 X-4.856 Y-17.839 E0.02214
G1 X-4.98 Y-17.14 E0.02214
G1 X-4.997 Y-16.43 E0.02215
G1 X-4.909 Y-15.725 E0.02215
G1 X-4.717 Y-15.042 E0.02212
G1 X-4.425 Y-14.395 E0.02213
G1 X-4.039 Y-13.798 E0.02217
G1 X-3.57 Y-13.266 E0.02211
G1 X-3.026 Y-12.81 E0.02213
G1 X-2.42 Y-12.439 E0.02216
G1 X-1.766 Y-12.164 E0.02212
G1 X-1.078 Y-11.989 E0.02214
G1 X-.371 Y-11.918 E0.02216
G1 X0.337 Y-11.953 E0.0221
G1 X1.034 Y-12.094 E0.02217
M566 X1800 Y1800
G0 F7200 X1.269 Y-12.179
G0 X1.474 Y-11.615
G0 X0.63 Y-5.94
G0 X0.571 Y-5.344
M566 X1200 Y1200
G1 F3000 X-.135 Y-5.415 E0.02213
G1 X-.844 Y-5.38 E0.02213
G1 X-1.54 Y-5.239 E0.02214
G1 X-2.207 Y-4.996 E0.02214
G1 X-2.831 Y-4.657 E0.02214
G1 X-3.397 Y-4.227 E0.02216
G1 X-3.892 Y-3.72 E0.02209
G1 X-4.306 Y-3.144 E0.02212
G1 X-4.63 Y-2.512 E0.02215
G1 X-4.856 Y-1.839 E0.02214
G1 X-4.98 Y-1.14 E0.02214
G1 X-4.997 Y-.43 E0.02215
G1 X-4.909 Y0.275 E0.02215
G1 X-4.717 Y0.958 E0.02212
G1 X-4.425 Y1.605 E0.02213
G1 X-4.039 Y2.202 E0.02217
G1 X-3.57 Y2.734 E0.02211
G1 X-3.026 Y3.19 E0.02213
G1 X-2.42 Y3.561 E0.02216
G1 X-1.766 Y3.836 E0.02212
G1 X-1.078 Y4.011 E0.02214
G1 X-.371 Y4.082 E0.02216
G1 X0.337 Y4.047 E0.0221
G1 X1.034 Y3.906 E0.02217
G1 X1.701 Y3.663 E0.02214
G1 X2.324 Y3.324 E0.02212
G1 X2.891 Y2.895 E0.02217
G1 X3.386 Y2.387 E0.02212
G1 X3.8 Y1.811 E0.02212
G1 X4.124 Y1.18 E0.02212
G1 X4.35 Y0.506 E0.02217
G1 X4.474 Y-.193 E0.02214
G1 X4.491 Y-.903 E0.02215
G1 X4.403 Y-1.608 E0.02215
G1 X4.211 Y-2.291 E0.02212
G1 X3.919 Y-2.938 E0.02213
G1 X3.533 Y-3.535 E0.02217
G1 X3.064 Y-4.067 E0.02211
G1 X2.52 Y-4.523 E0.02213
G1 X1.914 Y-4.894 E0.02216
G1 X1.26 Y-5.169 E0.02212
G1 X0.571 Y-5.344 E0.02217
M566 X1800 Y1800
G0 F7200 X0.323 Y-5.369
G0 X0.382 Y-5.965
G0 X8.898 Y-21.846
G0 X9.468 Y-22.416
M566 X1200 Y1200
G1 F3000 X9.469 Y5.084 E0.85749
G1 X-9.469 Y5.084 E0.59051
G1 X-9.468 Y-22.416 E0.85749
G1 X9.468 Y-22.416 E0.59045
M566 X1800 Y1800
G0 F7200 X9.468 Y-22.166
G0 X8.898 Y-21.846
G0 X7.25 Y-20.716
M566 X1200 Y1200
;TYPE:FILL
G1 F6000 X5.935 Y-18.44 E0.08196
M566 X1800 Y1800
G0 F7200 X6.077 Y-17.919
M566 X1200 Y1200
G1 F6000 X7.768 Y-17.919 E0.05273
M566 X1800 Y1800
G0 F7200 X7.099 Y-17.909
M566 X1200 Y1200
G1 F6000 X7.768 Y-16.75 E0.04173
G1 X7.83 Y-16.642
M566 X1800 Y1800
G0 F7200 X7.095 Y-17.926
M566 X1200 Y1200
G1 F6000 X5.484 Y-20.716 E0.10046
G1 X5.422 Y-20.824
M566 X1800 Y1800
G0 F7200 X5.722 Y-14.238
M566 X1200 Y1200
G1 F6000 X7.768 Y-14.238 E0.0638
G1 X7.768 Y-14.26
G1 X3.094 Y-6.165 E0.29147
G1 X3.032 Y-6.057
M566 X1800 Y1800
G0 F7200 X1.384 Y-6.892
M566 X1200 Y1200
G1 F6000 X7.769 Y-6.892 E0.19909
G1 X7.769 Y-6.912
G1 X5.648 Y-3.238 E0.13228
G1 X5.657 Y-3.219
G1 X7.769 Y-3.219 E0.06586
G1 X7.894 Y-3.219
M566 X1800 Y1800
G0 F7200 X7.769 Y-2.055
M566 X1200 Y1200
G1 F6000 X2.651 Y-10.92 E0.31918
M566 X1800 Y1800
G0 F7200 X1.806 Y-10.566
M566 X1200 Y1200
G1 F6000 X7.768 Y-10.566 E0.1859
G1 X7.893 Y-10.566
M566 X1800 Y1800
G0 F7200 X7.768 Y-9.406
M566 X1200 Y1200
G1 F6000 X5.38 Y-13.543 E0.14895
G1 X5.318 Y-13.651
M566 X1800 Y1800
G0 F7200 X1.301 Y-10.413
M566 X1200 Y1200
G1 F6000 X-.615 Y-7.094 E0.1195
G1 X-.677 Y-6.986
M566 X1800 Y1800
G0 F7200 X0.643 Y-7.046
M566 X1200 Y1200
G1 F6000 X-1.233 Y-10.295 E0.11698
G1 X-1.295 Y-10.403
M566 X1800 Y1800
G0 F7200 X-2.35 Y-10.566
M566 X1200 Y1200
G1 F6000 X-7.768 Y-10.566 E0.16894
G1 X-7.893 Y-10.566
M566 X1800 Y1800
G0 F7200 X-7.768 Y-9.406
M566 X1200 Y1200
G1 F6000 X-5.625 Y-13.119 E0.13368
G1 X-5.563 Y-13.227
M566 X1800 Y1800
G0 F7200 X-6.219 Y-14.238
M566 X1200 Y1200
G1 F6000 X-7.768 Y-14.238 E0.0483
G1 X-7.768 Y-14.261
G1 X-3.218 Y-6.38 E0.28376
G1 X-3.156 Y-6.272
M566 X1800 Y1800
G0 F7200 X-1.947 Y-6.892
M566 X1200 Y1200
G1 F6000 X-7.769 Y-6.892 E0.18154
G1 X-7.769 Y-6.91
G1 X-5.924 Y-3.714 E0.11507
M566 X1800 Y1800
G0 F7200 X-6.177 Y-3.219
M566 X1200 Y1200
G1 F6000 X-7.769 Y-3.219 E0.04964
G1 X-7.894 Y-3.219
M566 X1800 Y1800
G0 F7200 X-7.769 Y-2.056
M566 X1200 Y1200
G1 F6000 X-2.757 Y-10.737 E0.31256
G1 X-2.695 Y-10.845
M566 X1800 Y1800
G0 F7200 X-7.768 Y-16.749
M566 X1200 Y1200
G1 F6000 X-7.098 Y-17.91 E0.0418
G1 X-7.094 Y-17.925
G1 X-5.583 Y-20.542 E0.09423
G1 X-5.521 Y-20.65
M566 X1800 Y1800
G0 F7200 X-7.25 Y-20.716
M566 X1200 Y1200
G1 F6000 X-6.26 Y-19.001 E0.06175
G1 X-6.198 Y-18.893
M566 X1800 Y1800
G0 F7200 X-6.569 Y-17.919
M566 X1200 Y1200
G1 F6000 X-7.768 Y-17.919 E0.03739
G1 X-7.893 Y-17.919
M566 X1800 Y1800
G0 F7200 X-7.769 Y0.429
M566 X1200 Y1200
G1 F6000 X-6.063 Y3.384 E0.10639
M566 X1800 Y1800
G0 F7200 X-6.665 Y3.384
M566 X1200 Y1200
G1 F6000 X-6.003 Y2.238 E0.04127
G1 X-5.941 Y2.13
M566 X1800 Y1800
G0 F7200 X-6.599 Y0.457
M566 X1200 Y1200
G1 F6000 X-7.769 Y0.457 E0.03648
G1 X-7.894 Y0.457
M566 X1800 Y1800
G0 F7200 X-3.342 Y3.629
G0 X-2.667 Y4.042
G0 X-1.937 Y4.348
G0 X-1.171 Y4.544
G0 X-.385 Y4.622
G0 X0.403 Y4.584
G0 X1.18 Y4.427
G0 X1.923 Y4.156
G0 X5.724 Y1.756
M566 X1200 Y1200
G1 F6000 X6.664 Y3.384 E0.05862
M566 X1800 Y1800
G0 F7200 X6.064 Y3.384
M566 X1200 Y1200
G1 F6000 X7.769 Y0.431 E0.10632
G1 X7.769 Y0.457
G1 X6.085 Y0.457 E0.05251
G1 X5.96 Y0.457
M566 X1800 Y1800
G1 F1500 E-6.5
G0 F7200 X7.968 Y-21.896
G0 X7.968 Y-23.331
G0 X7.968 Y-26.001
G0 X7.968 Y-27.436
G0 X7.968 Y-28.416
M566 X1200 Y1200
;TYPE:WALL-INNER
G1 F1500 E6.5
G1 F6000 X-7.968 Y-28.416 E0.49691
G1 X-7.969 Y-32.916 E0.14032
G1 X7.969 Y-32.916 E0.49697
G1 X7.968 Y-28.416 E0.14032
M566 X1800 Y1800
G0 F7200 X8.468 Y-27.916
M566 X1200 Y1200
G1 F6000 X-8.468 Y-27.916 E0.52809
G1 X-8.469 Y-33.416 E0.1715
G1 X8.469 Y-33.416 E0.52815
G1 X8.468 Y-27.916 E0.1715
M566 X1800 Y1800
G0 F7200 X8.968 Y-27.416
M566 X1200 Y1200
G1 F6000 X-8.968 Y-27.416 E0.55927
G1 X-8.969 Y-33.916 E0.20268
G1 X8.969 Y-33.916 E0.55933
G1 X8.968 Y-27.416 E0.20268
M566 X1800 Y1800
G0 F7200 X9.468 Y-26.916
M566 X1200 Y1200
;TYPE:WALL-OUTER
G1 F3000 X-9.468 Y-26.916 E0.59045
G1 X-9.469 Y-34.416 E0.23386
G1 X9.469 Y-34.416 E0.59051
G1 X9.468 Y-26.916 E0.23386
M566 X1800 Y1800
G0 F7200 X9.218 Y-26.916
G0 X8.898 Y-27.486
G0 X7.565 Y-28.616
M566 X1200 Y1200
;TYPE:FILL
G1 F6000 X7.768 Y-28.968 E0.01267
G1 X7.768 Y-28.945
G1 X-7.768 Y-28.945 E0.48443
G1 X-7.768 Y-28.972
G1 X-7.563 Y-28.616 E0.01281
M566 X1800 Y1800
G0 F7200 X-5.164 Y-28.616
M566 X1200 Y1200
G1 F6000 X-2.797 Y-32.716 E0.14762
G1 X-2.735 Y-32.824
M566 X1800 Y1800
G0 F7200 X-1.446 Y-32.716
M566 X1200 Y1200
G1 F6000 X0.921 Y-28.616 E0.14762
G1 X0.983 Y-28.508
M566 X1800 Y1800
G0 F7200 X-.92 Y-28.616
M566 X1200 Y1200
G1 F6000 X1.447 Y-32.716 E0.14762
G1 X1.509 Y-32.824
M566 X1800 Y1800
G0 F7200 X2.797 Y-32.716
M566 X1200 Y1200
G1 F6000 X5.164 Y-28.616 E0.14762
G1 X5.226 Y-28.508
M566 X1800 Y1800
G0 F7200 X3.322 Y-28.616
M566 X1200 Y1200
G1 F6000 X5.689 Y-32.716 E0.14762
G1 X5.751 Y-32.824
M566 X1800 Y1800
G0 F7200 X7.038 Y-32.716
M566 X1200 Y1200
G1 F6000 X7.769 Y-31.45 E0.04558
G1 X7.831 Y-31.342
M566 X1800 Y1800
G0 F7200 X7.769 Y-32.62
M566 X1200 Y1200
G1 F6000 X-7.769 Y-32.62 E0.4845
M566 X1800 Y1800
G0 F7200 X-7.038 Y-32.716
M566 X1200 Y1200
G1 F6000 X-7.769 Y-31.45 E0.04558
G1 X-7.831 Y-31.342
M566 X1800 Y1800
G0 F7200 X-5.689 Y-32.716
M566 X1200 Y1200
G1 F6000 X-3.322 Y-28.616 E0.14762
G1 X-3.26 Y-28.508
M566 X1800 Y1800
G1 F1500 E-6.5
;MESH:NONMESH
G0 F600 X-3.26 Y-28.508 Z4.75
G0 F7200 X4.314 Y-27.436
G0 X4.314 Y-26.001
G0 X4.314 Y-23.331
G0 X4.314 Y-21.896
G0 X5.031 Y-16.929
G0 X5.012 Y-.14
G0 X4.314 Y3.584
;TIME_ELAPSED:675.461970
;LAYER:29
M566 X1200 Y1200
;TYPE:WALL-INNER
;MESH:Roborama2026-Lasermount.3mf
G1 F1500 E6.5
G1 F6000 X4.538 Y3.353 E0.01003
G1 X5.084 Y2.597 E0.02908
G1 X5.51 Y1.765 E0.02915
G1 X5.808 Y0.878 E0.02918
G1 X5.971 Y-0.043 E0.02916
G1 X5.994 Y-.978 E0.02916
G1 X5.877 Y-1.905 E0.02913
G1 X5.624 Y-2.806 E0.02918
G1 X5.239 Y-3.658 E0.02915
G1 X4.733 Y-4.444 E0.02915
G1 X4.114 Y-5.144 E0.02914
G1 X3.399 Y-5.744 E0.0291
G1 X2.6 Y-6.232 E0.02919
G1 X1.737 Y-6.594 E0.02918
G1 X0.832 Y-6.826 E0.02913
G1 X-0.096 Y-6.918 E0.02908
G1 X-1.03 Y-6.874 E0.02916
G1 X-1.948 Y-6.688 E0.02921
G1 X-2.825 Y-6.367 E0.02912
G1 X-3.647 Y-5.92 E0.02918
G1 X-4.393 Y-5.355 E0.02918
G1 X-5.044 Y-4.686 E0.02911
G1 X-5.59 Y-3.928 E0.02913
G1 X-6.016 Y-3.097 E0.02912
G1 X-6.314 Y-2.211 E0.02915
G1 X-6.477 Y-1.29 E0.02916
G1 X-6.5 Y-.355 E0.02916
G1 X-6.383 Y0.572 E0.02913
G1 X-6.13 Y1.473 E0.02918
G1 X-5.745 Y2.325 E0.02915
G1 X-5.239 Y3.111 E0.02915
G1 X-4.821 Y3.584 E0.01968
G1 X-8.034 Y3.584 E0.10019
G1 X-8.035 Y-20.916 E0.76394
G1 X-4.82 Y-20.916 E0.10025
G1 X-5.044 Y-20.686 E0.01001
G1 X-5.59 Y-19.928 E0.02913
G1 X-6.016 Y-19.097 E0.02912
G1 X-6.314 Y-18.211 E0.02915
G1 X-6.477 Y-17.29 E0.02916
G1 X-6.5 Y-16.355 E0.02916
G1 X-6.383 Y-15.428 E0.02913
G1 X-6.13 Y-14.527 E0.02918
G1 X-5.745 Y-13.675 E0.02915
G1 X-5.239 Y-12.889 E0.02915
G1 X-4.62 Y-12.189 E0.02914
G1 X-3.905 Y-11.589 E0.0291
G1 X-3.106 Y-11.101 E0.02919
G1 X-2.244 Y-10.739 E0.02915
G1 X-1.339 Y-10.507 E0.02913
G1 X-.41 Y-10.415 E0.02911
G1 X0.523 Y-10.459 E0.02912
G1 X1.442 Y-10.645 E0.02924
G1 X2.319 Y-10.966 E0.02912
G1 X3.14 Y-11.413 E0.02915
G1 X3.887 Y-11.977 E0.02919
G1 X4.538 Y-12.647 E0.02913
G1 X5.084 Y-13.403 E0.02908
G1 X5.51 Y-14.235 E0.02915
G1 X5.808 Y-15.122 E0.02918
G1 X5.971 Y-16.043 E0.02916
G1 X5.994 Y-16.978 E0.02916
G1 X5.877 Y-17.905 E0.02913
G1 X5.624 Y-18.806 E0.02918
G1 X5.239 Y-19.658 E0.02915
G1 X4.733 Y-20.444 E0.02915
G1 X4.316 Y-20.916 E0.01964
G1 X8.034 Y-20.916 E0.11593
G1 X8.034 Y3.584 E0.76394
G1 X4.314 Y3.584 E0.11599
M566 X1800 Y1800
G0 F7200 X4.154 Y3.031
M566 X1200 Y1200
G1 F6000 X4.656 Y2.335 E0.02676
G1 X5.048 Y1.57 E0.0268
G1 X5.322 Y0.754 E0.02684
G1 X5.472 Y-0.093 E0.02682
G1 X5.493 Y-.953 E0.02682
G1 X5.386 Y-1.806 E0.02681
G1 X5.153 Y-2.634 E0.02682
G1 X4.799 Y-3.418 E0.02682
G1 X4.333 Y-4.141 E0.02682
G1 X3.764 Y-4.785 E0.0268
G1 X3.106 Y-5.337 E0.02678
G1 X2.372 Y-5.786 E0.02683
G1 X1.578 Y-6.119 E0.02685
G1 X0.745 Y-6.332 E0.02681
G1 X-.109 Y-6.417 E0.02676
G1 X-.968 Y-6.376 E0.02682
G1 X-1.812 Y-6.205 E0.02685
G1 X-2.619 Y-5.91 E0.02679
G1 X-3.375 Y-5.499 E0.02683
G1 X-4.061 Y-4.979 E0.02684
G1 X-4.66 Y-4.364 E0.02677
G1 X-5.162 Y-3.666 E0.02681
G1 X-5.554 Y-2.902 E0.02678
G1 X-5.828 Y-2.087 E0.02681
G1 X-5.978 Y-1.24 E0.02682
G1 X-5.999 Y-.38 E0.02682
G1 X-5.892 Y0.473 E0.02681
G1 X-5.659 Y1.301 E0.02682
G1 X-5.305 Y2.085 E0.02682
G1 X-4.839 Y2.808 E0.02682
G1 X-4.27 Y3.452 E0.0268
G1 X-3.612 Y4.004 E0.02678
G1 X-3.481 Y4.084 E0.00479
G1 X-4.058 Y4.084 E0.01317
G1 X-8.534 Y4.084 E0.13957
G1 X-8.535 Y-21.416 E0.79513
G1 X-4.061 Y-21.416 E0.13951
G1 X-3.484 Y-21.416 E0.01799
G1 X-4.061 Y-20.979 E0.01173
G1 X-4.66 Y-20.364 E0.02677
G1 X-5.162 Y-19.666 E0.02681
G1 X-5.554 Y-18.902 E0.02678
G1 X-5.828 Y-18.087 E0.02681
G1 X-5.978 Y-17.24 E0.02682
G1 X-5.999 Y-16.38 E0.02682
G1 X-5.892 Y-15.527 E0.02681
G1 X-5.659 Y-14.699 E0.02682
G1 X-5.305 Y-13.915 E0.02682
G1 X-4.839 Y-13.192 E0.02682
G1 X-4.27 Y-12.548 E0.0268
G1 X-3.612 Y-11.996 E0.02678
G1 X-2.878 Y-11.547 E0.02683
G1 X-2.084 Y-11.214 E0.02685
G1 X-1.252 Y-11.001 E0.02678
G1 X-.397 Y-10.916 E0.02679
G1 X0.461 Y-10.957 E0.02678
G1 X1.306 Y-11.128 E0.02688
G1 X2.113 Y-11.423 E0.02679
G1 X2.868 Y-11.834 E0.0268
G1 X3.555 Y-12.353 E0.02685
G1 X4.154 Y-12.969 E0.02679
G1 X4.656 Y-13.665 E0.02676
G1 X5.048 Y-14.43 E0.0268
G1 X5.322 Y-15.246 E0.02684
G1 X5.472 Y-16.093 E0.02682
G1 X5.493 Y-16.953 E0.02682
G1 X5.386 Y-17.806 E0.02681
G1 X5.153 Y-18.634 E0.02682
G1 X4.799 Y-19.418 E0.02682
G1 X4.333 Y-20.141 E0.02682
G1 X3.764 Y-20.785 E0.0268
G1 X3.106 Y-21.337 E0.02678
G1 X2.977 Y-21.416 E0.00472
G1 X3.555 Y-21.416 E0.01315
G1 X8.534 Y-21.416 E0.15525
G1 X8.534 Y4.084 E0.79513
G1 X3.555 Y4.084 E0.15525
G1 X2.977 Y4.084 E0.01802
G1 X3.555 Y3.647 E0.01174
G1 X4.154 Y3.031 E0.02679
M566 X1800 Y1800
G0 F7200 X3.77 Y2.709
M566 X1200 Y1200
G1 F6000 X4.228 Y2.073 E0.02444
G1 X4.586 Y1.375 E0.02446
G1 X4.836 Y0.63 E0.0245
G1 X4.973 Y-.143 E0.02448
G1 X4.992 Y-.928 E0.02448
G1 X4.895 Y-1.707 E0.02448
G1 X4.682 Y-2.462 E0.02446
G1 X4.359 Y-3.178 E0.02449
G1 X3.933 Y-3.838 E0.02449
G1 X3.414 Y-4.426 E0.02446
G1 X2.813 Y-4.93 E0.02446
G1 X2.143 Y-5.34 E0.02449
G1 X1.419 Y-5.644 E0.02448
G1 X0.658 Y-5.838 E0.02449
G1 X-.122 Y-5.916 E0.02444
G1 X-.906 Y-5.878 E0.02447
G1 X-1.676 Y-5.722 E0.0245
G1 X-2.413 Y-5.453 E0.02446
G1 X-3.103 Y-5.078 E0.02449
G1 X-3.729 Y-4.603 E0.0245
G1 X-4.276 Y-4.042 E0.02443
G1 X-4.734 Y-3.405 E0.02446
G1 X-5.092 Y-2.707 E0.02446
G1 X-5.342 Y-1.963 E0.02447
G1 X-5.479 Y-1.19 E0.02448
G1 X-5.498 Y-.405 E0.02448
G1 X-5.401 Y0.374 E0.02448
G1 X-5.188 Y1.129 E0.02446
G1 X-4.865 Y1.845 E0.02449
G1 X-4.439 Y2.505 E0.02449
G1 X-3.92 Y3.093 E0.02446
G1 X-3.319 Y3.597 E0.02446
G1 X-2.649 Y4.007 E0.02449
G1 X-1.925 Y4.311 E0.02448
G1 X-1.165 Y4.505 E0.02446
G1 X-.384 Y4.583 E0.02447
G1 X0.399 Y4.545 E0.02444
G1 X1.17 Y4.389 E0.02453
G1 X1.907 Y4.12 E0.02446
G1 X2.596 Y3.745 E0.02446
G1 X3.223 Y3.271 E0.02451
G1 X3.77 Y2.709 E0.02445
M566 X1800 Y1800
G0 F7200 X3.846 Y2.773
G0 X1.907 Y4.484
G0 X1.907 Y4.584
M566 X1200 Y1200
G1 F6000 X1.17 Y4.584 E0.01502
G1 X0.399 Y4.584 E0.00554
G1 X-.384 Y4.584 E0.00098
G1 X-1.165 Y4.584 E0.00193
G1 X-1.925 Y4.584 E0.00822
G1 X-2.488 Y4.584 E0.0141
G1 X-9.034 Y4.584 E0.20411
G1 X-9.035 Y-21.916 E0.82631
G1 X-2.413 Y-21.916 E0.20648
G1 X-1.676 Y-21.916 E0.02298
G1 X-.906 Y-21.916 E0.02401
G1 X-.122 Y-21.916 E0.02445
G1 X0.658 Y-21.916 E0.02432
G1 X1.419 Y-21.916 E0.02373
G1 X1.984 Y-21.916 E0.01762
G1 X9.034 Y-21.916 E0.21983
G1 X9.034 Y4.584 E0.82631
G1 X1.907 Y4.584 E0.22223
M566 X1800 Y1800
G0 F7200 X1.907 Y4.484
G0 X3.249 Y3.3
G0 X3.8 Y2.734
G0 X4.262 Y2.093
G0 X4.622 Y1.39
G0 X4.874 Y0.639
G0 X5.012 Y-.14
G0 X5.031 Y-.929
G0 X4.934 Y-1.714
G0 X1.197 Y-11.515
G0 X1.17 Y-11.611
M566 X1200 Y1200
G1 F6000 X1.907 Y-11.88 E0.02446
G1 X2.596 Y-12.255 E0.02446
G1 X3.223 Y-12.729 E0.02451
G1 X3.77 Y-13.291 E0.02445
G1 X4.228 Y-13.927 E0.02444
G1 X4.586 Y-14.625 E0.02446
G1 X4.836 Y-15.37 E0.0245
G1 X4.973 Y-16.143 E0.02448
G1 X4.992 Y-16.928 E0.02448
G1 X4.895 Y-17.707 E0.02448
G1 X4.682 Y-18.462 E0.02446
G1 X4.359 Y-19.178 E0.02449
G1 X3.933 Y-19.838 E0.02449
G1 X3.414 Y-20.426 E0.02446
G1 X2.813 Y-20.93 E0.02446
G1 X2.143 Y-21.34 E0.02449
G1 X1.419 Y-21.644 E0.021
G1 X0.658 Y-21.838 E0.00894
G1 X-.122 Y-21.916 E0.00198
G1 X-.906 Y-21.878 E0.02447
G1 X-1.676 Y-21.722 E0.00596
G1 X-2.413 Y-21.453 E0.01645
G1 X-3.103 Y-21.078 E0.02449
G1 X-3.729 Y-20.603 E0.0245
G1 X-4.276 Y-20.042 E0.02443
G1 X-4.734 Y-19.405 E0.02446
G1 X-5.092 Y-18.707 E0.02446
G1 X-5.342 Y-17.963 E0.02447
G1 X-5.479 Y-17.19 E0.02448
G1 X-5.498 Y-16.405 E0.02448
G1 X-5.401 Y-15.626 E0.02448
G1 X-5.188 Y-14.871 E0.02446
G1 X-4.865 Y-14.155 E0.02449
G1 X-4.439 Y-13.495 E0.02449
G1 X-3.92 Y-12.907 E0.02446
G1 X-3.319 Y-12.403 E0.02446
G1 X-2.649 Y-11.993 E0.02449
G1 X-1.925 Y-11.689 E0.02448
G1 X-1.165 Y-11.495 E0.02446
G1 X-.384 Y-11.417 E0.02447
G1 X0.399 Y-11.455 E0.02444
G1 X1.17 Y-11.611 E0.02453
M566 X1800 Y1800
G0 F7200 X1.034 Y-12.094
M566 X1200 Y1200
;TYPE:WALL-OUTER
G1 F3000 X1.701 Y-12.337 E0.02214
G1 X2.324 Y-12.676 E0.02212
G1 X2.891 Y-13.105 E0.02217
G1 X3.386 Y-13.613 E0.02212
G1 X3.8 Y-14.189 E0.02212
G1 X4.124 Y-14.82 E0.02212
G1 X4.35 Y-15.494 E0.02217
G1 X4.474 Y-16.193 E0.02214
G1 X4.491 Y-16.903 E0.02215
G1 X4.403 Y-17.608 E0.02215
G1 X4.211 Y-18.291 E0.02212
G1 X3.919 Y-18.938 E0.02213
G1 X3.533 Y-19.535 E0.02217
G1 X3.064 Y-20.067 E0.02211
G1 X2.52 Y-20.523 E0.02213
G1 X1.914 Y-20.894 E0.02216
G1 X1.26 Y-21.169 E0.02212
G1 X0.571 Y-21.344 E0.02217
G1 X-.135 Y-21.415 E0.02213
G1 X-.844 Y-21.38 E0.02213
G1 X-1.54 Y-21.239 E0.02214
G1 X-2.207 Y-20.996 E0.02214
G1 X-2.831 Y-20.657 E0.02214
G1 X-3.397 Y-20.227 E0.02216
G1 X-3.892 Y-19.72 E0.02209
G1 X-4.306 Y-19.144 E0.02212
G1 X-4.63 Y-18.512 E0.02215
G1 X-4.856 Y-17.839 E0.02214
G1 X-4.98 Y-17.14 E0.02214
G1 X-4.997 Y-16.43 E0.02215
G1 X-4.909 Y-15.725 E0.02215
G1 X-4.717 Y-15.042 E0.02212
G1 X-4.425 Y-14.395 E0.02213
G1 X-4.039 Y-13.798 E0.02217
G1 X-3.57 Y-13.266 E0.02211
G1 X-3.026 Y-12.81 E0.02213
G1 X-2.42 Y-12.439 E0.02216
G1 X-1.766 Y-12.164 E0.02212
G1 X-1.078 Y-11.989 E0.02214
G1 X-.371 Y-11.918 E0.02216
G1 X0.337 Y-11.953 E0.0221
G1 X1.034 Y-12.094 E0.02217
M566 X1800 Y1800
G0 F7200 X1.269 Y-12.179
G0 X1.474 Y-11.615
G0 X0.63 Y-5.94
G0 X0.571 Y-5.344
M566 X1200 Y1200
G1 F3000 X-.135 Y-5.415 E0.02213
G1 X-.844 Y-5.38 E0.02213
G1 X-1.54 Y-5.239 E0.02214
G1 X-2.207 Y-4.996 E0.02214
G1 X-2.831 Y-4.657 E0.02214
G1 X-3.397 Y-4.227 E0.02216
G1 X-3.892 Y-3.72 E0.02209
G1 X-4.306 Y-3.144 E0.02212
G1 X-4.63 Y-2.512 E0.02215
G1 X-4.856 Y-1.839 E0.02214
G1 X-4.98 Y-1.14 E0.02214
G1 X-4.997 Y-.43 E0.02215
G1 X-4.909 Y0.275 E0.02215
G1 X-4.717 Y0.958 E0.02212
G1 X-4.425 Y1.605 E0.02213
G1 X-4.039 Y2.202 E0.02217
G1 X-3.57 Y2.734 E0.02211
G1 X-3.026 Y3.19 E0.02213
G1 X-2.42 Y3.561 E0.02216
G1 X-1.766 Y3.836 E0.02212
G1 X-1.078 Y4.011 E0.02214
G1 X-.371 Y4.082 E0.02216
G1 X0.337 Y4.047 E0.0221
G1 X1.034 Y3.906 E0.02217
G1 X1.701 Y3.663 E0.02214
G1 X2.324 Y3.324 E0.02212
G1 X2.891 Y2.895 E0.02217
G1 X3.386 Y2.387 E0.02212
G1 X3.8 Y1.811 E0.02212
G1 X4.124 Y1.18 E0.02212
G1 X4.35 Y0.506 E0.02217
G1 X4.474 Y-.193 E0.02214
G1 X4.491 Y-.903 E0.02215
G1 X4.403 Y-1.608 E0.02215
G1 X4.211 Y-2.291 E0.02212
G1 X3.919 Y-2.938 E0.02213
G1 X3.533 Y-3.535 E0.02217
G1 X3.064 Y-4.067 E0.02211
G1 X2.52 Y-4.523 E0.02213
G1 X1.914 Y-4.894 E0.02216
G1 X1.26 Y-5.169 E0.02212
G1 X0.571 Y-5.344 E0.02217
M566 X1800 Y1800
G0 F7200 X0.323 Y-5.369
G0 X0.382 Y-5.965
G0 X8.964 Y-21.846
G0 X9.534 Y-22.416
M566 X1200 Y1200
G1 F3000 X9.534 Y5.084 E0.85749
G1 X-9.534 Y5.084 E0.59457
G1 X-9.535 Y-22.416 E0.85749
G1 X9.534 Y-22.416 E0.5946
M566 X1800 Y1800
G0 F7200 X9.534 Y-22.166
G0 X8.964 Y-21.846
G0 X7.371 Y-20.716
M566 X1200 Y1200
;TYPE:FILL
G1 F6000 X5.975 Y-18.298 E0.08706
M566 X1800 Y1800
G0 F7200 X6.052 Y-18.025
M566 X1200 Y1200
G1 F6000 X7.834 Y-18.025 E0.05557
M566 X1800 Y1800
G0 F7200 X6.915 Y-18.016
M566 X1200 Y1200
G1 F6000 X7.834 Y-16.424 E0.05732
G1 X7.896 Y-16.316
M566 X1800 Y1800
G0 F7200 X6.91 Y-18.032
M566 X1200 Y1200
G1 F6000 X5.36 Y-20.716 E0.09664
G1 X5.298 Y-20.824
M566 X1800 Y1800
G0 F7200 X5.758 Y-14.345
M566 X1200 Y1200
G1 F6000 X7.834 Y-14.345 E0.06473
G1 X7.834 Y-14.164
G1 X3.184 Y-6.11 E0.28999
G1 X3.122 Y-6.002
M566 X1800 Y1800
G0 F7200 X0.971 Y-6.998
M566 X1200 Y1200
G1 F6000 X7.834 Y-6.998 E0.214
G1 X7.834 Y-6.812
G1 X5.702 Y-3.119 E0.13296
G1 X5.608 Y-3.325
G1 X7.834 Y-3.325 E0.06941
G1 X7.959 Y-3.325
M566 X1800 Y1800
G0 F7200 X7.834 Y-1.732
M566 X1200 Y1200
G1 F6000 X2.559 Y-10.87 E0.329
M566 X1800 Y1800
G0 F7200 X2.095 Y-10.672
M566 X1200 Y1200
G1 F6000 X7.834 Y-10.672 E0.17895
G1 X7.959 Y-10.672
M566 X1800 Y1800
G0 F7200 X7.834 Y-9.079
M566 X1200 Y1200
G1 F6000 X5.322 Y-13.43 E0.15666
G1 X5.26 Y-13.538
M566 X1800 Y1800
G0 F7200 X1.439 Y-10.441
M566 X1200 Y1200
G1 F6000 X-.49 Y-7.1 E0.12029
M566 X1800 Y1800
G0 F7200 X-1.425 Y-6.998
M566 X1200 Y1200
G1 F6000 X-7.834 Y-6.998 E0.19984
G1 X-7.834 Y-6.811
G1 X-5.981 Y-3.602 E0.11554
M566 X1800 Y1800
G0 F7200 X-6.123 Y-3.325
M566 X1200 Y1200
G1 F6000 X-7.834 Y-3.325 E0.05335
G1 X-7.959 Y-3.325
M566 X1800 Y1800
G0 F7200 X-7.834 Y-1.732
M566 X1200 Y1200
G1 F6000 X-2.659 Y-10.696 E0.32274
G1 X-2.602 Y-10.672
G1 X-7.835 Y-10.672 E0.16317
G1 X-7.96 Y-10.672
M566 X1800 Y1800
G0 F7200 X-7.835 Y-9.079
M566 X1200 Y1200
G1 F6000 X-5.56 Y-13.019 E0.14186
G1 X-5.498 Y-13.127
M566 X1800 Y1800
G0 F7200 X-6.267 Y-14.345
M566 X1200 Y1200
G1 F6000 X-7.835 Y-14.345 E0.04889
G1 X-7.835 Y-14.164
G1 X-3.311 Y-6.33 E0.28208
G1 X-3.249 Y-6.222
M566 X1800 Y1800
G0 F7200 X0.514 Y-7.059
M566 X1200 Y1200
G1 F6000 X-1.362 Y-10.308 E0.11698
G1 X-1.424 Y-10.416
M566 X1800 Y1800
G0 F7200 X-7.835 Y-16.424
M566 X1200 Y1200
G1 F6000 X-6.915 Y-18.017 E0.05736
G1 X-6.91 Y-18.032
G1 X-5.808 Y-19.941 E0.06873
G1 X-5.731 Y-20.074
G1 X-5.525 Y-20.43 E0.01283
M566 X1800 Y1800
G0 F7200 X-6.304 Y-18.869
M566 X1200 Y1200
G1 F6000 X-7.371 Y-20.716 E0.06651
G1 X-7.433 Y-20.824
M566 X1800 Y1800
G0 F7200 X-7.835 Y-18.025
M566 X1200 Y1200
G1 F6000 X-6.55 Y-18.025 E0.04007
G1 X-6.425 Y-18.025
M566 X1800 Y1800
G0 F7200 X-6.613 Y0.35
M566 X1200 Y1200
G1 F6000 X-7.834 Y0.35 E0.03807
G1 X-7.834 Y0.531
G1 X-6.187 Y3.384 E0.10272
M566 X1800 Y1800
G0 F7200 X-6.543 Y3.384
M566 X1200 Y1200
G1 F6000 X-5.949 Y2.356 E0.03702
G1 X-5.887 Y2.248
M566 X1800 Y1800
G0 F7200 X-2.667 Y4.042
G0 X-1.937 Y4.348
G0 X-1.171 Y4.544
G0 X-.385 Y4.622
G0 X0.403 Y4.584
G0 X1.18 Y4.427
G0 X1.923 Y4.156
G0 X5.675 Y1.88
M566 X1200 Y1200
G1 F6000 X6.543 Y3.384 E0.05415
M566 X1800 Y1800
G0 F7200 X6.187 Y3.384
M566 X1200 Y1200
G1 F6000 X7.834 Y0.531 E0.10272
G1 X7.834 Y0.35
G1 X6.104 Y0.35 E0.05394
G1 X5.979 Y0.35
M566 X1800 Y1800
G1 F1500 E-6.5
G0 F7200 X8.035 Y-21.896
G0 X8.035 Y-23.331
G0 X8.035 Y-26.001
G0 X8.035 Y-27.436
G0 X8.035 Y-28.416
M566 X1200 Y1200
;TYPE:WALL-INNER
G1 F1500 E6.5
G1 F6000 X-8.034 Y-28.416 E0.50105
G1 X-8.034 Y-32.916 E0.14032
G1 X8.034 Y-32.916 E0.50102
G1 X8.035 Y-28.416 E0.14032
M566 X1800 Y1800
G0 F7200 X8.535 Y-27.916
M566 X1200 Y1200
G1 F6000 X-8.534 Y-27.916 E0.53223
G1 X-8.534 Y-33.416 E0.1715
G1 X8.534 Y-33.416 E0.5322
G1 X8.535 Y-27.916 E0.1715
M566 X1800 Y1800
G0 F7200 X9.035 Y-27.416
M566 X1200 Y1200
G1 F6000 X-9.034 Y-27.416 E0.56342
G1 X-9.034 Y-33.916 E0.20268
G1 X9.034 Y-33.916 E0.56339
G1 X9.035 Y-27.416 E0.20268
M566 X1800 Y1800
G0 F7200 X9.535 Y-26.916
M566 X1200 Y1200
;TYPE:WALL-OUTER
G1 F3000 X-9.534 Y-26.916 E0.5946
G1 X-9.534 Y-34.416 E0.23386
G1 X9.534 Y-34.416 E0.59457
G1 X9.535 Y-26.916 E0.23386
M566 X1800 Y1800
G0 F7200 X9.285 Y-26.916
G0 X8.965 Y-27.486
G0 X7.686 Y-28.616
M566 X1200 Y1200
;TYPE:FILL
G1 F6000 X7.835 Y-28.873 E0.00926
G1 X7.835 Y-29.051
G1 X-7.834 Y-29.051 E0.48858
G1 X-7.834 Y-28.871
G1 X-7.687 Y-28.616 E0.00918
M566 X1800 Y1800
G0 F7200 X-7.834 Y-31.126
M566 X1200 Y1200
G1 F6000 X-6.916 Y-32.716 E0.05725
G1 X-6.854 Y-32.824
M566 X1800 Y1800
G0 F7200 X-5.812 Y-32.716
M566 X1200 Y1200
G1 F6000 X-3.445 Y-28.616 E0.14762
G1 X-3.383 Y-28.508
M566 X1800 Y1800
G0 F7200 X-5.041 Y-28.616
M566 X1200 Y1200
G1 F6000 X-2.674 Y-32.716 E0.14762
G1 X-2.612 Y-32.824
M566 X1800 Y1800
G0 F7200 X-1.569 Y-32.716
M566 X1200 Y1200
G1 F6000 X0.798 Y-28.616 E0.14762
G1 X0.86 Y-28.508
M566 X1800 Y1800
G0 F7200 X-.799 Y-28.616
M566 X1200 Y1200
G1 F6000 X1.569 Y-32.716 E0.14763
G1 X1.631 Y-32.824
M566 X1800 Y1800
G0 F7200 X2.675 Y-32.716
M566 X1200 Y1200
G1 F6000 X5.042 Y-28.616 E0.14762
G1 X5.104 Y-28.508
M566 X1800 Y1800
G0 F7200 X3.445 Y-28.616
M566 X1200 Y1200
G1 F6000 X5.812 Y-32.716 E0.14762
G1 X5.874 Y-32.824
M566 X1800 Y1800
G0 F7200 X6.916 Y-32.716
M566 X1200 Y1200
G1 F6000 X7.834 Y-31.125 E0.05728
G1 X7.896 Y-31.017
M566 X1800 Y1800
G1 F1500 E-6.5
;MESH:NONMESH
G0 F600 X7.896 Y-31.017 Z4.9
G0 F7200 X4.314 Y-27.436
G0 X4.314 Y-26.001
G0 X4.314 Y-23.331
G0 X4.314 Y-21.896
G0 X5.031 Y-16.929
G0 X5.012 Y-.14
G0 X4.314 Y3.584
;TIME_ELAPSED:692.115592
;LAYER:30
M566 X1200 Y1200
;TYPE:WALL-INNER
;MESH:Roborama2026-Lasermount.3mf
G1 F1500 E6.5
G1 F6000 X4.538 Y3.353 E0.01003
G1 X5.084 Y2.597 E0.02908
G1 X5.51 Y1.765 E0.02915
G1 X5.808 Y0.878 E0.02918
G1 X5.971 Y-0.043 E0.02916
G1 X5.994 Y-.978 E0.02916
G1 X5.877 Y-1.905 E0.02913
G1 X5.624 Y-2.806 E0.02918
G1 X5.239 Y-3.658 E0.02915
G1 X4.733 Y-4.444 E0.02915
G1 X4.114 Y-5.144 E0.02914
G1 X3.399 Y-5.744 E0.0291
G1 X2.6 Y-6.232 E0.02919
G1 X1.737 Y-6.594 E0.02918
G1 X0.832 Y-6.826 E0.02913
G1 X-0.096 Y-6.918 E0.02908
G1 X-1.03 Y-6.874 E0.02916
G1 X-1.948 Y-6.688 E0.02921
G1 X-2.825 Y-6.367 E0.02912
G1 X-3.647 Y-5.92 E0.02918
G1 X-4.393 Y-5.355 E0.02918
G1 X-5.044 Y-4.686 E0.02911
G1 X-5.59 Y-3.928 E0.02913
G1 X-6.016 Y-3.097 E0.02912
G1 X-6.314 Y-2.211 E0.02915
G1 X-6.477 Y-1.29 E0.02916
G1 X-6.5 Y-.355 E0.02916
G1 X-6.383 Y0.572 E0.02913
G1 X-6.13 Y1.473 E0.02918
G1 X-5.745 Y2.325 E0.02915
G1 X-5.239 Y3.111 E0.02915
G1 X-4.821 Y3.584 E0.01968
G1 X-8.074 Y3.584 E0.10143
G1 X-8.073 Y-20.916 E0.76394
G1 X-4.82 Y-20.916 E0.10143
G1 X-5.044 Y-20.686 E0.01001
G1 X-5.59 Y-19.928 E0.02913
G1 X-6.016 Y-19.097 E0.02912
G1 X-6.314 Y-18.211 E0.02915
G1 X-6.477 Y-17.29 E0.02916
G1 X-6.5 Y-16.355 E0.02916
G1 X-6.383 Y-15.428 E0.02913
G1 X-6.13 Y-14.527 E0.02918
G1 X-5.745 Y-13.675 E0.02915
G1 X-5.239 Y-12.889 E0.02915
G1 X-4.62 Y-12.189 E0.02914
G1 X-3.905 Y-11.589 E0.0291
G1 X-3.106 Y-11.101 E0.02919
G1 X-2.244 Y-10.739 E0.02915
G1 X-1.339 Y-10.507 E0.02913
G1 X-.41 Y-10.415 E0.02911
G1 X0.523 Y-10.459 E0.02912
G1 X1.442 Y-10.645 E0.02924
G1 X2.319 Y-10.966 E0.02912
G1 X3.14 Y-11.413 E0.02915
G1 X3.887 Y-11.977 E0.02919
G1 X4.538 Y-12.647 E0.02913
G1 X5.084 Y-13.403 E0.02908
G1 X5.51 Y-14.235 E0.02915
G1 X5.808 Y-15.122 E0.02918
G1 X5.971 Y-16.043 E0.02916
G1 X5.994 Y-16.978 E0.02916
G1 X5.877 Y-17.905 E0.02913
G1 X5.624 Y-18.806 E0.02918
G1 X5.239 Y-19.658 E0.02915
G1 X4.733 Y-20.444 E0.02915
G1 X4.316 Y-20.916 E0.01964
G1 X8.073 Y-20.916 E0.11715
G1 X8.073 Y3.584 E0.76394
G1 X4.314 Y3.584 E0.11721
M566 X1800 Y1800
G0 F7200 X4.154 Y3.031
M566 X1200 Y1200
G1 F6000 X4.656 Y2.335 E0.02676
G1 X5.048 Y1.57 E0.0268
G1 X5.322 Y0.754 E0.02684
G1 X5.472 Y-0.093 E0.02682
G1 X5.493 Y-.953 E0.02682
G1 X5.386 Y-1.806 E0.02681
G1 X5.153 Y-2.634 E0.02682
G1 X4.799 Y-3.418 E0.02682
G1 X4.333 Y-4.141 E0.02682
G1 X3.764 Y-4.785 E0.0268
G1 X3.106 Y-5.337 E0.02678
G1 X2.372 Y-5.786 E0.02683
G1 X1.578 Y-6.119 E0.02685
G1 X0.745 Y-6.332 E0.02681
G1 X-.109 Y-6.417 E0.02676
G1 X-.968 Y-6.376 E0.02682
G1 X-1.812 Y-6.205 E0.02685
G1 X-2.619 Y-5.91 E0.02679
G1 X-3.375 Y-5.499 E0.02683
G1 X-4.061 Y-4.979 E0.02684
G1 X-4.66 Y-4.364 E0.02677
G1 X-5.162 Y-3.666 E0.02681
G1 X-5.554 Y-2.902 E0.02678
G1 X-5.828 Y-2.087 E0.02681
G1 X-5.978 Y-1.24 E0.02682
G1 X-5.999 Y-.38 E0.02682
G1 X-5.892 Y0.473 E0.02681
G1 X-5.659 Y1.301 E0.02682
G1 X-5.305 Y2.085 E0.02682
G1 X-4.839 Y2.808 E0.02682
G1 X-4.27 Y3.452 E0.0268
G1 X-3.612 Y4.004 E0.02678
G1 X-3.481 Y4.084 E0.00479
G1 X-4.058 Y4.084 E0.01317
G1 X-8.574 Y4.084 E0.14082
G1 X-8.573 Y-21.416 E0.79513
G1 X-4.061 Y-21.416 E0.14069
G1 X-3.484 Y-21.416 E0.01799
G1 X-4.061 Y-20.979 E0.01173
G1 X-4.66 Y-20.364 E0.02677
G1 X-5.162 Y-19.666 E0.02681
G1 X-5.554 Y-18.902 E0.02678
G1 X-5.828 Y-18.087 E0.02681
G1 X-5.978 Y-17.24 E0.02682
G1 X-5.999 Y-16.38 E0.02682
G1 X-5.892 Y-15.527 E0.02681
G1 X-5.659 Y-14.699 E0.02682
G1 X-5.305 Y-13.915 E0.02682
G1 X-4.839 Y-13.192 E0.02682
G1 X-4.27 Y-12.548 E0.0268
G1 X-3.612 Y-11.996 E0.02678
G1 X-2.878 Y-11.547 E0.02683
G1 X-2.084 Y-11.214 E0.02685
G1 X-1.252 Y-11.001 E0.02678
G1 X-.397 Y-10.916 E0.02679
G1 X0.461 Y-10.957 E0.02678
G1 X1.306 Y-11.128 E0.02688
G1 X2.113 Y-11.423 E0.02679
G1 X2.868 Y-11.834 E0.0268
G1 X3.555 Y-12.353 E0.02685
G1 X4.154 Y-12.969 E0.02679
G1 X4.656 Y-13.665 E0.02676
G1 X5.048 Y-14.43 E0.0268
G1 X5.322 Y-15.246 E0.02684
G1 X5.472 Y-16.093 E0.02682
G1 X5.493 Y-16.953 E0.02682
G1 X5.386 Y-17.806 E0.02681
G1 X5.153 Y-18.634 E0.02682
G1 X4.799 Y-19.418 E0.02682
G1 X4.333 Y-20.141 E0.02682
G1 X3.764 Y-20.785 E0.0268
G1 X3.106 Y-21.337 E0.02678
G1 X2.977 Y-21.416 E0.00472
G1 X3.555 Y-21.416 E0.01315
G1 X8.573 Y-21.416 E0.15647
G1 X8.573 Y4.084 E0.79513
G1 X3.555 Y4.084 E0.15647
G1 X2.977 Y4.084 E0.01802
G1 X3.555 Y3.647 E0.01174
G1 X4.154 Y3.031 E0.02679
M566 X1800 Y1800
G0 F7200 X3.77 Y2.709
M566 X1200 Y1200
G1 F6000 X4.228 Y2.073 E0.02444
G1 X4.586 Y1.375 E0.02446
G1 X4.836 Y0.63 E0.0245
G1 X4.973 Y-.143 E0.02448
G1 X4.992 Y-.928 E0.02448
G1 X4.895 Y-1.707 E0.02448
G1 X4.682 Y-2.462 E0.02446
G1 X4.359 Y-3.178 E0.02449
G1 X3.933 Y-3.838 E0.02449
G1 X3.414 Y-4.426 E0.02446
G1 X2.813 Y-4.93 E0.02446
G1 X2.143 Y-5.34 E0.02449
G1 X1.419 Y-5.644 E0.02448
G1 X0.658 Y-5.838 E0.02449
G1 X-.122 Y-5.916 E0.02444
G1 X-.906 Y-5.878 E0.02447
G1 X-1.676 Y-5.722 E0.0245
G1 X-2.413 Y-5.453 E0.02446
G1 X-3.103 Y-5.078 E0.02449
G1 X-3.729 Y-4.603 E0.0245
G1 X-4.276 Y-4.042 E0.02443
G1 X-4.734 Y-3.405 E0.02446
G1 X-5.092 Y-2.707 E0.02446
G1 X-5.342 Y-1.963 E0.02447
G1 X-5.479 Y-1.19 E0.02448
G1 X-5.498 Y-.405 E0.02448
G1 X-5.401 Y0.374 E0.02448
G1 X-5.188 Y1.129 E0.02446
G1 X-4.865 Y1.845 E0.02449
G1 X-4.439 Y2.505 E0.02449
G1 X-3.92 Y3.093 E0.02446
G1 X-3.319 Y3.597 E0.02446
G1 X-2.649 Y4.007 E0.02449
G1 X-1.925 Y4.311 E0.02448
G1 X-1.165 Y4.505 E0.02446
G1 X-.384 Y4.583 E0.02447
G1 X0.399 Y4.545 E0.02444
G1 X1.17 Y4.389 E0.02453
G1 X1.907 Y4.12 E0.02446
G1 X2.596 Y3.745 E0.02446
G1 X3.223 Y3.271 E0.02451
G1 X3.77 Y2.709 E0.02445
M566 X1800 Y1800
G0 F7200 X3.846 Y2.773
G0 X1.907 Y4.484
G0 X1.907 Y4.584
M566 X1200 Y1200
G1 F6000 X1.17 Y4.584 E0.01502
G1 X0.399 Y4.584 E0.00554
G1 X-.384 Y4.584 E0.00098
G1 X-1.165 Y4.584 E0.00193
G1 X-1.925 Y4.584 E0.00822
G1 X-2.488 Y4.584 E0.0141
G1 X-9.074 Y4.584 E0.20536
G1 X-9.073 Y-21.916 E0.82631
G1 X-2.413 Y-21.916 E0.20767
G1 X-1.676 Y-21.916 E0.02298
G1 X-.906 Y-21.916 E0.02401
G1 X-.122 Y-21.916 E0.02445
G1 X0.658 Y-21.916 E0.02432
G1 X1.419 Y-21.916 E0.02373
G1 X1.984 Y-21.916 E0.01762
G1 X9.073 Y-21.916 E0.22104
G1 X9.073 Y4.584 E0.82631
G1 X1.907 Y4.584 E0.22345
M566 X1800 Y1800
G0 F7200 X1.907 Y4.484
G0 X3.249 Y3.3
G0 X3.8 Y2.734
G0 X4.262 Y2.093
G0 X4.622 Y1.39
G0 X4.874 Y0.639
G0 X5.012 Y-.14
G0 X5.031 Y-.929
G0 X4.934 Y-1.714
G0 X1.197 Y-11.515
G0 X1.17 Y-11.611
M566 X1200 Y1200
G1 F6000 X1.907 Y-11.88 E0.02446
G1 X2.596 Y-12.255 E0.02446
G1 X3.223 Y-12.729 E0.02451
G1 X3.77 Y-13.291 E0.02445
G1 X4.228 Y-13.927 E0.02444
G1 X4.586 Y-14.625 E0.02446
G1 X4.836 Y-15.37 E0.0245
G1 X4.973 Y-16.143 E0.02448
G1 X4.992 Y-16.928 E0.02448
G1 X4.895 Y-17.707 E0.02448
G1 X4.682 Y-18.462 E0.02446
G1 X4.359 Y-19.178 E0.02449
G1 X3.933 Y-19.838 E0.02449
G1 X3.414 Y-20.426 E0.02446
G1 X2.813 Y-20.93 E0.02446
G1 X2.143 Y-21.34 E0.02449
G1 X1.419 Y-21.644 E0.021
G1 X0.658 Y-21.838 E0.00894
G1 X-.122 Y-21.916 E0.00198
G1 X-.906 Y-21.878 E0.02447
G1 X-1.676 Y-21.722 E0.00596
G1 X-2.413 Y-21.453 E0.01645
G1 X-3.103 Y-21.078 E0.02449
G1 X-3.729 Y-20.603 E0.0245
G1 X-4.276 Y-20.042 E0.02443
G1 X-4.734 Y-19.405 E0.02446
G1 X-5.092 Y-18.707 E0.02446
G1 X-5.342 Y-17.963 E0.02447
G1 X-5.479 Y-17.19 E0.02448
G1 X-5.498 Y-16.405 E0.02448
G1 X-5.401 Y-15.626 E0.02448
G1 X-5.188 Y-14.871 E0.02446
G1 X-4.865 Y-14.155 E0.02449
G1 X-4.439 Y-13.495 E0.02449
G1 X-3.92 Y-12.907 E0.02446
G1 X-3.319 Y-12.403 E0.02446
G1 X-2.649 Y-11.993 E0.02449
G1 X-1.925 Y-11.689 E0.02448
G1 X-1.165 Y-11.495 E0.02446
G1 X-.384 Y-11.417 E0.02447
G1 X0.399 Y-11.455 E0.02444
G1 X1.17 Y-11.611 E0.02453
M566 X1800 Y1800
G0 F7200 X1.034 Y-12.094
M566 X1200 Y1200
;TYPE:WALL-OUTER
G1 F3000 X1.701 Y-12.337 E0.02214
G1 X2.324 Y-12.676 E0.02212
G1 X2.891 Y-13.105 E0.02217
G1 X3.386 Y-13.613 E0.02212
G1 X3.8 Y-14.189 E0.02212
G1 X4.124 Y-14.82 E0.02212
G1 X4.35 Y-15.494 E0.02217
G1 X4.474 Y-16.193 E0.02214
G1 X4.491 Y-16.903 E0.02215
G1 X4.403 Y-17.608 E0.02215
G1 X4.211 Y-18.291 E0.02212
G1 X3.919 Y-18.938 E0.02213
G1 X3.533 Y-19.535 E0.02217
G1 X3.064 Y-20.067 E0.02211
G1 X2.52 Y-20.523 E0.02213
G1 X1.914 Y-20.894 E0.02216
G1 X1.26 Y-21.169 E0.02212
G1 X0.571 Y-21.344 E0.02217
G1 X-.135 Y-21.415 E0.02213
G1 X-.844 Y-21.38 E0.02213
G1 X-1.54 Y-21.239 E0.02214
G1 X-2.207 Y-20.996 E0.02214
G1 X-2.831 Y-20.657 E0.02214
G1 X-3.397 Y-20.227 E0.02216
G1 X-3.892 Y-19.72 E0.02209
G1 X-4.306 Y-19.144 E0.02212
G1 X-4.63 Y-18.512 E0.02215
G1 X-4.856 Y-17.839 E0.02214
G1 X-4.98 Y-17.14 E0.02214
G1 X-4.997 Y-16.43 E0.02215
G1 X-4.909 Y-15.725 E0.02215
G1 X-4.717 Y-15.042 E0.02212
G1 X-4.425 Y-14.395 E0.02213
G1 X-4.039 Y-13.798 E0.02217
G1 X-3.57 Y-13.266 E0.02211
G1 X-3.026 Y-12.81 E0.02213
G1 X-2.42 Y-12.439 E0.02216
G1 X-1.766 Y-12.164 E0.02212
G1 X-1.078 Y-11.989 E0.02214
G1 X-.371 Y-11.918 E0.02216
G1 X0.337 Y-11.953 E0.0221
G1 X1.034 Y-12.094 E0.02217
M566 X1800 Y1800
G0 F7200 X1.269 Y-12.179
G0 X1.474 Y-11.615
G0 X0.63 Y-5.94
G0 X0.571 Y-5.344
M566 X1200 Y1200
G1 F3000 X-.135 Y-5.415 E0.02213
G1 X-.844 Y-5.38 E0.02213
G1 X-1.54 Y-5.239 E0.02214
G1 X-2.207 Y-4.996 E0.02214
G1 X-2.831 Y-4.657 E0.02214
G1 X-3.397 Y-4.227 E0.02216
G1 X-3.892 Y-3.72 E0.02209
G1 X-4.306 Y-3.144 E0.02212
G1 X-4.63 Y-2.512 E0.02215
G1 X-4.856 Y-1.839 E0.02214
G1 X-4.98 Y-1.14 E0.02214
G1 X-4.997 Y-.43 E0.02215
G1 X-4.909 Y0.275 E0.02215
G1 X-4.717 Y0.958 E0.02212
G1 X-4.425 Y1.605 E0.02213
G1 X-4.039 Y2.202 E0.02217
G1 X-3.57 Y2.734 E0.02211
G1 X-3.026 Y3.19 E0.02213
G1 X-2.42 Y3.561 E0.02216
G1 X-1.766 Y3.836 E0.02212
G1 X-1.078 Y4.011 E0.02214
G1 X-.371 Y4.082 E0.02216
G1 X0.337 Y4.047 E0.0221
G1 X1.034 Y3.906 E0.02217
G1 X1.701 Y3.663 E0.02214
G1 X2.324 Y3.324 E0.02212
G1 X2.891 Y2.895 E0.02217
G1 X3.386 Y2.387 E0.02212
G1 X3.8 Y1.811 E0.02212
G1 X4.124 Y1.18 E0.02212
G1 X4.35 Y0.506 E0.02217
G1 X4.474 Y-.193 E0.02214
G1 X4.491 Y-.903 E0.02215
G1 X4.403 Y-1.608 E0.02215
G1 X4.211 Y-2.291 E0.02212
G1 X3.919 Y-2.938 E0.02213
G1 X3.533 Y-3.535 E0.02217
G1 X3.064 Y-4.067 E0.02211
G1 X2.52 Y-4.523 E0.02213
G1 X1.914 Y-4.894 E0.02216
G1 X1.26 Y-5.169 E0.02212
G1 X0.571 Y-5.344 E0.02217
M566 X1800 Y1800
G0 F7200 X0.323 Y-5.369
G0 X0.382 Y-5.965
G0 X9.003 Y-21.846
G0 X9.573 Y-22.416
M566 X1200 Y1200
G1 F3000 X9.573 Y5.084 E0.85749
G1 X-9.574 Y5.084 E0.59703
G1 X-9.573 Y-22.416 E0.85749
G1 X9.573 Y-22.416 E0.597
M566 X1800 Y1800
G0 F7200 X9.573 Y-22.166
G0 X9.003 Y-21.846
G0 X7.494 Y-20.716
M566 X1200 Y1200
;TYPE:FILL
G1 F6000 X6.015 Y-18.155 E0.09222
G1 X6.022 Y-18.131
G1 X7.873 Y-18.131 E0.05772
G1 X7.998 Y-18.131
M566 X1800 Y1800
G0 F7200 X6.731 Y-18.122
M566 X1200 Y1200
G1 F6000 X7.873 Y-16.144 E0.07122
G1 X7.935 Y-16.036
M566 X1800 Y1800
G0 F7200 X7.873 Y-14.451
M566 X1200 Y1200
G1 F6000 X5.794 Y-14.451 E0.06483
G1 X5.669 Y-14.451
M566 X1800 Y1800
G0 F7200 X5.265 Y-13.318
M566 X1200 Y1200
G1 F6000 X7.873 Y-8.8 E0.16266
G1 X7.935 Y-8.692
M566 X1800 Y1800
G0 F7200 X7.873 Y-7.104
M566 X1200 Y1200
G1 F6000 X0.058 Y-7.104 E0.24368
M566 X1800 Y1800
G0 F7200 X0.384 Y-7.072
M566 X1200 Y1200
G1 F6000 X-1.504 Y-10.342 E0.11774
G1 X-1.566 Y-10.45
M566 X1800 Y1800
G0 F7200 X-2.56 Y-10.655
M566 X1200 Y1200
G1 F6000 X-7.874 Y-1.451 E0.33139
G1 X-7.936 Y-1.343
M566 X1800 Y1800
G0 F7200 X-7.874 Y0.244
M566 X1200 Y1200
G1 F6000 X-6.626 Y0.244 E0.03891
G1 X-6.501 Y0.244
M566 X1800 Y1800
G0 F7200 X-7.874 Y0.672
M566 X1200 Y1200
G1 F6000 X-6.308 Y3.384 E0.09765
G1 X-6.42 Y3.384
G1 X-5.891 Y2.467 E0.03301
G1 X-5.829 Y2.359
M566 X1800 Y1800
G0 F7200 X-6.069 Y-3.431
M566 X1200 Y1200
G1 F6000 X-7.874 Y-3.431 E0.05628
G1 X-7.999 Y-3.431
M566 X1800 Y1800
G0 F7200 X-6.039 Y-3.49
M566 X1200 Y1200
G1 F6000 X-7.874 Y-6.668 E0.11443
M566 X1800 Y1800
G0 F7200 X-7.874 Y-7.104
M566 X1200 Y1200
G1 F6000 X-.407 Y-7.104 E0.23283
G1 X-.364 Y-7.106
G1 X1.587 Y-10.486 E0.12169
M566 X1800 Y1800
G0 F7200 X2.385 Y-10.778
M566 X1200 Y1200
G1 F6000 X7.873 Y-10.778 E0.17112
G1 X7.998 Y-10.778
M566 X1800 Y1800
G0 F7200 X7.873 Y-14.019
M566 X1200 Y1200
G1 F6000 X3.274 Y-6.054 E0.28679
G1 X3.212 Y-5.946
M566 X1800 Y1800
G0 F7200 X5.56 Y-3.431
M566 X1200 Y1200
G1 F6000 X7.873 Y-3.431 E0.07212
G1 X7.998 Y-3.431
M566 X1800 Y1800
G0 F7200 X7.873 Y-1.452
M566 X1200 Y1200
G1 F6000 X2.465 Y-10.819 E0.33726
G1 X2.403 Y-10.927
M566 X1800 Y1800
G0 F7200 X-2.854 Y-10.778
M566 X1200 Y1200
G1 F6000 X-7.873 Y-10.778 E0.1565
G1 X-7.998 Y-10.778
M566 X1800 Y1800
G0 F7200 X-7.873 Y-8.799
M566 X1200 Y1200
G1 F6000 X-5.495 Y-12.918 E0.1483
G1 X-5.433 Y-13.026
M566 X1800 Y1800
G0 F7200 X-6.315 Y-14.451
M566 X1200 Y1200
G1 F6000 X-7.873 Y-14.451 E0.04858
M566 X1800 Y1800
G0 F7200 X-7.873 Y-14.019
M566 X1200 Y1200
G1 F6000 X-3.404 Y-6.279 E0.27868
G1 X-3.342 Y-6.171
M566 X1800 Y1800
G0 F7200 X0.664 Y-5.877
G0 X1.431 Y-5.681
G0 X2.161 Y-5.375
G0 X5.756 Y-3
M566 X1200 Y1200
G1 F6000 X7.873 Y-6.667 E0.13203
G1 X7.935 Y-6.775
M566 X1800 Y1800
G0 F7200 X7.873 Y0.244
M566 X1200 Y1200
G1 F6000 X6.123 Y0.244 E0.05457
G1 X5.998 Y0.244
M566 X1800 Y1800
G0 F7200 X7.873 Y0.676
M566 X1200 Y1200
G1 F6000 X6.309 Y3.384 E0.09751
G1 X6.421 Y3.384
G1 X5.617 Y1.993 E0.0501
G1 X5.555 Y1.885
M566 X1800 Y1800
G0 F7200 X6.728 Y-18.138
M566 X1200 Y1200
G1 F6000 X5.239 Y-20.716 E0.09283
G1 X5.177 Y-20.824
M566 X1800 Y1800
G0 F7200 X0.664 Y-21.877
G0 X-.121 Y-21.955
G0 X-.91 Y-21.917
G0 X-1.686 Y-21.76
G0 X-2.429 Y-21.489
G0 X-6.303 Y-18.872
M566 X1200 Y1200
G1 F6000 X-6.727 Y-18.137 E0.02646
G1 X-6.731 Y-18.123
G1 X-7.873 Y-16.145 E0.07122
G1 X-7.935 Y-16.037
M566 X1800 Y1800
G0 F7200 X-7.873 Y-18.131
M566 X1200 Y1200
G1 F6000 X-6.532 Y-18.131 E0.04181
M566 X1800 Y1800
G0 F7200 X-6.35 Y-18.735
M566 X1200 Y1200
G1 F6000 X-7.493 Y-20.716 E0.07131
G1 X-7.555 Y-20.824
M566 X1800 Y1800
G1 F1500 E-6.5
G0 F7200 X-8.073 Y-21.896
G0 X-8.073 Y-23.331
G0 X-8.073 Y-26.001
G0 X-8.073 Y-27.436
G0 X-8.073 Y-28.416
M566 X1200 Y1200
;TYPE:WALL-INNER
G1 F1500 E6.5
G1 F6000 X-8.073 Y-32.916 E0.14032
G1 X8.074 Y-32.916 E0.50349
G1 X8.073 Y-28.416 E0.14032
G1 X-8.073 Y-28.416 E0.50345
M566 X1800 Y1800
G0 F7200 X-8.573 Y-27.916
M566 X1200 Y1200
G1 F6000 X-8.573 Y-33.416 E0.1715
G1 X8.574 Y-33.416 E0.53467
G1 X8.573 Y-27.916 E0.1715
G1 X-8.573 Y-27.916 E0.53464
M566 X1800 Y1800
G0 F7200 X-9.073 Y-27.416
M566 X1200 Y1200
G1 F6000 X-9.073 Y-33.916 E0.20268
G1 X9.074 Y-33.916 E0.56585
G1 X9.073 Y-27.416 E0.20268
G1 X-9.073 Y-27.416 E0.56582
M566 X1800 Y1800
G0 F7200 X-9.573 Y-26.916
M566 X1200 Y1200
;TYPE:WALL-OUTER
G1 F3000 X-9.573 Y-34.416 E0.23386
G1 X9.574 Y-34.416 E0.59703
G1 X9.573 Y-26.916 E0.23386
G1 X-9.573 Y-26.916 E0.597
M566 X1800 Y1800
G0 F7200 X-9.573 Y-27.166
G0 X-9.003 Y-27.486
G0 X-7.808 Y-28.616
M566 X1200 Y1200
;TYPE:FILL
G1 F6000 X-7.873 Y-28.729 E0.00406
M566 X1800 Y1800
G0 F7200 X-7.873 Y-29.157
M566 X1200 Y1200
G1 F6000 X7.873 Y-29.157 E0.49098
M566 X1800 Y1800
G0 F7200 X7.873 Y-28.727
M566 X1200 Y1200
G1 F6000 X7.809 Y-28.616 E0.004
M566 X1800 Y1800
G0 F7200 X7.874 Y-30.844
M566 X1200 Y1200
G1 F6000 X6.793 Y-32.716 E0.0674
M566 X1800 Y1800
G0 F7200 X5.934 Y-32.716
M566 X1200 Y1200
G1 F6000 X3.567 Y-28.616 E0.14762
G1 X3.505 Y-28.508
M566 X1800 Y1800
G0 F7200 X4.92 Y-28.616
M566 X1200 Y1200
G1 F6000 X2.553 Y-32.716 E0.14762
M566 X1800 Y1800
G0 F7200 X1.691 Y-32.716
M566 X1200 Y1200
G1 F6000 X-.676 Y-28.616 E0.14762
G1 X-.738 Y-28.508
M566 X1800 Y1800
G0 F7200 X0.677 Y-28.616
M566 X1200 Y1200
G1 F6000 X-1.691 Y-32.716 E0.14763
M566 X1800 Y1800
G0 F7200 X-2.552 Y-32.716
M566 X1200 Y1200
G1 F6000 X-4.919 Y-28.616 E0.14762
G1 X-4.981 Y-28.508
M566 X1800 Y1800
G0 F7200 X-3.568 Y-28.616
M566 X1200 Y1200
G1 F6000 X-5.935 Y-32.716 E0.14762
M566 X1800 Y1800
G0 F7200 X-6.793 Y-32.716
M566 X1200 Y1200
G1 F6000 X-7.873 Y-30.846 E0.06734
G1 X-7.935 Y-30.738
M566 X1800 Y1800
G1 F1500 E-6.5
;MESH:NONMESH
G0 F600 X-7.935 Y-30.738 Z5.05
G0 F7200 X4.314 Y-27.436
G0 X4.314 Y-26.001
G0 X4.314 Y-23.331
G0 X4.314 Y-21.896
G0 X5.031 Y-16.929
G0 X5.012 Y-.14
G0 X4.314 Y3.584
;TIME_ELAPSED:708.781763
;LAYER:31
M566 X1200 Y1200
;TYPE:WALL-INNER
;MESH:Roborama2026-Lasermount.3mf
G1 F1500 E6.5
G1 F6000 X4.538 Y3.353 E0.01003
G1 X5.084 Y2.597 E0.02908
G1 X5.51 Y1.765 E0.02915
G1 X5.808 Y0.878 E0.02918
G1 X5.971 Y-0.043 E0.02916
G1 X5.994 Y-.978 E0.02916
G1 X5.877 Y-1.905 E0.02913
G1 X5.624 Y-2.806 E0.02918
G1 X5.239 Y-3.658 E0.02915
G1 X4.733 Y-4.444 E0.02915
G1 X4.114 Y-5.144 E0.02914
G1 X3.399 Y-5.744 E0.0291
G1 X2.6 Y-6.232 E0.02919
G1 X1.737 Y-6.594 E0.02918
G1 X0.832 Y-6.826 E0.02913
G1 X-0.096 Y-6.918 E0.02908
G1 X-1.03 Y-6.874 E0.02916
G1 X-1.948 Y-6.688 E0.02921
G1 X-2.825 Y-6.367 E0.02912
G1 X-3.647 Y-5.92 E0.02918
G1 X-4.393 Y-5.355 E0.02918
G1 X-5.044 Y-4.686 E0.02911
G1 X-5.59 Y-3.928 E0.02913
G1 X-6.016 Y-3.097 E0.02912
G1 X-6.314 Y-2.211 E0.02915
G1 X-6.477 Y-1.29 E0.02916
G1 X-6.5 Y-.355 E0.02916
G1 X-6.383 Y0.572 E0.02913
G1 X-6.13 Y1.473 E0.02918
G1 X-5.745 Y2.325 E0.02915
G1 X-5.239 Y3.111 E0.02915
G1 X-4.821 Y3.584 E0.01968
G1 X-8.089 Y3.584 E0.1019
G1 X-8.088 Y-20.916 E0.76394
G1 X-4.82 Y-20.916 E0.1019
G1 X-5.044 Y-20.686 E0.01001
G1 X-5.59 Y-19.928 E0.02913
G1 X-6.016 Y-19.097 E0.02912
G1 X-6.314 Y-18.211 E0.02915
G1 X-6.477 Y-17.29 E0.02916
G1 X-6.5 Y-16.355 E0.02916
G1 X-6.383 Y-15.428 E0.02913
G1 X-6.13 Y-14.527 E0.02918
G1 X-5.745 Y-13.675 E0.02915
G1 X-5.239 Y-12.889 E0.02915
G1 X-4.62 Y-12.189 E0.02914
G1 X-3.905 Y-11.589 E0.0291
G1 X-3.106 Y-11.101 E0.02919
G1 X-2.244 Y-10.739 E0.02915
G1 X-1.339 Y-10.507 E0.02913
G1 X-.41 Y-10.415 E0.02911
G1 X0.523 Y-10.459 E0.02912
G1 X1.442 Y-10.645 E0.02924
G1 X2.319 Y-10.966 E0.02912
G1 X3.14 Y-11.413 E0.02915
G1 X3.887 Y-11.977 E0.02919
G1 X4.538 Y-12.647 E0.02913
G1 X5.084 Y-13.403 E0.02908
G1 X5.51 Y-14.235 E0.02915
G1 X5.808 Y-15.122 E0.02918
G1 X5.971 Y-16.043 E0.02916
G1 X5.994 Y-16.978 E0.02916
G1 X5.877 Y-17.905 E0.02913
G1 X5.624 Y-18.806 E0.02918
G1 X5.239 Y-19.658 E0.02915
G1 X4.733 Y-20.444 E0.02915
G1 X4.316 Y-20.916 E0.01964
G1 X8.089 Y-20.916 E0.11765
G1 X8.087 Y3.584 E0.76394
G1 X4.314 Y3.584 E0.11765
M566 X1800 Y1800
G0 F7200 X4.154 Y3.031
M566 X1200 Y1200
G1 F6000 X4.656 Y2.335 E0.02676
G1 X5.048 Y1.57 E0.0268
G1 X5.322 Y0.754 E0.02684
G1 X5.472 Y-0.093 E0.02682
G1 X5.493 Y-.953 E0.02682
G1 X5.386 Y-1.806 E0.02681
G1 X5.153 Y-2.634 E0.02682
G1 X4.799 Y-3.418 E0.02682
G1 X4.333 Y-4.141 E0.02682
G1 X3.764 Y-4.785 E0.0268
G1 X3.106 Y-5.337 E0.02678
G1 X2.372 Y-5.786 E0.02683
G1 X1.578 Y-6.119 E0.02685
G1 X0.745 Y-6.332 E0.02681
G1 X-.109 Y-6.417 E0.02676
G1 X-.968 Y-6.376 E0.02682
G1 X-1.812 Y-6.205 E0.02685
G1 X-2.619 Y-5.91 E0.02679
G1 X-3.375 Y-5.499 E0.02683
G1 X-4.061 Y-4.979 E0.02684
G1 X-4.66 Y-4.364 E0.02677
G1 X-5.162 Y-3.666 E0.02681
G1 X-5.554 Y-2.902 E0.02678
G1 X-5.828 Y-2.087 E0.02681
G1 X-5.978 Y-1.24 E0.02682
G1 X-5.999 Y-.38 E0.02682
G1 X-5.892 Y0.473 E0.02681
G1 X-5.659 Y1.301 E0.02682
G1 X-5.305 Y2.085 E0.02682
G1 X-4.839 Y2.808 E0.02682
G1 X-4.27 Y3.452 E0.0268
G1 X-3.612 Y4.004 E0.02678
G1 X-3.481 Y4.084 E0.00479
G1 X-4.058 Y4.084 E0.01317
G1 X-8.589 Y4.084 E0.14128
G1 X-8.588 Y-21.416 E0.79513
G1 X-4.061 Y-21.416 E0.14116
G1 X-3.484 Y-21.416 E0.01799
G1 X-4.061 Y-20.979 E0.01173
G1 X-4.66 Y-20.364 E0.02677
G1 X-5.162 Y-19.666 E0.02681
G1 X-5.554 Y-18.902 E0.02678
G1 X-5.828 Y-18.087 E0.02681
G1 X-5.978 Y-17.24 E0.02682
G1 X-5.999 Y-16.38 E0.02682
G1 X-5.892 Y-15.527 E0.02681
G1 X-5.659 Y-14.699 E0.02682
G1 X-5.305 Y-13.915 E0.02682
G1 X-4.839 Y-13.192 E0.02682
G1 X-4.27 Y-12.548 E0.0268
G1 X-3.612 Y-11.996 E0.02678
G1 X-2.878 Y-11.547 E0.02683
G1 X-2.084 Y-11.214 E0.02685
G1 X-1.252 Y-11.001 E0.02678
G1 X-.397 Y-10.916 E0.02679
G1 X0.461 Y-10.957 E0.02678
G1 X1.306 Y-11.128 E0.02688
G1 X2.113 Y-11.423 E0.02679
G1 X2.868 Y-11.834 E0.0268
G1 X3.555 Y-12.353 E0.02685
G1 X4.154 Y-12.969 E0.02679
G1 X4.656 Y-13.665 E0.02676
G1 X5.048 Y-14.43 E0.0268
G1 X5.322 Y-15.246 E0.02684
G1 X5.472 Y-16.093 E0.02682
G1 X5.493 Y-16.953 E0.02682
G1 X5.386 Y-17.806 E0.02681
G1 X5.153 Y-18.634 E0.02682
G1 X4.799 Y-19.418 E0.02682
G1 X4.333 Y-20.141 E0.02682
G1 X3.764 Y-20.785 E0.0268
G1 X3.106 Y-21.337 E0.02678
G1 X2.977 Y-21.416 E0.00472
G1 X3.555 Y-21.416 E0.01315
G1 X8.589 Y-21.416 E0.15697
G1 X8.587 Y4.084 E0.79513
G1 X3.555 Y4.084 E0.1569
G1 X2.977 Y4.084 E0.01802
G1 X3.555 Y3.647 E0.01174
G1 X4.154 Y3.031 E0.02679
M566 X1800 Y1800
G0 F7200 X3.77 Y2.709
M566 X1200 Y1200
G1 F6000 X4.228 Y2.073 E0.02444
G1 X4.586 Y1.375 E0.02446
G1 X4.836 Y0.63 E0.0245
G1 X4.973 Y-.143 E0.02448
G1 X4.992 Y-.928 E0.02448
G1 X4.895 Y-1.707 E0.02448
G1 X4.682 Y-2.462 E0.02446
G1 X4.359 Y-3.178 E0.02449
G1 X3.933 Y-3.838 E0.02449
G1 X3.414 Y-4.426 E0.02446
G1 X2.813 Y-4.93 E0.02446
G1 X2.143 Y-5.34 E0.02449
G1 X1.419 Y-5.644 E0.02448
G1 X0.658 Y-5.838 E0.02449
G1 X-.122 Y-5.916 E0.02444
G1 X-.906 Y-5.878 E0.02447
G1 X-1.676 Y-5.722 E0.0245
G1 X-2.413 Y-5.453 E0.02446
G1 X-3.103 Y-5.078 E0.02449
G1 X-3.729 Y-4.603 E0.0245
G1 X-4.276 Y-4.042 E0.02443
G1 X-4.734 Y-3.405 E0.02446
G1 X-5.092 Y-2.707 E0.02446
G1 X-5.342 Y-1.963 E0.02447
G1 X-5.479 Y-1.19 E0.02448
G1 X-5.498 Y-.405 E0.02448
G1 X-5.401 Y0.374 E0.02448
G1 X-5.188 Y1.129 E0.02446
G1 X-4.865 Y1.845 E0.02449
G1 X-4.439 Y2.505 E0.02449
G1 X-3.92 Y3.093 E0.02446
G1 X-3.319 Y3.597 E0.02446
G1 X-2.649 Y4.007 E0.02449
G1 X-1.925 Y4.311 E0.02448
G1 X-1.165 Y4.505 E0.02446
G1 X-.384 Y4.583 E0.02447
G1 X0.399 Y4.545 E0.02444
G1 X1.17 Y4.389 E0.02453
G1 X1.907 Y4.12 E0.02446
G1 X2.596 Y3.745 E0.02446
G1 X3.223 Y3.271 E0.02451
G1 X3.77 Y2.709 E0.02445
M566 X1800 Y1800
G0 F7200 X3.846 Y2.773
G0 X1.907 Y4.484
G0 X1.907 Y4.584
M566 X1200 Y1200
G1 F6000 X1.17 Y4.584 E0.01502
G1 X0.399 Y4.584 E0.00554
G1 X-.384 Y4.584 E0.00098
G1 X-1.165 Y4.584 E0.00193
G1 X-1.925 Y4.584 E0.00822
G1 X-2.488 Y4.584 E0.0141
G1 X-9.089 Y4.584 E0.20583
G1 X-9.088 Y-21.916 E0.82631
G1 X-2.413 Y-21.916 E0.20814
G1 X-1.676 Y-21.916 E0.02298
G1 X-.906 Y-21.916 E0.02401
G1 X-.122 Y-21.916 E0.02445
G1 X0.658 Y-21.916 E0.02432
G1 X1.419 Y-21.916 E0.02373
G1 X1.984 Y-21.916 E0.01762
G1 X9.089 Y-21.916 E0.22154
G1 X9.087 Y4.584 E0.82631
G1 X1.907 Y4.584 E0.22388
M566 X1800 Y1800
G0 F7200 X1.907 Y4.484
G0 X3.249 Y3.3
G0 X3.8 Y2.734
G0 X4.262 Y2.093
G0 X4.622 Y1.39
G0 X4.874 Y0.639
G0 X5.012 Y-.14
G0 X5.031 Y-.929
G0 X4.934 Y-1.714
G0 X1.197 Y-11.515
G0 X1.17 Y-11.611
M566 X1200 Y1200
G1 F6000 X1.907 Y-11.88 E0.02446
G1 X2.596 Y-12.255 E0.02446
G1 X3.223 Y-12.729 E0.02451
G1 X3.77 Y-13.291 E0.02445
G1 X4.228 Y-13.927 E0.02444
G1 X4.586 Y-14.625 E0.02446
G1 X4.836 Y-15.37 E0.0245
G1 X4.973 Y-16.143 E0.02448
G1 X4.992 Y-16.928 E0.02448
G1 X4.895 Y-17.707 E0.02448
G1 X4.682 Y-18.462 E0.02446
G1 X4.359 Y-19.178 E0.02449
G1 X3.933 Y-19.838 E0.02449
G1 X3.414 Y-20.426 E0.02446
G1 X2.813 Y-20.93 E0.02446
G1 X2.143 Y-21.34 E0.02449
G1 X1.419 Y-21.644 E0.021
G1 X0.658 Y-21.838 E0.00894
G1 X-.122 Y-21.916 E0.00198
G1 X-.906 Y-21.878 E0.02447
G1 X-1.676 Y-21.722 E0.00596
G1 X-2.413 Y-21.453 E0.01645
G1 X-3.103 Y-21.078 E0.02449
G1 X-3.729 Y-20.603 E0.0245
G1 X-4.276 Y-20.042 E0.02443
G1 X-4.734 Y-19.405 E0.02446
G1 X-5.092 Y-18.707 E0.02446
G1 X-5.342 Y-17.963 E0.02447
G1 X-5.479 Y-17.19 E0.02448
G1 X-5.498 Y-16.405 E0.02448
G1 X-5.401 Y-15.626 E0.02448
G1 X-5.188 Y-14.871 E0.02446
G1 X-4.865 Y-14.155 E0.02449
G1 X-4.439 Y-13.495 E0.02449
G1 X-3.92 Y-12.907 E0.02446
G1 X-3.319 Y-12.403 E0.02446
G1 X-2.649 Y-11.993 E0.02449
G1 X-1.925 Y-11.689 E0.02448
G1 X-1.165 Y-11.495 E0.02446
G1 X-.384 Y-11.417 E0.02447
G1 X0.399 Y-11.455 E0.02444
G1 X1.17 Y-11.611 E0.02453
M566 X1800 Y1800
G0 F7200 X1.034 Y-12.094
M566 X1200 Y1200
;TYPE:WALL-OUTER
G1 F3000 X1.701 Y-12.337 E0.02214
G1 X2.324 Y-12.676 E0.02212
G1 X2.891 Y-13.105 E0.02217
G1 X3.386 Y-13.613 E0.02212
G1 X3.8 Y-14.189 E0.02212
G1 X4.124 Y-14.82 E0.02212
G1 X4.35 Y-15.494 E0.02217
G1 X4.474 Y-16.193 E0.02214
G1 X4.491 Y-16.903 E0.02215
G1 X4.403 Y-17.608 E0.02215
G1 X4.211 Y-18.291 E0.02212
G1 X3.919 Y-18.938 E0.02213
G1 X3.533 Y-19.535 E0.02217
G1 X3.064 Y-20.067 E0.02211
G1 X2.52 Y-20.523 E0.02213
G1 X1.914 Y-20.894 E0.02216
G1 X1.26 Y-21.169 E0.02212
G1 X0.571 Y-21.344 E0.02217
G1 X-.135 Y-21.415 E0.02213
G1 X-.844 Y-21.38 E0.02213
G1 X-1.54 Y-21.239 E0.02214
G1 X-2.207 Y-20.996 E0.02214
G1 X-2.831 Y-20.657 E0.02214
G1 X-3.397 Y-20.227 E0.02216
G1 X-3.892 Y-19.72 E0.02209
G1 X-4.306 Y-19.144 E0.02212
G1 X-4.63 Y-18.512 E0.02215
G1 X-4.856 Y-17.839 E0.02214
G1 X-4.98 Y-17.14 E0.02214
G1 X-4.997 Y-16.43 E0.02215
G1 X-4.909 Y-15.725 E0.02215
G1 X-4.717 Y-15.042 E0.02212
G1 X-4.425 Y-14.395 E0.02213
G1 X-4.039 Y-13.798 E0.02217
G1 X-3.57 Y-13.266 E0.02211
G1 X-3.026 Y-12.81 E0.02213
G1 X-2.42 Y-12.439 E0.02216
G1 X-1.766 Y-12.164 E0.02212
G1 X-1.078 Y-11.989 E0.02214
G1 X-.371 Y-11.918 E0.02216
G1 X0.337 Y-11.953 E0.0221
G1 X1.034 Y-12.094 E0.02217
M566 X1800 Y1800
G0 F7200 X1.269 Y-12.179
G0 X1.474 Y-11.615
G0 X0.63 Y-5.94
G0 X0.571 Y-5.344
M566 X1200 Y1200
G1 F3000 X-.135 Y-5.415 E0.02213
G1 X-.844 Y-5.38 E0.02213
G1 X-1.54 Y-5.239 E0.02214
G1 X-2.207 Y-4.996 E0.02214
G1 X-2.831 Y-4.657 E0.02214
G1 X-3.397 Y-4.227 E0.02216
G1 X-3.892 Y-3.72 E0.02209
G1 X-4.306 Y-3.144 E0.02212
G1 X-4.63 Y-2.512 E0.02215
G1 X-4.856 Y-1.839 E0.02214
G1 X-4.98 Y-1.14 E0.02214
G1 X-4.997 Y-.43 E0.02215
G1 X-4.909 Y0.275 E0.02215
G1 X-4.717 Y0.958 E0.02212
G1 X-4.425 Y1.605 E0.02213
G1 X-4.039 Y2.202 E0.02217
G1 X-3.57 Y2.734 E0.02211
G1 X-3.026 Y3.19 E0.02213
G1 X-2.42 Y3.561 E0.02216
G1 X-1.766 Y3.836 E0.02212
G1 X-1.078 Y4.011 E0.02214
G1 X-.371 Y4.082 E0.02216
G1 X0.337 Y4.047 E0.0221
G1 X1.034 Y3.906 E0.02217
G1 X1.701 Y3.663 E0.02214
G1 X2.324 Y3.324 E0.02212
G1 X2.891 Y2.895 E0.02217
G1 X3.386 Y2.387 E0.02212
G1 X3.8 Y1.811 E0.02212
G1 X4.124 Y1.18 E0.02212
G1 X4.35 Y0.506 E0.02217
G1 X4.474 Y-.193 E0.02214
G1 X4.491 Y-.903 E0.02215
G1 X4.403 Y-1.608 E0.02215
G1 X4.211 Y-2.291 E0.02212
G1 X3.919 Y-2.938 E0.02213
G1 X3.533 Y-3.535 E0.02217
G1 X3.064 Y-4.067 E0.02211
G1 X2.52 Y-4.523 E0.02213
G1 X1.914 Y-4.894 E0.02216
G1 X1.26 Y-5.169 E0.02212
G1 X0.571 Y-5.344 E0.02217
M566 X1800 Y1800
G0 F7200 X0.323 Y-5.369
G0 X0.382 Y-5.965
G0 X9.019 Y-21.846
G0 X9.589 Y-22.416
M566 X1200 Y1200
G1 F3000 X9.587 Y5.084 E0.85749
G1 X-9.589 Y5.084 E0.59793
G1 X-9.588 Y-22.416 E0.85749
G1 X9.589 Y-22.416 E0.59797
M566 X1800 Y1800
G0 F7200 X9.589 Y-22.166
G0 X9.019 Y-21.846
G0 X7.617 Y-20.716
M566 X1200 Y1200
;TYPE:FILL
G1 F6000 X6.056 Y-18.012 E0.09736
G1 X5.992 Y-18.237
G1 X7.889 Y-18.237 E0.05915
G1 X8.014 Y-18.237
M566 X1800 Y1800
G0 F7200 X6.548 Y-18.228
M566 X1200 Y1200
G1 F6000 X7.889 Y-15.906 E0.08361
G1 X7.951 Y-15.798
M566 X1800 Y1800
G0 F7200 X7.888 Y-14.557
M566 X1200 Y1200
G1 F6000 X5.829 Y-14.557 E0.0642
G1 X5.704 Y-14.557
M566 X1800 Y1800
G0 F7200 X5.199 Y-13.22
M566 X1200 Y1200
G1 F6000 X7.888 Y-8.563 E0.16768
G1 X7.95 Y-8.455
M566 X1800 Y1800
G0 F7200 X7.888 Y-7.21
M566 X1200 Y1200
G1 F6000 X-7.889 Y-7.21 E0.49195
M566 X1800 Y1800
G0 F7200 X-7.889 Y-6.48
M566 X1200 Y1200
G1 F6000 X-6.097 Y-3.377 E0.11173
G1 X-6.015 Y-3.537
G1 X-7.889 Y-3.537 E0.05843
G1 X-8.014 Y-3.537
M566 X1800 Y1800
G0 F7200 X-7.889 Y-1.213
M566 X1200 Y1200
G1 F6000 X-2.462 Y-10.613 E0.33845
M566 X1800 Y1800
G0 F7200 X-3.108 Y-10.885
M566 X1200 Y1200
G1 F6000 X-7.888 Y-10.885 E0.14905
G1 X-8.013 Y-10.885
M566 X1800 Y1800
G0 F7200 X-7.889 Y-8.562
M566 X1200 Y1200
G1 F6000 X-5.431 Y-12.818 E0.15325
G1 X-5.369 Y-12.926
M566 X1800 Y1800
G0 F7200 X-6.347 Y-14.557
M566 X1200 Y1200
G1 F6000 X-7.888 Y-14.557 E0.04805
M566 X1800 Y1800
G0 F7200 X-7.888 Y-13.833
M566 X1200 Y1200
G1 F6000 X-3.497 Y-6.228 E0.27382
G1 X-3.435 Y-6.12
M566 X1800 Y1800
G0 F7200 X-.237 Y-7.112
M566 X1200 Y1200
G1 F6000 X1.743 Y-10.543 E0.12352
M566 X1800 Y1800
G0 F7200 X2.37 Y-10.773
M566 X1200 Y1200
G1 F6000 X7.887 Y-1.216 E0.34409
G1 X7.949 Y-1.108
M566 X1800 Y1800
G0 F7200 X7.887 Y0.138
M566 X1200 Y1200
G1 F6000 X6.141 Y0.138 E0.05444
G1 X6.016 Y0.138
M566 X1800 Y1800
G0 F7200 X7.887 Y0.864
M566 X1200 Y1200
G1 F6000 X6.432 Y3.384 E0.09073
G1 X6.297 Y3.384
G1 X5.559 Y2.106 E0.04602
G1 X5.497 Y1.998
M566 X1800 Y1800
G0 F7200 X5.81 Y-2.881
M566 X1200 Y1200
G1 F6000 X7.888 Y-6.48 E0.12958
G1 X7.95 Y-6.588
M566 X1800 Y1800
G0 F7200 X7.888 Y-3.537
M566 X1200 Y1200
G1 F6000 X5.512 Y-3.537 E0.07409
G1 X5.387 Y-3.537
M566 X1800 Y1800
G0 F7200 X3.365 Y-5.999
M566 X1200 Y1200
G1 F6000 X7.888 Y-13.834 E0.28209
G1 X7.95 Y-13.942
M566 X1800 Y1800
G0 F7200 X7.888 Y-10.885
M566 X1200 Y1200
G1 F6000 X2.587 Y-10.885 E0.16529
G1 X2.462 Y-10.885
M566 X1800 Y1800
G0 F7200 X-1.649 Y-10.379
M566 X1200 Y1200
G1 F6000 X0.253 Y-7.085 E0.1186
G1 X0.315 Y-6.977
M566 X1800 Y1800
G0 F7200 X-3.124 Y-5.111
G0 X-3.755 Y-4.632
G0 X-4.306 Y-4.067
G0 X-4.679 Y-3.548
G0 X-6.639 Y0.138
M566 X1200 Y1200
G1 F6000 X-7.889 Y0.138 E0.03898
M566 X1800 Y1800
G0 F7200 X-7.889 Y0.859
M566 X1200 Y1200
G1 F6000 X-6.431 Y3.384 E0.09092
G1 X-6.297 Y3.384
G1 X-5.826 Y2.568 E0.02938
M566 X1800 Y1800
G0 F7200 X-7.888 Y-15.908
M566 X1200 Y1200
G1 F6000 X-6.548 Y-18.229 E0.08357
G1 X-6.542 Y-18.243
G1 X-6.477 Y-18.355 E0.00404
G1 X-6.513 Y-18.237
G1 X-7.888 Y-18.237 E0.04287
G1 X-8.013 Y-18.237
M566 X1800 Y1800
G0 F7200 X-6.395 Y-18.599
M566 X1200 Y1200
G1 F6000 X-7.617 Y-20.716 E0.07622
G1 X-7.679 Y-20.824
M566 X1800 Y1800
G0 F7200 X-1.686 Y-21.76
G0 X-.91 Y-21.917
G0 X-.121 Y-21.955
G0 X0.514 Y-21.892
G0 X5.142 Y-20.669
M566 X1200 Y1200
G1 F6000 X6.543 Y-18.243 E0.08735
G1 X6.605 Y-18.135
M566 X1800 Y1800
G1 F1500 E-6.5
G0 F7200 X8.088 Y-21.896
G0 X8.088 Y-23.331
G0 X8.088 Y-26.001
G0 X8.088 Y-27.436
G0 X8.088 Y-28.416
M566 X1200 Y1200
;TYPE:WALL-INNER
G1 F1500 E6.5
G1 F6000 X-8.088 Y-28.416 E0.50439
G1 X-8.089 Y-32.916 E0.14032
G1 X8.089 Y-32.916 E0.50445
G1 X8.088 Y-28.416 E0.14032
M566 X1800 Y1800
G0 F7200 X8.588 Y-27.916
M566 X1200 Y1200
G1 F6000 X-8.588 Y-27.916 E0.53557
G1 X-8.589 Y-33.416 E0.1715
G1 X8.589 Y-33.416 E0.53563
G1 X8.588 Y-27.916 E0.1715
M566 X1800 Y1800
G0 F7200 X9.088 Y-27.416
M566 X1200 Y1200
G1 F6000 X-9.088 Y-27.416 E0.56675
G1 X-9.089 Y-33.916 E0.20268
G1 X9.089 Y-33.916 E0.56682
G1 X9.088 Y-27.416 E0.20268
M566 X1800 Y1800
G0 F7200 X9.588 Y-26.916
M566 X1200 Y1200
;TYPE:WALL-OUTER
G1 F3000 X-9.588 Y-26.916 E0.59793
G1 X-9.589 Y-34.416 E0.23386
G1 X9.589 Y-34.416 E0.598
G1 X9.588 Y-26.916 E0.23386
M566 X1800 Y1800
G0 F7200 X9.338 Y-26.916
G0 X9.018 Y-27.486
G0 X7.888 Y-29.264
M566 X1200 Y1200
;TYPE:FILL
G1 F6000 X-7.888 Y-29.264 E0.49192
G1 X-8.013 Y-29.264
M566 X1800 Y1800
G0 F7200 X-7.888 Y-30.607
M566 X1200 Y1200
G1 F6000 X-6.671 Y-32.716 E0.07593
M566 X1800 Y1800
G0 F7200 X-6.056 Y-32.716
M566 X1200 Y1200
G1 F6000 X-3.689 Y-28.616 E0.14762
G1 X-3.627 Y-28.508
M566 X1800 Y1800
G0 F7200 X-4.797 Y-28.616
M566 X1200 Y1200
G1 F6000 X-2.43 Y-32.716 E0.14762
M566 X1800 Y1800
G0 F7200 X-1.814 Y-32.716
M566 X1200 Y1200
G1 F6000 X0.554 Y-28.616 E0.14763
G1 X0.616 Y-28.508
M566 X1800 Y1800
G0 F7200 X-.553 Y-28.616
M566 X1200 Y1200
G1 F6000 X1.814 Y-32.716 E0.14762
M566 X1800 Y1800
G0 F7200 X2.43 Y-32.716
M566 X1200 Y1200
G1 F6000 X4.797 Y-28.616 E0.14762
G1 X4.859 Y-28.508
M566 X1800 Y1800
G0 F7200 X3.689 Y-28.616
M566 X1200 Y1200
G1 F6000 X6.056 Y-32.716 E0.14762
M566 X1800 Y1800
G0 F7200 X6.671 Y-32.716
M566 X1200 Y1200
G1 F6000 X7.888 Y-30.607 E0.07593
G1 X7.95 Y-30.499
M566 X1800 Y1800
G1 F1500 E-6.5
;MESH:NONMESH
G0 F600 X7.95 Y-30.499 Z5.2
G0 F7200 X4.314 Y-27.436
G0 X4.314 Y-26.001
G0 X4.314 Y-23.331
G0 X4.314 Y-21.896
G0 X5.031 Y-16.929
G0 X5.012 Y-.14
G0 X4.314 Y3.584
;TIME_ELAPSED:725.274694
;LAYER:32
M566 X1200 Y1200
;TYPE:WALL-INNER
;MESH:Roborama2026-Lasermount.3mf
G1 F1500 E6.5
G1 F6000 X4.538 Y3.353 E0.01003
G1 X5.084 Y2.597 E0.02908
G1 X5.51 Y1.765 E0.02915
G1 X5.808 Y0.878 E0.02918
G1 X5.971 Y-0.043 E0.02916
G1 X5.994 Y-.978 E0.02916
G1 X5.877 Y-1.905 E0.02913
G1 X5.624 Y-2.806 E0.02918
G1 X5.239 Y-3.658 E0.02915
G1 X4.733 Y-4.444 E0.02915
G1 X4.114 Y-5.144 E0.02914
G1 X3.399 Y-5.744 E0.0291
G1 X2.6 Y-6.232 E0.02919
G1 X1.737 Y-6.594 E0.02918
G1 X0.832 Y-6.826 E0.02913
G1 X-0.096 Y-6.918 E0.02908
G1 X-1.03 Y-6.874 E0.02916
G1 X-1.948 Y-6.688 E0.02921
G1 X-2.825 Y-6.367 E0.02912
G1 X-3.647 Y-5.92 E0.02918
G1 X-4.393 Y-5.355 E0.02918
G1 X-5.044 Y-4.686 E0.02911
G1 X-5.59 Y-3.928 E0.02913
G1 X-6.016 Y-3.097 E0.02912
G1 X-6.314 Y-2.211 E0.02915
G1 X-6.477 Y-1.29 E0.02916
G1 X-6.5 Y-.355 E0.02916
G1 X-6.383 Y0.572 E0.02913
G1 X-6.13 Y1.473 E0.02918
G1 X-5.745 Y2.325 E0.02915
G1 X-5.239 Y3.111 E0.02915
G1 X-4.821 Y3.584 E0.01968
G1 X-8.081 Y3.584 E0.10165
G1 X-8.081 Y-20.916 E0.76394
G1 X-4.82 Y-20.916 E0.10168
G1 X-5.044 Y-20.686 E0.01001
G1 X-5.59 Y-19.928 E0.02913
G1 X-6.016 Y-19.097 E0.02912
G1 X-6.314 Y-18.211 E0.02915
G1 X-6.477 Y-17.29 E0.02916
G1 X-6.5 Y-16.355 E0.02916
G1 X-6.383 Y-15.428 E0.02913
G1 X-6.13 Y-14.527 E0.02918
G1 X-5.745 Y-13.675 E0.02915
G1 X-5.239 Y-12.889 E0.02915
G1 X-4.62 Y-12.189 E0.02914
G1 X-3.905 Y-11.589 E0.0291
G1 X-3.106 Y-11.101 E0.02919
G1 X-2.244 Y-10.739 E0.02915
G1 X-1.339 Y-10.507 E0.02913
G1 X-.41 Y-10.415 E0.02911
G1 X0.523 Y-10.459 E0.02912
G1 X1.442 Y-10.645 E0.02924
G1 X2.319 Y-10.966 E0.02912
G1 X3.14 Y-11.413 E0.02915
G1 X3.887 Y-11.977 E0.02919
G1 X4.538 Y-12.647 E0.02913
G1 X5.084 Y-13.403 E0.02908
G1 X5.51 Y-14.235 E0.02915
G1 X5.808 Y-15.122 E0.02918
G1 X5.971 Y-16.043 E0.02916
G1 X5.994 Y-16.978 E0.02916
G1 X5.877 Y-17.905 E0.02913
G1 X5.624 Y-18.806 E0.02918
G1 X5.239 Y-19.658 E0.02915
G1 X4.733 Y-20.444 E0.02915
G1 X4.316 Y-20.916 E0.01964
G1 X8.08 Y-20.916 E0.11737
G1 X8.08 Y3.584 E0.76394
G1 X4.314 Y3.584 E0.11743
M566 X1800 Y1800
G0 F7200 X4.154 Y3.031
M566 X1200 Y1200
G1 F6000 X4.656 Y2.335 E0.02676
G1 X5.048 Y1.57 E0.0268
G1 X5.322 Y0.754 E0.02684
G1 X5.472 Y-0.093 E0.02682
G1 X5.493 Y-.953 E0.02682
G1 X5.386 Y-1.806 E0.02681
G1 X5.153 Y-2.634 E0.02682
G1 X4.799 Y-3.418 E0.02682
G1 X4.333 Y-4.141 E0.02682
G1 X3.764 Y-4.785 E0.0268
G1 X3.106 Y-5.337 E0.02678
G1 X2.372 Y-5.786 E0.02683
G1 X1.578 Y-6.119 E0.02685
G1 X0.745 Y-6.332 E0.02681
G1 X-.109 Y-6.417 E0.02676
G1 X-.968 Y-6.376 E0.02682
G1 X-1.812 Y-6.205 E0.02685
G1 X-2.619 Y-5.91 E0.02679
G1 X-3.375 Y-5.499 E0.02683
G1 X-4.061 Y-4.979 E0.02684
G1 X-4.66 Y-4.364 E0.02677
G1 X-5.162 Y-3.666 E0.02681
G1 X-5.554 Y-2.902 E0.02678
G1 X-5.828 Y-2.087 E0.02681
G1 X-5.978 Y-1.24 E0.02682
G1 X-5.999 Y-.38 E0.02682
G1 X-5.892 Y0.473 E0.02681
G1 X-5.659 Y1.301 E0.02682
G1 X-5.305 Y2.085 E0.02682
G1 X-4.839 Y2.808 E0.02682
G1 X-4.27 Y3.452 E0.0268
G1 X-3.612 Y4.004 E0.02678
G1 X-3.481 Y4.084 E0.00479
G1 X-4.058 Y4.084 E0.01317
G1 X-8.581 Y4.084 E0.14103
G1 X-8.581 Y-21.416 E0.79513
G1 X-4.061 Y-21.416 E0.14094
G1 X-3.484 Y-21.416 E0.01799
G1 X-4.061 Y-20.979 E0.01173
G1 X-4.66 Y-20.364 E0.02677
G1 X-5.162 Y-19.666 E0.02681
G1 X-5.554 Y-18.902 E0.02678
G1 X-5.828 Y-18.087 E0.02681
G1 X-5.978 Y-17.24 E0.02682
G1 X-5.999 Y-16.38 E0.02682
G1 X-5.892 Y-15.527 E0.02681
G1 X-5.659 Y-14.699 E0.02682
G1 X-5.305 Y-13.915 E0.02682
G1 X-4.839 Y-13.192 E0.02682
G1 X-4.27 Y-12.548 E0.0268
G1 X-3.612 Y-11.996 E0.02678
G1 X-2.878 Y-11.547 E0.02683
G1 X-2.084 Y-11.214 E0.02685
G1 X-1.252 Y-11.001 E0.02678
G1 X-.397 Y-10.916 E0.02679
G1 X0.461 Y-10.957 E0.02678
G1 X1.306 Y-11.128 E0.02688
G1 X2.113 Y-11.423 E0.02679
G1 X2.868 Y-11.834 E0.0268
G1 X3.555 Y-12.353 E0.02685
G1 X4.154 Y-12.969 E0.02679
G1 X4.656 Y-13.665 E0.02676
G1 X5.048 Y-14.43 E0.0268
G1 X5.322 Y-15.246 E0.02684
G1 X5.472 Y-16.093 E0.02682
G1 X5.493 Y-16.953 E0.02682
G1 X5.386 Y-17.806 E0.02681
G1 X5.153 Y-18.634 E0.02682
G1 X4.799 Y-19.418 E0.02682
G1 X4.333 Y-20.141 E0.02682
G1 X3.764 Y-20.785 E0.0268
G1 X3.106 Y-21.337 E0.02678
G1 X2.977 Y-21.416 E0.00472
G1 X3.555 Y-21.416 E0.01315
G1 X8.58 Y-21.416 E0.15669
G1 X8.58 Y4.084 E0.79513
G1 X3.555 Y4.084 E0.15669
G1 X2.977 Y4.084 E0.01802
G1 X3.555 Y3.647 E0.01174
G1 X4.154 Y3.031 E0.02679
M566 X1800 Y1800
G0 F7200 X3.77 Y2.709
M566 X1200 Y1200
G1 F6000 X4.228 Y2.073 E0.02444
G1 X4.586 Y1.375 E0.02446
G1 X4.836 Y0.63 E0.0245
G1 X4.973 Y-.143 E0.02448
G1 X4.992 Y-.928 E0.02448
G1 X4.895 Y-1.707 E0.02448
G1 X4.682 Y-2.462 E0.02446
G1 X4.359 Y-3.178 E0.02449
G1 X3.933 Y-3.838 E0.02449
G1 X3.414 Y-4.426 E0.02446
G1 X2.813 Y-4.93 E0.02446
G1 X2.143 Y-5.34 E0.02449
G1 X1.419 Y-5.644 E0.02448
G1 X0.658 Y-5.838 E0.02449
G1 X-.122 Y-5.916 E0.02444
G1 X-.906 Y-5.878 E0.02447
G1 X-1.676 Y-5.722 E0.0245
G1 X-2.413 Y-5.453 E0.02446
G1 X-3.103 Y-5.078 E0.02449
G1 X-3.729 Y-4.603 E0.0245
G1 X-4.276 Y-4.042 E0.02443
G1 X-4.734 Y-3.405 E0.02446
G1 X-5.092 Y-2.707 E0.02446
G1 X-5.342 Y-1.963 E0.02447
G1 X-5.479 Y-1.19 E0.02448
G1 X-5.498 Y-.405 E0.02448
G1 X-5.401 Y0.374 E0.02448
G1 X-5.188 Y1.129 E0.02446
G1 X-4.865 Y1.845 E0.02449
G1 X-4.439 Y2.505 E0.02449
G1 X-3.92 Y3.093 E0.02446
G1 X-3.319 Y3.597 E0.02446
G1 X-2.649 Y4.007 E0.02449
G1 X-1.925 Y4.311 E0.02448
G1 X-1.165 Y4.505 E0.02446
G1 X-.384 Y4.583 E0.02447
G1 X0.399 Y4.545 E0.02444
G1 X1.17 Y4.389 E0.02453
G1 X1.907 Y4.12 E0.02446
G1 X2.596 Y3.745 E0.02446
G1 X3.223 Y3.271 E0.02451
G1 X3.77 Y2.709 E0.02445
M566 X1800 Y1800
G0 F7200 X3.846 Y2.773
G0 X1.907 Y4.484
G0 X1.907 Y4.584
M566 X1200 Y1200
G1 F6000 X1.17 Y4.584 E0.01502
G1 X0.399 Y4.584 E0.00554
G1 X-.384 Y4.584 E0.00098
G1 X-1.165 Y4.584 E0.00193
G1 X-1.925 Y4.584 E0.00822
G1 X-2.488 Y4.584 E0.0141
G1 X-9.081 Y4.584 E0.20558
G1 X-9.081 Y-21.916 E0.82631
G1 X-2.413 Y-21.916 E0.20792
G1 X-1.676 Y-21.916 E0.02298
G1 X-.906 Y-21.916 E0.02401
G1 X-.122 Y-21.916 E0.02445
G1 X0.658 Y-21.916 E0.02432
G1 X1.419 Y-21.916 E0.02373
G1 X1.984 Y-21.916 E0.01762
G1 X9.08 Y-21.916 E0.22126
G1 X9.08 Y4.584 E0.82631
G1 X1.907 Y4.584 E0.22366
M566 X1800 Y1800
G0 F7200 X1.907 Y4.484
G0 X3.249 Y3.3
G0 X3.8 Y2.734
G0 X4.262 Y2.093
G0 X4.622 Y1.39
G0 X4.874 Y0.639
G0 X5.012 Y-.14
G0 X5.031 Y-.929
G0 X4.934 Y-1.714
G0 X1.197 Y-11.515
G0 X1.17 Y-11.611
M566 X1200 Y1200
G1 F6000 X1.907 Y-11.88 E0.02446
G1 X2.596 Y-12.255 E0.02446
G1 X3.223 Y-12.729 E0.02451
G1 X3.77 Y-13.291 E0.02445
G1 X4.228 Y-13.927 E0.02444
G1 X4.586 Y-14.625 E0.02446
G1 X4.836 Y-15.37 E0.0245
G1 X4.973 Y-16.143 E0.02448
G1 X4.992 Y-16.928 E0.02448
G1 X4.895 Y-17.707 E0.02448
G1 X4.682 Y-18.462 E0.02446
G1 X4.359 Y-19.178 E0.02449
G1 X3.933 Y-19.838 E0.02449
G1 X3.414 Y-20.426 E0.02446
G1 X2.813 Y-20.93 E0.02446
G1 X2.143 Y-21.34 E0.02449
G1 X1.419 Y-21.644 E0.021
G1 X0.658 Y-21.838 E0.00894
G1 X-.122 Y-21.916 E0.00198
G1 X-.906 Y-21.878 E0.02447
G1 X-1.676 Y-21.722 E0.00596
G1 X-2.413 Y-21.453 E0.01645
G1 X-3.103 Y-21.078 E0.02449
G1 X-3.729 Y-20.603 E0.0245
G1 X-4.276 Y-20.042 E0.02443
G1 X-4.734 Y-19.405 E0.02446
G1 X-5.092 Y-18.707 E0.02446
G1 X-5.342 Y-17.963 E0.02447
G1 X-5.479 Y-17.19 E0.02448
G1 X-5.498 Y-16.405 E0.02448
G1 X-5.401 Y-15.626 E0.02448
G1 X-5.188 Y-14.871 E0.02446
G1 X-4.865 Y-14.155 E0.02449
G1 X-4.439 Y-13.495 E0.02449
G1 X-3.92 Y-12.907 E0.02446
G1 X-3.319 Y-12.403 E0.02446
G1 X-2.649 Y-11.993 E0.02449
G1 X-1.925 Y-11.689 E0.02448
G1 X-1.165 Y-11.495 E0.02446
G1 X-.384 Y-11.417 E0.02447
G1 X0.399 Y-11.455 E0.02444
G1 X1.17 Y-11.611 E0.02453
M566 X1800 Y1800
G0 F7200 X1.034 Y-12.094
M566 X1200 Y1200
;TYPE:WALL-OUTER
G1 F3000 X1.701 Y-12.337 E0.02214
G1 X2.324 Y-12.676 E0.02212
G1 X2.891 Y-13.105 E0.02217
G1 X3.386 Y-13.613 E0.02212
G1 X3.8 Y-14.189 E0.02212
G1 X4.124 Y-14.82 E0.02212
G1 X4.35 Y-15.494 E0.02217
G1 X4.474 Y-16.193 E0.02214
G1 X4.491 Y-16.903 E0.02215
G1 X4.403 Y-17.608 E0.02215
G1 X4.211 Y-18.291 E0.02212
G1 X3.919 Y-18.938 E0.02213
G1 X3.533 Y-19.535 E0.02217
G1 X3.064 Y-20.067 E0.02211
G1 X2.52 Y-20.523 E0.02213
G1 X1.914 Y-20.894 E0.02216
G1 X1.26 Y-21.169 E0.02212
G1 X0.571 Y-21.344 E0.02217
G1 X-.135 Y-21.415 E0.02213
G1 X-.844 Y-21.38 E0.02213
G1 X-1.54 Y-21.239 E0.02214
G1 X-2.207 Y-20.996 E0.02214
G1 X-2.831 Y-20.657 E0.02214
G1 X-3.397 Y-20.227 E0.02216
G1 X-3.892 Y-19.72 E0.02209
G1 X-4.306 Y-19.144 E0.02212
G1 X-4.63 Y-18.512 E0.02215
G1 X-4.856 Y-17.839 E0.02214
G1 X-4.98 Y-17.14 E0.02214
G1 X-4.997 Y-16.43 E0.02215
G1 X-4.909 Y-15.725 E0.02215
G1 X-4.717 Y-15.042 E0.02212
G1 X-4.425 Y-14.395 E0.02213
G1 X-4.039 Y-13.798 E0.02217
G1 X-3.57 Y-13.266 E0.02211
G1 X-3.026 Y-12.81 E0.02213
G1 X-2.42 Y-12.439 E0.02216
G1 X-1.766 Y-12.164 E0.02212
G1 X-1.078 Y-11.989 E0.02214
G1 X-.371 Y-11.918 E0.02216
G1 X0.337 Y-11.953 E0.0221
G1 X1.034 Y-12.094 E0.02217
M566 X1800 Y1800
G0 F7200 X1.269 Y-12.179
G0 X1.474 Y-11.615
G0 X0.63 Y-5.94
G0 X0.571 Y-5.344
M566 X1200 Y1200
G1 F3000 X-.135 Y-5.415 E0.02213
G1 X-.844 Y-5.38 E0.02213
G1 X-1.54 Y-5.239 E0.02214
G1 X-2.207 Y-4.996 E0.02214
G1 X-2.831 Y-4.657 E0.02214
G1 X-3.397 Y-4.227 E0.02216
G1 X-3.892 Y-3.72 E0.02209
G1 X-4.306 Y-3.144 E0.02212
G1 X-4.63 Y-2.512 E0.02215
G1 X-4.856 Y-1.839 E0.02214
G1 X-4.98 Y-1.14 E0.02214
G1 X-4.997 Y-.43 E0.02215
G1 X-4.909 Y0.275 E0.02215
G1 X-4.717 Y0.958 E0.02212
G1 X-4.425 Y1.605 E0.02213
G1 X-4.039 Y2.202 E0.02217
G1 X-3.57 Y2.734 E0.02211
G1 X-3.026 Y3.19 E0.02213
G1 X-2.42 Y3.561 E0.02216
G1 X-1.766 Y3.836 E0.02212
G1 X-1.078 Y4.011 E0.02214
G1 X-.371 Y4.082 E0.02216
G1 X0.337 Y4.047 E0.0221
G1 X1.034 Y3.906 E0.02217
G1 X1.701 Y3.663 E0.02214
G1 X2.324 Y3.324 E0.02212
G1 X2.891 Y2.895 E0.02217
G1 X3.386 Y2.387 E0.02212
G1 X3.8 Y1.811 E0.02212
G1 X4.124 Y1.18 E0.02212
G1 X4.35 Y0.506 E0.02217
G1 X4.474 Y-.193 E0.02214
G1 X4.491 Y-.903 E0.02215
G1 X4.403 Y-1.608 E0.02215
G1 X4.211 Y-2.291 E0.02212
G1 X3.919 Y-2.938 E0.02213
G1 X3.533 Y-3.535 E0.02217
G1 X3.064 Y-4.067 E0.02211
G1 X2.52 Y-4.523 E0.02213
G1 X1.914 Y-4.894 E0.02216
G1 X1.26 Y-5.169 E0.02212
G1 X0.571 Y-5.344 E0.02217
M566 X1800 Y1800
G0 F7200 X0.323 Y-5.369
G0 X0.382 Y-5.965
G0 X9.01 Y-21.846
G0 X9.58 Y-22.416
M566 X1200 Y1200
G1 F3000 X9.58 Y5.084 E0.85749
G1 X-9.581 Y5.084 E0.59747
G1 X-9.581 Y-22.416 E0.85749
G1 X9.58 Y-22.416 E0.59747
M566 X1800 Y1800
G0 F7200 X9.58 Y-22.166
G0 X9.01 Y-21.846
G0 X7.738 Y-20.716
M566 X1200 Y1200
;TYPE:FILL
G1 F6000 X6.086 Y-17.853 E0.10307
M566 X1800 Y1800
G0 F7200 X5.963 Y-18.343
M566 X1200 Y1200
G1 F6000 X7.88 Y-18.343 E0.05977
G1 X8.005 Y-18.343
M566 X1800 Y1800
G0 F7200 X6.361 Y-18.339
M566 X1200 Y1200
G1 F6000 X7.88 Y-15.708 E0.09473
G1 X7.942 Y-15.6
M566 X1800 Y1800
G0 F7200 X7.88 Y-14.664
M566 X1200 Y1200
G1 F6000 X5.865 Y-14.664 E0.06283
G1 X5.74 Y-14.664
M566 X1800 Y1800
G0 F7200 X5.131 Y-13.126
M566 X1200 Y1200
G1 F6000 X7.88 Y-8.364 E0.17145
G1 X7.942 Y-8.256
M566 X1800 Y1800
G0 F7200 X7.88 Y-7.315
M566 X1200 Y1200
G1 F6000 X-7.881 Y-7.315 E0.49145
G1 X-8.006 Y-7.315
M566 X1800 Y1800
G0 F7200 X-7.881 Y-8.362
M566 X1200 Y1200
G1 F6000 X-5.362 Y-12.726 E0.15712
G1 X-5.3 Y-12.834
M566 X1800 Y1800
G0 F7200 X-6.377 Y-14.664
M566 X1200 Y1200
G1 F6000 X-7.881 Y-14.664 E0.0469
G1 X-8.006 Y-14.664
M566 X1800 Y1800
G0 F7200 X-7.881 Y-15.707
M566 X1200 Y1200
G1 F6000 X-6.554 Y-18.006 E0.08277
M566 X1800 Y1800
G0 F7200 X-6.481 Y-18.343
M566 X1200 Y1200
G1 F6000 X-7.881 Y-18.343 E0.04365
G1 X-8.006 Y-18.343
M566 X1800 Y1800
G0 F7200 X-6.44 Y-18.466
M566 X1200 Y1200
G1 F6000 X-7.739 Y-20.716 E0.08101
G1 X-7.801 Y-20.824
M566 X1800 Y1800
G0 F7200 X-7.881 Y-13.605
M566 X1200 Y1200
G1 F6000 X-3.592 Y-6.177 E0.26745
G1 X-3.53 Y-6.069
M566 X1800 Y1800
G0 F7200 X-5.96 Y-3.643
M566 X1200 Y1200
G1 F6000 X-7.881 Y-3.643 E0.0599
G1 X-8.006 Y-3.643
M566 X1800 Y1800
G0 F7200 X-6.154 Y-3.264
M566 X1200 Y1200
G1 F6000 X-7.881 Y-6.255 E0.10769
G1 X-7.943 Y-6.363
M566 X1800 Y1800
G0 F7200 X-7.881 Y-10.991
M566 X1200 Y1200
G1 F6000 X-3.309 Y-10.991 E0.14256
G1 X-3.184 Y-10.991
M566 X1800 Y1800
G0 F7200 X-2.364 Y-10.572
M566 X1200 Y1200
G1 F6000 X-7.881 Y-1.016 E0.34406
G1 X-7.943 Y-.908
M566 X1800 Y1800
G0 F7200 X-7.881 Y0.031
M566 X1200 Y1200
G1 F6000 X-6.653 Y0.031 E0.03829
G1 X-6.528 Y0.031
M566 X1800 Y1800
G0 F7200 X-7.881 Y1.086
M566 X1200 Y1200
G1 F6000 X-6.554 Y3.384 E0.08274
M566 X1800 Y1800
G0 F7200 X-6.176 Y3.384
M566 X1200 Y1200
G1 F6000 X-5.762 Y2.667 E0.02582
M566 X1800 Y1800
G0 F7200 X-1.937 Y4.348
G0 X-1.171 Y4.544
G0 X-.385 Y4.622
G0 X0.403 Y4.584
G0 X1.18 Y4.427
G0 X1.781 Y4.209
G0 X5.502 Y2.218
M566 X1200 Y1200
G1 F6000 X6.175 Y3.384 E0.04198
M566 X1800 Y1800
G0 F7200 X6.555 Y3.384
M566 X1200 Y1200
G1 F6000 X7.88 Y1.088 E0.08266
G1 X7.942 Y0.98
M566 X1800 Y1800
G0 F7200 X7.88 Y0.031
M566 X1200 Y1200
G1 F6000 X6.16 Y0.031 E0.05363
G1 X6.035 Y0.031
M566 X1800 Y1800
G0 F7200 X7.88 Y-1.016
M566 X1200 Y1200
G1 F6000 X2.268 Y-10.735 E0.34995
M566 X1800 Y1800
G0 F7200 X1.898 Y-10.6
M566 X1200 Y1200
G1 F6000 X-.112 Y-7.118 E0.12536
G1 X0.124 Y-7.097
G1 X-1.792 Y-10.416 E0.1195
G1 X-1.854 Y-10.524
M566 X1800 Y1800
G0 F7200 X2.782 Y-10.991
M566 X1200 Y1200
G1 F6000 X7.88 Y-10.991 E0.15896
G1 X8.005 Y-10.991
M566 X1800 Y1800
G0 F7200 X7.88 Y-13.604
M566 X1200 Y1200
G1 F6000 X3.457 Y-5.943 E0.27583
G1 X3.395 Y-5.835
M566 X1800 Y1800
G0 F7200 X5.464 Y-3.643
M566 X1200 Y1200
G1 F6000 X7.88 Y-3.643 E0.07533
G1 X8.005 Y-3.643
M566 X1800 Y1800
G0 F7200 X5.851 Y-2.741
M566 X1200 Y1200
G1 F6000 X7.88 Y-6.255 E0.12653
G1 X7.942 Y-6.363
M566 X1800 Y1800
G0 F7200 X6.36 Y-18.349
M566 X1200 Y1200
G1 F6000 X5.083 Y-20.561 E0.07964
G1 X5.021 Y-20.669
M566 X1800 Y1800
G1 F1500 E-6.5
G0 F7200 X8.081 Y-21.896
G0 X8.081 Y-23.331
G0 X8.081 Y-26.001
G0 X8.081 Y-27.436
G0 X8.081 Y-28.416
M566 X1200 Y1200
;TYPE:WALL-INNER
G1 F1500 E6.5
G1 F6000 X-8.08 Y-28.416 E0.50392
G1 X-8.08 Y-32.916 E0.14032
G1 X8.081 Y-32.916 E0.50392
G1 X8.081 Y-28.416 E0.14032
M566 X1800 Y1800
G0 F7200 X8.581 Y-27.916
M566 X1200 Y1200
G1 F6000 X-8.58 Y-27.916 E0.5351
G1 X-8.58 Y-33.416 E0.1715
G1 X8.581 Y-33.416 E0.5351
G1 X8.581 Y-27.916 E0.1715
M566 X1800 Y1800
G0 F7200 X9.081 Y-27.416
M566 X1200 Y1200
G1 F6000 X-9.08 Y-27.416 E0.56628
G1 X-9.08 Y-33.916 E0.20268
G1 X9.081 Y-33.916 E0.56628
G1 X9.081 Y-27.416 E0.20268
M566 X1800 Y1800
G0 F7200 X9.581 Y-26.916
M566 X1200 Y1200
;TYPE:WALL-OUTER
G1 F3000 X-9.58 Y-26.916 E0.59747
G1 X-9.58 Y-34.416 E0.23386
G1 X9.581 Y-34.416 E0.59747
G1 X9.581 Y-26.916 E0.23386
M566 X1800 Y1800
G0 F7200 X9.331 Y-26.916
G0 X9.011 Y-27.486
G0 X7.881 Y-29.369
M566 X1200 Y1200
;TYPE:FILL
G1 F6000 X-7.88 Y-29.369 E0.49145
G1 X-8.005 Y-29.369
M566 X1800 Y1800
G0 F7200 X-7.88 Y-30.41
M566 X1200 Y1200
G1 F6000 X-6.548 Y-32.716 E0.08304
M566 X1800 Y1800
G0 F7200 X-6.179 Y-32.716
M566 X1200 Y1200
G1 F6000 X-3.812 Y-28.616 E0.14762
M566 X1800 Y1800
G0 F7200 X-4.673 Y-28.616
M566 X1200 Y1200
G1 F6000 X-2.306 Y-32.716 E0.14762
M566 X1800 Y1800
G0 F7200 X-1.937 Y-32.716
M566 X1200 Y1200
G1 F6000 X0.431 Y-28.616 E0.14763
M566 X1800 Y1800
G0 F7200 X-.429 Y-28.616
M566 X1200 Y1200
G1 F6000 X1.938 Y-32.716 E0.14762
M566 X1800 Y1800
G0 F7200 X2.307 Y-32.716
M566 X1200 Y1200
G1 F6000 X4.674 Y-28.616 E0.14762
M566 X1800 Y1800
G0 F7200 X3.812 Y-28.616
M566 X1200 Y1200
G1 F6000 X6.179 Y-32.716 E0.14762
M566 X1800 Y1800
G0 F7200 X6.548 Y-32.716
M566 X1200 Y1200
G1 F6000 X7.881 Y-30.407 E0.08313
G1 X7.943 Y-30.299
M566 X1800 Y1800
G1 F1500 E-6.5
;MESH:NONMESH
G0 F600 X7.943 Y-30.299 Z5.35
G0 F7200 X4.314 Y-27.436
G0 X4.314 Y-26.001
G0 X4.314 Y-23.331
G0 X4.314 Y-21.896
G0 X5.031 Y-16.929
G0 X5.012 Y-.14
G0 X4.314 Y3.584
;TIME_ELAPSED:741.628273
;LAYER:33
M566 X1200 Y1200
;TYPE:WALL-INNER
;MESH:Roborama2026-Lasermount.3mf
G1 F1500 E6.5
G1 F6000 X4.538 Y3.353 E0.01003
G1 X5.084 Y2.597 E0.02908
G1 X5.51 Y1.765 E0.02915
G1 X5.808 Y0.878 E0.02918
G1 X5.971 Y-0.043 E0.02916
G1 X5.994 Y-.978 E0.02916
G1 X5.877 Y-1.905 E0.02913
G1 X5.624 Y-2.806 E0.02918
G1 X5.239 Y-3.658 E0.02915
G1 X4.733 Y-4.444 E0.02915
G1 X4.114 Y-5.144 E0.02914
G1 X3.399 Y-5.744 E0.0291
G1 X2.6 Y-6.232 E0.02919
G1 X1.737 Y-6.594 E0.02918
G1 X0.832 Y-6.826 E0.02913
G1 X-0.096 Y-6.918 E0.02908
G1 X-1.03 Y-6.874 E0.02916
G1 X-1.948 Y-6.688 E0.02921
G1 X-2.825 Y-6.367 E0.02912
G1 X-3.647 Y-5.92 E0.02918
G1 X-4.393 Y-5.355 E0.02918
G1 X-5.044 Y-4.686 E0.02911
G1 X-5.59 Y-3.928 E0.02913
G1 X-6.016 Y-3.097 E0.02912
G1 X-6.314 Y-2.211 E0.02915
G1 X-6.477 Y-1.29 E0.02916
G1 X-6.5 Y-.355 E0.02916
G1 X-6.383 Y0.572 E0.02913
G1 X-6.13 Y1.473 E0.02918
G1 X-5.745 Y2.325 E0.02915
G1 X-5.239 Y3.111 E0.02915
G1 X-4.821 Y3.584 E0.01968
G1 X-8.049 Y3.584 E0.10065
G1 X-8.05 Y-20.916 E0.76394
G1 X-4.82 Y-20.916 E0.10072
G1 X-5.044 Y-20.686 E0.01001
G1 X-5.59 Y-19.928 E0.02913
G1 X-6.016 Y-19.097 E0.02912
G1 X-6.314 Y-18.211 E0.02915
G1 X-6.477 Y-17.29 E0.02916
G1 X-6.5 Y-16.355 E0.02916
G1 X-6.383 Y-15.428 E0.02913
G1 X-6.13 Y-14.527 E0.02918
G1 X-5.745 Y-13.675 E0.02915
G1 X-5.239 Y-12.889 E0.02915
G1 X-4.62 Y-12.189 E0.02914
G1 X-3.905 Y-11.589 E0.0291
G1 X-3.106 Y-11.101 E0.02919
G1 X-2.244 Y-10.739 E0.02915
G1 X-1.339 Y-10.507 E0.02913
G1 X-.41 Y-10.415 E0.02911
G1 X0.523 Y-10.459 E0.02912
G1 X1.442 Y-10.645 E0.02924
G1 X2.319 Y-10.966 E0.02912
G1 X3.14 Y-11.413 E0.02915
G1 X3.887 Y-11.977 E0.02919
G1 X4.538 Y-12.647 E0.02913
G1 X5.084 Y-13.403 E0.02908
G1 X5.51 Y-14.235 E0.02915
G1 X5.808 Y-15.122 E0.02918
G1 X5.971 Y-16.043 E0.02916
G1 X5.994 Y-16.978 E0.02916
G1 X5.877 Y-17.905 E0.02913
G1 X5.624 Y-18.806 E0.02918
G1 X5.239 Y-19.658 E0.02915
G1 X4.733 Y-20.444 E0.02915
G1 X4.316 Y-20.916 E0.01964
G1 X8.05 Y-20.916 E0.11643
G1 X8.049 Y3.584 E0.76394
G1 X4.314 Y3.584 E0.11646
M566 X1800 Y1800
G0 F7200 X4.154 Y3.031
M566 X1200 Y1200
G1 F6000 X4.656 Y2.335 E0.02676
G1 X5.048 Y1.57 E0.0268
G1 X5.322 Y0.754 E0.02684
G1 X5.472 Y-0.093 E0.02682
G1 X5.493 Y-.953 E0.02682
G1 X5.386 Y-1.806 E0.02681
G1 X5.153 Y-2.634 E0.02682
G1 X4.799 Y-3.418 E0.02682
G1 X4.333 Y-4.141 E0.02682
G1 X3.764 Y-4.785 E0.0268
G1 X3.106 Y-5.337 E0.02678
G1 X2.372 Y-5.786 E0.02683
G1 X1.578 Y-6.119 E0.02685
G1 X0.745 Y-6.332 E0.02681
G1 X-.109 Y-6.417 E0.02676
G1 X-.968 Y-6.376 E0.02682
G1 X-1.812 Y-6.205 E0.02685
G1 X-2.619 Y-5.91 E0.02679
G1 X-3.375 Y-5.499 E0.02683
G1 X-4.061 Y-4.979 E0.02684
G1 X-4.66 Y-4.364 E0.02677
G1 X-5.162 Y-3.666 E0.02681
G1 X-5.554 Y-2.902 E0.02678
G1 X-5.828 Y-2.087 E0.02681
G1 X-5.978 Y-1.24 E0.02682
G1 X-5.999 Y-.38 E0.02682
G1 X-5.892 Y0.473 E0.02681
G1 X-5.659 Y1.301 E0.02682
G1 X-5.305 Y2.085 E0.02682
G1 X-4.839 Y2.808 E0.02682
G1 X-4.27 Y3.452 E0.0268
G1 X-3.612 Y4.004 E0.02678
G1 X-3.481 Y4.084 E0.00479
G1 X-4.058 Y4.084 E0.01317
G1 X-8.549 Y4.084 E0.14004
G1 X-8.55 Y-21.416 E0.79513
G1 X-4.061 Y-21.416 E0.13997
G1 X-3.484 Y-21.416 E0.01799
G1 X-4.061 Y-20.979 E0.01173
G1 X-4.66 Y-20.364 E0.02677
G1 X-5.162 Y-19.666 E0.02681
G1 X-5.554 Y-18.902 E0.02678
G1 X-5.828 Y-18.087 E0.02681
G1 X-5.978 Y-17.24 E0.02682
G1 X-5.999 Y-16.38 E0.02682
G1 X-5.892 Y-15.527 E0.02681
G1 X-5.659 Y-14.699 E0.02682
G1 X-5.305 Y-13.915 E0.02682
G1 X-4.839 Y-13.192 E0.02682
G1 X-4.27 Y-12.548 E0.0268
G1 X-3.612 Y-11.996 E0.02678
G1 X-2.878 Y-11.547 E0.02683
G1 X-2.084 Y-11.214 E0.02685
G1 X-1.252 Y-11.001 E0.02678
G1 X-.397 Y-10.916 E0.02679
G1 X0.461 Y-10.957 E0.02678
G1 X1.306 Y-11.128 E0.02688
G1 X2.113 Y-11.423 E0.02679
G1 X2.868 Y-11.834 E0.0268
G1 X3.555 Y-12.353 E0.02685
G1 X4.154 Y-12.969 E0.02679
G1 X4.656 Y-13.665 E0.02676
G1 X5.048 Y-14.43 E0.0268
G1 X5.322 Y-15.246 E0.02684
G1 X5.472 Y-16.093 E0.02682
G1 X5.493 Y-16.953 E0.02682
G1 X5.386 Y-17.806 E0.02681
G1 X5.153 Y-18.634 E0.02682
G1 X4.799 Y-19.418 E0.02682
G1 X4.333 Y-20.141 E0.02682
G1 X3.764 Y-20.785 E0.0268
G1 X3.106 Y-21.337 E0.02678
G1 X2.977 Y-21.416 E0.00472
G1 X3.555 Y-21.416 E0.01315
G1 X8.55 Y-21.416 E0.15575
G1 X8.549 Y4.084 E0.79513
G1 X3.555 Y4.084 E0.15572
G1 X2.977 Y4.084 E0.01802
G1 X3.555 Y3.647 E0.01174
G1 X4.154 Y3.031 E0.02679
M566 X1800 Y1800
G0 F7200 X3.77 Y2.709
M566 X1200 Y1200
G1 F6000 X4.228 Y2.073 E0.02444
G1 X4.586 Y1.375 E0.02446
G1 X4.836 Y0.63 E0.0245
G1 X4.973 Y-.143 E0.02448
G1 X4.992 Y-.928 E0.02448
G1 X4.895 Y-1.707 E0.02448
G1 X4.682 Y-2.462 E0.02446
G1 X4.359 Y-3.178 E0.02449
G1 X3.933 Y-3.838 E0.02449
G1 X3.414 Y-4.426 E0.02446
G1 X2.813 Y-4.93 E0.02446
G1 X2.143 Y-5.34 E0.02449
G1 X1.419 Y-5.644 E0.02448
G1 X0.658 Y-5.838 E0.02449
G1 X-.122 Y-5.916 E0.02444
G1 X-.906 Y-5.878 E0.02447
G1 X-1.676 Y-5.722 E0.0245
G1 X-2.413 Y-5.453 E0.02446
G1 X-3.103 Y-5.078 E0.02449
G1 X-3.729 Y-4.603 E0.0245
G1 X-4.276 Y-4.042 E0.02443
G1 X-4.734 Y-3.405 E0.02446
G1 X-5.092 Y-2.707 E0.02446
G1 X-5.342 Y-1.963 E0.02447
G1 X-5.479 Y-1.19 E0.02448
G1 X-5.498 Y-.405 E0.02448
G1 X-5.401 Y0.374 E0.02448
G1 X-5.188 Y1.129 E0.02446
G1 X-4.865 Y1.845 E0.02449
G1 X-4.439 Y2.505 E0.02449
G1 X-3.92 Y3.093 E0.02446
G1 X-3.319 Y3.597 E0.02446
G1 X-2.649 Y4.007 E0.02449
G1 X-1.925 Y4.311 E0.02448
G1 X-1.165 Y4.505 E0.02446
G1 X-.384 Y4.583 E0.02447
G1 X0.399 Y4.545 E0.02444
G1 X1.17 Y4.389 E0.02453
G1 X1.907 Y4.12 E0.02446
G1 X2.596 Y3.745 E0.02446
G1 X3.223 Y3.271 E0.02451
G1 X3.77 Y2.709 E0.02445
M566 X1800 Y1800
G0 F7200 X3.846 Y2.773
G0 X1.907 Y4.484
G0 X1.907 Y4.584
M566 X1200 Y1200
G1 F6000 X1.17 Y4.584 E0.01502
G1 X0.399 Y4.584 E0.00554
G1 X-.384 Y4.584 E0.00098
G1 X-1.165 Y4.584 E0.00193
G1 X-1.925 Y4.584 E0.00822
G1 X-2.488 Y4.584 E0.0141
G1 X-9.049 Y4.584 E0.20458
G1 X-9.05 Y-21.916 E0.82631
G1 X-2.413 Y-21.916 E0.20695
G1 X-1.676 Y-21.916 E0.02298
G1 X-.906 Y-21.916 E0.02401
G1 X-.122 Y-21.916 E0.02445
G1 X0.658 Y-21.916 E0.02432
G1 X1.419 Y-21.916 E0.02373
G1 X1.984 Y-21.916 E0.01762
G1 X9.05 Y-21.916 E0.22033
G1 X9.049 Y4.584 E0.82631
G1 X1.907 Y4.584 E0.2227
M566 X1800 Y1800
G0 F7200 X1.907 Y4.484
G0 X3.249 Y3.3
G0 X3.8 Y2.734
G0 X4.262 Y2.093
G0 X4.622 Y1.39
G0 X4.874 Y0.639
G0 X5.012 Y-.14
G0 X5.031 Y-.929
G0 X4.934 Y-1.714
G0 X1.197 Y-11.515
G0 X1.17 Y-11.611
M566 X1200 Y1200
G1 F6000 X1.907 Y-11.88 E0.02446
G1 X2.596 Y-12.255 E0.02446
G1 X3.223 Y-12.729 E0.02451
G1 X3.77 Y-13.291 E0.02445
G1 X4.228 Y-13.927 E0.02444
G1 X4.586 Y-14.625 E0.02446
G1 X4.836 Y-15.37 E0.0245
G1 X4.973 Y-16.143 E0.02448
G1 X4.992 Y-16.928 E0.02448
G1 X4.895 Y-17.707 E0.02448
G1 X4.682 Y-18.462 E0.02446
G1 X4.359 Y-19.178 E0.02449
G1 X3.933 Y-19.838 E0.02449
G1 X3.414 Y-20.426 E0.02446
G1 X2.813 Y-20.93 E0.02446
G1 X2.143 Y-21.34 E0.02449
G1 X1.419 Y-21.644 E0.021
G1 X0.658 Y-21.838 E0.00894
G1 X-.122 Y-21.916 E0.00198
G1 X-.906 Y-21.878 E0.02447
G1 X-1.676 Y-21.722 E0.00596
G1 X-2.413 Y-21.453 E0.01645
G1 X-3.103 Y-21.078 E0.02449
G1 X-3.729 Y-20.603 E0.0245
G1 X-4.276 Y-20.042 E0.02443
G1 X-4.734 Y-19.405 E0.02446
G1 X-5.092 Y-18.707 E0.02446
G1 X-5.342 Y-17.963 E0.02447
G1 X-5.479 Y-17.19 E0.02448
G1 X-5.498 Y-16.405 E0.02448
G1 X-5.401 Y-15.626 E0.02448
G1 X-5.188 Y-14.871 E0.02446
G1 X-4.865 Y-14.155 E0.02449
G1 X-4.439 Y-13.495 E0.02449
G1 X-3.92 Y-12.907 E0.02446
G1 X-3.319 Y-12.403 E0.02446
G1 X-2.649 Y-11.993 E0.02449
G1 X-1.925 Y-11.689 E0.02448
G1 X-1.165 Y-11.495 E0.02446
G1 X-.384 Y-11.417 E0.02447
G1 X0.399 Y-11.455 E0.02444
G1 X1.17 Y-11.611 E0.02453
M566 X1800 Y1800
G0 F7200 X1.034 Y-12.094
M566 X1200 Y1200
;TYPE:WALL-OUTER
G1 F3000 X1.701 Y-12.337 E0.02214
G1 X2.324 Y-12.676 E0.02212
G1 X2.891 Y-13.105 E0.02217
G1 X3.386 Y-13.613 E0.02212
G1 X3.8 Y-14.189 E0.02212
G1 X4.124 Y-14.82 E0.02212
G1 X4.35 Y-15.494 E0.02217
G1 X4.474 Y-16.193 E0.02214
G1 X4.491 Y-16.903 E0.02215
G1 X4.403 Y-17.608 E0.02215
G1 X4.211 Y-18.291 E0.02212
G1 X3.919 Y-18.938 E0.02213
G1 X3.533 Y-19.535 E0.02217
G1 X3.064 Y-20.067 E0.02211
G1 X2.52 Y-20.523 E0.02213
G1 X1.914 Y-20.894 E0.02216
G1 X1.26 Y-21.169 E0.02212
G1 X0.571 Y-21.344 E0.02217
G1 X-.135 Y-21.415 E0.02213
G1 X-.844 Y-21.38 E0.02213
G1 X-1.54 Y-21.239 E0.02214
G1 X-2.207 Y-20.996 E0.02214
G1 X-2.831 Y-20.657 E0.02214
G1 X-3.397 Y-20.227 E0.02216
G1 X-3.892 Y-19.72 E0.02209
G1 X-4.306 Y-19.144 E0.02212
G1 X-4.63 Y-18.512 E0.02215
G1 X-4.856 Y-17.839 E0.02214
G1 X-4.98 Y-17.14 E0.02214
G1 X-4.997 Y-16.43 E0.02215
G1 X-4.909 Y-15.725 E0.02215
G1 X-4.717 Y-15.042 E0.02212
G1 X-4.425 Y-14.395 E0.02213
G1 X-4.039 Y-13.798 E0.02217
G1 X-3.57 Y-13.266 E0.02211
G1 X-3.026 Y-12.81 E0.02213
G1 X-2.42 Y-12.439 E0.02216
G1 X-1.766 Y-12.164 E0.02212
G1 X-1.078 Y-11.989 E0.02214
G1 X-.371 Y-11.918 E0.02216
G1 X0.337 Y-11.953 E0.0221
G1 X1.034 Y-12.094 E0.02217
M566 X1800 Y1800
G0 F7200 X1.269 Y-12.179
G0 X1.474 Y-11.615
G0 X0.63 Y-5.94
G0 X0.571 Y-5.344
M566 X1200 Y1200
G1 F3000 X-.135 Y-5.415 E0.02213
G1 X-.844 Y-5.38 E0.02213
G1 X-1.54 Y-5.239 E0.02214
G1 X-2.207 Y-4.996 E0.02214
G1 X-2.831 Y-4.657 E0.02214
G1 X-3.397 Y-4.227 E0.02216
G1 X-3.892 Y-3.72 E0.02209
G1 X-4.306 Y-3.144 E0.02212
G1 X-4.63 Y-2.512 E0.02215
G1 X-4.856 Y-1.839 E0.02214
G1 X-4.98 Y-1.14 E0.02214
G1 X-4.997 Y-.43 E0.02215
G1 X-4.909 Y0.275 E0.02215
G1 X-4.717 Y0.958 E0.02212
G1 X-4.425 Y1.605 E0.02213
G1 X-4.039 Y2.202 E0.02217
G1 X-3.57 Y2.734 E0.02211
G1 X-3.026 Y3.19 E0.02213
G1 X-2.42 Y3.561 E0.02216
G1 X-1.766 Y3.836 E0.02212
G1 X-1.078 Y4.011 E0.02214
G1 X-.371 Y4.082 E0.02216
G1 X0.337 Y4.047 E0.0221
G1 X1.034 Y3.906 E0.02217
G1 X1.701 Y3.663 E0.02214
G1 X2.324 Y3.324 E0.02212
G1 X2.891 Y2.895 E0.02217
G1 X3.386 Y2.387 E0.02212
G1 X3.8 Y1.811 E0.02212
G1 X4.124 Y1.18 E0.02212
G1 X4.35 Y0.506 E0.02217
G1 X4.474 Y-.193 E0.02214
G1 X4.491 Y-.903 E0.02215
G1 X4.403 Y-1.608 E0.02215
G1 X4.211 Y-2.291 E0.02212
G1 X3.919 Y-2.938 E0.02213
G1 X3.533 Y-3.535 E0.02217
G1 X3.064 Y-4.067 E0.02211
G1 X2.52 Y-4.523 E0.02213
G1 X1.914 Y-4.894 E0.02216
G1 X1.26 Y-5.169 E0.02212
G1 X0.571 Y-5.344 E0.02217
M566 X1800 Y1800
G0 F7200 X0.323 Y-5.369
G0 X0.382 Y-5.965
G0 X8.98 Y-21.846
G0 X9.55 Y-22.416
M566 X1200 Y1200
G1 F3000 X9.549 Y5.084 E0.85749
G1 X-9.549 Y5.084 E0.5955
G1 X-9.55 Y-22.416 E0.85749
G1 X9.55 Y-22.416 E0.59556
M566 X1800 Y1800
G0 F7200 X9.55 Y-22.166
G0 X8.98 Y-21.846
G0 X7.85 Y-20.697
M566 X1200 Y1200
;TYPE:FILL
G1 F6000 X6.107 Y-17.679 E0.10867
M566 X1800 Y1800
G0 F7200 X6.177 Y-18.445
M566 X1200 Y1200
G1 F6000 X7.85 Y-15.547 E0.10434
M566 X1800 Y1800
G0 F7200 X7.85 Y-14.77
M566 X1200 Y1200
G1 F6000 X5.901 Y-14.77 E0.06077
G1 X5.776 Y-14.77
M566 X1800 Y1800
G0 F7200 X5.062 Y-13.032
M566 X1200 Y1200
G1 F6000 X7.849 Y-8.204 E0.17383
M566 X1800 Y1800
G0 F7200 X7.849 Y-7.421
M566 X1200 Y1200
G1 F6000 X-7.849 Y-7.421 E0.48949
M566 X1800 Y1800
G0 F7200 X-7.849 Y-8.204
M566 X1200 Y1200
G1 F6000 X-5.287 Y-12.642 E0.15979
G1 X-5.225 Y-12.75
M566 X1800 Y1800
G0 F7200 X-3.483 Y-11.097
M566 X1200 Y1200
G1 F6000 X-7.85 Y-11.097 E0.13617
G1 X-7.975 Y-11.097
M566 X1800 Y1800
G0 F7200 X-7.85 Y-13.338
M566 X1200 Y1200
G1 F6000 X-3.685 Y-6.126 E0.25969
G1 X-3.623 Y-6.018
M566 X1800 Y1800
G0 F7200 X-5.906 Y-3.749
M566 X1200 Y1200
G1 F6000 X-7.849 Y-3.749 E0.06059
G1 X-7.974 Y-3.749
M566 X1800 Y1800
G0 F7200 X-6.21 Y-3.148
M566 X1200 Y1200
G1 F6000 X-7.849 Y-5.988 E0.10224
G1 X-7.911 Y-6.096
M566 X1800 Y1800
G0 F7200 X-7.849 Y-.858
M566 X1200 Y1200
G1 F6000 X-2.262 Y-10.536 E0.34845
M566 X1800 Y1800
G0 F7200 X-1.935 Y-10.452
M566 X1200 Y1200
G1 F6000 X-0.006 Y-7.11 E0.12032
G1 X0.005 Y-7.109
G1 X2.053 Y-10.657 E0.12774
G1 X2.166 Y-10.698
G1 X7.849 Y-.857 E0.35435
M566 X1800 Y1800
G0 F7200 X7.849 Y-0.075
M566 X1200 Y1200
G1 F6000 X6.17 Y-0.075 E0.05235
G1 X6.045 Y-0.075
M566 X1800 Y1800
G0 F7200 X7.849 Y1.354
M566 X1200 Y1200
G1 F6000 X6.677 Y3.384 E0.07309
M566 X1800 Y1800
G0 F7200 X6.053 Y3.384
M566 X1200 Y1200
G1 F6000 X5.445 Y2.33 E0.03794
G1 X5.383 Y2.222
M566 X1800 Y1800
G0 F7200 X5.891 Y-2.597
M566 X1200 Y1200
G1 F6000 X7.849 Y-5.989 E0.12212
G1 X7.911 Y-6.097
M566 X1800 Y1800
G0 F7200 X7.849 Y-3.749
M566 X1200 Y1200
G1 F6000 X5.416 Y-3.749 E0.07586
G1 X5.291 Y-3.749
M566 X1800 Y1800
G0 F7200 X3.544 Y-5.883
M566 X1200 Y1200
G1 F6000 X7.85 Y-13.339 E0.26847
G1 X7.912 Y-13.447
M566 X1800 Y1800
G0 F7200 X7.85 Y-11.097
M566 X1200 Y1200
G1 F6000 X2.978 Y-11.097 E0.15192
G1 X2.853 Y-11.097
M566 X1800 Y1800
G0 F7200 X4.622 Y-14.61
G0 X5.933 Y-18.449
M566 X1200 Y1200
G1 F6000 X7.85 Y-18.449 E0.05977
G1 X7.975 Y-18.449
M566 X1800 Y1800
G0 F7200 X6.176 Y-18.455
M566 X1200 Y1200
G1 F6000 X5.023 Y-20.451 E0.07188
G1 X4.961 Y-20.559
M566 X1800 Y1800
G0 F7200 X0.664 Y-21.877
G0 X-.121 Y-21.955
G0 X-.91 Y-21.917
G0 X-1.686 Y-21.76
G0 X-2.429 Y-21.489
G0 X-3.054 Y-21.149
G0 X-6.446 Y-18.449
M566 X1200 Y1200
G1 F6000 X-7.85 Y-18.449 E0.04378
G1 X-7.975 Y-18.449
M566 X1800 Y1800
G0 F7200 X-6.485 Y-18.333
M566 X1200 Y1200
G1 F6000 X-7.85 Y-20.697 E0.08512
G1 X-7.912 Y-20.805
M566 X1800 Y1800
G0 F7200 X-6.607 Y-17.701
M566 X1200 Y1200
G1 F6000 X-7.85 Y-15.549 E0.07749
M566 X1800 Y1800
G0 F7200 X-7.85 Y-14.77
M566 X1200 Y1200
G1 F6000 X-6.407 Y-14.77 E0.04499
G1 X-6.282 Y-14.77
M566 X1800 Y1800
G0 F7200 X-6.666 Y-0.075
M566 X1200 Y1200
G1 F6000 X-7.849 Y-0.075 E0.03689
G1 X-7.974 Y-0.075
M566 X1800 Y1800
G0 F7200 X-7.849 Y1.354
M566 X1200 Y1200
G1 F6000 X-6.677 Y3.384 E0.07309
M566 X1800 Y1800
G0 F7200 X-6.053 Y3.384
M566 X1200 Y1200
G1 F6000 X-5.697 Y2.768 E0.02218
M566 X1800 Y1800
G1 F1500 E-6.5
G0 F7200 X-8.05 Y-21.896
G0 X-8.05 Y-23.331
G0 X-8.05 Y-26.001
G0 X-8.05 Y-27.436
G0 X-8.05 Y-28.416
M566 X1200 Y1200
;TYPE:WALL-INNER
G1 F1500 E6.5
G1 F6000 X-8.049 Y-32.916 E0.14032
G1 X8.049 Y-32.916 E0.50196
G1 X8.05 Y-28.416 E0.14032
G1 X-8.05 Y-28.416 E0.50202
M566 X1800 Y1800
G0 F7200 X-8.55 Y-27.916
M566 X1200 Y1200
G1 F6000 X-8.549 Y-33.416 E0.1715
G1 X8.549 Y-33.416 E0.53314
G1 X8.55 Y-27.916 E0.1715
G1 X-8.55 Y-27.916 E0.5332
M566 X1800 Y1800
G0 F7200 X-9.05 Y-27.416
M566 X1200 Y1200
G1 F6000 X-9.049 Y-33.916 E0.20268
G1 X9.049 Y-33.916 E0.56432
G1 X9.05 Y-27.416 E0.20268
G1 X-9.05 Y-27.416 E0.56438
M566 X1800 Y1800
G0 F7200 X-9.55 Y-26.916
M566 X1200 Y1200
;TYPE:WALL-OUTER
G1 F3000 X-9.549 Y-34.416 E0.23386
G1 X9.549 Y-34.416 E0.5955
G1 X9.55 Y-26.916 E0.23386
G1 X-9.55 Y-26.916 E0.59556
M566 X1800 Y1800
G0 F7200 X-9.55 Y-27.166
G0 X-8.98 Y-27.486
G0 X-7.85 Y-29.475
M566 X1200 Y1200
;TYPE:FILL
G1 F6000 X7.85 Y-29.475 E0.48955
M566 X1800 Y1800
G0 F7200 X7.85 Y-30.249
M566 X1200 Y1200
G1 F6000 X6.425 Y-32.716 E0.08884
G1 X6.302 Y-32.716
G1 X3.935 Y-28.616 E0.14762
M566 X1800 Y1800
G0 F7200 X4.552 Y-28.616
M566 X1200 Y1200
G1 F6000 X2.184 Y-32.716 E0.14763
G1 X2.061 Y-32.716
G1 X-.306 Y-28.616 E0.14762
M566 X1800 Y1800
G0 F7200 X0.308 Y-28.616
M566 X1200 Y1200
G1 F6000 X-2.06 Y-32.716 E0.14763
G1 X-2.184 Y-32.716
G1 X-4.552 Y-28.616 E0.14763
M566 X1800 Y1800
G0 F7200 X-3.935 Y-28.616
M566 X1200 Y1200
G1 F6000 X-6.302 Y-32.716 E0.14762
G1 X-6.425 Y-32.716
G1 X-7.85 Y-30.25 E0.08881
G1 X-7.912 Y-30.142
M566 X1800 Y1800
G1 F1500 E-6.5
;MESH:NONMESH
G0 F600 X-7.912 Y-30.142 Z5.5
G0 F7200 X4.314 Y-27.436
G0 X4.314 Y-26.001
G0 X4.314 Y-23.331
G0 X4.314 Y-21.896
G0 X5.031 Y-16.929
G0 X5.012 Y-.14
G0 X4.314 Y3.584
;TIME_ELAPSED:758.261302
;LAYER:34
M566 X1200 Y1200
;TYPE:WALL-INNER
;MESH:Roborama2026-Lasermount.3mf
G1 F1500 E6.5
G1 F6000 X4.538 Y3.353 E0.01003
G1 X5.084 Y2.597 E0.02908
G1 X5.51 Y1.765 E0.02915
G1 X5.808 Y0.878 E0.02918
G1 X5.971 Y-0.043 E0.02916
G1 X5.994 Y-.978 E0.02916
G1 X5.877 Y-1.905 E0.02913
G1 X5.624 Y-2.806 E0.02918
G1 X5.239 Y-3.658 E0.02915
G1 X4.733 Y-4.444 E0.02915
G1 X4.114 Y-5.144 E0.02914
G1 X3.399 Y-5.744 E0.0291
G1 X2.6 Y-6.232 E0.02919
G1 X1.737 Y-6.594 E0.02918
G1 X0.832 Y-6.826 E0.02913
G1 X-0.096 Y-6.918 E0.02908
G1 X-1.03 Y-6.874 E0.02916
G1 X-1.948 Y-6.688 E0.02921
G1 X-2.825 Y-6.367 E0.02912
G1 X-3.647 Y-5.92 E0.02918
G1 X-4.393 Y-5.355 E0.02918
G1 X-5.044 Y-4.686 E0.02911
G1 X-5.59 Y-3.928 E0.02913
G1 X-6.016 Y-3.097 E0.02912
G1 X-6.314 Y-2.211 E0.02915
G1 X-6.477 Y-1.29 E0.02916
G1 X-6.5 Y-.355 E0.02916
G1 X-6.383 Y0.572 E0.02913
G1 X-6.13 Y1.473 E0.02918
G1 X-5.745 Y2.325 E0.02915
G1 X-5.239 Y3.111 E0.02915
G1 X-4.821 Y3.584 E0.01968
G1 X-7.994 Y3.584 E0.09894
G1 X-7.994 Y-20.916 E0.76394
G1 X-4.82 Y-20.916 E0.09897
G1 X-5.044 Y-20.686 E0.01001
G1 X-5.59 Y-19.928 E0.02913
G1 X-6.016 Y-19.097 E0.02912
G1 X-6.314 Y-18.211 E0.02915
G1 X-6.477 Y-17.29 E0.02916
G1 X-6.5 Y-16.355 E0.02916
G1 X-6.383 Y-15.428 E0.02913
G1 X-6.13 Y-14.527 E0.02918
G1 X-5.745 Y-13.675 E0.02915
G1 X-5.239 Y-12.889 E0.02915
G1 X-4.62 Y-12.189 E0.02914
G1 X-3.905 Y-11.589 E0.0291
G1 X-3.106 Y-11.101 E0.02919
G1 X-2.244 Y-10.739 E0.02915
G1 X-1.339 Y-10.507 E0.02913
G1 X-.41 Y-10.415 E0.02911
G1 X0.523 Y-10.459 E0.02912
G1 X1.442 Y-10.645 E0.02924
G1 X2.319 Y-10.966 E0.02912
G1 X3.14 Y-11.413 E0.02915
G1 X3.887 Y-11.977 E0.02919
G1 X4.538 Y-12.647 E0.02913
G1 X5.084 Y-13.403 E0.02908
G1 X5.51 Y-14.235 E0.02915
G1 X5.808 Y-15.122 E0.02918
G1 X5.971 Y-16.043 E0.02916
G1 X5.994 Y-16.978 E0.02916
G1 X5.877 Y-17.905 E0.02913
G1 X5.624 Y-18.806 E0.02918
G1 X5.239 Y-19.658 E0.02915
G1 X4.733 Y-20.444 E0.02915
G1 X4.316 Y-20.916 E0.01964
G1 X7.994 Y-20.916 E0.11469
G1 X7.994 Y3.584 E0.76394
G1 X4.314 Y3.584 E0.11475
M566 X1800 Y1800
G0 F7200 X4.154 Y3.031
M566 X1200 Y1200
G1 F6000 X4.656 Y2.335 E0.02676
G1 X5.048 Y1.57 E0.0268
G1 X5.322 Y0.754 E0.02684
G1 X5.472 Y-0.093 E0.02682
G1 X5.493 Y-.953 E0.02682
G1 X5.386 Y-1.806 E0.02681
G1 X5.153 Y-2.634 E0.02682
G1 X4.799 Y-3.418 E0.02682
G1 X4.333 Y-4.141 E0.02682
G1 X3.764 Y-4.785 E0.0268
G1 X3.106 Y-5.337 E0.02678
G1 X2.372 Y-5.786 E0.02683
G1 X1.578 Y-6.119 E0.02685
G1 X0.745 Y-6.332 E0.02681
G1 X-.109 Y-6.417 E0.02676
G1 X-.968 Y-6.376 E0.02682
G1 X-1.812 Y-6.205 E0.02685
G1 X-2.619 Y-5.91 E0.02679
G1 X-3.375 Y-5.499 E0.02683
G1 X-4.061 Y-4.979 E0.02684
G1 X-4.66 Y-4.364 E0.02677
G1 X-5.162 Y-3.666 E0.02681
G1 X-5.554 Y-2.902 E0.02678
G1 X-5.828 Y-2.087 E0.02681
G1 X-5.978 Y-1.24 E0.02682
G1 X-5.999 Y-.38 E0.02682
G1 X-5.892 Y0.473 E0.02681
G1 X-5.659 Y1.301 E0.02682
G1 X-5.305 Y2.085 E0.02682
G1 X-4.839 Y2.808 E0.02682
G1 X-4.27 Y3.452 E0.0268
G1 X-3.612 Y4.004 E0.02678
G1 X-3.481 Y4.084 E0.00479
G1 X-4.058 Y4.084 E0.01317
G1 X-8.494 Y4.084 E0.13832
G1 X-8.494 Y-21.416 E0.79513
G1 X-4.061 Y-21.416 E0.13823
G1 X-3.484 Y-21.416 E0.01799
G1 X-4.061 Y-20.979 E0.01173
G1 X-4.66 Y-20.364 E0.02677
G1 X-5.162 Y-19.666 E0.02681
G1 X-5.554 Y-18.902 E0.02678
G1 X-5.828 Y-18.087 E0.02681
G1 X-5.978 Y-17.24 E0.02682
G1 X-5.999 Y-16.38 E0.02682
G1 X-5.892 Y-15.527 E0.02681
G1 X-5.659 Y-14.699 E0.02682
G1 X-5.305 Y-13.915 E0.02682
G1 X-4.839 Y-13.192 E0.02682
G1 X-4.27 Y-12.548 E0.0268
G1 X-3.612 Y-11.996 E0.02678
G1 X-2.878 Y-11.547 E0.02683
G1 X-2.084 Y-11.214 E0.02685
G1 X-1.252 Y-11.001 E0.02678
G1 X-.397 Y-10.916 E0.02679
G1 X0.461 Y-10.957 E0.02678
G1 X1.306 Y-11.128 E0.02688
G1 X2.113 Y-11.423 E0.02679
G1 X2.868 Y-11.834 E0.0268
G1 X3.555 Y-12.353 E0.02685
G1 X4.154 Y-12.969 E0.02679
G1 X4.656 Y-13.665 E0.02676
G1 X5.048 Y-14.43 E0.0268
G1 X5.322 Y-15.246 E0.02684
G1 X5.472 Y-16.093 E0.02682
G1 X5.493 Y-16.953 E0.02682
G1 X5.386 Y-17.806 E0.02681
G1 X5.153 Y-18.634 E0.02682
G1 X4.799 Y-19.418 E0.02682
G1 X4.333 Y-20.141 E0.02682
G1 X3.764 Y-20.785 E0.0268
G1 X3.106 Y-21.337 E0.02678
G1 X2.977 Y-21.416 E0.00472
G1 X3.555 Y-21.416 E0.01315
G1 X8.494 Y-21.416 E0.154
G1 X8.494 Y4.084 E0.79513
G1 X3.555 Y4.084 E0.154
G1 X2.977 Y4.084 E0.01802
G1 X3.555 Y3.647 E0.01174
G1 X4.154 Y3.031 E0.02679
M566 X1800 Y1800
G0 F7200 X3.77 Y2.709
M566 X1200 Y1200
G1 F6000 X4.228 Y2.073 E0.02444
G1 X4.586 Y1.375 E0.02446
G1 X4.836 Y0.63 E0.0245
G1 X4.973 Y-.143 E0.02448
G1 X4.992 Y-.928 E0.02448
G1 X4.895 Y-1.707 E0.02448
G1 X4.682 Y-2.462 E0.02446
G1 X4.359 Y-3.178 E0.02449
G1 X3.933 Y-3.838 E0.02449
G1 X3.414 Y-4.426 E0.02446
G1 X2.813 Y-4.93 E0.02446
G1 X2.143 Y-5.34 E0.02449
G1 X1.419 Y-5.644 E0.02448
G1 X0.658 Y-5.838 E0.02449
G1 X-.122 Y-5.916 E0.02444
G1 X-.906 Y-5.878 E0.02447
G1 X-1.676 Y-5.722 E0.0245
G1 X-2.413 Y-5.453 E0.02446
G1 X-3.103 Y-5.078 E0.02449
G1 X-3.729 Y-4.603 E0.0245
G1 X-4.276 Y-4.042 E0.02443
G1 X-4.734 Y-3.405 E0.02446
G1 X-5.092 Y-2.707 E0.02446
G1 X-5.342 Y-1.963 E0.02447
G1 X-5.479 Y-1.19 E0.02448
G1 X-5.498 Y-.405 E0.02448
G1 X-5.401 Y0.374 E0.02448
G1 X-5.188 Y1.129 E0.02446
G1 X-4.865 Y1.845 E0.02449
G1 X-4.439 Y2.505 E0.02449
G1 X-3.92 Y3.093 E0.02446
G1 X-3.319 Y3.597 E0.02446
G1 X-2.649 Y4.007 E0.02449
G1 X-1.925 Y4.311 E0.02448
G1 X-1.165 Y4.505 E0.02446
G1 X-.384 Y4.583 E0.02447
G1 X0.399 Y4.545 E0.02444
G1 X1.17 Y4.389 E0.02453
G1 X1.907 Y4.12 E0.02446
G1 X2.596 Y3.745 E0.02446
G1 X3.223 Y3.271 E0.02451
G1 X3.77 Y2.709 E0.02445
M566 X1800 Y1800
G0 F7200 X3.846 Y2.773
G0 X1.907 Y4.484
G0 X1.907 Y4.584
M566 X1200 Y1200
G1 F6000 X1.17 Y4.584 E0.01502
G1 X0.399 Y4.584 E0.00554
G1 X-.384 Y4.584 E0.00098
G1 X-1.165 Y4.584 E0.00193
G1 X-1.925 Y4.584 E0.00822
G1 X-2.488 Y4.584 E0.0141
G1 X-8.994 Y4.584 E0.20287
G1 X-8.994 Y-21.916 E0.82631
G1 X-2.413 Y-21.916 E0.2052
G1 X-1.676 Y-21.916 E0.02298
G1 X-.906 Y-21.916 E0.02401
G1 X-.122 Y-21.916 E0.02445
G1 X0.658 Y-21.916 E0.02432
G1 X1.419 Y-21.916 E0.02373
G1 X1.984 Y-21.916 E0.01762
G1 X8.994 Y-21.916 E0.21858
G1 X8.994 Y4.584 E0.82631
G1 X1.907 Y4.584 E0.22098
M566 X1800 Y1800
G0 F7200 X1.907 Y4.484
G0 X3.249 Y3.3
G0 X3.8 Y2.734
G0 X4.262 Y2.093
G0 X4.622 Y1.39
G0 X4.874 Y0.639
G0 X5.012 Y-.14
G0 X5.031 Y-.929
G0 X4.934 Y-1.714
G0 X1.197 Y-11.515
G0 X1.17 Y-11.611
M566 X1200 Y1200
G1 F6000 X1.907 Y-11.88 E0.02446
G1 X2.596 Y-12.255 E0.02446
G1 X3.223 Y-12.729 E0.02451
G1 X3.77 Y-13.291 E0.02445
G1 X4.228 Y-13.927 E0.02444
G1 X4.586 Y-14.625 E0.02446
G1 X4.836 Y-15.37 E0.0245
G1 X4.973 Y-16.143 E0.02448
G1 X4.992 Y-16.928 E0.02448
G1 X4.895 Y-17.707 E0.02448
G1 X4.682 Y-18.462 E0.02446
G1 X4.359 Y-19.178 E0.02449
G1 X3.933 Y-19.838 E0.02449
G1 X3.414 Y-20.426 E0.02446
G1 X2.813 Y-20.93 E0.02446
G1 X2.143 Y-21.34 E0.02449
G1 X1.419 Y-21.644 E0.021
G1 X0.658 Y-21.838 E0.00894
G1 X-.122 Y-21.916 E0.00198
G1 X-.906 Y-21.878 E0.02447
G1 X-1.676 Y-21.722 E0.00596
G1 X-2.413 Y-21.453 E0.01645
G1 X-3.103 Y-21.078 E0.02449
G1 X-3.729 Y-20.603 E0.0245
G1 X-4.276 Y-20.042 E0.02443
G1 X-4.734 Y-19.405 E0.02446
G1 X-5.092 Y-18.707 E0.02446
G1 X-5.342 Y-17.963 E0.02447
G1 X-5.479 Y-17.19 E0.02448
G1 X-5.498 Y-16.405 E0.02448
G1 X-5.401 Y-15.626 E0.02448
G1 X-5.188 Y-14.871 E0.02446
G1 X-4.865 Y-14.155 E0.02449
G1 X-4.439 Y-13.495 E0.02449
G1 X-3.92 Y-12.907 E0.02446
G1 X-3.319 Y-12.403 E0.02446
G1 X-2.649 Y-11.993 E0.02449
G1 X-1.925 Y-11.689 E0.02448
G1 X-1.165 Y-11.495 E0.02446
G1 X-.384 Y-11.417 E0.02447
G1 X0.399 Y-11.455 E0.02444
G1 X1.17 Y-11.611 E0.02453
M566 X1800 Y1800
G0 F7200 X1.034 Y-12.094
M566 X1200 Y1200
;TYPE:WALL-OUTER
G1 F3000 X1.701 Y-12.337 E0.02214
G1 X2.324 Y-12.676 E0.02212
G1 X2.891 Y-13.105 E0.02217
G1 X3.386 Y-13.613 E0.02212
G1 X3.8 Y-14.189 E0.02212
G1 X4.124 Y-14.82 E0.02212
G1 X4.35 Y-15.494 E0.02217
G1 X4.474 Y-16.193 E0.02214
G1 X4.491 Y-16.903 E0.02215
G1 X4.403 Y-17.608 E0.02215
G1 X4.211 Y-18.291 E0.02212
G1 X3.919 Y-18.938 E0.02213
G1 X3.533 Y-19.535 E0.02217
G1 X3.064 Y-20.067 E0.02211
G1 X2.52 Y-20.523 E0.02213
G1 X1.914 Y-20.894 E0.02216
G1 X1.26 Y-21.169 E0.02212
G1 X0.571 Y-21.344 E0.02217
G1 X-.135 Y-21.415 E0.02213
G1 X-.844 Y-21.38 E0.02213
G1 X-1.54 Y-21.239 E0.02214
G1 X-2.207 Y-20.996 E0.02214
G1 X-2.831 Y-20.657 E0.02214
G1 X-3.397 Y-20.227 E0.02216
G1 X-3.892 Y-19.72 E0.02209
G1 X-4.306 Y-19.144 E0.02212
G1 X-4.63 Y-18.512 E0.02215
G1 X-4.856 Y-17.839 E0.02214
G1 X-4.98 Y-17.14 E0.02214
G1 X-4.997 Y-16.43 E0.02215
G1 X-4.909 Y-15.725 E0.02215
G1 X-4.717 Y-15.042 E0.02212
G1 X-4.425 Y-14.395 E0.02213
G1 X-4.039 Y-13.798 E0.02217
G1 X-3.57 Y-13.266 E0.02211
G1 X-3.026 Y-12.81 E0.02213
G1 X-2.42 Y-12.439 E0.02216
G1 X-1.766 Y-12.164 E0.02212
G1 X-1.078 Y-11.989 E0.02214
G1 X-.371 Y-11.918 E0.02216
G1 X0.337 Y-11.953 E0.0221
G1 X1.034 Y-12.094 E0.02217
M566 X1800 Y1800
G0 F7200 X1.269 Y-12.179
G0 X1.474 Y-11.615
G0 X0.63 Y-5.94
G0 X0.571 Y-5.344
M566 X1200 Y1200
G1 F3000 X-.135 Y-5.415 E0.02213
G1 X-.844 Y-5.38 E0.02213
G1 X-1.54 Y-5.239 E0.02214
G1 X-2.207 Y-4.996 E0.02214
G1 X-2.831 Y-4.657 E0.02214
G1 X-3.397 Y-4.227 E0.02216
G1 X-3.892 Y-3.72 E0.02209
G1 X-4.306 Y-3.144 E0.02212
G1 X-4.63 Y-2.512 E0.02215
G1 X-4.856 Y-1.839 E0.02214
G1 X-4.98 Y-1.14 E0.02214
G1 X-4.997 Y-.43 E0.02215
G1 X-4.909 Y0.275 E0.02215
G1 X-4.717 Y0.958 E0.02212
G1 X-4.425 Y1.605 E0.02213
G1 X-4.039 Y2.202 E0.02217
G1 X-3.57 Y2.734 E0.02211
G1 X-3.026 Y3.19 E0.02213
G1 X-2.42 Y3.561 E0.02216
G1 X-1.766 Y3.836 E0.02212
G1 X-1.078 Y4.011 E0.02214
G1 X-.371 Y4.082 E0.02216
G1 X0.337 Y4.047 E0.0221
G1 X1.034 Y3.906 E0.02217
G1 X1.701 Y3.663 E0.02214
G1 X2.324 Y3.324 E0.02212
G1 X2.891 Y2.895 E0.02217
G1 X3.386 Y2.387 E0.02212
G1 X3.8 Y1.811 E0.02212
G1 X4.124 Y1.18 E0.02212
G1 X4.35 Y0.506 E0.02217
G1 X4.474 Y-.193 E0.02214
G1 X4.491 Y-.903 E0.02215
G1 X4.403 Y-1.608 E0.02215
G1 X4.211 Y-2.291 E0.02212
G1 X3.919 Y-2.938 E0.02213
G1 X3.533 Y-3.535 E0.02217
G1 X3.064 Y-4.067 E0.02211
G1 X2.52 Y-4.523 E0.02213
G1 X1.914 Y-4.894 E0.02216
G1 X1.26 Y-5.169 E0.02212
G1 X0.571 Y-5.344 E0.02217
M566 X1800 Y1800
G0 F7200 X0.323 Y-5.369
G0 X0.382 Y-5.965
G0 X8.924 Y-21.846
G0 X9.494 Y-22.416
M566 X1200 Y1200
G1 F3000 X9.494 Y5.084 E0.85749
G1 X-9.494 Y5.084 E0.59207
G1 X-9.494 Y-22.416 E0.85749
G1 X9.494 Y-22.416 E0.59207
M566 X1800 Y1800
G0 F7200 X9.494 Y-22.166
G0 X8.924 Y-21.846
G0 X7.504 Y-20.426
M566 X1200 Y1200
;TYPE:SKIN
G1 F3000 X7.504 Y3.094 E0.73339
G1 X5.33 Y3.094 E0.06779
G1 X5.503 Y2.854 E0.00923
G1 X5.963 Y1.955 E0.03149
G1 X6.284 Y0.999 E0.03144
G1 X6.459 Y0.006 E0.03144
G1 X6.484 Y-1.003 E0.03147
G1 X6.359 Y-2.003 E0.03142
G1 X6.086 Y-2.974 E0.03145
G1 X5.67 Y-3.893 E0.03145
G1 X5.125 Y-4.74 E0.03141
G1 X4.457 Y-5.496 E0.03146
G1 X3.685 Y-6.143 E0.03141
G1 X2.824 Y-6.669 E0.03146
G1 X1.894 Y-7.06 E0.03146
G1 X0.918 Y-7.31 E0.03142
G1 X-0.084 Y-7.41 E0.0314
G1 X-1.091 Y-7.362 E0.03144
G1 X-2.082 Y-7.161 E0.03153
G1 X-3.027 Y-6.814 E0.03139
G1 X-3.913 Y-6.333 E0.03144
G1 X-4.718 Y-5.723 E0.03149
G1 X-5.42 Y-5.002 E0.03138
G1 X-6.009 Y-4.185 E0.03141
G1 X-6.469 Y-3.287 E0.03146
G1 X-6.79 Y-2.332 E0.03142
G1 X-6.965 Y-1.339 E0.03144
G1 X-6.99 Y-.33 E0.03147
G1 X-6.865 Y0.67 E0.03142
G1 X-6.592 Y1.641 E0.03145
G1 X-6.176 Y2.56 E0.03145
G1 X-5.833 Y3.094 E0.01979
G1 X-7.504 Y3.094 E0.0521
G1 X-7.504 Y-20.426 E0.73339
G1 X-5.835 Y-20.426 E0.05204
G1 X-6.009 Y-20.185 E0.00927
G1 X-6.469 Y-19.287 E0.03146
G1 X-6.79 Y-18.332 E0.03142
G1 X-6.965 Y-17.339 E0.03144
G1 X-6.99 Y-16.33 E0.03147
G1 X-6.865 Y-15.33 E0.03142
G1 X-6.592 Y-14.359 E0.03145
G1 X-6.176 Y-13.44 E0.03145
G1 X-5.631 Y-12.593 E0.03141
G1 X-4.963 Y-11.837 E0.03146
G1 X-4.191 Y-11.19 E0.03141
G1 X-3.33 Y-10.664 E0.03146
G1 X-2.401 Y-10.273 E0.03143
G1 X-1.425 Y-10.023 E0.03142
G1 X-.422 Y-9.923 E0.03143
G1 X0.584 Y-9.971 E0.0314
G1 X1.576 Y-10.172 E0.03156
G1 X2.521 Y-10.519 E0.03139
G1 X3.406 Y-11 E0.03141
G1 X4.212 Y-11.609 E0.0315
G1 X4.914 Y-12.331 E0.0314
G1 X5.503 Y-13.146 E0.03135
G1 X5.963 Y-14.045 E0.03149
G1 X6.284 Y-15.001 E0.03144
G1 X6.459 Y-15.994 E0.03144
G1 X6.484 Y-17.003 E0.03147
G1 X6.359 Y-18.003 E0.03142
G1 X6.086 Y-18.974 E0.03145
G1 X5.67 Y-19.893 E0.03145
G1 X5.327 Y-20.426 E0.01976
G1 X7.504 Y-20.426 E0.06788
M566 X1800 Y1800
G0 F7200 X6.669 Y-20.2
M566 X1200 Y1200
G1 F3000 X7.278 Y-19.591 E0.02686
M566 X1800 Y1800
G0 F7200 X7.278 Y-18.883
M566 X1200 Y1200
G1 F3000 X5.962 Y-20.2 E0.05805
M566 X1800 Y1800
G0 F7200 X6.209 Y-19.246
M566 X1200 Y1200
G1 F3000 X7.278 Y-18.176 E0.04716
M566 X1800 Y1800
G0 F7200 X7.278 Y-17.469
M566 X1200 Y1200
G1 F3000 X6.532 Y-18.215 E0.0329
M566 X1800 Y1800
G0 F7200 X6.663 Y-17.377
M566 X1200 Y1200
G1 F3000 X7.278 Y-16.762 E0.02712
M566 X1800 Y1800
G0 F7200 X6.699 Y-16.635
M566 X1200 Y1200
G1 F3000 X7.278 Y-16.055 E0.02555
M566 X1800 Y1800
G0 F7200 X6.678 Y-15.948
M566 X1200 Y1200
G1 F3000 X7.278 Y-15.348 E0.02646
M566 X1800 Y1800
G0 F7200 X6.573 Y-15.347
M566 X1200 Y1200
G1 F3000 X7.278 Y-14.641 E0.03111
M566 X1800 Y1800
G0 F7200 X7.278 Y-13.934
M566 X1200 Y1200
G1 F3000 X6.443 Y-14.77 E0.03684
M566 X1800 Y1800
G0 F7200 X6.265 Y-14.24
M566 X1200 Y1200
G1 F3000 X7.278 Y-13.227 E0.04467
M566 X1800 Y1800
G0 F7200 X7.278 Y-12.52
M566 X1200 Y1200
G1 F3000 X6.059 Y-13.739 E0.05375
M566 X1800 Y1800
G0 F7200 X5.82 Y-13.271
M566 X1200 Y1200
G1 F3000 X7.278 Y-11.812 E0.06432
M566 X1800 Y1800
G0 F7200 X7.278 Y-11.105
M566 X1200 Y1200
G1 F3000 X5.552 Y-12.831 E0.07611
M566 X1800 Y1800
G0 F7200 X5.256 Y-12.421
M566 X1200 Y1200
G1 F3000 X7.278 Y-10.398 E0.08919
M566 X1800 Y1800
G0 F7200 X7.278 Y-9.691
M566 X1200 Y1200
G1 F3000 X4.938 Y-12.032 E0.10321
M566 X1800 Y1800
G0 F7200 X4.589 Y-11.673
M566 X1200 Y1200
G1 F3000 X7.278 Y-8.984 E0.11858
M566 X1800 Y1800
G0 F7200 X7.278 Y-8.277
M566 X1200 Y1200
G1 F3000 X4.222 Y-11.333 E0.13476
M566 X1800 Y1800
G0 F7200 X3.82 Y-11.028
M566 X1200 Y1200
G1 F3000 X7.278 Y-7.57 E0.15249
M566 X1800 Y1800
G0 F7200 X7.278 Y-6.863
M566 X1200 Y1200
G1 F3000 X3.401 Y-10.74 E0.17096
M566 X1800 Y1800
G0 F7200 X2.942 Y-10.492
M566 X1200 Y1200
G1 F3000 X7.278 Y-6.156 E0.19121
M566 X1800 Y1800
G0 F7200 X7.278 Y-5.448
M566 X1200 Y1200
G1 F3000 X2.468 Y-10.259 E0.21213
M566 X1800 Y1800
G0 F7200 X1.951 Y-10.069
M566 X1200 Y1200
G1 F3000 X7.278 Y-4.741 E0.23493
M566 X1800 Y1800
G0 F7200 X7.278 Y-4.034
M566 X1200 Y1200
G1 F3000 X1.407 Y-9.906 E0.25892
M566 X1800 Y1800
G0 F7200 X0.818 Y-9.787
M566 X1200 Y1200
G1 F3000 X7.278 Y-3.327 E0.28487
M566 X1800 Y1800
G0 F7200 X7.278 Y-2.62
M566 X1200 Y1200
G1 F3000 X5.809 Y-4.089 E0.06478
G1 X5.721 Y-4.177
M566 X1800 Y1800
G0 F7200 X6.359 Y-2.833
M566 X1200 Y1200
G1 F3000 X7.278 Y-1.913 E0.04055
M566 X1800 Y1800
G0 F7200 X6.6 Y-1.885
M566 X1200 Y1200
G1 F3000 X7.278 Y-1.206 E0.02992
M566 X1800 Y1800
G0 F7200 X6.7 Y-1.077
M566 X1200 Y1200
G1 F3000 X7.278 Y-.499 E0.02549
M566 X1800 Y1800
G0 F7200 X6.692 Y-.379
M566 X1200 Y1200
G1 F3000 X7.278 Y0.207 E0.02584
M566 X1800 Y1800
G0 F7200 X6.638 Y0.274
M566 X1200 Y1200
G1 F3000 X7.278 Y0.914 E0.02822
M566 X1800 Y1800
G0 F7200 X7.278 Y1.622
M566 X1200 Y1200
G1 F3000 X6.532 Y0.875 E0.03292
M566 X1800 Y1800
G0 F7200 X6.375 Y1.426
M566 X1200 Y1200
G1 F3000 X7.278 Y2.329 E0.03982
M566 X1800 Y1800
G0 F7200 X7.111 Y2.868
M566 X1200 Y1200
G1 F3000 X6.198 Y1.955 E0.04026
M566 X1800 Y1800
G0 F7200 X5.969 Y2.433
M566 X1200 Y1200
G1 F3000 X6.404 Y2.868 E0.01918
M566 X1800 Y1800
G0 F7200 X5.04 Y-1.459
G0 X3.191 Y-6.707
M566 X1200 Y1200
G1 F3000 X0.174 Y-9.724 E0.13304
M566 X1800 Y1800
G0 F7200 X-.511 Y-9.704
M566 X1200 Y1200
G1 F3000 X1.902 Y-7.29 E0.10643
M566 X1800 Y1800
G0 F7200 X0.953 Y-7.532
M566 X1200 Y1200
G1 F3000 X-1.298 Y-9.783 E0.09926
M566 X1800 Y1800
G0 F7200 X-2.212 Y-9.99
M566 X1200 Y1200
G1 F3000 X0.166 Y-7.611 E0.10489
M566 X1800 Y1800
G0 F7200 X-.542 Y-7.613
M566 X1200 Y1200
G1 F3000 X-3.36 Y-10.431 E0.12427
G1 X-3.448 Y-10.519
M566 X1800 Y1800
G0 F7200 X-2.351 Y-7.301
M566 X1200 Y1200
G1 F3000 X-7.278 Y-12.228 E0.21727
M566 X1800 Y1800
G0 F7200 X-7.278 Y-12.935
M566 X1200 Y1200
G1 F3000 X-1.792 Y-7.449 E0.24192
M566 X1800 Y1800
G0 F7200 X-1.204 Y-7.568
M566 X1200 Y1200
G1 F3000 X-7.278 Y-13.642 E0.26785
M566 X1800 Y1800
G0 F7200 X-7.278 Y-14.35
M566 X1200 Y1200
G1 F3000 X-6.468 Y-13.539 E0.03574
G1 X-6.38 Y-13.451
M566 X1800 Y1800
G0 F7200 X-6.922 Y-14.7
M566 X1200 Y1200
G1 F3000 X-7.278 Y-15.057 E0.01572
M566 X1800 Y1800
G0 F7200 X-7.126 Y-15.612
M566 X1200 Y1200
G1 F3000 X-7.278 Y-15.764 E0.0067
M566 X1800 Y1800
G0 F7200 X-7.195 Y-17.095
M566 X1200 Y1200
G1 F3000 X-7.278 Y-17.178 E0.00366
M566 X1800 Y1800
G0 F7200 X-7.123 Y-17.729
M566 X1200 Y1200
G1 F3000 X-7.278 Y-17.885 E0.00686
M566 X1800 Y1800
G0 F7200 X-7.018 Y-18.331
M566 X1200 Y1200
G1 F3000 X-7.278 Y-18.592 E0.01149
M566 X1800 Y1800
G0 F7200 X-6.846 Y-18.867
M566 X1200 Y1200
G1 F3000 X-7.278 Y-19.299 E0.01905
M566 X1800 Y1800
G0 F7200 X-6.665 Y-19.393
M566 X1200 Y1200
G1 F3000 X-7.278 Y-20.006 E0.02703
M566 X1800 Y1800
G0 F7200 X-6.765 Y-20.2
M566 X1200 Y1200
G1 F3000 X-6.426 Y-19.861 E0.01495
M566 X1800 Y1800
G0 F7200 X-7.278 Y-11.521
M566 X1200 Y1200
G1 F3000 X-2.868 Y-7.111 E0.19447
M566 X1800 Y1800
G0 F7200 X-3.355 Y-6.891
M566 X1200 Y1200
G1 F3000 X-7.278 Y-10.814 E0.17299
M566 X1800 Y1800
G0 F7200 X-7.278 Y-10.107
M566 X1200 Y1200
G1 F3000 X-3.814 Y-6.642 E0.15277
M566 X1800 Y1800
G0 F7200 X-4.244 Y-6.365
M566 X1200 Y1200
G1 F3000 X-7.278 Y-9.4 E0.13381
M566 X1800 Y1800
G0 F7200 X-7.278 Y-8.693
M566 X1200 Y1200
G1 F3000 X-4.645 Y-6.059 E0.11613
M566 X1800 Y1800
G0 F7200 X-5.023 Y-5.73
M566 X1200 Y1200
G1 F3000 X-7.278 Y-7.986 E0.09946
M566 X1800 Y1800
G0 F7200 X-7.278 Y-7.278
M566 X1200 Y1200
G1 F3000 X-5.372 Y-5.372 E0.08405
M566 X1800 Y1800
G0 F7200 X-5.701 Y-4.994
M566 X1200 Y1200
G1 F3000 X-7.278 Y-6.571 E0.06954
M566 X1800 Y1800
G0 F7200 X-7.278 Y-5.864
M566 X1200 Y1200
G1 F3000 X-5.997 Y-4.583 E0.05649
M566 X1800 Y1800
G0 F7200 X-6.276 Y-4.154
M566 X1200 Y1200
G1 F3000 X-7.278 Y-5.157 E0.04421
M566 X1800 Y1800
G0 F7200 X-7.278 Y-4.45
M566 X1200 Y1200
G1 F3000 X-6.515 Y-3.686 E0.03367
M566 X1800 Y1800
G0 F7200 X-6.734 Y-3.198
M566 X1200 Y1200
G1 F3000 X-7.278 Y-3.743 E0.02401
M566 X1800 Y1800
G0 F7200 X-7.278 Y-3.036
M566 X1200 Y1200
G1 F3000 X-6.911 Y-2.669 E0.01618
M566 X1800 Y1800
G0 F7200 X-7.278 Y-2.329
M566 X1200 Y1200
G1 F3000 X-7.056 Y-2.107 E0.00979
M566 X1800 Y1800
G0 F7200 X-7.278 Y-1.622
M566 X1200 Y1200
G1 F3000 X-7.162 Y-1.505 E0.00514
M566 X1800 Y1800
G0 F7200 X-7.278 Y-.914
M566 X1200 Y1200
G1 F3000 X-7.201 Y-.837 E0.0034
M566 X1800 Y1800
G0 F7200 X-7.278 Y-.207
M566 X1200 Y1200
G1 F3000 X-7.188 Y-.117 E0.00397
M566 X1800 Y1800
G0 F7200 X-7.278 Y0.499
M566 X1200 Y1200
G1 F3000 X-7.088 Y0.69 E0.0084
M566 X1800 Y1800
G0 F7200 X-7.278 Y1.206
M566 X1200 Y1200
G1 F3000 X-6.817 Y1.668 E0.02035
M566 X1800 Y1800
G0 F7200 X-7.278 Y1.913
M566 X1200 Y1200
G1 F3000 X-6.323 Y2.868 E0.04211
M566 X1800 Y1800
G0 F7200 X-7.03 Y2.868
M566 X1200 Y1200
G1 F3000 X-7.278 Y2.62 E0.01094
M566 X1800 Y1800
G1 F1500 E-6.5
G0 F7200 X-7.991 Y-21.896
G0 X-7.991 Y-23.331
G0 X-7.991 Y-26.001
G0 X-7.991 Y-27.436
G0 X-7.991 Y-28.416
M566 X1200 Y1200
;TYPE:WALL-INNER
G1 F1500 E6.5
G1 F6000 X-7.994 Y-32.916 E0.14032
G1 X7.995 Y-32.916 E0.49856
G1 X7.994 Y-28.416 E0.14032
G1 X-7.991 Y-28.416 E0.49843
M566 X1800 Y1800
G0 F7200 X-8.491 Y-27.916
M566 X1200 Y1200
G1 F6000 X-8.494 Y-33.416 E0.1715
G1 X8.495 Y-33.416 E0.52974
G1 X8.494 Y-27.916 E0.1715
G1 X-8.491 Y-27.916 E0.52962
M566 X1800 Y1800
G0 F7200 X-8.991 Y-27.416
M566 X1200 Y1200
G1 F6000 X-8.994 Y-33.916 E0.20268
G1 X8.995 Y-33.916 E0.56092
G1 X8.994 Y-27.416 E0.20268
G1 X-8.991 Y-27.416 E0.5608
M566 X1800 Y1800
G0 F7200 X-9.491 Y-26.916
M566 X1200 Y1200
;TYPE:WALL-OUTER
G1 F3000 X-9.494 Y-34.416 E0.23386
G1 X9.495 Y-34.416 E0.5921
G1 X9.494 Y-26.916 E0.23386
G1 X-9.491 Y-26.916 E0.59198
M566 X1800 Y1800
G0 F7200 X-9.491 Y-27.166
G0 X-8.921 Y-27.486
G0 X-7.501 Y-28.906
M566 X1200 Y1200
;TYPE:SKIN
G1 F3000 X-7.504 Y-32.426 E0.10976
G1 X7.505 Y-32.426 E0.468
G1 X7.504 Y-28.906 E0.10976
G1 X-7.501 Y-28.906 E0.46788
M566 X1800 Y1800
G0 F7200 X-7.277 Y-29.904
M566 X1200 Y1200
G1 F3000 X-6.502 Y-29.129 E0.03418
M566 X1800 Y1800
G0 F7200 X-5.795 Y-29.129
M566 X1200 Y1200
G1 F3000 X-7.277 Y-30.612 E0.06537
M566 X1800 Y1800
G0 F7200 X-7.278 Y-31.319
M566 X1200 Y1200
G1 F3000 X-5.088 Y-29.129 E0.09657
M566 X1800 Y1800
G0 F7200 X-4.381 Y-29.129
M566 X1200 Y1200
G1 F3000 X-7.278 Y-32.027 E0.12777
M566 X1800 Y1800
G0 F7200 X-6.744 Y-32.2
M566 X1200 Y1200
G1 F3000 X-3.674 Y-29.129 E0.1354
M566 X1800 Y1800
G0 F7200 X-2.967 Y-29.129
M566 X1200 Y1200
G1 F3000 X-6.037 Y-32.2 E0.1354
M566 X1800 Y1800
G0 F7200 X-5.33 Y-32.2
M566 X1200 Y1200
G1 F3000 X-2.259 Y-29.129 E0.13542
M566 X1800 Y1800
G0 F7200 X-1.552 Y-29.129
M566 X1200 Y1200
G1 F3000 X-4.623 Y-32.2 E0.13542
M566 X1800 Y1800
G0 F7200 X-3.915 Y-32.2
M566 X1200 Y1200
G1 F3000 X-.845 Y-29.129 E0.1354
M566 X1800 Y1800
G0 F7200 X-.138 Y-29.129
M566 X1200 Y1200
G1 F3000 X-3.208 Y-32.2 E0.1354
M566 X1800 Y1800
G0 F7200 X-2.501 Y-32.2
M566 X1200 Y1200
G1 F3000 X0.568 Y-29.129 E0.13538
M566 X1800 Y1800
G0 F7200 X1.275 Y-29.129
M566 X1200 Y1200
G1 F3000 X-1.794 Y-32.2 E0.13538
M566 X1800 Y1800
G0 F7200 X-1.087 Y-32.2
M566 X1200 Y1200
G1 F3000 X1.982 Y-29.129 E0.13538
M566 X1800 Y1800
G0 F7200 X2.689 Y-29.129
M566 X1200 Y1200
G1 F3000 X-.38 Y-32.2 E0.13538
M566 X1800 Y1800
G0 F7200 X0.326 Y-32.2
M566 X1200 Y1200
G1 F3000 X3.396 Y-29.129 E0.1354
M566 X1800 Y1800
G0 F7200 X4.104 Y-29.129
M566 X1200 Y1200
G1 F3000 X1.033 Y-32.2 E0.13542
M566 X1800 Y1800
G0 F7200 X1.74 Y-32.2
M566 X1200 Y1200
G1 F3000 X4.811 Y-29.129 E0.13542
M566 X1800 Y1800
G0 F7200 X5.518 Y-29.129
M566 X1200 Y1200
G1 F3000 X2.448 Y-32.2 E0.1354
M566 X1800 Y1800
G0 F7200 X3.155 Y-32.2
M566 X1200 Y1200
G1 F3000 X6.225 Y-29.129 E0.1354
M566 X1800 Y1800
G0 F7200 X6.932 Y-29.129
M566 X1200 Y1200
G1 F3000 X3.862 Y-32.2 E0.1354
M566 X1800 Y1800
G0 F7200 X4.569 Y-32.2
M566 X1200 Y1200
G1 F3000 X7.279 Y-29.489 E0.11953
M566 X1800 Y1800
G0 F7200 X7.279 Y-30.196
M566 X1200 Y1200
G1 F3000 X5.276 Y-32.2 E0.08835
M566 X1800 Y1800
G0 F7200 X5.983 Y-32.2
M566 X1200 Y1200
G1 F3000 X7.28 Y-30.903 E0.05719
M566 X1800 Y1800
G0 F7200 X7.28 Y-31.61
M566 X1200 Y1200
G1 F3000 X6.69 Y-32.2 E0.02602
M566 X1800 Y1800
G1 F1500 E-6.5
;MESH:NONMESH
G0 F600 X6.69 Y-32.2 Z5.65
G0 F7200 X4.314 Y-27.436
G0 X4.314 Y-26.001
G0 X4.314 Y-23.331
G0 X4.314 Y-21.896
G0 X5.031 Y-16.929
G0 X5.012 Y-.14
G0 X4.314 Y3.584
;TIME_ELAPSED:782.130320
;LAYER:35
M566 X1200 Y1200
;TYPE:WALL-INNER
;MESH:Roborama2026-Lasermount.3mf
G1 F1500 E6.5
G1 F6000 X4.538 Y3.353 E0.01003
G1 X5.084 Y2.597 E0.02908
G1 X5.51 Y1.765 E0.02915
G1 X5.808 Y0.878 E0.02918
G1 X5.971 Y-0.043 E0.02916
G1 X5.994 Y-.978 E0.02916
G1 X5.877 Y-1.905 E0.02913
G1 X5.624 Y-2.806 E0.02918
G1 X5.239 Y-3.658 E0.02915
G1 X4.733 Y-4.444 E0.02915
G1 X4.114 Y-5.144 E0.02914
G1 X3.399 Y-5.744 E0.0291
G1 X2.6 Y-6.232 E0.02919
G1 X1.737 Y-6.594 E0.02918
G1 X0.832 Y-6.826 E0.02913
G1 X-0.096 Y-6.918 E0.02908
G1 X-1.03 Y-6.874 E0.02916
G1 X-1.948 Y-6.688 E0.02921
G1 X-2.825 Y-6.367 E0.02912
G1 X-3.647 Y-5.92 E0.02918
G1 X-4.393 Y-5.355 E0.02918
G1 X-5.044 Y-4.686 E0.02911
G1 X-5.59 Y-3.928 E0.02913
G1 X-6.016 Y-3.097 E0.02912
G1 X-6.314 Y-2.211 E0.02915
G1 X-6.477 Y-1.29 E0.02916
G1 X-6.5 Y-.355 E0.02916
G1 X-6.383 Y0.572 E0.02913
G1 X-6.13 Y1.473 E0.02918
G1 X-5.745 Y2.325 E0.02915
G1 X-5.239 Y3.111 E0.02915
G1 X-4.821 Y3.584 E0.01968
G1 X-7.906 Y3.584 E0.09619
G1 X-7.906 Y-20.916 E0.76394
G1 X-4.82 Y-20.916 E0.09623
G1 X-5.044 Y-20.686 E0.01001
G1 X-5.59 Y-19.928 E0.02913
G1 X-6.016 Y-19.097 E0.02912
G1 X-6.314 Y-18.211 E0.02915
G1 X-6.477 Y-17.29 E0.02916
G1 X-6.5 Y-16.355 E0.02916
G1 X-6.383 Y-15.428 E0.02913
G1 X-6.13 Y-14.527 E0.02918
G1 X-5.745 Y-13.675 E0.02915
G1 X-5.239 Y-12.889 E0.02915
G1 X-4.62 Y-12.189 E0.02914
G1 X-3.905 Y-11.589 E0.0291
G1 X-3.106 Y-11.101 E0.02919
G1 X-2.244 Y-10.739 E0.02915
G1 X-1.339 Y-10.507 E0.02913
G1 X-.41 Y-10.415 E0.02911
G1 X0.523 Y-10.459 E0.02912
G1 X1.442 Y-10.645 E0.02924
G1 X2.319 Y-10.966 E0.02912
G1 X3.14 Y-11.413 E0.02915
G1 X3.887 Y-11.977 E0.02919
G1 X4.538 Y-12.647 E0.02913
G1 X5.084 Y-13.403 E0.02908
G1 X5.51 Y-14.235 E0.02915
G1 X5.808 Y-15.122 E0.02918
G1 X5.971 Y-16.043 E0.02916
G1 X5.994 Y-16.978 E0.02916
G1 X5.877 Y-17.905 E0.02913
G1 X5.624 Y-18.806 E0.02918
G1 X5.239 Y-19.658 E0.02915
G1 X4.733 Y-20.444 E0.02915
G1 X4.316 Y-20.916 E0.01964
G1 X7.907 Y-20.916 E0.11197
G1 X7.906 Y3.584 E0.76394
G1 X4.314 Y3.584 E0.112
M566 X1800 Y1800
G0 F7200 X4.154 Y3.031
M566 X1200 Y1200
G1 F6000 X4.656 Y2.335 E0.02676
G1 X5.048 Y1.57 E0.0268
G1 X5.322 Y0.754 E0.02684
G1 X5.472 Y-0.093 E0.02682
G1 X5.493 Y-.953 E0.02682
G1 X5.386 Y-1.806 E0.02681
G1 X5.153 Y-2.634 E0.02682
G1 X4.799 Y-3.418 E0.02682
G1 X4.333 Y-4.141 E0.02682
G1 X3.764 Y-4.785 E0.0268
G1 X3.106 Y-5.337 E0.02678
G1 X2.372 Y-5.786 E0.02683
G1 X1.578 Y-6.119 E0.02685
G1 X0.745 Y-6.332 E0.02681
G1 X-.109 Y-6.417 E0.02676
G1 X-.968 Y-6.376 E0.02682
G1 X-1.812 Y-6.205 E0.02685
G1 X-2.619 Y-5.91 E0.02679
G1 X-3.375 Y-5.499 E0.02683
G1 X-4.061 Y-4.979 E0.02684
G1 X-4.66 Y-4.364 E0.02677
G1 X-5.162 Y-3.666 E0.02681
G1 X-5.554 Y-2.902 E0.02678
G1 X-5.828 Y-2.087 E0.02681
G1 X-5.978 Y-1.24 E0.02682
G1 X-5.999 Y-.38 E0.02682
G1 X-5.892 Y0.473 E0.02681
G1 X-5.659 Y1.301 E0.02682
G1 X-5.305 Y2.085 E0.02682
G1 X-4.839 Y2.808 E0.02682
G1 X-4.27 Y3.452 E0.0268
G1 X-3.612 Y4.004 E0.02678
G1 X-3.481 Y4.084 E0.00479
G1 X-4.058 Y4.084 E0.01317
G1 X-8.406 Y4.084 E0.13558
G1 X-8.406 Y-21.416 E0.79513
G1 X-4.061 Y-21.416 E0.13548
G1 X-3.484 Y-21.416 E0.01799
G1 X-4.061 Y-20.979 E0.01173
G1 X-4.66 Y-20.364 E0.02677
G1 X-5.162 Y-19.666 E0.02681
G1 X-5.554 Y-18.902 E0.02678
G1 X-5.828 Y-18.087 E0.02681
G1 X-5.978 Y-17.24 E0.02682
G1 X-5.999 Y-16.38 E0.02682
G1 X-5.892 Y-15.527 E0.02681
G1 X-5.659 Y-14.699 E0.02682
G1 X-5.305 Y-13.915 E0.02682
G1 X-4.839 Y-13.192 E0.02682
G1 X-4.27 Y-12.548 E0.0268
G1 X-3.612 Y-11.996 E0.02678
G1 X-2.878 Y-11.547 E0.02683
G1 X-2.084 Y-11.214 E0.02685
G1 X-1.252 Y-11.001 E0.02678
G1 X-.397 Y-10.916 E0.02679
G1 X0.461 Y-10.957 E0.02678
G1 X1.306 Y-11.128 E0.02688
G1 X2.113 Y-11.423 E0.02679
G1 X2.868 Y-11.834 E0.0268
G1 X3.555 Y-12.353 E0.02685
G1 X4.154 Y-12.969 E0.02679
G1 X4.656 Y-13.665 E0.02676
G1 X5.048 Y-14.43 E0.0268
G1 X5.322 Y-15.246 E0.02684
G1 X5.472 Y-16.093 E0.02682
G1 X5.493 Y-16.953 E0.02682
G1 X5.386 Y-17.806 E0.02681
G1 X5.153 Y-18.634 E0.02682
G1 X4.799 Y-19.418 E0.02682
G1 X4.333 Y-20.141 E0.02682
G1 X3.764 Y-20.785 E0.0268
G1 X3.106 Y-21.337 E0.02678
G1 X2.977 Y-21.416 E0.00472
G1 X3.555 Y-21.416 E0.01315
G1 X8.407 Y-21.416 E0.15129
G1 X8.406 Y4.084 E0.79513
G1 X3.555 Y4.084 E0.15126
G1 X2.977 Y4.084 E0.01802
G1 X3.555 Y3.647 E0.01174
G1 X4.154 Y3.031 E0.02679
M566 X1800 Y1800
G0 F7200 X3.77 Y2.709
M566 X1200 Y1200
G1 F6000 X4.228 Y2.073 E0.02444
G1 X4.586 Y1.375 E0.02446
G1 X4.836 Y0.63 E0.0245
G1 X4.973 Y-.143 E0.02448
G1 X4.992 Y-.928 E0.02448
G1 X4.895 Y-1.707 E0.02448
G1 X4.682 Y-2.462 E0.02446
G1 X4.359 Y-3.178 E0.02449
G1 X3.933 Y-3.838 E0.02449
G1 X3.414 Y-4.426 E0.02446
G1 X2.813 Y-4.93 E0.02446
G1 X2.143 Y-5.34 E0.02449
G1 X1.419 Y-5.644 E0.02448
G1 X0.658 Y-5.838 E0.02449
G1 X-.122 Y-5.916 E0.02444
G1 X-.906 Y-5.878 E0.02447
G1 X-1.676 Y-5.722 E0.0245
G1 X-2.413 Y-5.453 E0.02446
G1 X-3.103 Y-5.078 E0.02449
G1 X-3.729 Y-4.603 E0.0245
G1 X-4.276 Y-4.042 E0.02443
G1 X-4.734 Y-3.405 E0.02446
G1 X-5.092 Y-2.707 E0.02446
G1 X-5.342 Y-1.963 E0.02447
G1 X-5.479 Y-1.19 E0.02448
G1 X-5.498 Y-.405 E0.02448
G1 X-5.401 Y0.374 E0.02448
G1 X-5.188 Y1.129 E0.02446
G1 X-4.865 Y1.845 E0.02449
G1 X-4.439 Y2.505 E0.02449
G1 X-3.92 Y3.093 E0.02446
G1 X-3.319 Y3.597 E0.02446
G1 X-2.649 Y4.007 E0.02449
G1 X-1.925 Y4.311 E0.02448
G1 X-1.165 Y4.505 E0.02446
G1 X-.384 Y4.583 E0.02447
G1 X0.399 Y4.545 E0.02444
G1 X1.17 Y4.389 E0.02453
G1 X1.907 Y4.12 E0.02446
G1 X2.596 Y3.745 E0.02446
G1 X3.223 Y3.271 E0.02451
G1 X3.77 Y2.709 E0.02445
M566 X1800 Y1800
G0 F7200 X3.846 Y2.773
G0 X1.907 Y4.484
G0 X1.907 Y4.584
M566 X1200 Y1200
G1 F6000 X1.17 Y4.584 E0.01502
G1 X0.399 Y4.584 E0.00554
G1 X-.384 Y4.584 E0.00098
G1 X-1.165 Y4.584 E0.00193
G1 X-1.925 Y4.584 E0.00822
G1 X-2.488 Y4.584 E0.0141
G1 X-8.906 Y4.584 E0.20012
G1 X-8.906 Y-21.916 E0.82631
G1 X-2.413 Y-21.916 E0.20246
G1 X-1.676 Y-21.916 E0.02298
G1 X-.906 Y-21.916 E0.02401
G1 X-.122 Y-21.916 E0.02445
G1 X0.658 Y-21.916 E0.02432
G1 X1.419 Y-21.916 E0.02373
G1 X1.984 Y-21.916 E0.01762
G1 X8.907 Y-21.916 E0.21587
G1 X8.906 Y4.584 E0.82631
G1 X1.907 Y4.584 E0.21824
M566 X1800 Y1800
G0 F7200 X1.907 Y4.484
G0 X3.249 Y3.3
G0 X3.8 Y2.734
G0 X4.262 Y2.093
G0 X4.622 Y1.39
G0 X4.874 Y0.639
G0 X5.012 Y-.14
G0 X5.031 Y-.929
G0 X4.934 Y-1.714
G0 X1.197 Y-11.515
G0 X1.17 Y-11.611
M566 X1200 Y1200
G1 F6000 X1.907 Y-11.88 E0.02446
G1 X2.596 Y-12.255 E0.02446
G1 X3.223 Y-12.729 E0.02451
G1 X3.77 Y-13.291 E0.02445
G1 X4.228 Y-13.927 E0.02444
G1 X4.586 Y-14.625 E0.02446
G1 X4.836 Y-15.37 E0.0245
G1 X4.973 Y-16.143 E0.02448
G1 X4.992 Y-16.928 E0.02448
G1 X4.895 Y-17.707 E0.02448
G1 X4.682 Y-18.462 E0.02446
G1 X4.359 Y-19.178 E0.02449
G1 X3.933 Y-19.838 E0.02449
G1 X3.414 Y-20.426 E0.02446
G1 X2.813 Y-20.93 E0.02446
G1 X2.143 Y-21.34 E0.02449
G1 X1.419 Y-21.644 E0.021
G1 X0.658 Y-21.838 E0.00894
G1 X-.122 Y-21.916 E0.00198
G1 X-.906 Y-21.878 E0.02447
G1 X-1.676 Y-21.722 E0.00596
G1 X-2.413 Y-21.453 E0.01645
G1 X-3.103 Y-21.078 E0.02449
G1 X-3.729 Y-20.603 E0.0245
G1 X-4.276 Y-20.042 E0.02443
G1 X-4.734 Y-19.405 E0.02446
G1 X-5.092 Y-18.707 E0.02446
G1 X-5.342 Y-17.963 E0.02447
G1 X-5.479 Y-17.19 E0.02448
G1 X-5.498 Y-16.405 E0.02448
G1 X-5.401 Y-15.626 E0.02448
G1 X-5.188 Y-14.871 E0.02446
G1 X-4.865 Y-14.155 E0.02449
G1 X-4.439 Y-13.495 E0.02449
G1 X-3.92 Y-12.907 E0.02446
G1 X-3.319 Y-12.403 E0.02446
G1 X-2.649 Y-11.993 E0.02449
G1 X-1.925 Y-11.689 E0.02448
G1 X-1.165 Y-11.495 E0.02446
G1 X-.384 Y-11.417 E0.02447
G1 X0.399 Y-11.455 E0.02444
G1 X1.17 Y-11.611 E0.02453
M566 X1800 Y1800
G0 F7200 X1.034 Y-12.094
M566 X1200 Y1200
;TYPE:WALL-OUTER
G1 F3000 X1.701 Y-12.337 E0.02214
G1 X2.324 Y-12.676 E0.02212
G1 X2.891 Y-13.105 E0.02217
G1 X3.386 Y-13.613 E0.02212
G1 X3.8 Y-14.189 E0.02212
G1 X4.124 Y-14.82 E0.02212
G1 X4.35 Y-15.494 E0.02217
G1 X4.474 Y-16.193 E0.02214
G1 X4.491 Y-16.903 E0.02215
G1 X4.403 Y-17.608 E0.02215
G1 X4.211 Y-18.291 E0.02212
G1 X3.919 Y-18.938 E0.02213
G1 X3.533 Y-19.535 E0.02217
G1 X3.064 Y-20.067 E0.02211
G1 X2.52 Y-20.523 E0.02213
G1 X1.914 Y-20.894 E0.02216
G1 X1.26 Y-21.169 E0.02212
G1 X0.571 Y-21.344 E0.02217
G1 X-.135 Y-21.415 E0.02213
G1 X-.844 Y-21.38 E0.02213
G1 X-1.54 Y-21.239 E0.02214
G1 X-2.207 Y-20.996 E0.02214
G1 X-2.831 Y-20.657 E0.02214
G1 X-3.397 Y-20.227 E0.02216
G1 X-3.892 Y-19.72 E0.02209
G1 X-4.306 Y-19.144 E0.02212
G1 X-4.63 Y-18.512 E0.02215
G1 X-4.856 Y-17.839 E0.02214
G1 X-4.98 Y-17.14 E0.02214
G1 X-4.997 Y-16.43 E0.02215
G1 X-4.909 Y-15.725 E0.02215
G1 X-4.717 Y-15.042 E0.02212
G1 X-4.425 Y-14.395 E0.02213
G1 X-4.039 Y-13.798 E0.02217
G1 X-3.57 Y-13.266 E0.02211
G1 X-3.026 Y-12.81 E0.02213
G1 X-2.42 Y-12.439 E0.02216
G1 X-1.766 Y-12.164 E0.02212
G1 X-1.078 Y-11.989 E0.02214
G1 X-.371 Y-11.918 E0.02216
G1 X0.337 Y-11.953 E0.0221
G1 X1.034 Y-12.094 E0.02217
M566 X1800 Y1800
G0 F7200 X1.269 Y-12.179
G0 X1.474 Y-11.615
G0 X0.63 Y-5.94
G0 X0.571 Y-5.344
M566 X1200 Y1200
G1 F3000 X-.135 Y-5.415 E0.02213
G1 X-.844 Y-5.38 E0.02213
G1 X-1.54 Y-5.239 E0.02214
G1 X-2.207 Y-4.996 E0.02214
G1 X-2.831 Y-4.657 E0.02214
G1 X-3.397 Y-4.227 E0.02216
G1 X-3.892 Y-3.72 E0.02209
G1 X-4.306 Y-3.144 E0.02212
G1 X-4.63 Y-2.512 E0.02215
G1 X-4.856 Y-1.839 E0.02214
G1 X-4.98 Y-1.14 E0.02214
G1 X-4.997 Y-.43 E0.02215
G1 X-4.909 Y0.275 E0.02215
G1 X-4.717 Y0.958 E0.02212
G1 X-4.425 Y1.605 E0.02213
G1 X-4.039 Y2.202 E0.02217
G1 X-3.57 Y2.734 E0.02211
G1 X-3.026 Y3.19 E0.02213
G1 X-2.42 Y3.561 E0.02216
G1 X-1.766 Y3.836 E0.02212
G1 X-1.078 Y4.011 E0.02214
G1 X-.371 Y4.082 E0.02216
G1 X0.337 Y4.047 E0.0221
G1 X1.034 Y3.906 E0.02217
G1 X1.701 Y3.663 E0.02214
G1 X2.324 Y3.324 E0.02212
G1 X2.891 Y2.895 E0.02217
G1 X3.386 Y2.387 E0.02212
G1 X3.8 Y1.811 E0.02212
G1 X4.124 Y1.18 E0.02212
G1 X4.35 Y0.506 E0.02217
G1 X4.474 Y-.193 E0.02214
G1 X4.491 Y-.903 E0.02215
G1 X4.403 Y-1.608 E0.02215
G1 X4.211 Y-2.291 E0.02212
G1 X3.919 Y-2.938 E0.02213
G1 X3.533 Y-3.535 E0.02217
G1 X3.064 Y-4.067 E0.02211
G1 X2.52 Y-4.523 E0.02213
G1 X1.914 Y-4.894 E0.02216
G1 X1.26 Y-5.169 E0.02212
G1 X0.571 Y-5.344 E0.02217
M566 X1800 Y1800
G0 F7200 X0.323 Y-5.369
G0 X0.382 Y-5.965
G0 X8.837 Y-21.846
G0 X9.407 Y-22.416
M566 X1200 Y1200
G1 F3000 X9.406 Y5.084 E0.85749
G1 X-9.406 Y5.084 E0.58658
G1 X-9.406 Y-22.416 E0.85749
G1 X9.407 Y-22.416 E0.58662
M566 X1800 Y1800
G0 F7200 X9.407 Y-22.166
G0 X8.837 Y-21.846
G0 X7.417 Y-20.426
M566 X1200 Y1200
;TYPE:SKIN
G1 F3000 X7.416 Y3.094 E0.73339
G1 X5.33 Y3.094 E0.06504
G1 X5.503 Y2.854 E0.00923
G1 X5.963 Y1.955 E0.03149
G1 X6.284 Y0.999 E0.03144
G1 X6.459 Y0.006 E0.03144
G1 X6.484 Y-1.003 E0.03147
G1 X6.359 Y-2.003 E0.03142
G1 X6.086 Y-2.974 E0.03145
G1 X5.67 Y-3.893 E0.03145
G1 X5.125 Y-4.74 E0.03141
G1 X4.457 Y-5.496 E0.03146
G1 X3.685 Y-6.143 E0.03141
G1 X2.824 Y-6.669 E0.03146
G1 X1.894 Y-7.06 E0.03146
G1 X0.918 Y-7.31 E0.03142
G1 X-0.084 Y-7.41 E0.0314
G1 X-1.091 Y-7.362 E0.03144
G1 X-2.082 Y-7.161 E0.03153
G1 X-3.027 Y-6.814 E0.03139
G1 X-3.913 Y-6.333 E0.03144
G1 X-4.718 Y-5.723 E0.03149
G1 X-5.42 Y-5.002 E0.03138
G1 X-6.009 Y-4.185 E0.03141
G1 X-6.469 Y-3.287 E0.03146
G1 X-6.79 Y-2.332 E0.03142
G1 X-6.965 Y-1.339 E0.03144
G1 X-6.99 Y-.33 E0.03147
G1 X-6.865 Y0.67 E0.03142
G1 X-6.592 Y1.641 E0.03145
G1 X-6.176 Y2.56 E0.03145
G1 X-5.833 Y3.094 E0.01979
G1 X-7.416 Y3.094 E0.04936
G1 X-7.416 Y-20.426 E0.73339
G1 X-5.835 Y-20.426 E0.0493
G1 X-6.009 Y-20.185 E0.00927
G1 X-6.469 Y-19.287 E0.03146
G1 X-6.79 Y-18.332 E0.03142
G1 X-6.965 Y-17.339 E0.03144
G1 X-6.99 Y-16.33 E0.03147
G1 X-6.865 Y-15.33 E0.03142
G1 X-6.592 Y-14.359 E0.03145
G1 X-6.176 Y-13.44 E0.03145
G1 X-5.631 Y-12.593 E0.03141
G1 X-4.963 Y-11.837 E0.03146
G1 X-4.191 Y-11.19 E0.03141
G1 X-3.33 Y-10.664 E0.03146
G1 X-2.401 Y-10.273 E0.03143
G1 X-1.425 Y-10.023 E0.03142
G1 X-.422 Y-9.923 E0.03143
G1 X0.584 Y-9.971 E0.0314
G1 X1.576 Y-10.172 E0.03156
G1 X2.521 Y-10.519 E0.03139
G1 X3.406 Y-11 E0.03141
G1 X4.212 Y-11.609 E0.0315
G1 X4.914 Y-12.331 E0.0314
G1 X5.503 Y-13.146 E0.03135
G1 X5.963 Y-14.045 E0.03149
G1 X6.284 Y-15.001 E0.03144
G1 X6.459 Y-15.994 E0.03144
G1 X6.484 Y-17.003 E0.03147
G1 X6.359 Y-18.003 E0.03142
G1 X6.086 Y-18.974 E0.03145
G1 X5.67 Y-19.893 E0.03145
G1 X5.327 Y-20.426 E0.01976
G1 X7.417 Y-20.426 E0.06517
M566 X1800 Y1800
G0 F7200 X0.664 Y-21.877
G0 X-.121 Y-21.955
G0 X-.91 Y-21.917
G0 X-1.538 Y-21.791
G0 X-7.19 Y-19.679
M566 X1200 Y1200
G1 F3000 X-6.669 Y-20.2 E0.02297
M566 X1800 Y1800
G0 F7200 X-6.559 Y-19.603
M566 X1200 Y1200
G1 F3000 X-7.19 Y-18.972 E0.02783
M566 X1800 Y1800
G0 F7200 X-6.977 Y-18.478
M566 X1200 Y1200
G1 F3000 X-7.19 Y-18.265 E0.00939
M566 X1800 Y1800
G0 F7200 X-7.114 Y-15.512
M566 X1200 Y1200
G1 F3000 X-7.19 Y-15.436 E0.00335
M566 X1800 Y1800
G0 F7200 X-6.988 Y-14.931
M566 X1200 Y1200
G1 F3000 X-7.19 Y-14.729 E0.00891
M566 X1800 Y1800
G0 F7200 X-6.832 Y-14.38
M566 X1200 Y1200
G1 F3000 X-7.19 Y-14.022 E0.01579
M566 X1800 Y1800
G0 F7200 X-6.624 Y-13.881
M566 X1200 Y1200
G1 F3000 X-7.19 Y-13.315 E0.02496
M566 X1800 Y1800
G0 F7200 X-7.19 Y-12.608
M566 X1200 Y1200
G1 F3000 X-6.403 Y-13.395 E0.0347
M566 X1800 Y1800
G0 F7200 X-6.134 Y-12.957
M566 X1200 Y1200
G1 F3000 X-7.19 Y-11.901 E0.04657
M566 X1800 Y1800
G0 F7200 X-7.19 Y-11.194
M566 X1200 Y1200
G1 F3000 X-5.856 Y-12.527 E0.0588
M566 X1800 Y1800
G0 F7200 X-5.534 Y-12.143
M566 X1200 Y1200
G1 F3000 X-7.19 Y-10.487 E0.07302
M566 X1800 Y1800
G0 F7200 X-7.19 Y-9.779
M566 X1200 Y1200
G1 F3000 X-5.202 Y-11.767 E0.08767
M566 X1800 Y1800
G0 F7200 X-4.83 Y-11.432
M566 X1200 Y1200
G1 F3000 X-7.19 Y-9.072 E0.10407
M566 X1800 Y1800
G0 F7200 X-7.19 Y-8.365
M566 X1200 Y1200
G1 F3000 X-4.446 Y-11.11 E0.12102
M566 X1800 Y1800
G0 F7200 X-4.024 Y-10.824
M566 X1200 Y1200
G1 F3000 X-7.19 Y-7.658 E0.13961
M566 X1800 Y1800
G0 F7200 X-7.19 Y-6.951
M566 X1200 Y1200
G1 F3000 X-3.585 Y-10.556 E0.15897
M566 X1800 Y1800
G0 F7200 X-3.108 Y-10.326
M566 X1200 Y1200
G1 F3000 X-7.19 Y-6.244 E0.18
M566 X1800 Y1800
G0 F7200 X-7.19 Y-5.537
M566 X1200 Y1200
G1 F3000 X-2.611 Y-10.116 E0.20192
M566 X1800 Y1800
G0 F7200 X-2.066 Y-9.953
M566 X1200 Y1200
G1 F3000 X-7.19 Y-4.83 E0.22593
M566 X1800 Y1800
G0 F7200 X-7.19 Y-4.123
M566 X1200 Y1200
G1 F3000 X-1.503 Y-9.81 E0.25078
M566 X1800 Y1800
G0 F7200 X-.866 Y-9.74
M566 X1200 Y1200
G1 F3000 X-4.236 Y-6.37 E0.14861
G1 X-4.324 Y-6.282
M566 X1800 Y1800
G0 F7200 X-2.742 Y-7.157
M566 X1200 Y1200
G1 F3000 X-.191 Y-9.707 E0.11247
M566 X1800 Y1800
G0 F7200 X0.551 Y-9.743
M566 X1200 Y1200
G1 F3000 X-1.73 Y-7.461 E0.10061
M566 X1800 Y1800
G0 F7200 X-.889 Y-7.595
M566 X1200 Y1200
G1 F3000 X1.425 Y-9.91 E0.10206
G1 X1.513 Y-9.998
M566 X1800 Y1800
G0 F7200 X2.489 Y-10.267
M566 X1200 Y1200
G1 F3000 X-.146 Y-7.631 E0.11622
M566 X1800 Y1800
G0 F7200 X0.505 Y-7.576
M566 X1200 Y1200
G1 F3000 X7.191 Y-14.262 E0.29483
M566 X1800 Y1800
G0 F7200 X7.191 Y-14.969
M566 X1200 Y1200
G1 F3000 X6.163 Y-13.941 E0.04533
G1 X6.075 Y-13.853
M566 X1800 Y1800
G0 F7200 X7.191 Y-13.555
M566 X1200 Y1200
G1 F3000 X1.125 Y-7.488 E0.26752
M566 X1800 Y1800
G0 F7200 X1.687 Y-7.344
M566 X1200 Y1200
G1 F3000 X7.191 Y-12.848 E0.24271
M566 X1800 Y1800
G0 F7200 X7.191 Y-12.141
M566 X1200 Y1200
G1 F3000 X2.216 Y-7.166 E0.21938
M566 X1800 Y1800
G0 F7200 X2.714 Y-6.957
M566 X1200 Y1200
G1 F3000 X7.191 Y-11.433 E0.1974
M566 X1800 Y1800
G0 F7200 X7.191 Y-10.726
M566 X1200 Y1200
G1 F3000 X3.179 Y-6.714 E0.17692
M566 X1800 Y1800
G0 F7200 X3.618 Y-6.446
M566 X1200 Y1200
G1 F3000 X7.191 Y-10.019 E0.15756
M566 X1800 Y1800
G0 F7200 X7.191 Y-9.312
M566 X1200 Y1200
G1 F3000 X4.027 Y-6.149 E0.1395
M566 X1800 Y1800
G0 F7200 X4.412 Y-5.826
M566 X1200 Y1200
G1 F3000 X7.19 Y-8.604 E0.1225
M566 X1800 Y1800
G0 F7200 X7.19 Y-7.897
M566 X1200 Y1200
G1 F3000 X4.772 Y-5.479 E0.10663
M566 X1800 Y1800
G0 F7200 X5.103 Y-5.103
M566 X1200 Y1200
G1 F3000 X7.19 Y-7.19 E0.09203
M566 X1800 Y1800
G0 F7200 X7.19 Y-6.483
M566 X1200 Y1200
G1 F3000 X5.413 Y-4.706 E0.07836
M566 X1800 Y1800
G0 F7200 X5.69 Y-4.275
M566 X1200 Y1200
G1 F3000 X7.19 Y-5.776 E0.06617
M566 X1800 Y1800
G0 F7200 X7.19 Y-5.069
M566 X1200 Y1200
G1 F3000 X5.947 Y-3.826 E0.05481
M566 X1800 Y1800
G0 F7200 X6.168 Y-3.339
M566 X1200 Y1200
G1 F3000 X7.19 Y-4.362 E0.04509
M566 X1800 Y1800
G0 F7200 X7.19 Y-3.655
M566 X1200 Y1200
G1 F3000 X6.361 Y-2.826 E0.03656
M566 X1800 Y1800
G0 F7200 X6.516 Y-2.274
M566 X1200 Y1200
G1 F3000 X7.19 Y-2.947 E0.0297
M566 X1800 Y1800
G0 F7200 X7.19 Y-2.24
M566 X1200 Y1200
G1 F3000 X6.626 Y-1.676 E0.02487
M566 X1800 Y1800
G0 F7200 X7.19 Y-1.533
M566 X1200 Y1200
G1 F3000 X6.704 Y-1.047 E0.02143
M566 X1800 Y1800
G0 F7200 X7.19 Y-.826
M566 X1200 Y1200
G1 F3000 X6.691 Y-.327 E0.022
M566 X1800 Y1800
G0 F7200 X7.19 Y-.119
M566 X1200 Y1200
G1 F3000 X6.605 Y0.465 E0.02577
M566 X1800 Y1800
G0 F7200 X7.19 Y0.587
M566 X1200 Y1200
G1 F3000 X6.389 Y1.388 E0.03532
M566 X1800 Y1800
G0 F7200 X7.19 Y1.294
M566 X1200 Y1200
G1 F3000 X5.885 Y2.6 E0.05757
M566 X1800 Y1800
G0 F7200 X6.322 Y2.869
M566 X1200 Y1200
G1 F3000 X7.19 Y2.001 E0.03828
M566 X1800 Y1800
G0 F7200 X7.19 Y2.708
M566 X1200 Y1200
G1 F3000 X7.03 Y2.869 E0.00708
M566 X1800 Y1800
G0 F7200 X1.18 Y4.427
G0 X0.403 Y4.584
G0 X-.385 Y4.622
G0 X-1.171 Y4.544
G0 X-6.307 Y2.771
M566 X1200 Y1200
G1 F3000 X-6.404 Y2.868 E0.00428
M566 X1800 Y1800
G0 F7200 X-6.541 Y2.298
M566 X1200 Y1200
G1 F3000 X-7.111 Y2.868 E0.02514
M566 X1800 Y1800
G0 F7200 X-7.189 Y2.24
M566 X1200 Y1200
G1 F3000 X-6.761 Y1.811 E0.0189
M566 X1800 Y1800
G0 F7200 X-7.189 Y1.533
M566 X1200 Y1200
G1 F3000 X-6.928 Y1.272 E0.01151
M566 X1800 Y1800
G0 F7200 X-7.189 Y0.825
M566 X1200 Y1200
G1 F3000 X-7.084 Y0.72 E0.00463
M566 X1800 Y1800
G0 F7200 X-7.19 Y-2.001
M566 X1200 Y1200
G1 F3000 X-7.051 Y-2.141 E0.00615
M566 X1800 Y1800
G0 F7200 X-7.19 Y-2.708
M566 X1200 Y1200
G1 F3000 X-6.752 Y-3.147 E0.01934
M566 X1800 Y1800
G0 F7200 X-7.19 Y-3.416
M566 X1200 Y1200
G1 F3000 X-5.935 Y-4.671 E0.05534
G1 X-5.847 Y-4.759
M566 X1800 Y1800
G0 F7200 X6.512 Y-14.997
M566 X1200 Y1200
G1 F3000 X7.191 Y-15.676 E0.02994
M566 X1800 Y1800
G0 F7200 X6.662 Y-15.854
M566 X1200 Y1200
G1 F3000 X7.191 Y-16.383 E0.02333
M566 X1800 Y1800
G0 F7200 X6.699 Y-16.598
M566 X1200 Y1200
G1 F3000 X7.191 Y-17.09 E0.0217
M566 X1800 Y1800
G0 F7200 X6.676 Y-17.283
M566 X1200 Y1200
G1 F3000 X7.191 Y-17.797 E0.02269
M566 X1800 Y1800
G0 F7200 X6.598 Y-17.911
M566 X1200 Y1200
G1 F3000 X7.191 Y-18.504 E0.02615
M566 X1800 Y1800
G0 F7200 X7.191 Y-19.212
M566 X1200 Y1200
G1 F3000 X6.459 Y-18.48 E0.03228
M566 X1800 Y1800
G0 F7200 X6.303 Y-19.031
M566 X1200 Y1200
G1 F3000 X7.191 Y-19.919 E0.03916
M566 X1800 Y1800
G0 F7200 X6.765 Y-20.2
M566 X1200 Y1200
G1 F3000 X6.086 Y-19.521 E0.02994
M566 X1800 Y1800
G0 F7200 X5.864 Y-20.006
M566 X1200 Y1200
G1 F3000 X6.058 Y-20.2 E0.00855
M566 X1800 Y1800
G1 F1500 E-6.5
G0 F7200 X7.906 Y-21.896
G0 X7.906 Y-23.331
G0 X7.906 Y-26.001
G0 X7.906 Y-27.436
G0 X7.906 Y-28.416
M566 X1200 Y1200
;TYPE:WALL-INNER
G1 F1500 E6.5
G1 F6000 X-7.905 Y-28.416 E0.49301
G1 X-7.907 Y-30.245 E0.05703
G1 X-7.905 Y-32.916 E0.08329
G1 X7.907 Y-32.916 E0.49304
G1 X7.906 Y-28.416 E0.14032
M566 X1800 Y1800
G0 F7200 X8.406 Y-27.916
M566 X1200 Y1200
G1 F6000 X-8.405 Y-27.916 E0.52419
G1 X-8.407 Y-30.245 E0.07262
G1 X-8.405 Y-33.416 E0.09888
G1 X8.407 Y-33.416 E0.52422
G1 X8.406 Y-27.916 E0.1715
M566 X1800 Y1800
G0 F7200 X8.906 Y-27.416
M566 X1200 Y1200
G1 F6000 X-8.905 Y-27.416 E0.55537
G1 X-8.907 Y-30.245 E0.08821
G1 X-8.905 Y-33.916 E0.11447
G1 X8.907 Y-33.916 E0.5554
G1 X8.906 Y-27.416 E0.20268
M566 X1800 Y1800
G0 F7200 X9.406 Y-26.916
M566 X1200 Y1200
;TYPE:WALL-OUTER
G1 F3000 X-9.405 Y-26.916 E0.58655
G1 X-9.407 Y-30.245 E0.1038
G1 X-9.405 Y-34.416 E0.13006
G1 X9.407 Y-34.416 E0.58658
G1 X9.406 Y-26.916 E0.23386
M566 X1800 Y1800
G0 F7200 X9.156 Y-26.916
G0 X8.836 Y-27.486
G0 X7.416 Y-28.906
M566 X1200 Y1200
;TYPE:SKIN
G1 F3000 X-7.415 Y-28.906 E0.46245
G1 X-7.417 Y-30.245 E0.04175
G1 X-7.415 Y-32.426 E0.06801
G1 X7.417 Y-32.426 E0.46248
G1 X7.416 Y-28.906 E0.10976
M566 X1800 Y1800
G0 F7200 X7.191 Y-29.818
M566 X1200 Y1200
G1 F3000 X6.502 Y-29.129 E0.03038
M566 X1800 Y1800
G0 F7200 X5.795 Y-29.129
M566 X1200 Y1200
G1 F3000 X7.191 Y-30.525 E0.06156
M566 X1800 Y1800
G0 F7200 X7.191 Y-31.232
M566 X1200 Y1200
G1 F3000 X5.088 Y-29.129 E0.09274
M566 X1800 Y1800
G0 F7200 X4.381 Y-29.129
M566 X1200 Y1200
G1 F3000 X7.191 Y-31.94 E0.12393
M566 X1800 Y1800
G0 F7200 X6.745 Y-32.2
M566 X1200 Y1200
G1 F3000 X3.674 Y-29.129 E0.13542
M566 X1800 Y1800
G0 F7200 X2.967 Y-29.129
M566 X1200 Y1200
G1 F3000 X6.037 Y-32.2 E0.1354
M566 X1800 Y1800
G0 F7200 X5.33 Y-32.2
M566 X1200 Y1200
G1 F3000 X2.259 Y-29.129 E0.13542
M566 X1800 Y1800
G0 F7200 X1.552 Y-29.129
M566 X1200 Y1200
G1 F3000 X4.623 Y-32.2 E0.13542
M566 X1800 Y1800
G0 F7200 X3.916 Y-32.2
M566 X1200 Y1200
G1 F3000 X0.845 Y-29.129 E0.13542
M566 X1800 Y1800
G0 F7200 X0.138 Y-29.129
M566 X1200 Y1200
G1 F3000 X3.209 Y-32.2 E0.13542
M566 X1800 Y1800
G0 F7200 X2.502 Y-32.2
M566 X1200 Y1200
G1 F3000 X-.568 Y-29.129 E0.1354
M566 X1800 Y1800
G0 F7200 X-1.275 Y-29.129
M566 X1200 Y1200
G1 F3000 X1.795 Y-32.2 E0.1354
M566 X1800 Y1800
G0 F7200 X1.088 Y-32.2
M566 X1200 Y1200
G1 F3000 X-1.982 Y-29.129 E0.1354
M566 X1800 Y1800
G0 F7200 X-2.689 Y-29.129
M566 X1200 Y1200
G1 F3000 X0.381 Y-32.2 E0.1354
M566 X1800 Y1800
G0 F7200 X-.325 Y-32.2
M566 X1200 Y1200
G1 F3000 X-3.396 Y-29.129 E0.13542
M566 X1800 Y1800
G0 F7200 X-4.104 Y-29.129
M566 X1200 Y1200
G1 F3000 X-1.033 Y-32.2 E0.13542
M566 X1800 Y1800
G0 F7200 X-1.74 Y-32.2
M566 X1200 Y1200
G1 F3000 X-4.811 Y-29.129 E0.13542
M566 X1800 Y1800
G0 F7200 X-5.518 Y-29.129
M566 X1200 Y1200
G1 F3000 X-2.447 Y-32.2 E0.13542
M566 X1800 Y1800
G0 F7200 X-3.154 Y-32.2
M566 X1200 Y1200
G1 F3000 X-6.225 Y-29.129 E0.13542
M566 X1800 Y1800
G0 F7200 X-6.932 Y-29.129
M566 X1200 Y1200
G1 F3000 X-3.861 Y-32.2 E0.13542
M566 X1800 Y1800
G0 F7200 X-4.568 Y-32.2
M566 X1200 Y1200
G1 F3000 X-7.19 Y-29.578 E0.11562
M566 X1800 Y1800
G0 F7200 X-7.191 Y-30.285
M566 X1200 Y1200
G1 F3000 X-5.275 Y-32.2 E0.08447
M566 X1800 Y1800
G0 F7200 X-5.982 Y-32.2
M566 X1200 Y1200
G1 F3000 X-7.19 Y-30.993 E0.05325
M566 X1800 Y1800
G0 F7200 X-7.189 Y-31.701
M566 X1200 Y1200
G1 F3000 X-6.689 Y-32.2 E0.02203
M566 X1800 Y1800
G1 F1500 E-6.5
;MESH:NONMESH
G0 F600 X-6.689 Y-32.2 Z5.8
G0 F7200 X4.314 Y-27.436
G0 X4.314 Y-26.001
G0 X4.314 Y-23.331
G0 X4.314 Y-21.896
G0 X5.031 Y-16.929
G0 X5.012 Y-.14
G0 X4.314 Y3.584
;TIME_ELAPSED:805.799065
;LAYER:36
M566 X1200 Y1200
;TYPE:WALL-INNER
;MESH:Roborama2026-Lasermount.3mf
G1 F1500 E6.5
G1 F6000 X4.538 Y3.353 E0.01003
G1 X5.084 Y2.597 E0.02908
G1 X5.51 Y1.765 E0.02915
G1 X5.808 Y0.878 E0.02918
G1 X5.971 Y-0.043 E0.02916
G1 X5.994 Y-.978 E0.02916
G1 X5.877 Y-1.905 E0.02913
G1 X5.624 Y-2.806 E0.02918
G1 X5.239 Y-3.658 E0.02915
G1 X4.733 Y-4.444 E0.02915
G1 X4.114 Y-5.144 E0.02914
G1 X3.399 Y-5.744 E0.0291
G1 X2.6 Y-6.232 E0.02919
G1 X1.737 Y-6.594 E0.02918
G1 X0.832 Y-6.826 E0.02913
G1 X-0.096 Y-6.918 E0.02908
G1 X-1.03 Y-6.874 E0.02916
G1 X-1.948 Y-6.688 E0.02921
G1 X-2.825 Y-6.367 E0.02912
G1 X-3.647 Y-5.92 E0.02918
G1 X-4.393 Y-5.355 E0.02918
G1 X-5.044 Y-4.686 E0.02911
G1 X-5.59 Y-3.928 E0.02913
G1 X-6.016 Y-3.097 E0.02912
G1 X-6.314 Y-2.211 E0.02915
G1 X-6.477 Y-1.29 E0.02916
G1 X-6.5 Y-.355 E0.02916
G1 X-6.383 Y0.572 E0.02913
G1 X-6.13 Y1.473 E0.02918
G1 X-5.745 Y2.325 E0.02915
G1 X-5.239 Y3.111 E0.02915
G1 X-4.821 Y3.584 E0.01968
G1 X-7.777 Y3.584 E0.09217
G1 X-7.777 Y-20.916 E0.76394
G1 X-4.82 Y-20.916 E0.0922
G1 X-5.044 Y-20.686 E0.01001
G1 X-5.59 Y-19.928 E0.02913
G1 X-6.016 Y-19.097 E0.02912
G1 X-6.314 Y-18.211 E0.02915
G1 X-6.477 Y-17.29 E0.02916
G1 X-6.5 Y-16.355 E0.02916
G1 X-6.383 Y-15.428 E0.02913
G1 X-6.13 Y-14.527 E0.02918
G1 X-5.745 Y-13.675 E0.02915
G1 X-5.239 Y-12.889 E0.02915
G1 X-4.62 Y-12.189 E0.02914
G1 X-3.905 Y-11.589 E0.0291
G1 X-3.106 Y-11.101 E0.02919
G1 X-2.244 Y-10.739 E0.02915
G1 X-1.339 Y-10.507 E0.02913
G1 X-.41 Y-10.415 E0.02911
G1 X0.523 Y-10.459 E0.02912
G1 X1.442 Y-10.645 E0.02924
G1 X2.319 Y-10.966 E0.02912
G1 X3.14 Y-11.413 E0.02915
G1 X3.887 Y-11.977 E0.02919
G1 X4.538 Y-12.647 E0.02913
G1 X5.084 Y-13.403 E0.02908
G1 X5.51 Y-14.235 E0.02915
G1 X5.808 Y-15.122 E0.02918
G1 X5.971 Y-16.043 E0.02916
G1 X5.994 Y-16.978 E0.02916
G1 X5.877 Y-17.905 E0.02913
G1 X5.624 Y-18.806 E0.02918
G1 X5.239 Y-19.658 E0.02915
G1 X4.733 Y-20.444 E0.02915
G1 X4.316 Y-20.916 E0.01964
G1 X7.777 Y-20.916 E0.10792
G1 X7.777 Y3.584 E0.76394
G1 X4.314 Y3.584 E0.10798
M566 X1800 Y1800
G0 F7200 X4.154 Y3.031
M566 X1200 Y1200
G1 F6000 X4.656 Y2.335 E0.02676
G1 X5.048 Y1.57 E0.0268
G1 X5.322 Y0.754 E0.02684
G1 X5.472 Y-0.093 E0.02682
G1 X5.493 Y-.953 E0.02682
G1 X5.386 Y-1.806 E0.02681
G1 X5.153 Y-2.634 E0.02682
G1 X4.799 Y-3.418 E0.02682
G1 X4.333 Y-4.141 E0.02682
G1 X3.764 Y-4.785 E0.0268
G1 X3.106 Y-5.337 E0.02678
G1 X2.372 Y-5.786 E0.02683
G1 X1.578 Y-6.119 E0.02685
G1 X0.745 Y-6.332 E0.02681
G1 X-.109 Y-6.417 E0.02676
G1 X-.968 Y-6.376 E0.02682
G1 X-1.812 Y-6.205 E0.02685
G1 X-2.619 Y-5.91 E0.02679
G1 X-3.375 Y-5.499 E0.02683
G1 X-4.061 Y-4.979 E0.02684
G1 X-4.66 Y-4.364 E0.02677
G1 X-5.162 Y-3.666 E0.02681
G1 X-5.554 Y-2.902 E0.02678
G1 X-5.828 Y-2.087 E0.02681
G1 X-5.978 Y-1.24 E0.02682
G1 X-5.999 Y-.38 E0.02682
G1 X-5.892 Y0.473 E0.02681
G1 X-5.659 Y1.301 E0.02682
G1 X-5.305 Y2.085 E0.02682
G1 X-4.839 Y2.808 E0.02682
G1 X-4.27 Y3.452 E0.0268
G1 X-3.612 Y4.004 E0.02678
G1 X-3.481 Y4.084 E0.00479
G1 X-4.058 Y4.084 E0.01317
G1 X-8.277 Y4.084 E0.13155
G1 X-8.277 Y-21.416 E0.79513
G1 X-4.061 Y-21.416 E0.13146
G1 X-3.484 Y-21.416 E0.01799
G1 X-4.061 Y-20.979 E0.01173
G1 X-4.66 Y-20.364 E0.02677
G1 X-5.162 Y-19.666 E0.02681
G1 X-5.554 Y-18.902 E0.02678
G1 X-5.828 Y-18.087 E0.02681
G1 X-5.978 Y-17.24 E0.02682
G1 X-5.999 Y-16.38 E0.02682
G1 X-5.892 Y-15.527 E0.02681
G1 X-5.659 Y-14.699 E0.02682
G1 X-5.305 Y-13.915 E0.02682
G1 X-4.839 Y-13.192 E0.02682
G1 X-4.27 Y-12.548 E0.0268
G1 X-3.612 Y-11.996 E0.02678
G1 X-2.878 Y-11.547 E0.02683
G1 X-2.084 Y-11.214 E0.02685
G1 X-1.252 Y-11.001 E0.02678
G1 X-.397 Y-10.916 E0.02679
G1 X0.461 Y-10.957 E0.02678
G1 X1.306 Y-11.128 E0.02688
G1 X2.113 Y-11.423 E0.02679
G1 X2.868 Y-11.834 E0.0268
G1 X3.555 Y-12.353 E0.02685
G1 X4.154 Y-12.969 E0.02679
G1 X4.656 Y-13.665 E0.02676
G1 X5.048 Y-14.43 E0.0268
G1 X5.322 Y-15.246 E0.02684
G1 X5.472 Y-16.093 E0.02682
G1 X5.493 Y-16.953 E0.02682
G1 X5.386 Y-17.806 E0.02681
G1 X5.153 Y-18.634 E0.02682
G1 X4.799 Y-19.418 E0.02682
G1 X4.333 Y-20.141 E0.02682
G1 X3.764 Y-20.785 E0.0268
G1 X3.106 Y-21.337 E0.02678
G1 X2.977 Y-21.416 E0.00472
G1 X3.555 Y-21.416 E0.01315
G1 X8.277 Y-21.416 E0.14724
G1 X8.277 Y4.084 E0.79513
G1 X3.555 Y4.084 E0.14724
G1 X2.977 Y4.084 E0.01802
G1 X3.555 Y3.647 E0.01174
G1 X4.154 Y3.031 E0.02679
M566 X1800 Y1800
G0 F7200 X3.77 Y2.709
M566 X1200 Y1200
G1 F6000 X4.228 Y2.073 E0.02444
G1 X4.586 Y1.375 E0.02446
G1 X4.836 Y0.63 E0.0245
G1 X4.973 Y-.143 E0.02448
G1 X4.992 Y-.928 E0.02448
G1 X4.895 Y-1.707 E0.02448
G1 X4.682 Y-2.462 E0.02446
G1 X4.359 Y-3.178 E0.02449
G1 X3.933 Y-3.838 E0.02449
G1 X3.414 Y-4.426 E0.02446
G1 X2.813 Y-4.93 E0.02446
G1 X2.143 Y-5.34 E0.02449
G1 X1.419 Y-5.644 E0.02448
G1 X0.658 Y-5.838 E0.02449
G1 X-.122 Y-5.916 E0.02444
G1 X-.906 Y-5.878 E0.02447
G1 X-1.676 Y-5.722 E0.0245
G1 X-2.413 Y-5.453 E0.02446
G1 X-3.103 Y-5.078 E0.02449
G1 X-3.729 Y-4.603 E0.0245
G1 X-4.276 Y-4.042 E0.02443
G1 X-4.734 Y-3.405 E0.02446
G1 X-5.092 Y-2.707 E0.02446
G1 X-5.342 Y-1.963 E0.02447
G1 X-5.479 Y-1.19 E0.02448
G1 X-5.498 Y-.405 E0.02448
G1 X-5.401 Y0.374 E0.02448
G1 X-5.188 Y1.129 E0.02446
G1 X-4.865 Y1.845 E0.02449
G1 X-4.439 Y2.505 E0.02449
G1 X-3.92 Y3.093 E0.02446
G1 X-3.319 Y3.597 E0.02446
G1 X-2.649 Y4.007 E0.02449
G1 X-1.925 Y4.311 E0.02448
G1 X-1.165 Y4.505 E0.02446
G1 X-.384 Y4.583 E0.02447
G1 X0.399 Y4.545 E0.02444
G1 X1.17 Y4.389 E0.02453
G1 X1.907 Y4.12 E0.02446
G1 X2.596 Y3.745 E0.02446
G1 X3.223 Y3.271 E0.02451
G1 X3.77 Y2.709 E0.02445
M566 X1800 Y1800
G0 F7200 X3.846 Y2.773
G0 X1.907 Y4.484
G0 X1.907 Y4.584
M566 X1200 Y1200
G1 F6000 X1.17 Y4.584 E0.01502
G1 X0.399 Y4.584 E0.00554
G1 X-.384 Y4.584 E0.00098
G1 X-1.165 Y4.584 E0.00193
G1 X-1.925 Y4.584 E0.00822
G1 X-2.488 Y4.584 E0.0141
G1 X-8.777 Y4.584 E0.1961
G1 X-8.777 Y-21.916 E0.82631
G1 X-2.413 Y-21.916 E0.19844
G1 X-1.676 Y-21.916 E0.02298
G1 X-.906 Y-21.916 E0.02401
G1 X-.122 Y-21.916 E0.02445
G1 X0.658 Y-21.916 E0.02432
G1 X1.419 Y-21.916 E0.02373
G1 X1.984 Y-21.916 E0.01762
G1 X8.777 Y-21.916 E0.21182
G1 X8.777 Y4.584 E0.82631
G1 X1.907 Y4.584 E0.21422
M566 X1800 Y1800
G0 F7200 X1.907 Y4.484
G0 X3.249 Y3.3
G0 X3.8 Y2.734
G0 X4.262 Y2.093
G0 X4.622 Y1.39
G0 X4.874 Y0.639
G0 X5.012 Y-.14
G0 X5.031 Y-.929
G0 X4.934 Y-1.714
G0 X1.197 Y-11.515
G0 X1.17 Y-11.611
M566 X1200 Y1200
G1 F6000 X1.907 Y-11.88 E0.02446
G1 X2.596 Y-12.255 E0.02446
G1 X3.223 Y-12.729 E0.02451
G1 X3.77 Y-13.291 E0.02445
G1 X4.228 Y-13.927 E0.02444
G1 X4.586 Y-14.625 E0.02446
G1 X4.836 Y-15.37 E0.0245
G1 X4.973 Y-16.143 E0.02448
G1 X4.992 Y-16.928 E0.02448
G1 X4.895 Y-17.707 E0.02448
G1 X4.682 Y-18.462 E0.02446
G1 X4.359 Y-19.178 E0.02449
G1 X3.933 Y-19.838 E0.02449
G1 X3.414 Y-20.426 E0.02446
G1 X2.813 Y-20.93 E0.02446
G1 X2.143 Y-21.34 E0.02449
G1 X1.419 Y-21.644 E0.021
G1 X0.658 Y-21.838 E0.00894
G1 X-.122 Y-21.916 E0.00198
G1 X-.906 Y-21.878 E0.02447
G1 X-1.676 Y-21.722 E0.00596
G1 X-2.413 Y-21.453 E0.01645
G1 X-3.103 Y-21.078 E0.02449
G1 X-3.729 Y-20.603 E0.0245
G1 X-4.276 Y-20.042 E0.02443
G1 X-4.734 Y-19.405 E0.02446
G1 X-5.092 Y-18.707 E0.02446
G1 X-5.342 Y-17.963 E0.02447
G1 X-5.479 Y-17.19 E0.02448
G1 X-5.498 Y-16.405 E0.02448
G1 X-5.401 Y-15.626 E0.02448
G1 X-5.188 Y-14.871 E0.02446
G1 X-4.865 Y-14.155 E0.02449
G1 X-4.439 Y-13.495 E0.02449
G1 X-3.92 Y-12.907 E0.02446
G1 X-3.319 Y-12.403 E0.02446
G1 X-2.649 Y-11.993 E0.02449
G1 X-1.925 Y-11.689 E0.02448
G1 X-1.165 Y-11.495 E0.02446
G1 X-.384 Y-11.417 E0.02447
G1 X0.399 Y-11.455 E0.02444
G1 X1.17 Y-11.611 E0.02453
M566 X1800 Y1800
G0 F7200 X1.034 Y-12.094
M566 X1200 Y1200
;TYPE:WALL-OUTER
G1 F3000 X1.701 Y-12.337 E0.02214
G1 X2.324 Y-12.676 E0.02212
G1 X2.891 Y-13.105 E0.02217
G1 X3.386 Y-13.613 E0.02212
G1 X3.8 Y-14.189 E0.02212
G1 X4.124 Y-14.82 E0.02212
G1 X4.35 Y-15.494 E0.02217
G1 X4.474 Y-16.193 E0.02214
G1 X4.491 Y-16.903 E0.02215
G1 X4.403 Y-17.608 E0.02215
G1 X4.211 Y-18.291 E0.02212
G1 X3.919 Y-18.938 E0.02213
G1 X3.533 Y-19.535 E0.02217
G1 X3.064 Y-20.067 E0.02211
G1 X2.52 Y-20.523 E0.02213
G1 X1.914 Y-20.894 E0.02216
G1 X1.26 Y-21.169 E0.02212
G1 X0.571 Y-21.344 E0.02217
G1 X-.135 Y-21.415 E0.02213
G1 X-.844 Y-21.38 E0.02213
G1 X-1.54 Y-21.239 E0.02214
G1 X-2.207 Y-20.996 E0.02214
G1 X-2.831 Y-20.657 E0.02214
G1 X-3.397 Y-20.227 E0.02216
G1 X-3.892 Y-19.72 E0.02209
G1 X-4.306 Y-19.144 E0.02212
G1 X-4.63 Y-18.512 E0.02215
G1 X-4.856 Y-17.839 E0.02214
G1 X-4.98 Y-17.14 E0.02214
G1 X-4.997 Y-16.43 E0.02215
G1 X-4.909 Y-15.725 E0.02215
G1 X-4.717 Y-15.042 E0.02212
G1 X-4.425 Y-14.395 E0.02213
G1 X-4.039 Y-13.798 E0.02217
G1 X-3.57 Y-13.266 E0.02211
G1 X-3.026 Y-12.81 E0.02213
G1 X-2.42 Y-12.439 E0.02216
G1 X-1.766 Y-12.164 E0.02212
G1 X-1.078 Y-11.989 E0.02214
G1 X-.371 Y-11.918 E0.02216
G1 X0.337 Y-11.953 E0.0221
G1 X1.034 Y-12.094 E0.02217
M566 X1800 Y1800
G0 F7200 X1.269 Y-12.179
G0 X1.474 Y-11.615
G0 X0.63 Y-5.94
G0 X0.571 Y-5.344
M566 X1200 Y1200
G1 F3000 X-.135 Y-5.415 E0.02213
G1 X-.844 Y-5.38 E0.02213
G1 X-1.54 Y-5.239 E0.02214
G1 X-2.207 Y-4.996 E0.02214
G1 X-2.831 Y-4.657 E0.02214
G1 X-3.397 Y-4.227 E0.02216
G1 X-3.892 Y-3.72 E0.02209
G1 X-4.306 Y-3.144 E0.02212
G1 X-4.63 Y-2.512 E0.02215
G1 X-4.856 Y-1.839 E0.02214
G1 X-4.98 Y-1.14 E0.02214
G1 X-4.997 Y-.43 E0.02215
G1 X-4.909 Y0.275 E0.02215
G1 X-4.717 Y0.958 E0.02212
G1 X-4.425 Y1.605 E0.02213
G1 X-4.039 Y2.202 E0.02217
G1 X-3.57 Y2.734 E0.02211
G1 X-3.026 Y3.19 E0.02213
G1 X-2.42 Y3.561 E0.02216
G1 X-1.766 Y3.836 E0.02212
G1 X-1.078 Y4.011 E0.02214
G1 X-.371 Y4.082 E0.02216
G1 X0.337 Y4.047 E0.0221
G1 X1.034 Y3.906 E0.02217
G1 X1.701 Y3.663 E0.02214
G1 X2.324 Y3.324 E0.02212
G1 X2.891 Y2.895 E0.02217
G1 X3.386 Y2.387 E0.02212
G1 X3.8 Y1.811 E0.02212
G1 X4.124 Y1.18 E0.02212
G1 X4.35 Y0.506 E0.02217
G1 X4.474 Y-.193 E0.02214
G1 X4.491 Y-.903 E0.02215
G1 X4.403 Y-1.608 E0.02215
G1 X4.211 Y-2.291 E0.02212
G1 X3.919 Y-2.938 E0.02213
G1 X3.533 Y-3.535 E0.02217
G1 X3.064 Y-4.067 E0.02211
G1 X2.52 Y-4.523 E0.02213
G1 X1.914 Y-4.894 E0.02216
G1 X1.26 Y-5.169 E0.02212
G1 X0.571 Y-5.344 E0.02217
M566 X1800 Y1800
G0 F7200 X0.323 Y-5.369
G0 X0.382 Y-5.965
G0 X8.707 Y-21.846
G0 X9.277 Y-22.416
M566 X1200 Y1200
G1 F3000 X9.277 Y5.084 E0.85749
G1 X-9.277 Y5.084 E0.57854
G1 X-9.277 Y-22.416 E0.85749
G1 X9.277 Y-22.416 E0.57854
M566 X1800 Y1800
G0 F7200 X9.277 Y-22.166
G0 X8.707 Y-21.846
G0 X7.287 Y-20.426
M566 X1200 Y1200
;TYPE:SKIN
G1 F3000 X7.287 Y3.094 E0.73339
G1 X5.33 Y3.094 E0.06102
G1 X5.503 Y2.854 E0.00923
G1 X5.963 Y1.955 E0.03149
G1 X6.284 Y0.999 E0.03144
G1 X6.459 Y0.006 E0.03144
G1 X6.484 Y-1.003 E0.03147
G1 X6.359 Y-2.003 E0.03142
G1 X6.086 Y-2.974 E0.03145
G1 X5.67 Y-3.893 E0.03145
G1 X5.125 Y-4.74 E0.03141
G1 X4.457 Y-5.496 E0.03146
G1 X3.685 Y-6.143 E0.03141
G1 X2.824 Y-6.669 E0.03146
G1 X1.894 Y-7.06 E0.03146
G1 X0.918 Y-7.31 E0.03142
G1 X-0.084 Y-7.41 E0.0314
G1 X-1.091 Y-7.362 E0.03144
G1 X-2.082 Y-7.161 E0.03153
G1 X-3.027 Y-6.814 E0.03139
G1 X-3.913 Y-6.333 E0.03144
G1 X-4.718 Y-5.723 E0.03149
G1 X-5.42 Y-5.002 E0.03138
G1 X-6.009 Y-4.185 E0.03141
G1 X-6.469 Y-3.287 E0.03146
G1 X-6.79 Y-2.332 E0.03142
G1 X-6.965 Y-1.339 E0.03144
G1 X-6.99 Y-.33 E0.03147
G1 X-6.865 Y0.67 E0.03142
G1 X-6.592 Y1.641 E0.03145
G1 X-6.176 Y2.56 E0.03145
G1 X-5.833 Y3.094 E0.01979
G1 X-7.287 Y3.094 E0.04534
G1 X-7.287 Y-20.426 E0.73339
G1 X-5.835 Y-20.426 E0.04528
G1 X-6.009 Y-20.185 E0.00927
G1 X-6.469 Y-19.287 E0.03146
G1 X-6.79 Y-18.332 E0.03142
G1 X-6.965 Y-17.339 E0.03144
G1 X-6.99 Y-16.33 E0.03147
G1 X-6.865 Y-15.33 E0.03142
G1 X-6.592 Y-14.359 E0.03145
G1 X-6.176 Y-13.44 E0.03145
G1 X-5.631 Y-12.593 E0.03141
G1 X-4.963 Y-11.837 E0.03146
G1 X-4.191 Y-11.19 E0.03141
G1 X-3.33 Y-10.664 E0.03146
G1 X-2.401 Y-10.273 E0.03143
G1 X-1.425 Y-10.023 E0.03142
G1 X-.422 Y-9.923 E0.03143
G1 X0.584 Y-9.971 E0.0314
G1 X1.576 Y-10.172 E0.03156
G1 X2.521 Y-10.519 E0.03139
G1 X3.406 Y-11 E0.03141
G1 X4.212 Y-11.609 E0.0315
G1 X4.914 Y-12.331 E0.0314
G1 X5.503 Y-13.146 E0.03135
G1 X5.963 Y-14.045 E0.03149
G1 X6.284 Y-15.001 E0.03144
G1 X6.459 Y-15.994 E0.03144
G1 X6.484 Y-17.003 E0.03147
G1 X6.359 Y-18.003 E0.03142
G1 X6.086 Y-18.974 E0.03145
G1 X5.67 Y-19.893 E0.03145
G1 X5.327 Y-20.426 E0.01976
G1 X7.287 Y-20.426 E0.06112
M566 X1800 Y1800
G0 F7200 X6.67 Y-20.199
M566 X1200 Y1200
G1 F3000 X7.061 Y-19.808 E0.01724
M566 X1800 Y1800
G0 F7200 X7.061 Y-19.101
M566 X1200 Y1200
G1 F3000 X5.963 Y-20.199 E0.04842
M566 X1800 Y1800
G0 F7200 X6.209 Y-19.246
M566 X1200 Y1200
G1 F3000 X7.061 Y-18.393 E0.03759
M566 X1800 Y1800
G0 F7200 X6.532 Y-18.215
M566 X1200 Y1200
G1 F3000 X7.061 Y-17.686 E0.02333
M566 X1800 Y1800
G0 F7200 X6.663 Y-17.377
M566 X1200 Y1200
G1 F3000 X7.061 Y-16.979 E0.01755
M566 X1800 Y1800
G0 F7200 X6.699 Y-16.635
M566 X1200 Y1200
G1 F3000 X7.061 Y-16.272 E0.01599
M566 X1800 Y1800
G0 F7200 X6.678 Y-15.948
M566 X1200 Y1200
G1 F3000 X7.061 Y-15.565 E0.01689
M566 X1800 Y1800
G0 F7200 X6.573 Y-15.347
M566 X1200 Y1200
G1 F3000 X7.061 Y-14.858 E0.02154
M566 X1800 Y1800
G0 F7200 X6.443 Y-14.77
M566 X1200 Y1200
G1 F3000 X7.061 Y-14.151 E0.02727
M566 X1800 Y1800
G0 F7200 X7.061 Y-13.444
M566 X1200 Y1200
G1 F3000 X6.265 Y-14.24 E0.0351
M566 X1800 Y1800
G0 F7200 X6.059 Y-13.739
M566 X1200 Y1200
G1 F3000 X7.061 Y-12.737 E0.04419
M566 X1800 Y1800
G0 F7200 X7.061 Y-12.03
M566 X1200 Y1200
G1 F3000 X5.82 Y-13.271 E0.05472
M566 X1800 Y1800
G0 F7200 X5.552 Y-12.831
M566 X1200 Y1200
G1 F3000 X7.061 Y-11.322 E0.06654
M566 X1800 Y1800
G0 F7200 X7.061 Y-10.615
M566 X1200 Y1200
G1 F3000 X5.256 Y-12.421 E0.07962
M566 X1800 Y1800
G0 F7200 X4.938 Y-12.032
M566 X1200 Y1200
G1 F3000 X7.061 Y-9.908 E0.09364
M566 X1800 Y1800
G0 F7200 X7.061 Y-9.201
M566 X1200 Y1200
G1 F3000 X4.589 Y-11.673 E0.10901
M566 X1800 Y1800
G0 F7200 X4.222 Y-11.333
M566 X1200 Y1200
G1 F3000 X7.061 Y-8.494 E0.12519
M566 X1800 Y1800
G0 F7200 X7.061 Y-7.787
M566 X1200 Y1200
G1 F3000 X3.82 Y-11.028 E0.14292
M566 X1800 Y1800
G0 F7200 X3.401 Y-10.74
M566 X1200 Y1200
G1 F3000 X7.061 Y-7.08 E0.1614
M566 X1800 Y1800
G0 F7200 X7.061 Y-6.373
M566 X1200 Y1200
G1 F3000 X2.942 Y-10.492 E0.18164
M566 X1800 Y1800
G0 F7200 X2.468 Y-10.259
M566 X1200 Y1200
G1 F3000 X7.061 Y-5.666 E0.20254
M566 X1800 Y1800
G0 F7200 X7.061 Y-4.958
M566 X1200 Y1200
G1 F3000 X1.951 Y-10.069 E0.22536
M566 X1800 Y1800
G0 F7200 X1.407 Y-9.906
M566 X1200 Y1200
G1 F3000 X7.061 Y-4.251 E0.24935
M566 X1800 Y1800
G0 F7200 X7.061 Y-3.544
M566 X1200 Y1200
G1 F3000 X0.818 Y-9.787 E0.2753
M566 X1800 Y1800
G0 F7200 X0.174 Y-9.724
M566 X1200 Y1200
G1 F3000 X3.191 Y-6.707 E0.13304
G1 X3.279 Y-6.619
M566 X1800 Y1800
G0 F7200 X1.902 Y-7.29
M566 X1200 Y1200
G1 F3000 X-.511 Y-9.704 E0.10643
M566 X1800 Y1800
G0 F7200 X-1.298 Y-9.783
M566 X1200 Y1200
G1 F3000 X0.953 Y-7.532 E0.09926
M566 X1800 Y1800
G0 F7200 X0.166 Y-7.611
M566 X1200 Y1200
G1 F3000 X-2.212 Y-9.99 E0.10489
G1 X-2.3 Y-10.078
M566 X1800 Y1800
G0 F7200 X-3.36 Y-10.431
M566 X1200 Y1200
G1 F3000 X-.542 Y-7.613 E0.12427
M566 X1800 Y1800
G0 F7200 X-1.204 Y-7.568
M566 X1200 Y1200
G1 F3000 X-7.061 Y-13.425 E0.25828
M566 X1800 Y1800
G0 F7200 X-6.468 Y-13.539
M566 X1200 Y1200
G1 F3000 X-7.061 Y-14.132 E0.02615
M566 X1800 Y1800
G0 F7200 X-6.921 Y-14.7
M566 X1200 Y1200
G1 F3000 X-7.061 Y-14.84 E0.00617
M566 X1800 Y1800
G0 F7200 X-7.061 Y-12.718
M566 X1200 Y1200
G1 F3000 X-1.792 Y-7.449 E0.23235
M566 X1800 Y1800
G0 F7200 X-2.351 Y-7.301
M566 X1200 Y1200
G1 F3000 X-7.061 Y-12.011 E0.2077
M566 X1800 Y1800
G0 F7200 X-7.061 Y-11.304
M566 X1200 Y1200
G1 F3000 X-2.868 Y-7.111 E0.1849
M566 X1800 Y1800
G0 F7200 X-3.355 Y-6.891
M566 X1200 Y1200
G1 F3000 X-7.061 Y-10.597 E0.16342
M566 X1800 Y1800
G0 F7200 X-7.061 Y-9.89
M566 X1200 Y1200
G1 F3000 X-3.814 Y-6.642 E0.14321
M566 X1800 Y1800
G0 F7200 X-4.244 Y-6.365
M566 X1200 Y1200
G1 F3000 X-7.061 Y-9.183 E0.12424
M566 X1800 Y1800
G0 F7200 X-7.061 Y-8.476
M566 X1200 Y1200
G1 F3000 X-4.645 Y-6.059 E0.10656
M566 X1800 Y1800
G0 F7200 X-5.023 Y-5.73
M566 X1200 Y1200
G1 F3000 X-7.061 Y-7.768 E0.08987
M566 X1800 Y1800
G0 F7200 X-7.061 Y-7.061
M566 X1200 Y1200
G1 F3000 X-5.372 Y-5.372 E0.07448
M566 X1800 Y1800
G0 F7200 X-5.701 Y-4.994
M566 X1200 Y1200
G1 F3000 X-7.061 Y-6.354 E0.05997
M566 X1800 Y1800
G0 F7200 X-7.061 Y-5.647
M566 X1200 Y1200
G1 F3000 X-5.997 Y-4.583 E0.04692
M566 X1800 Y1800
G0 F7200 X-6.276 Y-4.154
M566 X1200 Y1200
G1 F3000 X-7.061 Y-4.94 E0.03464
M566 X1800 Y1800
G0 F7200 X-7.061 Y-4.233
M566 X1200 Y1200
G1 F3000 X-6.515 Y-3.686 E0.0241
M566 X1800 Y1800
G0 F7200 X-6.734 Y-3.198
M566 X1200 Y1200
G1 F3000 X-7.061 Y-3.526 E0.01444
M566 X1800 Y1800
G0 F7200 X-7.061 Y-2.819
M566 X1200 Y1200
G1 F3000 X-6.911 Y-2.669 E0.00661
M566 X1800 Y1800
G0 F7200 X-7.061 Y1.423
M566 X1200 Y1200
G1 F3000 X-6.817 Y1.668 E0.01078
M566 X1800 Y1800
G0 F7200 X-7.061 Y2.13
M566 X1200 Y1200
G1 F3000 X-6.323 Y2.868 E0.03254
G1 X-6.235 Y2.956
M566 X1800 Y1800
G0 F7200 X-1.937 Y4.348
G0 X-1.171 Y4.544
G0 X-.385 Y4.622
G0 X0.403 Y4.584
G0 X1.18 Y4.427
G0 X5.969 Y2.433
M566 X1200 Y1200
G1 F3000 X6.404 Y2.869 E0.0192
M566 X1800 Y1800
G0 F7200 X7.061 Y2.819
M566 X1200 Y1200
G1 F3000 X6.198 Y1.955 E0.03808
M566 X1800 Y1800
G0 F7200 X6.375 Y1.426
M566 X1200 Y1200
G1 F3000 X7.061 Y2.112 E0.03025
M566 X1800 Y1800
G0 F7200 X7.061 Y1.405
M566 X1200 Y1200
G1 F3000 X6.532 Y0.875 E0.02335
M566 X1800 Y1800
G0 F7200 X7.061 Y0.697
M566 X1200 Y1200
G1 F3000 X6.638 Y0.274 E0.01865
M566 X1800 Y1800
G0 F7200 X7.061 Y-0.009
M566 X1200 Y1200
G1 F3000 X6.692 Y-.379 E0.01629
M566 X1800 Y1800
G0 F7200 X7.061 Y-.716
M566 X1200 Y1200
G1 F3000 X6.7 Y-1.077 E0.01592
M566 X1800 Y1800
G0 F7200 X7.061 Y-1.423
M566 X1200 Y1200
G1 F3000 X6.6 Y-1.885 E0.02035
M566 X1800 Y1800
G0 F7200 X7.061 Y-2.13
M566 X1200 Y1200
G1 F3000 X6.359 Y-2.833 E0.03098
M566 X1800 Y1800
G0 F7200 X7.061 Y-2.837
M566 X1200 Y1200
G1 F3000 X5.809 Y-4.089 E0.05521
G1 X5.721 Y-4.177
M566 X1800 Y1800
G0 F7200 X-3.947 Y-12.879
G0 X-4.47 Y-13.471
G0 X-4.857 Y-14.069
G0 X-6.846 Y-18.867
M566 X1200 Y1200
G1 F3000 X-7.061 Y-19.082 E0.00948
M566 X1800 Y1800
G0 F7200 X-6.665 Y-19.393
M566 X1200 Y1200
G1 F3000 X-7.061 Y-19.789 E0.01746
M566 X1800 Y1800
G0 F7200 X-6.764 Y-20.199
M566 X1200 Y1200
G1 F3000 X-6.426 Y-19.861 E0.0149
M566 X1800 Y1800
G1 F1500 E-6.5
G0 F7200 X-7.777 Y-21.896
G0 X-7.777 Y-23.331
G0 X-7.777 Y-26.001
G0 X-7.777 Y-27.436
G0 X-7.777 Y-28.416
M566 X1200 Y1200
;TYPE:WALL-INNER
G1 F1500 E6.5
G1 F6000 X-7.778 Y-32.916 E0.14032
G1 X7.777 Y-32.916 E0.48503
G1 X7.777 Y-28.416 E0.14032
G1 X-7.777 Y-28.416 E0.485
M566 X1800 Y1800
G0 F7200 X-8.277 Y-27.916
M566 X1200 Y1200
G1 F6000 X-8.278 Y-33.416 E0.1715
G1 X8.277 Y-33.416 E0.51621
G1 X8.277 Y-27.916 E0.1715
G1 X-8.277 Y-27.916 E0.51618
M566 X1800 Y1800
G0 F7200 X-8.777 Y-27.416
M566 X1200 Y1200
G1 F6000 X-8.778 Y-33.916 E0.20268
G1 X8.777 Y-33.916 E0.54739
G1 X8.777 Y-27.416 E0.20268
G1 X-8.777 Y-27.416 E0.54736
M566 X1800 Y1800
G0 F7200 X-9.277 Y-26.916
M566 X1200 Y1200
;TYPE:WALL-OUTER
G1 F3000 X-9.278 Y-34.416 E0.23386
G1 X9.277 Y-34.416 E0.57857
G1 X9.277 Y-26.916 E0.23386
G1 X-9.277 Y-26.916 E0.57854
M566 X1800 Y1800
G0 F7200 X-9.277 Y-27.166
G0 X-8.707 Y-27.486
G0 X-7.287 Y-28.906
M566 X1200 Y1200
;TYPE:SKIN
G1 F3000 X-7.288 Y-32.426 E0.10976
G1 X7.287 Y-32.426 E0.45447
G1 X7.287 Y-28.906 E0.10976
G1 X-7.287 Y-28.906 E0.45444
M566 X1800 Y1800
G0 F7200 X-7.062 Y-29.689
M566 X1200 Y1200
G1 F3000 X-6.503 Y-29.13 E0.02465
M566 X1800 Y1800
G0 F7200 X-5.796 Y-29.13
M566 X1200 Y1200
G1 F3000 X-7.062 Y-30.397 E0.05585
M566 X1800 Y1800
G0 F7200 X-7.062 Y-31.104
M566 X1200 Y1200
G1 F3000 X-5.089 Y-29.13 E0.08703
M566 X1800 Y1800
G0 F7200 X-4.381 Y-29.13
M566 X1200 Y1200
G1 F3000 X-7.062 Y-31.811 E0.11822
M566 X1800 Y1800
G0 F7200 X-6.744 Y-32.2
M566 X1200 Y1200
G1 F3000 X-3.674 Y-29.13 E0.13538
M566 X1800 Y1800
G0 F7200 X-2.967 Y-29.13
M566 X1200 Y1200
G1 F3000 X-6.037 Y-32.2 E0.13538
M566 X1800 Y1800
G0 F7200 X-5.33 Y-32.2
M566 X1200 Y1200
G1 F3000 X-2.26 Y-29.13 E0.13538
M566 X1800 Y1800
G0 F7200 X-1.553 Y-29.13
M566 X1200 Y1200
G1 F3000 X-4.623 Y-32.2 E0.13538
M566 X1800 Y1800
G0 F7200 X-3.915 Y-32.2
M566 X1200 Y1200
G1 F3000 X-.846 Y-29.13 E0.13536
M566 X1800 Y1800
G0 F7200 X-.139 Y-29.13
M566 X1200 Y1200
G1 F3000 X-3.208 Y-32.2 E0.13536
M566 X1800 Y1800
G0 F7200 X-2.501 Y-32.2
M566 X1200 Y1200
G1 F3000 X0.567 Y-29.13 E0.13533
M566 X1800 Y1800
G0 F7200 X1.274 Y-29.13
M566 X1200 Y1200
G1 F3000 X-1.794 Y-32.2 E0.13533
M566 X1800 Y1800
G0 F7200 X-1.087 Y-32.2
M566 X1200 Y1200
G1 F3000 X1.982 Y-29.13 E0.13536
M566 X1800 Y1800
G0 F7200 X2.689 Y-29.13
M566 X1200 Y1200
G1 F3000 X-.38 Y-32.2 E0.13536
M566 X1800 Y1800
G0 F7200 X0.326 Y-32.2
M566 X1200 Y1200
G1 F3000 X3.396 Y-29.13 E0.13538
M566 X1800 Y1800
G0 F7200 X4.103 Y-29.13
M566 X1200 Y1200
G1 F3000 X1.033 Y-32.2 E0.13538
M566 X1800 Y1800
G0 F7200 X1.74 Y-32.2
M566 X1200 Y1200
G1 F3000 X4.81 Y-29.13 E0.13538
M566 X1800 Y1800
G0 F7200 X5.517 Y-29.13
M566 X1200 Y1200
G1 F3000 X2.448 Y-32.2 E0.13536
M566 X1800 Y1800
G0 F7200 X3.155 Y-32.2
M566 X1200 Y1200
G1 F3000 X6.224 Y-29.13 E0.13536
M566 X1800 Y1800
G0 F7200 X6.931 Y-29.13
M566 X1200 Y1200
G1 F3000 X3.862 Y-32.2 E0.13536
M566 X1800 Y1800
G0 F7200 X4.569 Y-32.2
M566 X1200 Y1200
G1 F3000 X7.062 Y-29.706 E0.10996
M566 X1800 Y1800
G0 F7200 X7.062 Y-30.414
M566 X1200 Y1200
G1 F3000 X5.276 Y-32.2 E0.07876
M566 X1800 Y1800
G0 F7200 X5.983 Y-32.2
M566 X1200 Y1200
G1 F3000 X7.062 Y-31.121 E0.04758
M566 X1800 Y1800
G0 F7200 X7.062 Y-31.828
M566 X1200 Y1200
G1 F3000 X6.69 Y-32.2 E0.0164
M566 X1800 Y1800
G1 F1500 E-6.5
;MESH:NONMESH
G0 F600 X6.69 Y-32.2 Z5.95
G0 F7200 X4.314 Y-27.436
G0 X4.314 Y-26.001
G0 X4.314 Y-23.331
G0 X4.314 Y-21.896
G0 X5.031 Y-16.929
G0 X5.012 Y-.14
G0 X4.314 Y3.584
;TIME_ELAPSED:828.810891
;LAYER:37
M566 X1200 Y1200
;TYPE:WALL-INNER
;MESH:Roborama2026-Lasermount.3mf
G1 F1500 E6.5
G1 F6000 X4.538 Y3.353 E0.01003
G1 X5.084 Y2.597 E0.02908
G1 X5.51 Y1.765 E0.02915
G1 X5.808 Y0.878 E0.02918
G1 X5.971 Y-0.043 E0.02916
G1 X5.994 Y-.978 E0.02916
G1 X5.877 Y-1.905 E0.02913
G1 X5.624 Y-2.806 E0.02918
G1 X5.239 Y-3.658 E0.02915
G1 X4.733 Y-4.444 E0.02915
G1 X4.114 Y-5.144 E0.02914
G1 X3.399 Y-5.744 E0.0291
G1 X2.6 Y-6.232 E0.02919
G1 X1.737 Y-6.594 E0.02918
G1 X0.832 Y-6.826 E0.02913
G1 X-0.096 Y-6.918 E0.02908
G1 X-1.03 Y-6.874 E0.02916
G1 X-1.948 Y-6.688 E0.02921
G1 X-2.825 Y-6.367 E0.02912
G1 X-3.647 Y-5.92 E0.02918
G1 X-4.393 Y-5.355 E0.02918
G1 X-5.044 Y-4.686 E0.02911
G1 X-5.59 Y-3.928 E0.02913
G1 X-6.016 Y-3.097 E0.02912
G1 X-6.314 Y-2.211 E0.02915
G1 X-6.477 Y-1.29 E0.02916
G1 X-6.5 Y-.355 E0.02916
G1 X-6.383 Y0.572 E0.02913
G1 X-6.13 Y1.473 E0.02918
G1 X-5.745 Y2.325 E0.02915
G1 X-5.239 Y3.111 E0.02915
G1 X-4.821 Y3.584 E0.01968
G1 X-7.627 Y3.584 E0.08749
G1 X-7.627 Y-20.916 E0.76394
G1 X-4.82 Y-20.916 E0.08753
G1 X-5.044 Y-20.686 E0.01001
G1 X-5.59 Y-19.928 E0.02913
G1 X-6.016 Y-19.097 E0.02912
G1 X-6.314 Y-18.211 E0.02915
G1 X-6.477 Y-17.29 E0.02916
G1 X-6.5 Y-16.355 E0.02916
G1 X-6.383 Y-15.428 E0.02913
G1 X-6.13 Y-14.527 E0.02918
G1 X-5.745 Y-13.675 E0.02915
G1 X-5.239 Y-12.889 E0.02915
G1 X-4.62 Y-12.189 E0.02914
G1 X-3.905 Y-11.589 E0.0291
G1 X-3.106 Y-11.101 E0.02919
G1 X-2.244 Y-10.739 E0.02915
G1 X-1.339 Y-10.507 E0.02913
G1 X-.41 Y-10.415 E0.02911
G1 X0.523 Y-10.459 E0.02912
G1 X1.442 Y-10.645 E0.02924
G1 X2.319 Y-10.966 E0.02912
G1 X3.14 Y-11.413 E0.02915
G1 X3.887 Y-11.977 E0.02919
G1 X4.538 Y-12.647 E0.02913
G1 X5.084 Y-13.403 E0.02908
G1 X5.51 Y-14.235 E0.02915
G1 X5.808 Y-15.122 E0.02918
G1 X5.971 Y-16.043 E0.02916
G1 X5.994 Y-16.978 E0.02916
G1 X5.877 Y-17.905 E0.02913
G1 X5.624 Y-18.806 E0.02918
G1 X5.239 Y-19.658 E0.02915
G1 X4.733 Y-20.444 E0.02915
G1 X4.316 Y-20.916 E0.01964
G1 X7.627 Y-20.916 E0.10324
G1 X7.627 Y3.584 E0.76394
G1 X4.314 Y3.584 E0.1033
M566 X1800 Y1800
G0 F7200 X4.154 Y3.031
M566 X1200 Y1200
G1 F6000 X4.656 Y2.335 E0.02676
G1 X5.048 Y1.57 E0.0268
G1 X5.322 Y0.754 E0.02684
G1 X5.472 Y-0.093 E0.02682
G1 X5.493 Y-.953 E0.02682
G1 X5.386 Y-1.806 E0.02681
G1 X5.153 Y-2.634 E0.02682
G1 X4.799 Y-3.418 E0.02682
G1 X4.333 Y-4.141 E0.02682
G1 X3.764 Y-4.785 E0.0268
G1 X3.106 Y-5.337 E0.02678
G1 X2.372 Y-5.786 E0.02683
G1 X1.578 Y-6.119 E0.02685
G1 X0.745 Y-6.332 E0.02681
G1 X-.109 Y-6.417 E0.02676
G1 X-.968 Y-6.376 E0.02682
G1 X-1.812 Y-6.205 E0.02685
G1 X-2.619 Y-5.91 E0.02679
G1 X-3.375 Y-5.499 E0.02683
G1 X-4.061 Y-4.979 E0.02684
G1 X-4.66 Y-4.364 E0.02677
G1 X-5.162 Y-3.666 E0.02681
G1 X-5.554 Y-2.902 E0.02678
G1 X-5.828 Y-2.087 E0.02681
G1 X-5.978 Y-1.24 E0.02682
G1 X-5.999 Y-.38 E0.02682
G1 X-5.892 Y0.473 E0.02681
G1 X-5.659 Y1.301 E0.02682
G1 X-5.305 Y2.085 E0.02682
G1 X-4.839 Y2.808 E0.02682
G1 X-4.27 Y3.452 E0.0268
G1 X-3.612 Y4.004 E0.02678
G1 X-3.481 Y4.084 E0.00479
G1 X-4.058 Y4.084 E0.01317
G1 X-8.127 Y4.084 E0.12688
G1 X-8.127 Y-21.416 E0.79513
G1 X-4.061 Y-21.416 E0.12678
G1 X-3.484 Y-21.416 E0.01799
G1 X-4.061 Y-20.979 E0.01173
G1 X-4.66 Y-20.364 E0.02677
G1 X-5.162 Y-19.666 E0.02681
G1 X-5.554 Y-18.902 E0.02678
G1 X-5.828 Y-18.087 E0.02681
G1 X-5.978 Y-17.24 E0.02682
G1 X-5.999 Y-16.38 E0.02682
G1 X-5.892 Y-15.527 E0.02681
G1 X-5.659 Y-14.699 E0.02682
G1 X-5.305 Y-13.915 E0.02682
G1 X-4.839 Y-13.192 E0.02682
G1 X-4.27 Y-12.548 E0.0268
G1 X-3.612 Y-11.996 E0.02678
G1 X-2.878 Y-11.547 E0.02683
G1 X-2.084 Y-11.214 E0.02685
G1 X-1.252 Y-11.001 E0.02678
G1 X-.397 Y-10.916 E0.02679
G1 X0.461 Y-10.957 E0.02678
G1 X1.306 Y-11.128 E0.02688
G1 X2.113 Y-11.423 E0.02679
G1 X2.868 Y-11.834 E0.0268
G1 X3.555 Y-12.353 E0.02685
G1 X4.154 Y-12.969 E0.02679
G1 X4.656 Y-13.665 E0.02676
G1 X5.048 Y-14.43 E0.0268
G1 X5.322 Y-15.246 E0.02684
G1 X5.472 Y-16.093 E0.02682
G1 X5.493 Y-16.953 E0.02682
G1 X5.386 Y-17.806 E0.02681
G1 X5.153 Y-18.634 E0.02682
G1 X4.799 Y-19.418 E0.02682
G1 X4.333 Y-20.141 E0.02682
G1 X3.764 Y-20.785 E0.0268
G1 X3.106 Y-21.337 E0.02678
G1 X2.977 Y-21.416 E0.00472
G1 X3.555 Y-21.416 E0.01315
G1 X8.127 Y-21.416 E0.14256
G1 X8.127 Y4.084 E0.79513
G1 X3.555 Y4.084 E0.14256
G1 X2.977 Y4.084 E0.01802
G1 X3.555 Y3.647 E0.01174
G1 X4.154 Y3.031 E0.02679
M566 X1800 Y1800
G0 F7200 X3.77 Y2.709
M566 X1200 Y1200
G1 F6000 X4.228 Y2.073 E0.02444
G1 X4.586 Y1.375 E0.02446
G1 X4.836 Y0.63 E0.0245
G1 X4.973 Y-.143 E0.02448
G1 X4.992 Y-.928 E0.02448
G1 X4.895 Y-1.707 E0.02448
G1 X4.682 Y-2.462 E0.02446
G1 X4.359 Y-3.178 E0.02449
G1 X3.933 Y-3.838 E0.02449
G1 X3.414 Y-4.426 E0.02446
G1 X2.813 Y-4.93 E0.02446
G1 X2.143 Y-5.34 E0.02449
G1 X1.419 Y-5.644 E0.02448
G1 X0.658 Y-5.838 E0.02449
G1 X-.122 Y-5.916 E0.02444
G1 X-.906 Y-5.878 E0.02447
G1 X-1.676 Y-5.722 E0.0245
G1 X-2.413 Y-5.453 E0.02446
G1 X-3.103 Y-5.078 E0.02449
G1 X-3.729 Y-4.603 E0.0245
G1 X-4.276 Y-4.042 E0.02443
G1 X-4.734 Y-3.405 E0.02446
G1 X-5.092 Y-2.707 E0.02446
G1 X-5.342 Y-1.963 E0.02447
G1 X-5.479 Y-1.19 E0.02448
G1 X-5.498 Y-.405 E0.02448
G1 X-5.401 Y0.374 E0.02448
G1 X-5.188 Y1.129 E0.02446
G1 X-4.865 Y1.845 E0.02449
G1 X-4.439 Y2.505 E0.02449
G1 X-3.92 Y3.093 E0.02446
G1 X-3.319 Y3.597 E0.02446
G1 X-2.649 Y4.007 E0.02449
G1 X-1.925 Y4.311 E0.02448
G1 X-1.165 Y4.505 E0.02446
G1 X-.384 Y4.583 E0.02447
G1 X0.399 Y4.545 E0.02444
G1 X1.17 Y4.389 E0.02453
G1 X1.907 Y4.12 E0.02446
G1 X2.596 Y3.745 E0.02446
G1 X3.223 Y3.271 E0.02451
G1 X3.77 Y2.709 E0.02445
M566 X1800 Y1800
G0 F7200 X3.846 Y2.773
G0 X1.907 Y4.484
G0 X1.907 Y4.584
M566 X1200 Y1200
G1 F6000 X1.17 Y4.584 E0.01502
G1 X0.399 Y4.584 E0.00554
G1 X-.384 Y4.584 E0.00098
G1 X-1.165 Y4.584 E0.00193
G1 X-1.925 Y4.584 E0.00822
G1 X-2.488 Y4.584 E0.0141
G1 X-8.627 Y4.584 E0.19142
G1 X-8.627 Y-21.916 E0.82631
G1 X-2.413 Y-21.916 E0.19376
G1 X-1.676 Y-21.916 E0.02298
G1 X-.906 Y-21.916 E0.02401
G1 X-.122 Y-21.916 E0.02445
G1 X0.658 Y-21.916 E0.02432
G1 X1.419 Y-21.916 E0.02373
G1 X1.984 Y-21.916 E0.01762
G1 X8.627 Y-21.916 E0.20714
G1 X8.627 Y4.584 E0.82631
G1 X1.907 Y4.584 E0.20954
M566 X1800 Y1800
G0 F7200 X1.907 Y4.484
G0 X3.249 Y3.3
G0 X3.8 Y2.734
G0 X4.262 Y2.093
G0 X4.622 Y1.39
G0 X4.874 Y0.639
G0 X5.012 Y-.14
G0 X5.031 Y-.929
G0 X4.934 Y-1.714
G0 X1.197 Y-11.515
G0 X1.17 Y-11.611
M566 X1200 Y1200
G1 F6000 X1.907 Y-11.88 E0.02446
G1 X2.596 Y-12.255 E0.02446
G1 X3.223 Y-12.729 E0.02451
G1 X3.77 Y-13.291 E0.02445
G1 X4.228 Y-13.927 E0.02444
G1 X4.586 Y-14.625 E0.02446
G1 X4.836 Y-15.37 E0.0245
G1 X4.973 Y-16.143 E0.02448
G1 X4.992 Y-16.928 E0.02448
G1 X4.895 Y-17.707 E0.02448
G1 X4.682 Y-18.462 E0.02446
G1 X4.359 Y-19.178 E0.02449
G1 X3.933 Y-19.838 E0.02449
G1 X3.414 Y-20.426 E0.02446
G1 X2.813 Y-20.93 E0.02446
G1 X2.143 Y-21.34 E0.02449
G1 X1.419 Y-21.644 E0.021
G1 X0.658 Y-21.838 E0.00894
G1 X-.122 Y-21.916 E0.00198
G1 X-.906 Y-21.878 E0.02447
G1 X-1.676 Y-21.722 E0.00596
G1 X-2.413 Y-21.453 E0.01645
G1 X-3.103 Y-21.078 E0.02449
G1 X-3.729 Y-20.603 E0.0245
G1 X-4.276 Y-20.042 E0.02443
G1 X-4.734 Y-19.405 E0.02446
G1 X-5.092 Y-18.707 E0.02446
G1 X-5.342 Y-17.963 E0.02447
G1 X-5.479 Y-17.19 E0.02448
G1 X-5.498 Y-16.405 E0.02448
G1 X-5.401 Y-15.626 E0.02448
G1 X-5.188 Y-14.871 E0.02446
G1 X-4.865 Y-14.155 E0.02449
G1 X-4.439 Y-13.495 E0.02449
G1 X-3.92 Y-12.907 E0.02446
G1 X-3.319 Y-12.403 E0.02446
G1 X-2.649 Y-11.993 E0.02449
G1 X-1.925 Y-11.689 E0.02448
G1 X-1.165 Y-11.495 E0.02446
G1 X-.384 Y-11.417 E0.02447
G1 X0.399 Y-11.455 E0.02444
G1 X1.17 Y-11.611 E0.02453
M566 X1800 Y1800
G0 F7200 X1.034 Y-12.094
M566 X1200 Y1200
;TYPE:WALL-OUTER
G1 F3000 X1.701 Y-12.337 E0.02214
G1 X2.324 Y-12.676 E0.02212
G1 X2.891 Y-13.105 E0.02217
G1 X3.386 Y-13.613 E0.02212
G1 X3.8 Y-14.189 E0.02212
G1 X4.124 Y-14.82 E0.02212
G1 X4.35 Y-15.494 E0.02217
G1 X4.474 Y-16.193 E0.02214
G1 X4.491 Y-16.903 E0.02215
G1 X4.403 Y-17.608 E0.02215
G1 X4.211 Y-18.291 E0.02212
G1 X3.919 Y-18.938 E0.02213
G1 X3.533 Y-19.535 E0.02217
G1 X3.064 Y-20.067 E0.02211
G1 X2.52 Y-20.523 E0.02213
G1 X1.914 Y-20.894 E0.02216
G1 X1.26 Y-21.169 E0.02212
G1 X0.571 Y-21.344 E0.02217
G1 X-.135 Y-21.415 E0.02213
G1 X-.844 Y-21.38 E0.02213
G1 X-1.54 Y-21.239 E0.02214
G1 X-2.207 Y-20.996 E0.02214
G1 X-2.831 Y-20.657 E0.02214
G1 X-3.397 Y-20.227 E0.02216
G1 X-3.892 Y-19.72 E0.02209
G1 X-4.306 Y-19.144 E0.02212
G1 X-4.63 Y-18.512 E0.02215
G1 X-4.856 Y-17.839 E0.02214
G1 X-4.98 Y-17.14 E0.02214
G1 X-4.997 Y-16.43 E0.02215
G1 X-4.909 Y-15.725 E0.02215
G1 X-4.717 Y-15.042 E0.02212
G1 X-4.425 Y-14.395 E0.02213
G1 X-4.039 Y-13.798 E0.02217
G1 X-3.57 Y-13.266 E0.02211
G1 X-3.026 Y-12.81 E0.02213
G1 X-2.42 Y-12.439 E0.02216
G1 X-1.766 Y-12.164 E0.02212
G1 X-1.078 Y-11.989 E0.02214
G1 X-.371 Y-11.918 E0.02216
G1 X0.337 Y-11.953 E0.0221
G1 X1.034 Y-12.094 E0.02217
M566 X1800 Y1800
G0 F7200 X1.269 Y-12.179
G0 X1.474 Y-11.615
G0 X0.63 Y-5.94
G0 X0.571 Y-5.344
M566 X1200 Y1200
G1 F3000 X-.135 Y-5.415 E0.02213
G1 X-.844 Y-5.38 E0.02213
G1 X-1.54 Y-5.239 E0.02214
G1 X-2.207 Y-4.996 E0.02214
G1 X-2.831 Y-4.657 E0.02214
G1 X-3.397 Y-4.227 E0.02216
G1 X-3.892 Y-3.72 E0.02209
G1 X-4.306 Y-3.144 E0.02212
G1 X-4.63 Y-2.512 E0.02215
G1 X-4.856 Y-1.839 E0.02214
G1 X-4.98 Y-1.14 E0.02214
G1 X-4.997 Y-.43 E0.02215
G1 X-4.909 Y0.275 E0.02215
G1 X-4.717 Y0.958 E0.02212
G1 X-4.425 Y1.605 E0.02213
G1 X-4.039 Y2.202 E0.02217
G1 X-3.57 Y2.734 E0.02211
G1 X-3.026 Y3.19 E0.02213
G1 X-2.42 Y3.561 E0.02216
G1 X-1.766 Y3.836 E0.02212
G1 X-1.078 Y4.011 E0.02214
G1 X-.371 Y4.082 E0.02216
G1 X0.337 Y4.047 E0.0221
G1 X1.034 Y3.906 E0.02217
G1 X1.701 Y3.663 E0.02214
G1 X2.324 Y3.324 E0.02212
G1 X2.891 Y2.895 E0.02217
G1 X3.386 Y2.387 E0.02212
G1 X3.8 Y1.811 E0.02212
G1 X4.124 Y1.18 E0.02212
G1 X4.35 Y0.506 E0.02217
G1 X4.474 Y-.193 E0.02214
G1 X4.491 Y-.903 E0.02215
G1 X4.403 Y-1.608 E0.02215
G1 X4.211 Y-2.291 E0.02212
G1 X3.919 Y-2.938 E0.02213
G1 X3.533 Y-3.535 E0.02217
G1 X3.064 Y-4.067 E0.02211
G1 X2.52 Y-4.523 E0.02213
G1 X1.914 Y-4.894 E0.02216
G1 X1.26 Y-5.169 E0.02212
G1 X0.571 Y-5.344 E0.02217
M566 X1800 Y1800
G0 F7200 X0.323 Y-5.369
G0 X0.382 Y-5.965
G0 X8.557 Y-21.846
G0 X9.127 Y-22.416
M566 X1200 Y1200
G1 F3000 X9.127 Y5.084 E0.85749
G1 X-9.127 Y5.084 E0.56918
G1 X-9.127 Y-22.416 E0.85749
G1 X9.127 Y-22.416 E0.56918
M566 X1800 Y1800
G0 F7200 X9.127 Y-22.166
G0 X8.557 Y-21.846
G0 X7.137 Y-20.426
M566 X1200 Y1200
;TYPE:SKIN
G1 F3000 X7.137 Y3.094 E0.73339
G1 X5.33 Y3.094 E0.05634
G1 X5.503 Y2.854 E0.00923
G1 X5.963 Y1.955 E0.03149
G1 X6.284 Y0.999 E0.03144
G1 X6.459 Y0.006 E0.03144
G1 X6.484 Y-1.003 E0.03147
G1 X6.359 Y-2.003 E0.03142
G1 X6.086 Y-2.974 E0.03145
G1 X5.67 Y-3.893 E0.03145
G1 X5.125 Y-4.74 E0.03141
G1 X4.457 Y-5.496 E0.03146
G1 X3.685 Y-6.143 E0.03141
G1 X2.824 Y-6.669 E0.03146
G1 X1.894 Y-7.06 E0.03146
G1 X0.918 Y-7.31 E0.03142
G1 X-0.084 Y-7.41 E0.0314
G1 X-1.091 Y-7.362 E0.03144
G1 X-2.082 Y-7.161 E0.03153
G1 X-3.027 Y-6.814 E0.03139
G1 X-3.913 Y-6.333 E0.03144
G1 X-4.718 Y-5.723 E0.03149
G1 X-5.42 Y-5.002 E0.03138
G1 X-6.009 Y-4.185 E0.03141
G1 X-6.469 Y-3.287 E0.03146
G1 X-6.79 Y-2.332 E0.03142
G1 X-6.965 Y-1.339 E0.03144
G1 X-6.99 Y-.33 E0.03147
G1 X-6.865 Y0.67 E0.03142
G1 X-6.592 Y1.641 E0.03145
G1 X-6.176 Y2.56 E0.03145
G1 X-5.833 Y3.094 E0.01979
G1 X-7.137 Y3.094 E0.04066
G1 X-7.137 Y-20.426 E0.73339
G1 X-5.835 Y-20.426 E0.0406
G1 X-6.009 Y-20.185 E0.00927
G1 X-6.469 Y-19.287 E0.03146
G1 X-6.79 Y-18.332 E0.03142
G1 X-6.965 Y-17.339 E0.03144
G1 X-6.99 Y-16.33 E0.03147
G1 X-6.865 Y-15.33 E0.03142
G1 X-6.592 Y-14.359 E0.03145
G1 X-6.176 Y-13.44 E0.03145
G1 X-5.631 Y-12.593 E0.03141
G1 X-4.963 Y-11.837 E0.03146
G1 X-4.191 Y-11.19 E0.03141
G1 X-3.33 Y-10.664 E0.03146
G1 X-2.401 Y-10.273 E0.03143
G1 X-1.425 Y-10.023 E0.03142
G1 X-.422 Y-9.923 E0.03143
G1 X0.584 Y-9.971 E0.0314
G1 X1.576 Y-10.172 E0.03156
G1 X2.521 Y-10.519 E0.03139
G1 X3.406 Y-11 E0.03141
G1 X4.212 Y-11.609 E0.0315
G1 X4.914 Y-12.331 E0.0314
G1 X5.503 Y-13.146 E0.03135
G1 X5.963 Y-14.045 E0.03149
G1 X6.284 Y-15.001 E0.03144
G1 X6.459 Y-15.994 E0.03144
G1 X6.484 Y-17.003 E0.03147
G1 X6.359 Y-18.003 E0.03142
G1 X6.086 Y-18.974 E0.03145
G1 X5.67 Y-19.893 E0.03145
G1 X5.327 Y-20.426 E0.01976
G1 X7.137 Y-20.426 E0.05644
M566 X1800 Y1800
G0 F7200 X0.664 Y-21.877
G0 X-.121 Y-21.955
G0 X-.91 Y-21.917
G0 X-1.538 Y-21.791
G0 X-6.911 Y-19.958
M566 X1200 Y1200
G1 F3000 X-6.669 Y-20.2 E0.01067
M566 X1800 Y1800
G0 F7200 X-6.559 Y-19.603
M566 X1200 Y1200
G1 F3000 X-6.911 Y-19.25 E0.01554
M566 X1800 Y1800
G0 F7200 X-6.832 Y-14.38
M566 X1200 Y1200
G1 F3000 X-6.911 Y-14.301 E0.00348
M566 X1800 Y1800
G0 F7200 X-6.624 Y-13.881
M566 X1200 Y1200
G1 F3000 X-6.911 Y-13.594 E0.01266
M566 X1800 Y1800
G0 F7200 X-6.403 Y-13.395
M566 X1200 Y1200
G1 F3000 X-6.911 Y-12.887 E0.0224
M566 X1800 Y1800
G0 F7200 X-6.911 Y-12.18
M566 X1200 Y1200
G1 F3000 X-6.134 Y-12.957 E0.03426
M566 X1800 Y1800
G0 F7200 X-5.856 Y-12.527
M566 X1200 Y1200
G1 F3000 X-6.911 Y-11.473 E0.0465
M566 X1800 Y1800
G0 F7200 X-6.911 Y-10.766
M566 X1200 Y1200
G1 F3000 X-5.534 Y-12.143 E0.06072
M566 X1800 Y1800
G0 F7200 X-5.202 Y-11.767
M566 X1200 Y1200
G1 F3000 X-6.911 Y-10.059 E0.07534
M566 X1800 Y1800
G0 F7200 X-6.911 Y-9.352
M566 X1200 Y1200
G1 F3000 X-4.83 Y-11.432 E0.09174
M566 X1800 Y1800
G0 F7200 X-4.446 Y-11.11
M566 X1200 Y1200
G1 F3000 X-6.911 Y-8.645 E0.1087
M566 X1800 Y1800
G0 F7200 X-6.911 Y-7.937
M566 X1200 Y1200
G1 F3000 X-4.024 Y-10.824 E0.12731
M566 X1800 Y1800
G0 F7200 X-3.585 Y-10.556
M566 X1200 Y1200
G1 F3000 X-6.911 Y-7.23 E0.14667
M566 X1800 Y1800
G0 F7200 X-6.911 Y-6.523
M566 X1200 Y1200
G1 F3000 X-3.108 Y-10.326 E0.1677
M566 X1800 Y1800
G0 F7200 X-2.611 Y-10.116
M566 X1200 Y1200
G1 F3000 X-6.911 Y-5.816 E0.18962
M566 X1800 Y1800
G0 F7200 X-6.911 Y-5.109
M566 X1200 Y1200
G1 F3000 X-2.066 Y-9.953 E0.21363
M566 X1800 Y1800
G0 F7200 X-1.503 Y-9.81
M566 X1200 Y1200
G1 F3000 X-6.911 Y-4.402 E0.23848
M566 X1800 Y1800
G0 F7200 X-6.911 Y-3.695
M566 X1200 Y1200
G1 F3000 X-5.935 Y-4.671 E0.04304
G1 X-5.847 Y-4.759
M566 X1800 Y1800
G0 F7200 X-6.752 Y-3.147
M566 X1200 Y1200
G1 F3000 X-6.911 Y-2.988 E0.00701
M566 X1800 Y1800
G0 F7200 X-4.236 Y-6.37
M566 X1200 Y1200
G1 F3000 X-.866 Y-9.74 E0.14861
M566 X1800 Y1800
G0 F7200 X-.191 Y-9.707
M566 X1200 Y1200
G1 F3000 X-2.742 Y-7.157 E0.11247
G1 X-2.83 Y-7.069
M566 X1800 Y1800
G0 F7200 X-1.73 Y-7.461
M566 X1200 Y1200
G1 F3000 X0.551 Y-9.743 E0.10061
M566 X1800 Y1800
G0 F7200 X1.425 Y-9.91
M566 X1200 Y1200
G1 F3000 X-.889 Y-7.595 E0.10206
M566 X1800 Y1800
G0 F7200 X-.146 Y-7.631
M566 X1200 Y1200
G1 F3000 X2.489 Y-10.267 E0.11622
G1 X2.577 Y-10.355
M566 X1800 Y1800
G0 F7200 X1.687 Y-7.344
M566 X1200 Y1200
G1 F3000 X6.911 Y-12.568 E0.23036
M566 X1800 Y1800
G0 F7200 X6.911 Y-13.275
M566 X1200 Y1200
G1 F3000 X1.125 Y-7.488 E0.25517
M566 X1800 Y1800
G0 F7200 X0.505 Y-7.576
M566 X1200 Y1200
G1 F3000 X6.911 Y-13.982 E0.28249
M566 X1800 Y1800
G0 F7200 X6.911 Y-14.689
M566 X1200 Y1200
G1 F3000 X6.163 Y-13.941 E0.03298
G1 X6.075 Y-13.853
M566 X1800 Y1800
G0 F7200 X6.512 Y-14.997
M566 X1200 Y1200
G1 F3000 X6.911 Y-15.396 E0.01759
M566 X1800 Y1800
G0 F7200 X6.662 Y-15.854
M566 X1200 Y1200
G1 F3000 X6.911 Y-16.103 E0.01098
M566 X1800 Y1800
G0 F7200 X6.699 Y-16.598
M566 X1200 Y1200
G1 F3000 X6.911 Y-16.81 E0.00935
M566 X1800 Y1800
G0 F7200 X6.676 Y-17.283
M566 X1200 Y1200
G1 F3000 X6.911 Y-17.517 E0.01034
M566 X1800 Y1800
G0 F7200 X6.598 Y-17.911
M566 X1200 Y1200
G1 F3000 X6.911 Y-18.224 E0.0138
M566 X1800 Y1800
G0 F7200 X6.459 Y-18.48
M566 X1200 Y1200
G1 F3000 X6.911 Y-18.932 E0.01993
M566 X1800 Y1800
G0 F7200 X6.303 Y-19.031
M566 X1200 Y1200
G1 F3000 X6.911 Y-19.639 E0.02681
M566 X1800 Y1800
G0 F7200 X6.765 Y-20.2
M566 X1200 Y1200
G1 F3000 X6.086 Y-19.521 E0.02994
M566 X1800 Y1800
G0 F7200 X5.864 Y-20.006
M566 X1200 Y1200
G1 F3000 X6.058 Y-20.2 E0.00855
M566 X1800 Y1800
G0 F7200 X6.911 Y-11.861
M566 X1200 Y1200
G1 F3000 X2.216 Y-7.166 E0.20704
M566 X1800 Y1800
G0 F7200 X2.714 Y-6.957
M566 X1200 Y1200
G1 F3000 X6.911 Y-11.153 E0.18505
M566 X1800 Y1800
G0 F7200 X6.911 Y-10.446
M566 X1200 Y1200
G1 F3000 X3.179 Y-6.714 E0.16457
M566 X1800 Y1800
G0 F7200 X3.618 Y-6.446
M566 X1200 Y1200
G1 F3000 X6.911 Y-9.739 E0.14521
M566 X1800 Y1800
G0 F7200 X6.911 Y-9.032
M566 X1200 Y1200
G1 F3000 X4.027 Y-6.149 E0.12715
M566 X1800 Y1800
G0 F7200 X4.412 Y-5.826
M566 X1200 Y1200
G1 F3000 X6.911 Y-8.325 E0.1102
M566 X1800 Y1800
G0 F7200 X6.911 Y-7.618
M566 X1200 Y1200
G1 F3000 X4.772 Y-5.479 E0.09432
M566 X1800 Y1800
G0 F7200 X5.103 Y-5.103
M566 X1200 Y1200
G1 F3000 X6.911 Y-6.911 E0.07973
M566 X1800 Y1800
G0 F7200 X6.911 Y-6.204
M566 X1200 Y1200
G1 F3000 X5.413 Y-4.706 E0.06606
M566 X1800 Y1800
G0 F7200 X5.69 Y-4.275
M566 X1200 Y1200
G1 F3000 X6.911 Y-5.497 E0.05386
M566 X1800 Y1800
G0 F7200 X6.911 Y-4.789
M566 X1200 Y1200
G1 F3000 X5.947 Y-3.826 E0.04249
M566 X1800 Y1800
G0 F7200 X6.168 Y-3.339
M566 X1200 Y1200
G1 F3000 X6.911 Y-4.082 E0.03276
M566 X1800 Y1800
G0 F7200 X6.911 Y-3.375
M566 X1200 Y1200
G1 F3000 X6.361 Y-2.826 E0.02423
M566 X1800 Y1800
G0 F7200 X6.911 Y-2.668
M566 X1200 Y1200
G1 F3000 X6.516 Y-2.274 E0.0174
M566 X1800 Y1800
G0 F7200 X6.911 Y-1.961
M566 X1200 Y1200
G1 F3000 X6.626 Y-1.676 E0.01257
M566 X1800 Y1800
G0 F7200 X6.911 Y-1.254
M566 X1200 Y1200
G1 F3000 X6.704 Y-1.047 E0.00913
M566 X1800 Y1800
G0 F7200 X6.911 Y-.547
M566 X1200 Y1200
G1 F3000 X6.691 Y-.327 E0.0097
M566 X1800 Y1800
G0 F7200 X6.911 Y0.159
M566 X1200 Y1200
G1 F3000 X6.605 Y0.465 E0.01349
M566 X1800 Y1800
G0 F7200 X6.911 Y0.866
M566 X1200 Y1200
G1 F3000 X6.389 Y1.388 E0.02302
M566 X1800 Y1800
G0 F7200 X6.911 Y1.574
M566 X1200 Y1200
G1 F3000 X5.885 Y2.6 E0.04524
M566 X1800 Y1800
G0 F7200 X6.322 Y2.869
M566 X1200 Y1200
G1 F3000 X6.911 Y2.281 E0.02595
M566 X1800 Y1800
G0 F7200 X1.18 Y4.427
G0 X0.403 Y4.584
G0 X-.385 Y4.622
G0 X-1.171 Y4.544
G0 X-6.307 Y2.771
M566 X1200 Y1200
G1 F3000 X-6.404 Y2.869 E0.0043
M566 X1800 Y1800
G0 F7200 X-6.911 Y2.668
M566 X1200 Y1200
G1 F3000 X-6.541 Y2.298 E0.01632
M566 X1800 Y1800
G0 F7200 X-6.911 Y1.961
M566 X1200 Y1200
G1 F3000 X-6.761 Y1.811 E0.00661
M566 X1800 Y1800
G1 F1500 E-6.5
G0 F7200 X-7.627 Y-21.896
G0 X-7.627 Y-23.331
G0 X-7.627 Y-26.001
G0 X-7.627 Y-27.436
G0 X-7.627 Y-28.416
M566 X1200 Y1200
;TYPE:WALL-INNER
G1 F1500 E6.5
G1 F6000 X-7.628 Y-32.916 E0.14032
G1 X7.627 Y-32.916 E0.47567
G1 X7.627 Y-28.416 E0.14032
G1 X-7.627 Y-28.416 E0.47564
M566 X1800 Y1800
G0 F7200 X-8.127 Y-27.916
M566 X1200 Y1200
G1 F6000 X-8.128 Y-33.416 E0.1715
G1 X8.127 Y-33.416 E0.50685
G1 X8.127 Y-27.916 E0.1715
G1 X-8.127 Y-27.916 E0.50682
M566 X1800 Y1800
G0 F7200 X-8.627 Y-27.416
M566 X1200 Y1200
G1 F6000 X-8.628 Y-33.916 E0.20268
G1 X8.627 Y-33.916 E0.53803
G1 X8.627 Y-27.416 E0.20268
G1 X-8.627 Y-27.416 E0.538
M566 X1800 Y1800
G0 F7200 X-9.127 Y-26.916
M566 X1200 Y1200
;TYPE:WALL-OUTER
G1 F3000 X-9.128 Y-34.416 E0.23386
G1 X9.127 Y-34.416 E0.56922
G1 X9.127 Y-26.916 E0.23386
G1 X-9.127 Y-26.916 E0.56918
M566 X1800 Y1800
G0 F7200 X-9.127 Y-27.166
G0 X-8.557 Y-27.486
G0 X-7.137 Y-28.906
M566 X1200 Y1200
;TYPE:SKIN
G1 F3000 X-7.138 Y-32.426 E0.10976
G1 X7.137 Y-32.426 E0.44511
G1 X7.137 Y-28.906 E0.10976
G1 X-7.137 Y-28.906 E0.44508
M566 X1800 Y1800
G0 F7200 X-6.911 Y-31.978
M566 X1200 Y1200
G1 F3000 X-6.689 Y-32.2 E0.00979
M566 X1800 Y1800
G0 F7200 X-5.982 Y-32.2
M566 X1200 Y1200
G1 F3000 X-6.911 Y-31.271 E0.04097
M566 X1800 Y1800
G0 F7200 X-6.911 Y-30.564
M566 X1200 Y1200
G1 F3000 X-5.275 Y-32.2 E0.07214
M566 X1800 Y1800
G0 F7200 X-4.568 Y-32.2
M566 X1200 Y1200
G1 F3000 X-6.911 Y-29.857 E0.10332
M566 X1800 Y1800
G0 F7200 X-6.911 Y-29.15
M566 X1200 Y1200
G1 F3000 X-3.861 Y-32.2 E0.1345
M566 X1800 Y1800
G0 F7200 X-3.154 Y-32.2
M566 X1200 Y1200
G1 F3000 X-6.224 Y-29.13 E0.13538
M566 X1800 Y1800
G0 F7200 X-5.517 Y-29.13
M566 X1200 Y1200
G1 F3000 X-2.447 Y-32.2 E0.13538
M566 X1800 Y1800
G0 F7200 X-1.74 Y-32.2
M566 X1200 Y1200
G1 F3000 X-4.81 Y-29.13 E0.13538
M566 X1800 Y1800
G0 F7200 X-4.103 Y-29.13
M566 X1200 Y1200
G1 F3000 X-1.033 Y-32.2 E0.13538
M566 X1800 Y1800
G0 F7200 X-.325 Y-32.2
M566 X1200 Y1200
G1 F3000 X-3.396 Y-29.13 E0.1354
M566 X1800 Y1800
G0 F7200 X-2.689 Y-29.13
M566 X1200 Y1200
G1 F3000 X0.381 Y-32.2 E0.13538
M566 X1800 Y1800
G0 F7200 X1.088 Y-32.2
M566 X1200 Y1200
G1 F3000 X-1.982 Y-29.13 E0.13538
M566 X1800 Y1800
G0 F7200 X-1.274 Y-29.13
M566 X1200 Y1200
G1 F3000 X1.795 Y-32.2 E0.13536
M566 X1800 Y1800
G0 F7200 X2.502 Y-32.2
M566 X1200 Y1200
G1 F3000 X-.567 Y-29.13 E0.13536
M566 X1800 Y1800
G0 F7200 X0.139 Y-29.13
M566 X1200 Y1200
G1 F3000 X3.209 Y-32.2 E0.13538
M566 X1800 Y1800
G0 F7200 X3.916 Y-32.2
M566 X1200 Y1200
G1 F3000 X0.846 Y-29.13 E0.13538
M566 X1800 Y1800
G0 F7200 X1.553 Y-29.13
M566 X1200 Y1200
G1 F3000 X4.623 Y-32.2 E0.13538
M566 X1800 Y1800
G0 F7200 X5.33 Y-32.2
M566 X1200 Y1200
G1 F3000 X2.26 Y-29.13 E0.13538
M566 X1800 Y1800
G0 F7200 X2.967 Y-29.13
M566 X1200 Y1200
G1 F3000 X6.037 Y-32.2 E0.13538
M566 X1800 Y1800
G0 F7200 X6.745 Y-32.2
M566 X1200 Y1200
G1 F3000 X3.674 Y-29.13 E0.1354
M566 X1800 Y1800
G0 F7200 X4.381 Y-29.13
M566 X1200 Y1200
G1 F3000 X6.911 Y-31.66 E0.11157
M566 X1800 Y1800
G0 F7200 X6.911 Y-30.953
M566 X1200 Y1200
G1 F3000 X5.089 Y-29.13 E0.08037
M566 X1800 Y1800
G0 F7200 X5.796 Y-29.13
M566 X1200 Y1200
G1 F3000 X6.911 Y-30.246 E0.04919
M566 X1800 Y1800
G0 F7200 X6.911 Y-29.539
M566 X1200 Y1200
G1 F3000 X6.503 Y-29.13 E0.01801
M566 X1800 Y1800
G1 F1500 E-6.5
;MESH:NONMESH
G0 F600 X6.503 Y-29.13 Z6.1
G0 F7200 X4.314 Y-27.436
G0 X4.314 Y-26.001
G0 X4.314 Y-23.331
G0 X4.314 Y-21.896
G0 X5.031 Y-16.929
G0 X5.012 Y-.14
G0 X4.314 Y3.584
;TIME_ELAPSED:851.721897
;LAYER:38
M566 X1200 Y1200
;TYPE:WALL-INNER
;MESH:Roborama2026-Lasermount.3mf
G1 F1500 E6.5
G1 F6000 X4.538 Y3.353 E0.01003
G1 X5.084 Y2.597 E0.02908
G1 X5.51 Y1.765 E0.02915
G1 X5.808 Y0.878 E0.02918
G1 X5.971 Y-0.043 E0.02916
G1 X5.994 Y-.978 E0.02916
G1 X5.877 Y-1.905 E0.02913
G1 X5.624 Y-2.806 E0.02918
G1 X5.239 Y-3.658 E0.02915
G1 X4.733 Y-4.444 E0.02915
G1 X4.114 Y-5.144 E0.02914
G1 X3.399 Y-5.744 E0.0291
G1 X2.6 Y-6.232 E0.02919
G1 X1.737 Y-6.594 E0.02918
G1 X0.832 Y-6.826 E0.02913
G1 X-0.096 Y-6.918 E0.02908
G1 X-1.03 Y-6.874 E0.02916
G1 X-1.948 Y-6.688 E0.02921
G1 X-2.825 Y-6.367 E0.02912
G1 X-3.647 Y-5.92 E0.02918
G1 X-4.393 Y-5.355 E0.02918
G1 X-5.044 Y-4.686 E0.02911
G1 X-5.59 Y-3.928 E0.02913
G1 X-6.016 Y-3.097 E0.02912
G1 X-6.314 Y-2.211 E0.02915
G1 X-6.477 Y-1.29 E0.02916
G1 X-6.5 Y-.355 E0.02916
G1 X-6.383 Y0.572 E0.02913
G1 X-6.13 Y1.473 E0.02918
G1 X-5.745 Y2.325 E0.02915
G1 X-5.239 Y3.111 E0.02915
G1 X-4.821 Y3.584 E0.01968
G1 X-7.477 Y3.584 E0.08282
G1 X-7.477 Y-20.916 E0.76394
G1 X-4.82 Y-20.916 E0.08285
G1 X-5.044 Y-20.686 E0.01001
G1 X-5.59 Y-19.928 E0.02913
G1 X-6.016 Y-19.097 E0.02912
G1 X-6.314 Y-18.211 E0.02915
G1 X-6.477 Y-17.29 E0.02916
G1 X-6.5 Y-16.355 E0.02916
G1 X-6.383 Y-15.428 E0.02913
G1 X-6.13 Y-14.527 E0.02918
G1 X-5.745 Y-13.675 E0.02915
G1 X-5.239 Y-12.889 E0.02915
G1 X-4.62 Y-12.189 E0.02914
G1 X-3.905 Y-11.589 E0.0291
G1 X-3.106 Y-11.101 E0.02919
G1 X-2.244 Y-10.739 E0.02915
G1 X-1.339 Y-10.507 E0.02913
G1 X-.41 Y-10.415 E0.02911
G1 X0.523 Y-10.459 E0.02912
G1 X1.442 Y-10.645 E0.02924
G1 X2.319 Y-10.966 E0.02912
G1 X3.14 Y-11.413 E0.02915
G1 X3.887 Y-11.977 E0.02919
G1 X4.538 Y-12.647 E0.02913
G1 X5.084 Y-13.403 E0.02908
G1 X5.51 Y-14.235 E0.02915
G1 X5.808 Y-15.122 E0.02918
G1 X5.971 Y-16.043 E0.02916
G1 X5.994 Y-16.978 E0.02916
G1 X5.877 Y-17.905 E0.02913
G1 X5.624 Y-18.806 E0.02918
G1 X5.239 Y-19.658 E0.02915
G1 X4.733 Y-20.444 E0.02915
G1 X4.316 Y-20.916 E0.01964
G1 X7.477 Y-20.916 E0.09856
G1 X7.477 Y3.584 E0.76394
G1 X4.314 Y3.584 E0.09863
M566 X1800 Y1800
G0 F7200 X4.154 Y3.031
M566 X1200 Y1200
G1 F6000 X4.656 Y2.335 E0.02676
G1 X5.048 Y1.57 E0.0268
G1 X5.322 Y0.754 E0.02684
G1 X5.472 Y-0.093 E0.02682
G1 X5.493 Y-.953 E0.02682
G1 X5.386 Y-1.806 E0.02681
G1 X5.153 Y-2.634 E0.02682
G1 X4.799 Y-3.418 E0.02682
G1 X4.333 Y-4.141 E0.02682
G1 X3.764 Y-4.785 E0.0268
G1 X3.106 Y-5.337 E0.02678
G1 X2.372 Y-5.786 E0.02683
G1 X1.578 Y-6.119 E0.02685
G1 X0.745 Y-6.332 E0.02681
G1 X-.109 Y-6.417 E0.02676
G1 X-.968 Y-6.376 E0.02682
G1 X-1.812 Y-6.205 E0.02685
G1 X-2.619 Y-5.91 E0.02679
G1 X-3.375 Y-5.499 E0.02683
G1 X-4.061 Y-4.979 E0.02684
G1 X-4.66 Y-4.364 E0.02677
G1 X-5.162 Y-3.666 E0.02681
G1 X-5.554 Y-2.902 E0.02678
G1 X-5.828 Y-2.087 E0.02681
G1 X-5.978 Y-1.24 E0.02682
G1 X-5.999 Y-.38 E0.02682
G1 X-5.892 Y0.473 E0.02681
G1 X-5.659 Y1.301 E0.02682
G1 X-5.305 Y2.085 E0.02682
G1 X-4.839 Y2.808 E0.02682
G1 X-4.27 Y3.452 E0.0268
G1 X-3.612 Y4.004 E0.02678
G1 X-3.481 Y4.084 E0.00479
G1 X-4.058 Y4.084 E0.01317
G1 X-7.977 Y4.084 E0.1222
G1 X-7.977 Y-21.416 E0.79513
G1 X-4.061 Y-21.416 E0.12211
G1 X-3.484 Y-21.416 E0.01799
G1 X-4.061 Y-20.979 E0.01173
G1 X-4.66 Y-20.364 E0.02677
G1 X-5.162 Y-19.666 E0.02681
G1 X-5.554 Y-18.902 E0.02678
G1 X-5.828 Y-18.087 E0.02681
G1 X-5.978 Y-17.24 E0.02682
G1 X-5.999 Y-16.38 E0.02682
G1 X-5.892 Y-15.527 E0.02681
G1 X-5.659 Y-14.699 E0.02682
G1 X-5.305 Y-13.915 E0.02682
G1 X-4.839 Y-13.192 E0.02682
G1 X-4.27 Y-12.548 E0.0268
G1 X-3.612 Y-11.996 E0.02678
G1 X-2.878 Y-11.547 E0.02683
G1 X-2.084 Y-11.214 E0.02685
G1 X-1.252 Y-11.001 E0.02678
G1 X-.397 Y-10.916 E0.02679
G1 X0.461 Y-10.957 E0.02678
G1 X1.306 Y-11.128 E0.02688
G1 X2.113 Y-11.423 E0.02679
G1 X2.868 Y-11.834 E0.0268
G1 X3.555 Y-12.353 E0.02685
G1 X4.154 Y-12.969 E0.02679
G1 X4.656 Y-13.665 E0.02676
G1 X5.048 Y-14.43 E0.0268
G1 X5.322 Y-15.246 E0.02684
G1 X5.472 Y-16.093 E0.02682
G1 X5.493 Y-16.953 E0.02682
G1 X5.386 Y-17.806 E0.02681
G1 X5.153 Y-18.634 E0.02682
G1 X4.799 Y-19.418 E0.02682
G1 X4.333 Y-20.141 E0.02682
G1 X3.764 Y-20.785 E0.0268
G1 X3.106 Y-21.337 E0.02678
G1 X2.977 Y-21.416 E0.00472
G1 X3.555 Y-21.416 E0.01315
G1 X7.977 Y-21.416 E0.13788
G1 X7.977 Y4.084 E0.79513
G1 X3.555 Y4.084 E0.13788
G1 X2.977 Y4.084 E0.01802
G1 X3.555 Y3.647 E0.01174
G1 X4.154 Y3.031 E0.02679
M566 X1800 Y1800
G0 F7200 X3.77 Y2.709
M566 X1200 Y1200
G1 F6000 X4.228 Y2.073 E0.02444
G1 X4.586 Y1.375 E0.02446
G1 X4.836 Y0.63 E0.0245
G1 X4.973 Y-.143 E0.02448
G1 X4.992 Y-.928 E0.02448
G1 X4.895 Y-1.707 E0.02448
G1 X4.682 Y-2.462 E0.02446
G1 X4.359 Y-3.178 E0.02449
G1 X3.933 Y-3.838 E0.02449
G1 X3.414 Y-4.426 E0.02446
G1 X2.813 Y-4.93 E0.02446
G1 X2.143 Y-5.34 E0.02449
G1 X1.419 Y-5.644 E0.02448
G1 X0.658 Y-5.838 E0.02449
G1 X-.122 Y-5.916 E0.02444
G1 X-.906 Y-5.878 E0.02447
G1 X-1.676 Y-5.722 E0.0245
G1 X-2.413 Y-5.453 E0.02446
G1 X-3.103 Y-5.078 E0.02449
G1 X-3.729 Y-4.603 E0.0245
G1 X-4.276 Y-4.042 E0.02443
G1 X-4.734 Y-3.405 E0.02446
G1 X-5.092 Y-2.707 E0.02446
G1 X-5.342 Y-1.963 E0.02447
G1 X-5.479 Y-1.19 E0.02448
G1 X-5.498 Y-.405 E0.02448
G1 X-5.401 Y0.374 E0.02448
G1 X-5.188 Y1.129 E0.02446
G1 X-4.865 Y1.845 E0.02449
G1 X-4.439 Y2.505 E0.02449
G1 X-3.92 Y3.093 E0.02446
G1 X-3.319 Y3.597 E0.02446
G1 X-2.649 Y4.007 E0.02449
G1 X-1.925 Y4.311 E0.02448
G1 X-1.165 Y4.505 E0.02446
G1 X-.384 Y4.583 E0.02447
G1 X0.399 Y4.545 E0.02444
G1 X1.17 Y4.389 E0.02453
G1 X1.907 Y4.12 E0.02446
G1 X2.596 Y3.745 E0.02446
G1 X3.223 Y3.271 E0.02451
G1 X3.77 Y2.709 E0.02445
M566 X1800 Y1800
G0 F7200 X3.846 Y2.773
G0 X1.907 Y4.484
G0 X1.907 Y4.584
M566 X1200 Y1200
G1 F6000 X1.17 Y4.584 E0.01502
G1 X0.399 Y4.584 E0.00554
G1 X-.384 Y4.584 E0.00098
G1 X-1.165 Y4.584 E0.00193
G1 X-1.925 Y4.584 E0.00822
G1 X-2.488 Y4.584 E0.0141
G1 X-8.477 Y4.584 E0.18675
G1 X-8.477 Y-21.916 E0.82631
G1 X-2.413 Y-21.916 E0.18908
G1 X-1.676 Y-21.916 E0.02298
G1 X-.906 Y-21.916 E0.02401
G1 X-.122 Y-21.916 E0.02445
G1 X0.658 Y-21.916 E0.02432
G1 X1.419 Y-21.916 E0.02373
G1 X1.984 Y-21.916 E0.01762
G1 X8.477 Y-21.916 E0.20246
G1 X8.477 Y4.584 E0.82631
G1 X1.907 Y4.584 E0.20486
M566 X1800 Y1800
G0 F7200 X1.907 Y4.484
G0 X3.249 Y3.3
G0 X3.8 Y2.734
G0 X4.262 Y2.093
G0 X4.622 Y1.39
G0 X4.874 Y0.639
G0 X5.012 Y-.14
G0 X5.031 Y-.929
G0 X4.934 Y-1.714
G0 X1.197 Y-11.515
G0 X1.17 Y-11.611
M566 X1200 Y1200
G1 F6000 X1.907 Y-11.88 E0.02446
G1 X2.596 Y-12.255 E0.02446
G1 X3.223 Y-12.729 E0.02451
G1 X3.77 Y-13.291 E0.02445
G1 X4.228 Y-13.927 E0.02444
G1 X4.586 Y-14.625 E0.02446
G1 X4.836 Y-15.37 E0.0245
G1 X4.973 Y-16.143 E0.02448
G1 X4.992 Y-16.928 E0.02448
G1 X4.895 Y-17.707 E0.02448
G1 X4.682 Y-18.462 E0.02446
G1 X4.359 Y-19.178 E0.02449
G1 X3.933 Y-19.838 E0.02449
G1 X3.414 Y-20.426 E0.02446
G1 X2.813 Y-20.93 E0.02446
G1 X2.143 Y-21.34 E0.02449
G1 X1.419 Y-21.644 E0.021
G1 X0.658 Y-21.838 E0.00894
G1 X-.122 Y-21.916 E0.00198
G1 X-.906 Y-21.878 E0.02447
G1 X-1.676 Y-21.722 E0.00596
G1 X-2.413 Y-21.453 E0.01645
G1 X-3.103 Y-21.078 E0.02449
G1 X-3.729 Y-20.603 E0.0245
G1 X-4.276 Y-20.042 E0.02443
G1 X-4.734 Y-19.405 E0.02446
G1 X-5.092 Y-18.707 E0.02446
G1 X-5.342 Y-17.963 E0.02447
G1 X-5.479 Y-17.19 E0.02448
G1 X-5.498 Y-16.405 E0.02448
G1 X-5.401 Y-15.626 E0.02448
G1 X-5.188 Y-14.871 E0.02446
G1 X-4.865 Y-14.155 E0.02449
G1 X-4.439 Y-13.495 E0.02449
G1 X-3.92 Y-12.907 E0.02446
G1 X-3.319 Y-12.403 E0.02446
G1 X-2.649 Y-11.993 E0.02449
G1 X-1.925 Y-11.689 E0.02448
G1 X-1.165 Y-11.495 E0.02446
G1 X-.384 Y-11.417 E0.02447
G1 X0.399 Y-11.455 E0.02444
G1 X1.17 Y-11.611 E0.02453
M566 X1800 Y1800
G0 F7200 X1.034 Y-12.094
M566 X1200 Y1200
;TYPE:WALL-OUTER
G1 F3000 X1.701 Y-12.337 E0.02214
G1 X2.324 Y-12.676 E0.02212
G1 X2.891 Y-13.105 E0.02217
G1 X3.386 Y-13.613 E0.02212
G1 X3.8 Y-14.189 E0.02212
G1 X4.124 Y-14.82 E0.02212
G1 X4.35 Y-15.494 E0.02217
G1 X4.474 Y-16.193 E0.02214
G1 X4.491 Y-16.903 E0.02215
G1 X4.403 Y-17.608 E0.02215
G1 X4.211 Y-18.291 E0.02212
G1 X3.919 Y-18.938 E0.02213
G1 X3.533 Y-19.535 E0.02217
G1 X3.064 Y-20.067 E0.02211
G1 X2.52 Y-20.523 E0.02213
G1 X1.914 Y-20.894 E0.02216
G1 X1.26 Y-21.169 E0.02212
G1 X0.571 Y-21.344 E0.02217
G1 X-.135 Y-21.415 E0.02213
G1 X-.844 Y-21.38 E0.02213
G1 X-1.54 Y-21.239 E0.02214
G1 X-2.207 Y-20.996 E0.02214
G1 X-2.831 Y-20.657 E0.02214
G1 X-3.397 Y-20.227 E0.02216
G1 X-3.892 Y-19.72 E0.02209
G1 X-4.306 Y-19.144 E0.02212
G1 X-4.63 Y-18.512 E0.02215
G1 X-4.856 Y-17.839 E0.02214
G1 X-4.98 Y-17.14 E0.02214
G1 X-4.997 Y-16.43 E0.02215
G1 X-4.909 Y-15.725 E0.02215
G1 X-4.717 Y-15.042 E0.02212
G1 X-4.425 Y-14.395 E0.02213
G1 X-4.039 Y-13.798 E0.02217
G1 X-3.57 Y-13.266 E0.02211
G1 X-3.026 Y-12.81 E0.02213
G1 X-2.42 Y-12.439 E0.02216
G1 X-1.766 Y-12.164 E0.02212
G1 X-1.078 Y-11.989 E0.02214
G1 X-.371 Y-11.918 E0.02216
G1 X0.337 Y-11.953 E0.0221
G1 X1.034 Y-12.094 E0.02217
M566 X1800 Y1800
G0 F7200 X1.269 Y-12.179
G0 X1.474 Y-11.615
G0 X0.63 Y-5.94
G0 X0.571 Y-5.344
M566 X1200 Y1200
G1 F3000 X-.135 Y-5.415 E0.02213
G1 X-.844 Y-5.38 E0.02213
G1 X-1.54 Y-5.239 E0.02214
G1 X-2.207 Y-4.996 E0.02214
G1 X-2.831 Y-4.657 E0.02214
G1 X-3.397 Y-4.227 E0.02216
G1 X-3.892 Y-3.72 E0.02209
G1 X-4.306 Y-3.144 E0.02212
G1 X-4.63 Y-2.512 E0.02215
G1 X-4.856 Y-1.839 E0.02214
G1 X-4.98 Y-1.14 E0.02214
G1 X-4.997 Y-.43 E0.02215
G1 X-4.909 Y0.275 E0.02215
G1 X-4.717 Y0.958 E0.02212
G1 X-4.425 Y1.605 E0.02213
G1 X-4.039 Y2.202 E0.02217
G1 X-3.57 Y2.734 E0.02211
G1 X-3.026 Y3.19 E0.02213
G1 X-2.42 Y3.561 E0.02216
G1 X-1.766 Y3.836 E0.02212
G1 X-1.078 Y4.011 E0.02214
G1 X-.371 Y4.082 E0.02216
G1 X0.337 Y4.047 E0.0221
G1 X1.034 Y3.906 E0.02217
G1 X1.701 Y3.663 E0.02214
G1 X2.324 Y3.324 E0.02212
G1 X2.891 Y2.895 E0.02217
G1 X3.386 Y2.387 E0.02212
G1 X3.8 Y1.811 E0.02212
G1 X4.124 Y1.18 E0.02212
G1 X4.35 Y0.506 E0.02217
G1 X4.474 Y-.193 E0.02214
G1 X4.491 Y-.903 E0.02215
G1 X4.403 Y-1.608 E0.02215
G1 X4.211 Y-2.291 E0.02212
G1 X3.919 Y-2.938 E0.02213
G1 X3.533 Y-3.535 E0.02217
G1 X3.064 Y-4.067 E0.02211
G1 X2.52 Y-4.523 E0.02213
G1 X1.914 Y-4.894 E0.02216
G1 X1.26 Y-5.169 E0.02212
G1 X0.571 Y-5.344 E0.02217
M566 X1800 Y1800
G0 F7200 X0.323 Y-5.369
G0 X0.382 Y-5.965
G0 X8.407 Y-21.846
G0 X8.977 Y-22.416
M566 X1200 Y1200
G1 F3000 X8.977 Y5.084 E0.85749
G1 X-8.977 Y5.084 E0.55983
G1 X-8.977 Y-22.416 E0.85749
G1 X8.977 Y-22.416 E0.55983
M566 X1800 Y1800
G0 F7200 X8.977 Y-22.166
G0 X8.407 Y-21.846
G0 X6.987 Y-20.426
M566 X1200 Y1200
;TYPE:SKIN
G1 F3000 X6.987 Y3.094 E0.73339
G1 X5.33 Y3.094 E0.05167
G1 X5.503 Y2.854 E0.00923
G1 X5.963 Y1.955 E0.03149
G1 X6.284 Y0.999 E0.03144
G1 X6.459 Y0.006 E0.03144
G1 X6.484 Y-1.003 E0.03147
G1 X6.359 Y-2.003 E0.03142
G1 X6.086 Y-2.974 E0.03145
G1 X5.67 Y-3.893 E0.03145
G1 X5.125 Y-4.74 E0.03141
G1 X4.457 Y-5.496 E0.03146
G1 X3.685 Y-6.143 E0.03141
G1 X2.824 Y-6.669 E0.03146
G1 X1.894 Y-7.06 E0.03146
G1 X0.918 Y-7.31 E0.03142
G1 X-0.084 Y-7.41 E0.0314
G1 X-1.091 Y-7.362 E0.03144
G1 X-2.082 Y-7.161 E0.03153
G1 X-3.027 Y-6.814 E0.03139
G1 X-3.913 Y-6.333 E0.03144
G1 X-4.718 Y-5.723 E0.03149
G1 X-5.42 Y-5.002 E0.03138
G1 X-6.009 Y-4.185 E0.03141
G1 X-6.469 Y-3.287 E0.03146
G1 X-6.79 Y-2.332 E0.03142
G1 X-6.965 Y-1.339 E0.03144
G1 X-6.987 Y-.451 E0.0277
G1 X-6.987 Y-16.306 E0.49438
G1 X-6.865 Y-15.33 E0.03067
G1 X-6.592 Y-14.359 E0.03145
G1 X-6.176 Y-13.44 E0.03145
G1 X-5.631 Y-12.593 E0.03141
G1 X-4.963 Y-11.837 E0.03146
G1 X-4.191 Y-11.19 E0.03141
G1 X-3.33 Y-10.664 E0.03146
G1 X-2.401 Y-10.273 E0.03143
G1 X-1.425 Y-10.023 E0.03142
G1 X-.422 Y-9.923 E0.03143
G1 X0.584 Y-9.971 E0.0314
G1 X1.576 Y-10.172 E0.03156
G1 X2.521 Y-10.519 E0.03139
G1 X3.406 Y-11 E0.03141
G1 X4.212 Y-11.609 E0.0315
G1 X4.914 Y-12.331 E0.0314
G1 X5.503 Y-13.146 E0.03135
G1 X5.963 Y-14.045 E0.03149
G1 X6.284 Y-15.001 E0.03144
G1 X6.459 Y-15.994 E0.03144
G1 X6.484 Y-17.003 E0.03147
G1 X6.359 Y-18.003 E0.03142
G1 X6.086 Y-18.974 E0.03145
G1 X5.67 Y-19.893 E0.03145
G1 X5.327 Y-20.426 E0.01976
G1 X6.987 Y-20.426 E0.05176
M566 X1800 Y1800
G0 F7200 X0.664 Y-21.877
G0 X-.121 Y-21.955
G0 X-.91 Y-21.917
G0 X-5.835 Y-20.426
M566 X1200 Y1200
G1 F3000 X-6.009 Y-20.185 E0.00927
G1 X-6.469 Y-19.287 E0.03146
G1 X-6.79 Y-18.332 E0.03142
G1 X-6.965 Y-17.339 E0.03144
G1 X-6.987 Y-16.451 E0.0277
G1 X-6.987 Y-20.426 E0.12395
G1 X-5.835 Y-20.426 E0.03592
M566 X1800 Y1800
G0 F7200 X-6.987 Y-.306
M566 X1200 Y1200
G1 F3000 X-6.865 Y0.67 E0.03067
G1 X-6.592 Y1.641 E0.03145
G1 X-6.176 Y2.56 E0.03145
G1 X-5.833 Y3.094 E0.01979
G1 X-6.987 Y3.094 E0.03598
G1 X-6.987 Y-.306 E0.10602
M566 X1800 Y1800
G0 F7200 X-6.761 Y2.431
M566 X1200 Y1200
G1 F3000 X-6.323 Y2.868 E0.01929
M566 X1800 Y1800
G0 F7200 X-6.515 Y-3.686
M566 X1200 Y1200
G1 F3000 X-6.762 Y-3.933 E0.01089
M566 X1800 Y1800
G0 F7200 X-6.276 Y-4.154
M566 X1200 Y1200
G1 F3000 X-6.762 Y-4.64 E0.02143
M566 X1800 Y1800
G0 F7200 X-6.762 Y-5.347
M566 X1200 Y1200
G1 F3000 X-5.997 Y-4.583 E0.03371
M566 X1800 Y1800
G0 F7200 X-5.701 Y-4.994
M566 X1200 Y1200
G1 F3000 X-6.762 Y-6.054 E0.04677
M566 X1800 Y1800
G0 F7200 X-6.762 Y-6.762
M566 X1200 Y1200
G1 F3000 X-5.372 Y-5.372 E0.0613
M566 X1800 Y1800
G0 F7200 X-5.023 Y-5.73
M566 X1200 Y1200
G1 F3000 X-6.762 Y-7.469 E0.07668
M566 X1800 Y1800
G0 F7200 X-6.762 Y-8.176
M566 X1200 Y1200
G1 F3000 X-4.645 Y-6.059 E0.09335
M566 X1800 Y1800
G0 F7200 X-4.244 Y-6.365
M566 X1200 Y1200
G1 F3000 X-6.762 Y-8.883 E0.11104
M566 X1800 Y1800
G0 F7200 X-6.762 Y-9.59
M566 X1200 Y1200
G1 F3000 X-3.814 Y-6.642 E0.13
M566 X1800 Y1800
G0 F7200 X-3.355 Y-6.891
M566 X1200 Y1200
G1 F3000 X-6.762 Y-10.297 E0.15022
M566 X1800 Y1800
G0 F7200 X-6.762 Y-11.004
M566 X1200 Y1200
G1 F3000 X-2.868 Y-7.111 E0.17169
M566 X1800 Y1800
G0 F7200 X-2.351 Y-7.301
M566 X1200 Y1200
G1 F3000 X-6.762 Y-11.711 E0.19449
M566 X1800 Y1800
G0 F7200 X-6.762 Y-12.418
M566 X1200 Y1200
G1 F3000 X-1.792 Y-7.449 E0.21914
M566 X1800 Y1800
G0 F7200 X-1.204 Y-7.568
M566 X1200 Y1200
G1 F3000 X-6.762 Y-13.126 E0.24509
M566 X1800 Y1800
G0 F7200 X-6.468 Y-13.539
M566 X1200 Y1200
G1 F3000 X-6.762 Y-13.833 E0.01296
M566 X1800 Y1800
G0 F7200 X-3.36 Y-10.431
M566 X1200 Y1200
G1 F3000 X-.542 Y-7.613 E0.12427
M566 X1800 Y1800
G0 F7200 X0.166 Y-7.611
M566 X1200 Y1200
G1 F3000 X-2.212 Y-9.99 E0.10489
M566 X1800 Y1800
G0 F7200 X-1.298 Y-9.783
M566 X1200 Y1200
G1 F3000 X0.953 Y-7.532 E0.09926
M566 X1800 Y1800
G0 F7200 X1.902 Y-7.29
M566 X1200 Y1200
G1 F3000 X-.511 Y-9.704 E0.10643
M566 X1800 Y1800
G0 F7200 X0.174 Y-9.724
M566 X1200 Y1200
G1 F3000 X3.191 Y-6.707 E0.13304
G1 X3.279 Y-6.619
M566 X1800 Y1800
G0 F7200 X6.762 Y-6.672
M566 X1200 Y1200
G1 F3000 X2.942 Y-10.492 E0.16845
M566 X1800 Y1800
G0 F7200 X3.401 Y-10.74
M566 X1200 Y1200
G1 F3000 X6.762 Y-7.38 E0.14819
M566 X1800 Y1800
G0 F7200 X6.762 Y-8.087
M566 X1200 Y1200
G1 F3000 X3.82 Y-11.028 E0.12971
M566 X1800 Y1800
G0 F7200 X4.222 Y-11.333
M566 X1200 Y1200
G1 F3000 X6.762 Y-8.794 E0.11198
M566 X1800 Y1800
G0 F7200 X6.762 Y-9.501
M566 X1200 Y1200
G1 F3000 X4.589 Y-11.673 E0.0958
M566 X1800 Y1800
G0 F7200 X4.938 Y-12.032
M566 X1200 Y1200
G1 F3000 X6.762 Y-10.208 E0.08043
M566 X1800 Y1800
G0 F7200 X6.762 Y-10.915
M566 X1200 Y1200
G1 F3000 X5.256 Y-12.421 E0.06641
M566 X1800 Y1800
G0 F7200 X5.552 Y-12.831
M566 X1200 Y1200
G1 F3000 X6.762 Y-11.622 E0.05334
M566 X1800 Y1800
G0 F7200 X6.762 Y-12.329
M566 X1200 Y1200
G1 F3000 X5.82 Y-13.271 E0.04154
M566 X1800 Y1800
G0 F7200 X6.059 Y-13.739
M566 X1200 Y1200
G1 F3000 X6.762 Y-13.036 E0.031
M566 X1800 Y1800
G0 F7200 X6.762 Y-13.744
M566 X1200 Y1200
G1 F3000 X6.265 Y-14.24 E0.02189
M566 X1800 Y1800
G0 F7200 X6.762 Y-14.451
M566 X1200 Y1200
G1 F3000 X6.443 Y-14.77 E0.01407
M566 X1800 Y1800
G0 F7200 X6.762 Y-15.158
M566 X1200 Y1200
G1 F3000 X6.573 Y-15.347 E0.00833
M566 X1800 Y1800
G0 F7200 X6.762 Y-15.865
M566 X1200 Y1200
G1 F3000 X6.678 Y-15.948 E0.00368
M566 X1800 Y1800
G0 F7200 X6.762 Y-17.279
M566 X1200 Y1200
G1 F3000 X6.663 Y-17.377 E0.00434
M566 X1800 Y1800
G0 F7200 X6.762 Y-17.986
M566 X1200 Y1200
G1 F3000 X6.532 Y-18.215 E0.01012
M566 X1800 Y1800
G0 F7200 X6.762 Y-18.693
M566 X1200 Y1200
G1 F3000 X6.209 Y-19.246 E0.02439
M566 X1800 Y1800
G0 F7200 X6.762 Y-19.4
M566 X1200 Y1200
G1 F3000 X5.963 Y-20.199 E0.03523
M566 X1800 Y1800
G0 F7200 X6.67 Y-20.199
M566 X1200 Y1200
G1 F3000 X6.762 Y-20.107 E0.00406
M566 X1800 Y1800
G0 F7200 X4.622 Y-14.61
G0 X2.468 Y-10.259
M566 X1200 Y1200
G1 F3000 X6.762 Y-5.965 E0.18935
M566 X1800 Y1800
G0 F7200 X6.762 Y-5.258
M566 X1200 Y1200
G1 F3000 X1.951 Y-10.069 E0.21215
M566 X1800 Y1800
G0 F7200 X1.407 Y-9.906
M566 X1200 Y1200
G1 F3000 X6.762 Y-4.551 E0.23614
M566 X1800 Y1800
G0 F7200 X6.762 Y-3.844
M566 X1200 Y1200
G1 F3000 X0.818 Y-9.787 E0.26209
G1 X0.73 Y-9.875
M566 X1800 Y1800
G0 F7200 X5.809 Y-4.089
M566 X1200 Y1200
G1 F3000 X6.762 Y-3.137 E0.042
M566 X1800 Y1800
G0 F7200 X6.359 Y-2.833
M566 X1200 Y1200
G1 F3000 X6.762 Y-2.43 E0.01777
M566 X1800 Y1800
G0 F7200 X6.6 Y-1.885
M566 X1200 Y1200
G1 F3000 X6.762 Y-1.723 E0.00714
M566 X1800 Y1800
G0 F7200 X6.638 Y0.274
M566 X1200 Y1200
G1 F3000 X6.762 Y0.398 E0.00547
M566 X1800 Y1800
G0 F7200 X6.532 Y0.875
M566 X1200 Y1200
G1 F3000 X6.762 Y1.105 E0.01014
M566 X1800 Y1800
G0 F7200 X6.375 Y1.426
M566 X1200 Y1200
G1 F3000 X6.762 Y1.812 E0.01704
M566 X1800 Y1800
G0 F7200 X6.198 Y1.955
M566 X1200 Y1200
G1 F3000 X6.762 Y2.519 E0.02487
M566 X1800 Y1800
G0 F7200 X6.404 Y2.869
M566 X1200 Y1200
G1 F3000 X5.969 Y2.433 E0.0192
M566 X1800 Y1800
G0 F7200 X4.719 Y-2.475
G0 X4.394 Y-3.197
G0 X3.964 Y-3.862
G0 X-4.47 Y-13.471
G0 X-4.9 Y-14.136
G0 X-6.665 Y-19.393
M566 X1200 Y1200
G1 F3000 X-6.762 Y-19.489 E0.00426
M566 X1800 Y1800
G0 F7200 X-6.426 Y-19.861
M566 X1200 Y1200
G1 F3000 X-6.762 Y-20.197 E0.01482
M566 X1800 Y1800
G1 F1500 E-6.5
G0 F7200 X-7.477 Y-21.896
G0 X-7.477 Y-23.331
G0 X-7.477 Y-26.001
G0 X-7.477 Y-27.436
G0 X-7.477 Y-28.416
M566 X1200 Y1200
;TYPE:WALL-INNER
G1 F1500 E6.5
G1 F6000 X-7.478 Y-32.916 E0.14032
G1 X7.477 Y-32.916 E0.46632
G1 X7.477 Y-28.416 E0.14032
G1 X-7.477 Y-28.416 E0.46629
M566 X1800 Y1800
G0 F7200 X-7.977 Y-27.916
M566 X1200 Y1200
G1 F6000 X-7.978 Y-33.416 E0.1715
G1 X7.977 Y-33.416 E0.4975
G1 X7.977 Y-27.916 E0.1715
G1 X-7.977 Y-27.916 E0.49747
M566 X1800 Y1800
G0 F7200 X-8.477 Y-27.416
M566 X1200 Y1200
G1 F6000 X-8.478 Y-33.916 E0.20268
G1 X8.477 Y-33.916 E0.52868
G1 X8.477 Y-27.416 E0.20268
G1 X-8.477 Y-27.416 E0.52865
M566 X1800 Y1800
G0 F7200 X-8.977 Y-26.916
M566 X1200 Y1200
;TYPE:WALL-OUTER
G1 F3000 X-8.978 Y-34.416 E0.23386
G1 X8.977 Y-34.416 E0.55986
G1 X8.977 Y-26.916 E0.23386
G1 X-8.977 Y-26.916 E0.55983
M566 X1800 Y1800
G0 F7200 X-8.977 Y-27.166
G0 X-8.407 Y-27.486
G0 X-6.987 Y-28.906
M566 X1200 Y1200
;TYPE:SKIN
G1 F3000 X-6.988 Y-32.426 E0.10976
G1 X6.987 Y-32.426 E0.43576
G1 X6.987 Y-28.906 E0.10976
G1 X-6.987 Y-28.906 E0.43573
M566 X1800 Y1800
G0 F7200 X-6.762 Y-29.39
M566 X1200 Y1200
G1 F3000 X-6.503 Y-29.13 E0.01144
M566 X1800 Y1800
G0 F7200 X-5.796 Y-29.13
M566 X1200 Y1200
G1 F3000 X-6.762 Y-30.097 E0.04262
M566 X1800 Y1800
G0 F7200 X-6.762 Y-30.804
M566 X1200 Y1200
G1 F3000 X-5.089 Y-29.13 E0.0738
M566 X1800 Y1800
G0 F7200 X-4.381 Y-29.13
M566 X1200 Y1200
G1 F3000 X-6.762 Y-31.511 E0.105
M566 X1800 Y1800
G0 F7200 X-6.744 Y-32.2
M566 X1200 Y1200
G1 F3000 X-3.674 Y-29.13 E0.13538
M566 X1800 Y1800
G0 F7200 X-2.967 Y-29.13
M566 X1200 Y1200
G1 F3000 X-6.037 Y-32.2 E0.13538
M566 X1800 Y1800
G0 F7200 X-5.33 Y-32.2
M566 X1200 Y1200
G1 F3000 X-2.26 Y-29.13 E0.13538
M566 X1800 Y1800
G0 F7200 X-1.553 Y-29.13
M566 X1200 Y1200
G1 F3000 X-4.623 Y-32.2 E0.13538
M566 X1800 Y1800
G0 F7200 X-3.915 Y-32.2
M566 X1200 Y1200
G1 F3000 X-.846 Y-29.13 E0.13536
M566 X1800 Y1800
G0 F7200 X-.139 Y-29.13
M566 X1200 Y1200
G1 F3000 X-3.208 Y-32.2 E0.13536
M566 X1800 Y1800
G0 F7200 X-2.501 Y-32.2
M566 X1200 Y1200
G1 F3000 X0.567 Y-29.13 E0.13533
M566 X1800 Y1800
G0 F7200 X1.274 Y-29.13
M566 X1200 Y1200
G1 F3000 X-1.794 Y-32.2 E0.13533
M566 X1800 Y1800
G0 F7200 X-1.087 Y-32.2
M566 X1200 Y1200
G1 F3000 X1.982 Y-29.13 E0.13536
M566 X1800 Y1800
G0 F7200 X2.689 Y-29.13
M566 X1200 Y1200
G1 F3000 X-.38 Y-32.2 E0.13536
M566 X1800 Y1800
G0 F7200 X0.326 Y-32.2
M566 X1200 Y1200
G1 F3000 X3.396 Y-29.13 E0.13538
M566 X1800 Y1800
G0 F7200 X4.103 Y-29.13
M566 X1200 Y1200
G1 F3000 X1.033 Y-32.2 E0.13538
M566 X1800 Y1800
G0 F7200 X1.74 Y-32.2
M566 X1200 Y1200
G1 F3000 X4.81 Y-29.13 E0.13538
M566 X1800 Y1800
G0 F7200 X5.517 Y-29.13
M566 X1200 Y1200
G1 F3000 X2.448 Y-32.2 E0.13536
M566 X1800 Y1800
G0 F7200 X3.155 Y-32.2
M566 X1200 Y1200
G1 F3000 X6.224 Y-29.13 E0.13536
M566 X1800 Y1800
G0 F7200 X6.762 Y-29.3
M566 X1200 Y1200
G1 F3000 X3.862 Y-32.2 E0.12788
M566 X1800 Y1800
G0 F7200 X4.569 Y-32.2
M566 X1200 Y1200
G1 F3000 X6.762 Y-30.007 E0.0967
M566 X1800 Y1800
G0 F7200 X6.762 Y-30.714
M566 X1200 Y1200
G1 F3000 X5.276 Y-32.2 E0.06553
M566 X1800 Y1800
G0 F7200 X5.983 Y-32.2
M566 X1200 Y1200
G1 F3000 X6.762 Y-31.421 E0.03435
M566 X1800 Y1800
G0 F7200 X6.762 Y-32.128
M566 X1200 Y1200
G1 F3000 X6.69 Y-32.2 E0.00317
M566 X1800 Y1800
G1 F1500 E-6.5
;MESH:NONMESH
G0 F600 X6.69 Y-32.2 Z6.25
G0 F7200 X4.314 Y-27.436
G0 X4.314 Y-26.001
G0 X4.314 Y-23.331
G0 X4.314 Y-21.896
G0 X5.031 Y-16.929
G0 X5.012 Y-.14
G0 X4.314 Y3.584
;TIME_ELAPSED:874.330917
;LAYER:39
M566 X1200 Y1200
;TYPE:WALL-INNER
;MESH:Roborama2026-Lasermount.3mf
G1 F1500 E6.5
G1 F6000 X4.538 Y3.353 E0.01003
G1 X5.084 Y2.597 E0.02908
G1 X5.51 Y1.765 E0.02915
G1 X5.808 Y0.878 E0.02918
G1 X5.971 Y-0.043 E0.02916
G1 X5.994 Y-.978 E0.02916
G1 X5.877 Y-1.905 E0.02913
G1 X5.624 Y-2.806 E0.02918
G1 X5.239 Y-3.658 E0.02915
G1 X4.733 Y-4.444 E0.02915
G1 X4.114 Y-5.144 E0.02914
G1 X3.399 Y-5.744 E0.0291
G1 X2.6 Y-6.232 E0.02919
G1 X1.737 Y-6.594 E0.02918
G1 X0.832 Y-6.826 E0.02913
G1 X-0.096 Y-6.918 E0.02908
G1 X-1.03 Y-6.874 E0.02916
G1 X-1.948 Y-6.688 E0.02921
G1 X-2.825 Y-6.367 E0.02912
G1 X-3.647 Y-5.92 E0.02918
G1 X-4.393 Y-5.355 E0.02918
G1 X-5.044 Y-4.686 E0.02911
G1 X-5.59 Y-3.928 E0.02913
G1 X-6.016 Y-3.097 E0.02912
G1 X-6.314 Y-2.211 E0.02915
G1 X-6.477 Y-1.29 E0.02916
G1 X-6.5 Y-.355 E0.02916
G1 X-6.383 Y0.572 E0.02913
G1 X-6.13 Y1.473 E0.02918
G1 X-5.745 Y2.325 E0.02915
G1 X-5.239 Y3.111 E0.02915
G1 X-4.821 Y3.584 E0.01968
G1 X-7.327 Y3.584 E0.07814
G1 X-7.327 Y-20.916 E0.76394
G1 X-4.82 Y-20.916 E0.07817
G1 X-5.044 Y-20.686 E0.01001
G1 X-5.59 Y-19.928 E0.02913
G1 X-6.016 Y-19.097 E0.02912
G1 X-6.314 Y-18.211 E0.02915
G1 X-6.477 Y-17.29 E0.02916
G1 X-6.5 Y-16.355 E0.02916
G1 X-6.383 Y-15.428 E0.02913
G1 X-6.13 Y-14.527 E0.02918
G1 X-5.745 Y-13.675 E0.02915
G1 X-5.239 Y-12.889 E0.02915
G1 X-4.62 Y-12.189 E0.02914
G1 X-3.905 Y-11.589 E0.0291
G1 X-3.106 Y-11.101 E0.02919
G1 X-2.244 Y-10.739 E0.02915
G1 X-1.339 Y-10.507 E0.02913
G1 X-.41 Y-10.415 E0.02911
G1 X0.523 Y-10.459 E0.02912
G1 X1.442 Y-10.645 E0.02924
G1 X2.319 Y-10.966 E0.02912
G1 X3.14 Y-11.413 E0.02915
G1 X3.887 Y-11.977 E0.02919
G1 X4.538 Y-12.647 E0.02913
G1 X5.084 Y-13.403 E0.02908
G1 X5.51 Y-14.235 E0.02915
G1 X5.808 Y-15.122 E0.02918
G1 X5.971 Y-16.043 E0.02916
G1 X5.994 Y-16.978 E0.02916
G1 X5.877 Y-17.905 E0.02913
G1 X5.624 Y-18.806 E0.02918
G1 X5.239 Y-19.658 E0.02915
G1 X4.733 Y-20.444 E0.02915
G1 X4.316 Y-20.916 E0.01964
G1 X7.327 Y-20.916 E0.09389
G1 X7.327 Y3.584 E0.76394
G1 X4.314 Y3.584 E0.09395
M566 X1800 Y1800
G0 F7200 X4.154 Y3.031
M566 X1200 Y1200
G1 F6000 X4.656 Y2.335 E0.02676
G1 X5.048 Y1.57 E0.0268
G1 X5.322 Y0.754 E0.02684
G1 X5.472 Y-0.093 E0.02682
G1 X5.493 Y-.953 E0.02682
G1 X5.386 Y-1.806 E0.02681
G1 X5.153 Y-2.634 E0.02682
G1 X4.799 Y-3.418 E0.02682
G1 X4.333 Y-4.141 E0.02682
G1 X3.764 Y-4.785 E0.0268
G1 X3.106 Y-5.337 E0.02678
G1 X2.372 Y-5.786 E0.02683
G1 X1.578 Y-6.119 E0.02685
G1 X0.745 Y-6.332 E0.02681
G1 X-.109 Y-6.417 E0.02676
G1 X-.968 Y-6.376 E0.02682
G1 X-1.812 Y-6.205 E0.02685
G1 X-2.619 Y-5.91 E0.02679
G1 X-3.375 Y-5.499 E0.02683
G1 X-4.061 Y-4.979 E0.02684
G1 X-4.66 Y-4.364 E0.02677
G1 X-5.162 Y-3.666 E0.02681
G1 X-5.554 Y-2.902 E0.02678
G1 X-5.828 Y-2.087 E0.02681
G1 X-5.978 Y-1.24 E0.02682
G1 X-5.999 Y-.38 E0.02682
G1 X-5.892 Y0.473 E0.02681
G1 X-5.659 Y1.301 E0.02682
G1 X-5.305 Y2.085 E0.02682
G1 X-4.839 Y2.808 E0.02682
G1 X-4.27 Y3.452 E0.0268
G1 X-3.612 Y4.004 E0.02678
G1 X-3.481 Y4.084 E0.00479
G1 X-4.058 Y4.084 E0.01317
G1 X-7.827 Y4.084 E0.11752
G1 X-7.827 Y-21.416 E0.79513
G1 X-4.061 Y-21.416 E0.11743
G1 X-3.484 Y-21.416 E0.01799
G1 X-4.061 Y-20.979 E0.01173
G1 X-4.66 Y-20.364 E0.02677
G1 X-5.162 Y-19.666 E0.02681
G1 X-5.554 Y-18.902 E0.02678
G1 X-5.828 Y-18.087 E0.02681
G1 X-5.978 Y-17.24 E0.02682
G1 X-5.999 Y-16.38 E0.02682
G1 X-5.892 Y-15.527 E0.02681
G1 X-5.659 Y-14.699 E0.02682
G1 X-5.305 Y-13.915 E0.02682
G1 X-4.839 Y-13.192 E0.02682
G1 X-4.27 Y-12.548 E0.0268
G1 X-3.612 Y-11.996 E0.02678
G1 X-2.878 Y-11.547 E0.02683
G1 X-2.084 Y-11.214 E0.02685
G1 X-1.252 Y-11.001 E0.02678
G1 X-.397 Y-10.916 E0.02679
G1 X0.461 Y-10.957 E0.02678
G1 X1.306 Y-11.128 E0.02688
G1 X2.113 Y-11.423 E0.02679
G1 X2.868 Y-11.834 E0.0268
G1 X3.555 Y-12.353 E0.02685
G1 X4.154 Y-12.969 E0.02679
G1 X4.656 Y-13.665 E0.02676
G1 X5.048 Y-14.43 E0.0268
G1 X5.322 Y-15.246 E0.02684
G1 X5.472 Y-16.093 E0.02682
G1 X5.493 Y-16.953 E0.02682
G1 X5.386 Y-17.806 E0.02681
G1 X5.153 Y-18.634 E0.02682
G1 X4.799 Y-19.418 E0.02682
G1 X4.333 Y-20.141 E0.02682
G1 X3.764 Y-20.785 E0.0268
G1 X3.106 Y-21.337 E0.02678
G1 X2.977 Y-21.416 E0.00472
G1 X3.555 Y-21.416 E0.01315
G1 X7.827 Y-21.416 E0.13321
G1 X7.827 Y4.084 E0.79513
G1 X3.555 Y4.084 E0.13321
G1 X2.977 Y4.084 E0.01802
G1 X3.555 Y3.647 E0.01174
G1 X4.154 Y3.031 E0.02679
M566 X1800 Y1800
G0 F7200 X3.77 Y2.709
M566 X1200 Y1200
G1 F6000 X4.228 Y2.073 E0.02444
G1 X4.586 Y1.375 E0.02446
G1 X4.836 Y0.63 E0.0245
G1 X4.973 Y-.143 E0.02448
G1 X4.992 Y-.928 E0.02448
G1 X4.895 Y-1.707 E0.02448
G1 X4.682 Y-2.462 E0.02446
G1 X4.359 Y-3.178 E0.02449
G1 X3.933 Y-3.838 E0.02449
G1 X3.414 Y-4.426 E0.02446
G1 X2.813 Y-4.93 E0.02446
G1 X2.143 Y-5.34 E0.02449
G1 X1.419 Y-5.644 E0.02448
G1 X0.658 Y-5.838 E0.02449
G1 X-.122 Y-5.916 E0.02444
G1 X-.906 Y-5.878 E0.02447
G1 X-1.676 Y-5.722 E0.0245
G1 X-2.413 Y-5.453 E0.02446
G1 X-3.103 Y-5.078 E0.02449
G1 X-3.729 Y-4.603 E0.0245
G1 X-4.276 Y-4.042 E0.02443
G1 X-4.734 Y-3.405 E0.02446
G1 X-5.092 Y-2.707 E0.02446
G1 X-5.342 Y-1.963 E0.02447
G1 X-5.479 Y-1.19 E0.02448
G1 X-5.498 Y-.405 E0.02448
G1 X-5.401 Y0.374 E0.02448
G1 X-5.188 Y1.129 E0.02446
G1 X-4.865 Y1.845 E0.02449
G1 X-4.439 Y2.505 E0.02449
G1 X-3.92 Y3.093 E0.02446
G1 X-3.319 Y3.597 E0.02446
G1 X-2.649 Y4.007 E0.02449
G1 X-1.925 Y4.311 E0.02448
G1 X-1.165 Y4.505 E0.02446
G1 X-.384 Y4.583 E0.02447
G1 X0.399 Y4.545 E0.02444
G1 X1.17 Y4.389 E0.02453
G1 X1.907 Y4.12 E0.02446
G1 X2.596 Y3.745 E0.02446
G1 X3.223 Y3.271 E0.02451
G1 X3.77 Y2.709 E0.02445
M566 X1800 Y1800
G0 F7200 X3.846 Y2.773
G0 X1.907 Y4.484
G0 X1.907 Y4.584
M566 X1200 Y1200
G1 F6000 X1.17 Y4.584 E0.01502
G1 X0.399 Y4.584 E0.00554
G1 X-.384 Y4.584 E0.00098
G1 X-1.165 Y4.584 E0.00193
G1 X-1.925 Y4.584 E0.00822
G1 X-2.488 Y4.584 E0.0141
G1 X-8.327 Y4.584 E0.18207
G1 X-8.327 Y-21.916 E0.82631
G1 X-2.413 Y-21.916 E0.18441
G1 X-1.676 Y-21.916 E0.02298
G1 X-.906 Y-21.916 E0.02401
G1 X-.122 Y-21.916 E0.02445
G1 X0.658 Y-21.916 E0.02432
G1 X1.419 Y-21.916 E0.02373
G1 X1.984 Y-21.916 E0.01762
G1 X8.327 Y-21.916 E0.19778
G1 X8.327 Y4.584 E0.82631
G1 X1.907 Y4.584 E0.20018
M566 X1800 Y1800
G0 F7200 X1.907 Y4.484
G0 X3.249 Y3.3
G0 X3.8 Y2.734
G0 X4.262 Y2.093
G0 X4.622 Y1.39
G0 X4.874 Y0.639
G0 X5.012 Y-.14
G0 X5.031 Y-.929
G0 X4.934 Y-1.714
G0 X1.197 Y-11.515
G0 X1.17 Y-11.611
M566 X1200 Y1200
G1 F6000 X1.907 Y-11.88 E0.02446
G1 X2.596 Y-12.255 E0.02446
G1 X3.223 Y-12.729 E0.02451
G1 X3.77 Y-13.291 E0.02445
G1 X4.228 Y-13.927 E0.02444
G1 X4.586 Y-14.625 E0.02446
G1 X4.836 Y-15.37 E0.0245
G1 X4.973 Y-16.143 E0.02448
G1 X4.992 Y-16.928 E0.02448
G1 X4.895 Y-17.707 E0.02448
G1 X4.682 Y-18.462 E0.02446
G1 X4.359 Y-19.178 E0.02449
G1 X3.933 Y-19.838 E0.02449
G1 X3.414 Y-20.426 E0.02446
G1 X2.813 Y-20.93 E0.02446
G1 X2.143 Y-21.34 E0.02449
G1 X1.419 Y-21.644 E0.021
G1 X0.658 Y-21.838 E0.00894
G1 X-.122 Y-21.916 E0.00198
G1 X-.906 Y-21.878 E0.02447
G1 X-1.676 Y-21.722 E0.00596
G1 X-2.413 Y-21.453 E0.01645
G1 X-3.103 Y-21.078 E0.02449
G1 X-3.729 Y-20.603 E0.0245
G1 X-4.276 Y-20.042 E0.02443
G1 X-4.734 Y-19.405 E0.02446
G1 X-5.092 Y-18.707 E0.02446
G1 X-5.342 Y-17.963 E0.02447
G1 X-5.479 Y-17.19 E0.02448
G1 X-5.498 Y-16.405 E0.02448
G1 X-5.401 Y-15.626 E0.02448
G1 X-5.188 Y-14.871 E0.02446
G1 X-4.865 Y-14.155 E0.02449
G1 X-4.439 Y-13.495 E0.02449
G1 X-3.92 Y-12.907 E0.02446
G1 X-3.319 Y-12.403 E0.02446
G1 X-2.649 Y-11.993 E0.02449
G1 X-1.925 Y-11.689 E0.02448
G1 X-1.165 Y-11.495 E0.02446
G1 X-.384 Y-11.417 E0.02447
G1 X0.399 Y-11.455 E0.02444
G1 X1.17 Y-11.611 E0.02453
M566 X1800 Y1800
G0 F7200 X1.034 Y-12.094
M566 X1200 Y1200
;TYPE:WALL-OUTER
G1 F3000 X1.701 Y-12.337 E0.02214
G1 X2.324 Y-12.676 E0.02212
G1 X2.891 Y-13.105 E0.02217
G1 X3.386 Y-13.613 E0.02212
G1 X3.8 Y-14.189 E0.02212
G1 X4.124 Y-14.82 E0.02212
G1 X4.35 Y-15.494 E0.02217
G1 X4.474 Y-16.193 E0.02214
G1 X4.491 Y-16.903 E0.02215
G1 X4.403 Y-17.608 E0.02215
G1 X4.211 Y-18.291 E0.02212
G1 X3.919 Y-18.938 E0.02213
G1 X3.533 Y-19.535 E0.02217
G1 X3.064 Y-20.067 E0.02211
G1 X2.52 Y-20.523 E0.02213
G1 X1.914 Y-20.894 E0.02216
G1 X1.26 Y-21.169 E0.02212
G1 X0.571 Y-21.344 E0.02217
G1 X-.135 Y-21.415 E0.02213
G1 X-.844 Y-21.38 E0.02213
G1 X-1.54 Y-21.239 E0.02214
G1 X-2.207 Y-20.996 E0.02214
G1 X-2.831 Y-20.657 E0.02214
G1 X-3.397 Y-20.227 E0.02216
G1 X-3.892 Y-19.72 E0.02209
G1 X-4.306 Y-19.144 E0.02212
G1 X-4.63 Y-18.512 E0.02215
G1 X-4.856 Y-17.839 E0.02214
G1 X-4.98 Y-17.14 E0.02214
G1 X-4.997 Y-16.43 E0.02215
G1 X-4.909 Y-15.725 E0.02215
G1 X-4.717 Y-15.042 E0.02212
G1 X-4.425 Y-14.395 E0.02213
G1 X-4.039 Y-13.798 E0.02217
G1 X-3.57 Y-13.266 E0.02211
G1 X-3.026 Y-12.81 E0.02213
G1 X-2.42 Y-12.439 E0.02216
G1 X-1.766 Y-12.164 E0.02212
G1 X-1.078 Y-11.989 E0.02214
G1 X-.371 Y-11.918 E0.02216
G1 X0.337 Y-11.953 E0.0221
G1 X1.034 Y-12.094 E0.02217
M566 X1800 Y1800
G0 F7200 X1.269 Y-12.179
G0 X1.474 Y-11.615
G0 X0.63 Y-5.94
G0 X0.571 Y-5.344
M566 X1200 Y1200
G1 F3000 X-.135 Y-5.415 E0.02213
G1 X-.844 Y-5.38 E0.02213
G1 X-1.54 Y-5.239 E0.02214
G1 X-2.207 Y-4.996 E0.02214
G1 X-2.831 Y-4.657 E0.02214
G1 X-3.397 Y-4.227 E0.02216
G1 X-3.892 Y-3.72 E0.02209
G1 X-4.306 Y-3.144 E0.02212
G1 X-4.63 Y-2.512 E0.02215
G1 X-4.856 Y-1.839 E0.02214
G1 X-4.98 Y-1.14 E0.02214
G1 X-4.997 Y-.43 E0.02215
G1 X-4.909 Y0.275 E0.02215
G1 X-4.717 Y0.958 E0.02212
G1 X-4.425 Y1.605 E0.02213
G1 X-4.039 Y2.202 E0.02217
G1 X-3.57 Y2.734 E0.02211
G1 X-3.026 Y3.19 E0.02213
G1 X-2.42 Y3.561 E0.02216
G1 X-1.766 Y3.836 E0.02212
G1 X-1.078 Y4.011 E0.02214
G1 X-.371 Y4.082 E0.02216
G1 X0.337 Y4.047 E0.0221
G1 X1.034 Y3.906 E0.02217
G1 X1.701 Y3.663 E0.02214
G1 X2.324 Y3.324 E0.02212
G1 X2.891 Y2.895 E0.02217
G1 X3.386 Y2.387 E0.02212
G1 X3.8 Y1.811 E0.02212
G1 X4.124 Y1.18 E0.02212
G1 X4.35 Y0.506 E0.02217
G1 X4.474 Y-.193 E0.02214
G1 X4.491 Y-.903 E0.02215
G1 X4.403 Y-1.608 E0.02215
G1 X4.211 Y-2.291 E0.02212
G1 X3.919 Y-2.938 E0.02213
G1 X3.533 Y-3.535 E0.02217
G1 X3.064 Y-4.067 E0.02211
G1 X2.52 Y-4.523 E0.02213
G1 X1.914 Y-4.894 E0.02216
G1 X1.26 Y-5.169 E0.02212
G1 X0.571 Y-5.344 E0.02217
M566 X1800 Y1800
G0 F7200 X0.323 Y-5.369
G0 X0.382 Y-5.965
G0 X8.257 Y-21.846
G0 X8.827 Y-22.416
M566 X1200 Y1200
G1 F3000 X8.827 Y5.084 E0.85749
G1 X-8.827 Y5.084 E0.55048
G1 X-8.827 Y-22.416 E0.85749
G1 X8.827 Y-22.416 E0.55048
M566 X1800 Y1800
G0 F7200 X8.827 Y-22.166
G0 X8.257 Y-21.846
G0 X6.837 Y-20.426
M566 X1200 Y1200
;TYPE:SKIN
G1 F3000 X6.837 Y3.094 E0.73339
G1 X5.33 Y3.094 E0.04699
G1 X5.503 Y2.854 E0.00923
G1 X5.963 Y1.955 E0.03149
G1 X6.284 Y0.999 E0.03144
G1 X6.459 Y0.006 E0.03144
G1 X6.484 Y-1.003 E0.03147
G1 X6.359 Y-2.003 E0.03142
G1 X6.086 Y-2.974 E0.03145
G1 X5.67 Y-3.893 E0.03145
G1 X5.125 Y-4.74 E0.03141
G1 X4.457 Y-5.496 E0.03146
G1 X3.685 Y-6.143 E0.03141
G1 X2.824 Y-6.669 E0.03146
G1 X1.894 Y-7.06 E0.03146
G1 X0.918 Y-7.31 E0.03142
G1 X-0.084 Y-7.41 E0.0314
G1 X-1.091 Y-7.362 E0.03144
G1 X-2.082 Y-7.161 E0.03153
G1 X-3.027 Y-6.814 E0.03139
G1 X-3.913 Y-6.333 E0.03144
G1 X-4.718 Y-5.723 E0.03149
G1 X-5.42 Y-5.002 E0.03138
G1 X-6.009 Y-4.185 E0.03141
G1 X-6.469 Y-3.287 E0.03146
G1 X-6.79 Y-2.332 E0.03142
G1 X-6.837 Y-2.065 E0.00845
G1 X-6.837 Y-15.23 E0.4105
G1 X-6.592 Y-14.359 E0.02821
G1 X-6.176 Y-13.44 E0.03145
G1 X-5.631 Y-12.593 E0.03141
G1 X-4.963 Y-11.837 E0.03146
G1 X-4.191 Y-11.19 E0.03141
G1 X-3.33 Y-10.664 E0.03146
G1 X-2.401 Y-10.273 E0.03143
G1 X-1.425 Y-10.023 E0.03142
G1 X-.422 Y-9.923 E0.03143
G1 X0.584 Y-9.971 E0.0314
G1 X1.576 Y-10.172 E0.03156
G1 X2.521 Y-10.519 E0.03139
G1 X3.406 Y-11 E0.03141
G1 X4.212 Y-11.609 E0.0315
G1 X4.914 Y-12.331 E0.0314
G1 X5.503 Y-13.146 E0.03135
G1 X5.963 Y-14.045 E0.03149
G1 X6.284 Y-15.001 E0.03144
G1 X6.459 Y-15.994 E0.03144
G1 X6.484 Y-17.003 E0.03147
G1 X6.359 Y-18.003 E0.03142
G1 X6.086 Y-18.974 E0.03145
G1 X5.67 Y-19.893 E0.03145
G1 X5.327 Y-20.426 E0.01976
G1 X6.837 Y-20.426 E0.04708
M566 X1800 Y1800
G0 F7200 X0.664 Y-21.877
G0 X-.121 Y-21.955
G0 X-.91 Y-21.917
G0 X-5.835 Y-20.426
M566 X1200 Y1200
G1 F3000 X-6.009 Y-20.185 E0.00927
G1 X-6.469 Y-19.287 E0.03146
G1 X-6.79 Y-18.332 E0.03142
G1 X-6.837 Y-18.065 E0.00845
G1 X-6.837 Y-20.426 E0.07362
G1 X-5.835 Y-20.426 E0.03124
M566 X1800 Y1800
G0 F7200 X-6.837 Y0.77
M566 X1200 Y1200
G1 F3000 X-6.592 Y1.641 E0.02821
G1 X-6.176 Y2.56 E0.03145
G1 X-5.833 Y3.094 E0.01979
G1 X-6.837 Y3.094 E0.03131
G1 X-6.837 Y0.77 E0.07247
M566 X1800 Y1800
G0 F7200 X-3.342 Y3.629
G0 X-2.667 Y4.042
G0 X-1.937 Y4.348
G0 X-1.171 Y4.544
G0 X-.385 Y4.622
G0 X0.403 Y4.584
G0 X1.032 Y4.458
G0 X6.611 Y2.58
M566 X1200 Y1200
G1 F3000 X6.322 Y2.869 E0.01274
M566 X1800 Y1800
G0 F7200 X5.885 Y2.6
M566 X1200 Y1200
G1 F3000 X6.611 Y1.873 E0.03204
M566 X1800 Y1800
G0 F7200 X6.389 Y1.388
M566 X1200 Y1200
G1 F3000 X6.611 Y1.166 E0.00979
M566 X1800 Y1800
G0 F7200 X6.516 Y-2.274
M566 X1200 Y1200
G1 F3000 X6.611 Y-2.368 E0.00417
M566 X1800 Y1800
G0 F7200 X6.361 Y-2.826
M566 X1200 Y1200
G1 F3000 X6.611 Y-3.075 E0.011
M566 X1800 Y1800
G0 F7200 X6.168 Y-3.339
M566 X1200 Y1200
G1 F3000 X6.611 Y-3.783 E0.01956
M566 X1800 Y1800
G0 F7200 X5.947 Y-3.826
M566 X1200 Y1200
G1 F3000 X6.611 Y-4.49 E0.02928
M566 X1800 Y1800
G0 F7200 X6.611 Y-5.197
M566 X1200 Y1200
G1 F3000 X5.69 Y-4.275 E0.04064
M566 X1800 Y1800
G0 F7200 X5.413 Y-4.706
M566 X1200 Y1200
G1 F3000 X6.611 Y-5.904 E0.05283
M566 X1800 Y1800
G0 F7200 X6.611 Y-6.611
M566 X1200 Y1200
G1 F3000 X5.103 Y-5.103 E0.0665
M566 X1800 Y1800
G0 F7200 X4.772 Y-5.479
M566 X1200 Y1200
G1 F3000 X6.611 Y-7.318 E0.08109
M566 X1800 Y1800
G0 F7200 X6.611 Y-8.025
M566 X1200 Y1200
G1 F3000 X4.412 Y-5.826 E0.09697
M566 X1800 Y1800
G0 F7200 X4.027 Y-6.149
M566 X1200 Y1200
G1 F3000 X6.611 Y-8.732 E0.11392
M566 X1800 Y1800
G0 F7200 X6.611 Y-9.439
M566 X1200 Y1200
G1 F3000 X3.618 Y-6.446 E0.13198
M566 X1800 Y1800
G0 F7200 X3.179 Y-6.714
M566 X1200 Y1200
G1 F3000 X6.611 Y-10.146 E0.15134
M566 X1800 Y1800
G0 F7200 X6.611 Y-10.854
M566 X1200 Y1200
G1 F3000 X2.714 Y-6.957 E0.17185
M566 X1800 Y1800
G0 F7200 X2.216 Y-7.166
M566 X1200 Y1200
G1 F3000 X6.611 Y-11.561 E0.19381
M566 X1800 Y1800
G0 F7200 X6.611 Y-12.268
M566 X1200 Y1200
G1 F3000 X1.687 Y-7.344 E0.21713
M566 X1800 Y1800
G0 F7200 X1.125 Y-7.488
M566 X1200 Y1200
G1 F3000 X6.611 Y-12.975 E0.24194
M566 X1800 Y1800
G0 F7200 X6.611 Y-13.682
M566 X1200 Y1200
G1 F3000 X0.505 Y-7.576 E0.26926
M566 X1800 Y1800
G0 F7200 X-.146 Y-7.631
M566 X1200 Y1200
G1 F3000 X2.489 Y-10.267 E0.11622
G1 X2.577 Y-10.355
M566 X1800 Y1800
G0 F7200 X1.425 Y-9.91
M566 X1200 Y1200
G1 F3000 X-.889 Y-7.595 E0.10206
M566 X1800 Y1800
G0 F7200 X-1.73 Y-7.461
M566 X1200 Y1200
G1 F3000 X0.551 Y-9.743 E0.10061
M566 X1800 Y1800
G0 F7200 X-.191 Y-9.707
M566 X1200 Y1200
G1 F3000 X-2.742 Y-7.157 E0.11247
G1 X-2.83 Y-7.069
M566 X1800 Y1800
G0 F7200 X-4.236 Y-6.37
M566 X1200 Y1200
G1 F3000 X-.866 Y-9.74 E0.14861
M566 X1800 Y1800
G0 F7200 X-1.503 Y-9.81
M566 X1200 Y1200
G1 F3000 X-6.611 Y-4.702 E0.22525
M566 X1800 Y1800
G0 F7200 X-5.935 Y-4.671
M566 X1200 Y1200
G1 F3000 X-6.611 Y-3.995 E0.02981
M566 X1800 Y1800
G0 F7200 X-6.611 Y-5.409
M566 X1200 Y1200
G1 F3000 X-2.066 Y-9.953 E0.2004
M566 X1800 Y1800
G0 F7200 X-2.611 Y-10.116
M566 X1200 Y1200
G1 F3000 X-6.611 Y-6.116 E0.17639
M566 X1800 Y1800
G0 F7200 X-6.611 Y-6.823
M566 X1200 Y1200
G1 F3000 X-3.108 Y-10.326 E0.15447
M566 X1800 Y1800
G0 F7200 X-3.585 Y-10.556
M566 X1200 Y1200
G1 F3000 X-6.611 Y-7.53 E0.13344
M566 X1800 Y1800
G0 F7200 X-6.611 Y-8.237
M566 X1200 Y1200
G1 F3000 X-4.024 Y-10.824 E0.11408
M566 X1800 Y1800
G0 F7200 X-4.446 Y-11.11
M566 X1200 Y1200
G1 F3000 X-6.611 Y-8.944 E0.09549
M566 X1800 Y1800
G0 F7200 X-6.611 Y-9.652
M566 X1200 Y1200
G1 F3000 X-4.83 Y-11.432 E0.07851
M566 X1800 Y1800
G0 F7200 X-5.202 Y-11.767
M566 X1200 Y1200
G1 F3000 X-6.611 Y-10.359 E0.06211
M566 X1800 Y1800
G0 F7200 X-6.611 Y-11.066
M566 X1200 Y1200
G1 F3000 X-5.534 Y-12.143 E0.04749
M566 X1800 Y1800
G0 F7200 X-5.856 Y-12.527
M566 X1200 Y1200
G1 F3000 X-6.611 Y-11.773 E0.03327
M566 X1800 Y1800
G0 F7200 X-6.611 Y-12.48
M566 X1200 Y1200
G1 F3000 X-6.134 Y-12.957 E0.02103
M566 X1800 Y1800
G0 F7200 X-6.403 Y-13.395
M566 X1200 Y1200
G1 F3000 X-6.611 Y-13.187 E0.00917
M566 X1800 Y1800
G0 F7200 X-1.937 Y-11.652
G0 X-1.171 Y-11.456
G0 X-.385 Y-11.378
G0 X0.403 Y-11.416
G0 X1.18 Y-11.573
G0 X6.163 Y-13.941
M566 X1200 Y1200
G1 F3000 X6.611 Y-14.389 E0.01976
M566 X1800 Y1800
G0 F7200 X6.512 Y-14.997
M566 X1200 Y1200
G1 F3000 X6.611 Y-15.096 E0.00437
M566 X1800 Y1800
G0 F7200 X6.459 Y-18.48
M566 X1200 Y1200
G1 F3000 X6.612 Y-18.632 E0.00672
M566 X1800 Y1800
G0 F7200 X6.303 Y-19.031
M566 X1200 Y1200
G1 F3000 X6.612 Y-19.34 E0.01363
M566 X1800 Y1800
G0 F7200 X6.086 Y-19.521
M566 X1200 Y1200
G1 F3000 X6.612 Y-20.047 E0.0232
M566 X1800 Y1800
G0 F7200 X6.058 Y-20.2
M566 X1200 Y1200
G1 F3000 X5.864 Y-20.006 E0.00855
M566 X1800 Y1800
G0 F7200 X4.874 Y-15.361
G0 X4.622 Y-14.61
G0 X4.262 Y-13.907
G0 X-2.429 Y-5.489
G0 X-3.124 Y-5.111
G0 X-3.755 Y-4.632
G0 X-4.306 Y-4.067
G0 X-4.768 Y-3.425
G0 X-5.128 Y-2.722
G0 X-5.331 Y-2.115
G0 X-6.307 Y2.771
M566 X1200 Y1200
G1 F3000 X-6.404 Y2.869 E0.0043
M566 X1800 Y1800
G0 F7200 X-6.901 Y0.537
M566 X1200 Y1200
;TYPE:SKIN
G1 F3000 X-6.645 Y0.281 E0.00564
M566 X1800 Y1800
G0 F7200 X-6.684 Y-0.032
M566 X1200 Y1200
G1 F3000 X-7.1 Y0.383 E0.00916
M566 X1800 Y1800
G0 F7200 X-7.1 Y0.029
M566 X1200 Y1200
G1 F3000 X-6.724 Y-.346 E0.00828
M566 X1800 Y1800
G0 F7200 X-6.716 Y-.708
M566 X1200 Y1200
G1 F3000 X-7.1 Y-.323 E0.00848
M566 X1800 Y1800
G0 F7200 X-7.1 Y-.677
M566 X1200 Y1200
G1 F3000 X-6.706 Y-1.071 E0.00869
M566 X1800 Y1800
G0 F7200 X-6.675 Y-1.456
M566 X1200 Y1200
G1 F3000 X-7.1 Y-1.03 E0.00938
M566 X1800 Y1800
G0 F7200 X-7.1 Y-1.384
M566 X1200 Y1200
G1 F3000 X-6.675 Y-1.81 E0.00938
M566 X1800 Y1800
G0 F7200 X-7 Y-1.838
M566 X1200 Y1200
G1 F3000 X-7.1 Y-1.738 E0.0022
M566 X1800 Y1800
G0 F7200 X-6.796 Y-15.477
M566 X1200 Y1200
G1 F3000 X-6.636 Y-15.636 E0.00352
M566 X1800 Y1800
G0 F7200 X-6.675 Y-15.951
M566 X1200 Y1200
G1 F3000 X-7.102 Y-15.525 E0.0094
M566 X1800 Y1800
G0 F7200 X-7.102 Y-15.878
M566 X1200 Y1200
G1 F3000 X-6.715 Y-16.265 E0.00853
M566 X1800 Y1800
G0 F7200 X-6.718 Y-16.616
M566 X1200 Y1200
G1 F3000 X-7.102 Y-16.232 E0.00847
M566 X1800 Y1800
G0 F7200 X-7.102 Y-16.585
M566 X1200 Y1200
G1 F3000 X-6.709 Y-16.978 E0.00867
M566 X1800 Y1800
G0 F7200 X-6.695 Y-17.346
M566 X1200 Y1200
G1 F3000 X-7.102 Y-16.939 E0.00897
M566 X1800 Y1800
G0 F7200 X-7.102 Y-17.293
M566 X1200 Y1200
G1 F3000 X-6.62 Y-17.774 E0.01062
M566 X1800 Y1800
G0 F7200 X-6.918 Y-17.83
M566 X1200 Y1200
G1 F3000 X-7.102 Y-17.646 E0.00406
M566 X1800 Y1800
G1 F1500 E-6.5
G0 F7200 X-7.327 Y-21.896
G0 X-7.327 Y-23.331
G0 X-7.327 Y-26.001
G0 X-7.327 Y-27.436
G0 X-7.327 Y-28.416
M566 X1200 Y1200
;TYPE:WALL-INNER
G1 F1500 E6.5
G1 F6000 X-7.328 Y-32.916 E0.14032
G1 X7.327 Y-32.916 E0.45696
G1 X7.327 Y-28.416 E0.14032
G1 X-7.327 Y-28.416 E0.45693
M566 X1800 Y1800
G0 F7200 X-7.827 Y-27.916
M566 X1200 Y1200
G1 F6000 X-7.828 Y-33.416 E0.1715
G1 X7.827 Y-33.416 E0.48814
G1 X7.827 Y-27.916 E0.1715
G1 X-7.827 Y-27.916 E0.48811
M566 X1800 Y1800
G0 F7200 X-8.327 Y-27.416
M566 X1200 Y1200
G1 F6000 X-8.328 Y-33.916 E0.20268
G1 X8.327 Y-33.916 E0.51933
G1 X8.327 Y-27.416 E0.20268
G1 X-8.327 Y-27.416 E0.51929
M566 X1800 Y1800
G0 F7200 X-8.827 Y-26.916
M566 X1200 Y1200
;TYPE:WALL-OUTER
G1 F3000 X-8.828 Y-34.416 E0.23386
G1 X8.827 Y-34.416 E0.55051
G1 X8.827 Y-26.916 E0.23386
G1 X-8.827 Y-26.916 E0.55048
M566 X1800 Y1800
G0 F7200 X-8.827 Y-27.166
G0 X-8.257 Y-27.486
G0 X-6.837 Y-28.906
M566 X1200 Y1200
;TYPE:SKIN
G1 F3000 X-6.838 Y-32.426 E0.10976
G1 X6.837 Y-32.426 E0.42641
G1 X6.837 Y-28.906 E0.10976
G1 X-6.837 Y-28.906 E0.42637
M566 X1800 Y1800
G0 F7200 X-6.612 Y-31.571
M566 X1200 Y1200
G1 F3000 X-5.983 Y-32.2 E0.02774
M566 X1800 Y1800
G0 F7200 X-5.276 Y-32.2
M566 X1200 Y1200
G1 F3000 X-6.612 Y-30.864 E0.05891
M566 X1800 Y1800
G0 F7200 X-6.612 Y-30.157
M566 X1200 Y1200
G1 F3000 X-4.569 Y-32.2 E0.09009
M566 X1800 Y1800
G0 F7200 X-3.862 Y-32.2
M566 X1200 Y1200
G1 F3000 X-6.612 Y-29.45 E0.12127
M566 X1800 Y1800
G0 F7200 X-6.224 Y-29.13
M566 X1200 Y1200
G1 F3000 X-3.155 Y-32.2 E0.13536
M566 X1800 Y1800
G0 F7200 X-2.448 Y-32.2
M566 X1200 Y1200
G1 F3000 X-5.517 Y-29.13 E0.13536
M566 X1800 Y1800
G0 F7200 X-4.81 Y-29.13
M566 X1200 Y1200
G1 F3000 X-1.74 Y-32.2 E0.13538
M566 X1800 Y1800
G0 F7200 X-1.033 Y-32.2
M566 X1200 Y1200
G1 F3000 X-4.103 Y-29.13 E0.13538
M566 X1800 Y1800
G0 F7200 X-3.396 Y-29.13
M566 X1200 Y1200
G1 F3000 X-.326 Y-32.2 E0.13538
M566 X1800 Y1800
G0 F7200 X0.38 Y-32.2
M566 X1200 Y1200
G1 F3000 X-2.689 Y-29.13 E0.13536
M566 X1800 Y1800
G0 F7200 X-1.982 Y-29.13
M566 X1200 Y1200
G1 F3000 X1.087 Y-32.2 E0.13536
M566 X1800 Y1800
G0 F7200 X1.794 Y-32.2
M566 X1200 Y1200
G1 F3000 X-1.274 Y-29.13 E0.13533
M566 X1800 Y1800
G0 F7200 X-.567 Y-29.13
M566 X1200 Y1200
G1 F3000 X2.501 Y-32.2 E0.13533
M566 X1800 Y1800
G0 F7200 X3.208 Y-32.2
M566 X1200 Y1200
G1 F3000 X0.139 Y-29.13 E0.13536
M566 X1800 Y1800
G0 F7200 X0.846 Y-29.13
M566 X1200 Y1200
G1 F3000 X3.915 Y-32.2 E0.13536
M566 X1800 Y1800
G0 F7200 X4.623 Y-32.2
M566 X1200 Y1200
G1 F3000 X1.553 Y-29.13 E0.13538
M566 X1800 Y1800
G0 F7200 X2.26 Y-29.13
M566 X1200 Y1200
G1 F3000 X5.33 Y-32.2 E0.13538
M566 X1800 Y1800
G0 F7200 X6.037 Y-32.2
M566 X1200 Y1200
G1 F3000 X2.967 Y-29.13 E0.13538
M566 X1800 Y1800
G0 F7200 X3.674 Y-29.13
M566 X1200 Y1200
G1 F3000 X6.611 Y-32.067 E0.12951
M566 X1800 Y1800
G0 F7200 X6.611 Y-31.36
M566 X1200 Y1200
G1 F3000 X4.381 Y-29.13 E0.09834
M566 X1800 Y1800
G0 F7200 X5.089 Y-29.13
M566 X1200 Y1200
G1 F3000 X6.611 Y-30.653 E0.06714
M566 X1800 Y1800
G0 F7200 X6.611 Y-29.945
M566 X1200 Y1200
G1 F3000 X5.796 Y-29.13 E0.03594
M566 X1800 Y1800
G0 F7200 X6.503 Y-29.13
M566 X1200 Y1200
G1 F3000 X6.611 Y-29.238 E0.00476
M566 X1800 Y1800
G1 F1500 E-6.5
;MESH:NONMESH
G0 F600 X6.611 Y-29.238 Z6.4
G0 F7200 X4.314 Y-27.436
G0 X4.314 Y-26.001
G0 X4.314 Y-23.331
G0 X4.314 Y-21.896
G0 X5.031 Y-16.929
G0 X5.012 Y-.14
G0 X4.314 Y3.584
;TIME_ELAPSED:896.849522
;LAYER:40
M566 X1200 Y1200
;TYPE:WALL-INNER
;MESH:Roborama2026-Lasermount.3mf
G1 F1500 E6.5
G1 F6000 X4.538 Y3.353 E0.01003
G1 X5.084 Y2.597 E0.02908
G1 X5.51 Y1.765 E0.02915
G1 X5.808 Y0.878 E0.02918
G1 X5.971 Y-0.043 E0.02916
G1 X5.994 Y-.978 E0.02916
G1 X5.877 Y-1.905 E0.02913
G1 X5.624 Y-2.806 E0.02918
G1 X5.239 Y-3.658 E0.02915
G1 X4.733 Y-4.444 E0.02915
G1 X4.114 Y-5.144 E0.02914
G1 X3.399 Y-5.744 E0.0291
G1 X2.6 Y-6.232 E0.02919
G1 X1.737 Y-6.594 E0.02918
G1 X0.832 Y-6.826 E0.02913
G1 X-0.096 Y-6.918 E0.02908
G1 X-1.03 Y-6.874 E0.02916
G1 X-1.948 Y-6.688 E0.02921
G1 X-2.825 Y-6.367 E0.02912
G1 X-3.647 Y-5.92 E0.02918
G1 X-4.393 Y-5.355 E0.02918
G1 X-5.044 Y-4.686 E0.02911
G1 X-5.59 Y-3.928 E0.02913
G1 X-6.016 Y-3.097 E0.02912
G1 X-6.314 Y-2.211 E0.02915
G1 X-6.477 Y-1.29 E0.02916
G1 X-6.5 Y-.355 E0.02916
G1 X-6.383 Y0.572 E0.02913
G1 X-6.13 Y1.473 E0.02918
G1 X-5.745 Y2.325 E0.02915
G1 X-5.239 Y3.111 E0.02915
G1 X-4.821 Y3.584 E0.01968
G1 X-7.177 Y3.584 E0.07346
G1 X-7.177 Y-20.916 E0.76394
G1 X-4.82 Y-20.916 E0.07349
G1 X-5.044 Y-20.686 E0.01001
G1 X-5.59 Y-19.928 E0.02913
G1 X-6.016 Y-19.097 E0.02912
G1 X-6.314 Y-18.211 E0.02915
G1 X-6.477 Y-17.29 E0.02916
G1 X-6.5 Y-16.355 E0.02916
G1 X-6.383 Y-15.428 E0.02913
G1 X-6.13 Y-14.527 E0.02918
G1 X-5.745 Y-13.675 E0.02915
G1 X-5.239 Y-12.889 E0.02915
G1 X-4.62 Y-12.189 E0.02914
G1 X-3.905 Y-11.589 E0.0291
G1 X-3.106 Y-11.101 E0.02919
G1 X-2.244 Y-10.739 E0.02915
G1 X-1.339 Y-10.507 E0.02913
G1 X-.41 Y-10.415 E0.02911
G1 X0.523 Y-10.459 E0.02912
G1 X1.442 Y-10.645 E0.02924
G1 X2.319 Y-10.966 E0.02912
G1 X3.14 Y-11.413 E0.02915
G1 X3.887 Y-11.977 E0.02919
G1 X4.538 Y-12.647 E0.02913
G1 X5.084 Y-13.403 E0.02908
G1 X5.51 Y-14.235 E0.02915
G1 X5.808 Y-15.122 E0.02918
G1 X5.971 Y-16.043 E0.02916
G1 X5.994 Y-16.978 E0.02916
G1 X5.877 Y-17.905 E0.02913
G1 X5.624 Y-18.806 E0.02918
G1 X5.239 Y-19.658 E0.02915
G1 X4.733 Y-20.444 E0.02915
G1 X4.316 Y-20.916 E0.01964
G1 X7.177 Y-20.916 E0.08921
G1 X7.177 Y3.584 E0.76394
G1 X4.314 Y3.584 E0.08927
M566 X1800 Y1800
G0 F7200 X4.154 Y3.031
M566 X1200 Y1200
G1 F6000 X4.656 Y2.335 E0.02676
G1 X5.048 Y1.57 E0.0268
G1 X5.322 Y0.754 E0.02684
G1 X5.472 Y-0.093 E0.02682
G1 X5.493 Y-.953 E0.02682
G1 X5.386 Y-1.806 E0.02681
G1 X5.153 Y-2.634 E0.02682
G1 X4.799 Y-3.418 E0.02682
G1 X4.333 Y-4.141 E0.02682
G1 X3.764 Y-4.785 E0.0268
G1 X3.106 Y-5.337 E0.02678
G1 X2.372 Y-5.786 E0.02683
G1 X1.578 Y-6.119 E0.02685
G1 X0.745 Y-6.332 E0.02681
G1 X-.109 Y-6.417 E0.02676
G1 X-.968 Y-6.376 E0.02682
G1 X-1.812 Y-6.205 E0.02685
G1 X-2.619 Y-5.91 E0.02679
G1 X-3.375 Y-5.499 E0.02683
G1 X-4.061 Y-4.979 E0.02684
G1 X-4.66 Y-4.364 E0.02677
G1 X-5.162 Y-3.666 E0.02681
G1 X-5.554 Y-2.902 E0.02678
G1 X-5.828 Y-2.087 E0.02681
G1 X-5.978 Y-1.24 E0.02682
G1 X-5.999 Y-.38 E0.02682
G1 X-5.892 Y0.473 E0.02681
G1 X-5.659 Y1.301 E0.02682
G1 X-5.305 Y2.085 E0.02682
G1 X-4.839 Y2.808 E0.02682
G1 X-4.27 Y3.452 E0.0268
G1 X-3.612 Y4.004 E0.02678
G1 X-3.481 Y4.084 E0.00479
G1 X-4.058 Y4.084 E0.01317
G1 X-7.677 Y4.084 E0.11285
G1 X-7.677 Y-21.416 E0.79513
G1 X-4.061 Y-21.416 E0.11275
G1 X-3.484 Y-21.416 E0.01799
G1 X-4.061 Y-20.979 E0.01173
G1 X-4.66 Y-20.364 E0.02677
G1 X-5.162 Y-19.666 E0.02681
G1 X-5.554 Y-18.902 E0.02678
G1 X-5.828 Y-18.087 E0.02681
G1 X-5.978 Y-17.24 E0.02682
G1 X-5.999 Y-16.38 E0.02682
G1 X-5.892 Y-15.527 E0.02681
G1 X-5.659 Y-14.699 E0.02682
G1 X-5.305 Y-13.915 E0.02682
G1 X-4.839 Y-13.192 E0.02682
G1 X-4.27 Y-12.548 E0.0268
G1 X-3.612 Y-11.996 E0.02678
G1 X-2.878 Y-11.547 E0.02683
G1 X-2.084 Y-11.214 E0.02685
G1 X-1.252 Y-11.001 E0.02678
G1 X-.397 Y-10.916 E0.02679
G1 X0.461 Y-10.957 E0.02678
G1 X1.306 Y-11.128 E0.02688
G1 X2.113 Y-11.423 E0.02679
G1 X2.868 Y-11.834 E0.0268
G1 X3.555 Y-12.353 E0.02685
G1 X4.154 Y-12.969 E0.02679
G1 X4.656 Y-13.665 E0.02676
G1 X5.048 Y-14.43 E0.0268
G1 X5.322 Y-15.246 E0.02684
G1 X5.472 Y-16.093 E0.02682
G1 X5.493 Y-16.953 E0.02682
G1 X5.386 Y-17.806 E0.02681
G1 X5.153 Y-18.634 E0.02682
G1 X4.799 Y-19.418 E0.02682
G1 X4.333 Y-20.141 E0.02682
G1 X3.764 Y-20.785 E0.0268
G1 X3.106 Y-21.337 E0.02678
G1 X2.977 Y-21.416 E0.00472
G1 X3.555 Y-21.416 E0.01315
G1 X7.677 Y-21.416 E0.12853
G1 X7.677 Y4.084 E0.79513
G1 X3.555 Y4.084 E0.12853
G1 X2.977 Y4.084 E0.01802
G1 X3.555 Y3.647 E0.01174
G1 X4.154 Y3.031 E0.02679
M566 X1800 Y1800
G0 F7200 X3.77 Y2.709
M566 X1200 Y1200
G1 F6000 X4.228 Y2.073 E0.02444
G1 X4.586 Y1.375 E0.02446
G1 X4.836 Y0.63 E0.0245
G1 X4.973 Y-.143 E0.02448
G1 X4.992 Y-.928 E0.02448
G1 X4.895 Y-1.707 E0.02448
G1 X4.682 Y-2.462 E0.02446
G1 X4.359 Y-3.178 E0.02449
G1 X3.933 Y-3.838 E0.02449
G1 X3.414 Y-4.426 E0.02446
G1 X2.813 Y-4.93 E0.02446
G1 X2.143 Y-5.34 E0.02449
G1 X1.419 Y-5.644 E0.02448
G1 X0.658 Y-5.838 E0.02449
G1 X-.122 Y-5.916 E0.02444
G1 X-.906 Y-5.878 E0.02447
G1 X-1.676 Y-5.722 E0.0245
G1 X-2.413 Y-5.453 E0.02446
G1 X-3.103 Y-5.078 E0.02449
G1 X-3.729 Y-4.603 E0.0245
G1 X-4.276 Y-4.042 E0.02443
G1 X-4.734 Y-3.405 E0.02446
G1 X-5.092 Y-2.707 E0.02446
G1 X-5.342 Y-1.963 E0.02447
G1 X-5.479 Y-1.19 E0.02448
G1 X-5.498 Y-.405 E0.02448
G1 X-5.401 Y0.374 E0.02448
G1 X-5.188 Y1.129 E0.02446
G1 X-4.865 Y1.845 E0.02449
G1 X-4.439 Y2.505 E0.02449
G1 X-3.92 Y3.093 E0.02446
G1 X-3.319 Y3.597 E0.02446
G1 X-2.649 Y4.007 E0.02449
G1 X-1.925 Y4.311 E0.02448
G1 X-1.165 Y4.505 E0.02446
G1 X-.384 Y4.583 E0.02447
G1 X0.399 Y4.545 E0.02444
G1 X1.17 Y4.389 E0.02453
G1 X1.907 Y4.12 E0.02446
G1 X2.596 Y3.745 E0.02446
G1 X3.223 Y3.271 E0.02451
G1 X3.77 Y2.709 E0.02445
M566 X1800 Y1800
G0 F7200 X3.846 Y2.773
G0 X1.907 Y4.484
G0 X1.907 Y4.584
M566 X1200 Y1200
G1 F6000 X1.17 Y4.584 E0.01502
G1 X0.399 Y4.584 E0.00554
G1 X-.384 Y4.584 E0.00098
G1 X-1.165 Y4.584 E0.00193
G1 X-1.925 Y4.584 E0.00822
G1 X-2.488 Y4.584 E0.0141
G1 X-8.177 Y4.584 E0.17739
G1 X-8.177 Y-21.916 E0.82631
G1 X-2.413 Y-21.916 E0.17973
G1 X-1.676 Y-21.916 E0.02298
G1 X-.906 Y-21.916 E0.02401
G1 X-.122 Y-21.916 E0.02445
G1 X0.658 Y-21.916 E0.02432
G1 X1.419 Y-21.916 E0.02373
G1 X1.984 Y-21.916 E0.01762
G1 X8.177 Y-21.916 E0.19311
G1 X8.177 Y4.584 E0.82631
G1 X1.907 Y4.584 E0.19551
M566 X1800 Y1800
G0 F7200 X1.907 Y4.484
G0 X3.249 Y3.3
G0 X3.8 Y2.734
G0 X4.262 Y2.093
G0 X4.622 Y1.39
G0 X4.874 Y0.639
G0 X5.012 Y-.14
G0 X5.031 Y-.929
G0 X4.934 Y-1.714
G0 X1.197 Y-11.515
G0 X1.17 Y-11.611
M566 X1200 Y1200
G1 F6000 X1.907 Y-11.88 E0.02446
G1 X2.596 Y-12.255 E0.02446
G1 X3.223 Y-12.729 E0.02451
G1 X3.77 Y-13.291 E0.02445
G1 X4.228 Y-13.927 E0.02444
G1 X4.586 Y-14.625 E0.02446
G1 X4.836 Y-15.37 E0.0245
G1 X4.973 Y-16.143 E0.02448
G1 X4.992 Y-16.928 E0.02448
G1 X4.895 Y-17.707 E0.02448
G1 X4.682 Y-18.462 E0.02446
G1 X4.359 Y-19.178 E0.02449
G1 X3.933 Y-19.838 E0.02449
G1 X3.414 Y-20.426 E0.02446
G1 X2.813 Y-20.93 E0.02446
G1 X2.143 Y-21.34 E0.02449
G1 X1.419 Y-21.644 E0.021
G1 X0.658 Y-21.838 E0.00894
G1 X-.122 Y-21.916 E0.00198
G1 X-.906 Y-21.878 E0.02447
G1 X-1.676 Y-21.722 E0.00596
G1 X-2.413 Y-21.453 E0.01645
G1 X-3.103 Y-21.078 E0.02449
G1 X-3.729 Y-20.603 E0.0245
G1 X-4.276 Y-20.042 E0.02443
G1 X-4.734 Y-19.405 E0.02446
G1 X-5.092 Y-18.707 E0.02446
G1 X-5.342 Y-17.963 E0.02447
G1 X-5.479 Y-17.19 E0.02448
G1 X-5.498 Y-16.405 E0.02448
G1 X-5.401 Y-15.626 E0.02448
G1 X-5.188 Y-14.871 E0.02446
G1 X-4.865 Y-14.155 E0.02449
G1 X-4.439 Y-13.495 E0.02449
G1 X-3.92 Y-12.907 E0.02446
G1 X-3.319 Y-12.403 E0.02446
G1 X-2.649 Y-11.993 E0.02449
G1 X-1.925 Y-11.689 E0.02448
G1 X-1.165 Y-11.495 E0.02446
G1 X-.384 Y-11.417 E0.02447
G1 X0.399 Y-11.455 E0.02444
G1 X1.17 Y-11.611 E0.02453
M566 X1800 Y1800
G0 F7200 X1.034 Y-12.094
M566 X1200 Y1200
;TYPE:WALL-OUTER
G1 F3000 X1.701 Y-12.337 E0.02214
G1 X2.324 Y-12.676 E0.02212
G1 X2.891 Y-13.105 E0.02217
G1 X3.386 Y-13.613 E0.02212
G1 X3.8 Y-14.189 E0.02212
G1 X4.124 Y-14.82 E0.02212
G1 X4.35 Y-15.494 E0.02217
G1 X4.474 Y-16.193 E0.02214
G1 X4.491 Y-16.903 E0.02215
G1 X4.403 Y-17.608 E0.02215
G1 X4.211 Y-18.291 E0.02212
G1 X3.919 Y-18.938 E0.02213
G1 X3.533 Y-19.535 E0.02217
G1 X3.064 Y-20.067 E0.02211
G1 X2.52 Y-20.523 E0.02213
G1 X1.914 Y-20.894 E0.02216
G1 X1.26 Y-21.169 E0.02212
G1 X0.571 Y-21.344 E0.02217
G1 X-.135 Y-21.415 E0.02213
G1 X-.844 Y-21.38 E0.02213
G1 X-1.54 Y-21.239 E0.02214
G1 X-2.207 Y-20.996 E0.02214
G1 X-2.831 Y-20.657 E0.02214
G1 X-3.397 Y-20.227 E0.02216
G1 X-3.892 Y-19.72 E0.02209
G1 X-4.306 Y-19.144 E0.02212
G1 X-4.63 Y-18.512 E0.02215
G1 X-4.856 Y-17.839 E0.02214
G1 X-4.98 Y-17.14 E0.02214
G1 X-4.997 Y-16.43 E0.02215
G1 X-4.909 Y-15.725 E0.02215
G1 X-4.717 Y-15.042 E0.02212
G1 X-4.425 Y-14.395 E0.02213
G1 X-4.039 Y-13.798 E0.02217
G1 X-3.57 Y-13.266 E0.02211
G1 X-3.026 Y-12.81 E0.02213
G1 X-2.42 Y-12.439 E0.02216
G1 X-1.766 Y-12.164 E0.02212
G1 X-1.078 Y-11.989 E0.02214
G1 X-.371 Y-11.918 E0.02216
G1 X0.337 Y-11.953 E0.0221
G1 X1.034 Y-12.094 E0.02217
M566 X1800 Y1800
G0 F7200 X1.269 Y-12.179
G0 X1.474 Y-11.615
G0 X0.63 Y-5.94
G0 X0.571 Y-5.344
M566 X1200 Y1200
G1 F3000 X-.135 Y-5.415 E0.02213
G1 X-.844 Y-5.38 E0.02213
G1 X-1.54 Y-5.239 E0.02214
G1 X-2.207 Y-4.996 E0.02214
G1 X-2.831 Y-4.657 E0.02214
G1 X-3.397 Y-4.227 E0.02216
G1 X-3.892 Y-3.72 E0.02209
G1 X-4.306 Y-3.144 E0.02212
G1 X-4.63 Y-2.512 E0.02215
G1 X-4.856 Y-1.839 E0.02214
G1 X-4.98 Y-1.14 E0.02214
G1 X-4.997 Y-.43 E0.02215
G1 X-4.909 Y0.275 E0.02215
G1 X-4.717 Y0.958 E0.02212
G1 X-4.425 Y1.605 E0.02213
G1 X-4.039 Y2.202 E0.02217
G1 X-3.57 Y2.734 E0.02211
G1 X-3.026 Y3.19 E0.02213
G1 X-2.42 Y3.561 E0.02216
G1 X-1.766 Y3.836 E0.02212
G1 X-1.078 Y4.011 E0.02214
G1 X-.371 Y4.082 E0.02216
G1 X0.337 Y4.047 E0.0221
G1 X1.034 Y3.906 E0.02217
G1 X1.701 Y3.663 E0.02214
G1 X2.324 Y3.324 E0.02212
G1 X2.891 Y2.895 E0.02217
G1 X3.386 Y2.387 E0.02212
G1 X3.8 Y1.811 E0.02212
G1 X4.124 Y1.18 E0.02212
G1 X4.35 Y0.506 E0.02217
G1 X4.474 Y-.193 E0.02214
G1 X4.491 Y-.903 E0.02215
G1 X4.403 Y-1.608 E0.02215
G1 X4.211 Y-2.291 E0.02212
G1 X3.919 Y-2.938 E0.02213
G1 X3.533 Y-3.535 E0.02217
G1 X3.064 Y-4.067 E0.02211
G1 X2.52 Y-4.523 E0.02213
G1 X1.914 Y-4.894 E0.02216
G1 X1.26 Y-5.169 E0.02212
G1 X0.571 Y-5.344 E0.02217
M566 X1800 Y1800
G0 F7200 X0.323 Y-5.369
G0 X0.382 Y-5.965
G0 X8.107 Y-21.846
G0 X8.677 Y-22.416
M566 X1200 Y1200
G1 F3000 X8.677 Y5.084 E0.85749
G1 X-8.677 Y5.084 E0.54112
G1 X-8.677 Y-22.416 E0.85749
G1 X8.677 Y-22.416 E0.54112
M566 X1800 Y1800
G0 F7200 X8.677 Y-22.166
G0 X8.107 Y-21.846
G0 X6.687 Y-20.426
M566 X1200 Y1200
;TYPE:SKIN
G1 F3000 X6.687 Y3.094 E0.73339
G1 X5.33 Y3.094 E0.04231
G1 X5.503 Y2.854 E0.00923
G1 X5.963 Y1.955 E0.03149
G1 X6.284 Y0.999 E0.03144
G1 X6.459 Y0.006 E0.03144
G1 X6.484 Y-1.003 E0.03147
G1 X6.359 Y-2.003 E0.03142
G1 X6.086 Y-2.974 E0.03145
G1 X5.67 Y-3.893 E0.03145
G1 X5.125 Y-4.74 E0.03141
G1 X4.457 Y-5.496 E0.03146
G1 X3.685 Y-6.143 E0.03141
G1 X2.824 Y-6.669 E0.03146
G1 X1.894 Y-7.06 E0.03146
G1 X0.918 Y-7.31 E0.03142
G1 X-0.084 Y-7.41 E0.0314
G1 X-1.091 Y-7.362 E0.03144
G1 X-2.082 Y-7.161 E0.03153
G1 X-3.027 Y-6.814 E0.03139
G1 X-3.913 Y-6.333 E0.03144
G1 X-4.718 Y-5.723 E0.03149
G1 X-5.42 Y-5.002 E0.03138
G1 X-6.009 Y-4.185 E0.03141
G1 X-6.469 Y-3.287 E0.03146
G1 X-6.687 Y-2.638 E0.02135
G1 X-6.687 Y-14.697 E0.37602
G1 X-6.592 Y-14.359 E0.01095
G1 X-6.176 Y-13.44 E0.03145
G1 X-5.631 Y-12.593 E0.03141
G1 X-4.963 Y-11.837 E0.03146
G1 X-4.191 Y-11.19 E0.03141
G1 X-3.33 Y-10.664 E0.03146
G1 X-2.401 Y-10.273 E0.03143
G1 X-1.425 Y-10.023 E0.03142
G1 X-.422 Y-9.923 E0.03143
G1 X0.584 Y-9.971 E0.0314
G1 X1.576 Y-10.172 E0.03156
G1 X2.521 Y-10.519 E0.03139
G1 X3.406 Y-11 E0.03141
G1 X4.212 Y-11.609 E0.0315
G1 X4.914 Y-12.331 E0.0314
G1 X5.503 Y-13.146 E0.03135
G1 X5.963 Y-14.045 E0.03149
G1 X6.284 Y-15.001 E0.03144
G1 X6.459 Y-15.994 E0.03144
G1 X6.484 Y-17.003 E0.03147
G1 X6.359 Y-18.003 E0.03142
G1 X6.086 Y-18.974 E0.03145
G1 X5.67 Y-19.893 E0.03145
G1 X5.327 Y-20.426 E0.01976
G1 X6.687 Y-20.426 E0.04241
M566 X1800 Y1800
G0 F7200 X0.664 Y-21.877
G0 X-.121 Y-21.955
G0 X-.91 Y-21.917
G0 X-5.835 Y-20.426
M566 X1200 Y1200
G1 F3000 X-6.009 Y-20.185 E0.00927
G1 X-6.469 Y-19.287 E0.03146
G1 X-6.687 Y-18.638 E0.02135
G1 X-6.687 Y-20.426 E0.05575
G1 X-5.835 Y-20.426 E0.02657
M566 X1800 Y1800
G0 F7200 X-6.687 Y1.303
M566 X1200 Y1200
G1 F3000 X-6.592 Y1.641 E0.01095
G1 X-6.176 Y2.56 E0.03145
G1 X-5.833 Y3.094 E0.01979
G1 X-6.687 Y3.094 E0.02663
G1 X-6.687 Y1.303 E0.05585
M566 X1800 Y1800
G0 F7200 X-6.461 Y2.73
M566 X1200 Y1200
G1 F3000 X-6.323 Y2.868 E0.00609
M566 X1800 Y1800
G0 F7200 X-6.276 Y-4.154
M566 X1200 Y1200
G1 F3000 X-6.461 Y-4.34 E0.00818
M566 X1800 Y1800
G0 F7200 X-5.997 Y-4.583
M566 X1200 Y1200
G1 F3000 X-6.461 Y-5.047 E0.02046
M566 X1800 Y1800
G0 F7200 X-6.461 Y-5.754
M566 X1200 Y1200
G1 F3000 X-5.701 Y-4.994 E0.03351
M566 X1800 Y1800
G0 F7200 X-5.372 Y-5.372
M566 X1200 Y1200
G1 F3000 X-6.461 Y-6.461 E0.04802
M566 X1800 Y1800
G0 F7200 X-6.461 Y-7.168
M566 X1200 Y1200
G1 F3000 X-5.023 Y-5.73 E0.06341
M566 X1800 Y1800
G0 F7200 X-4.645 Y-6.059
M566 X1200 Y1200
G1 F3000 X-6.461 Y-7.875 E0.08008
M566 X1800 Y1800
G0 F7200 X-6.461 Y-8.582
M566 X1200 Y1200
G1 F3000 X-4.244 Y-6.365 E0.09776
M566 X1800 Y1800
G0 F7200 X-3.814 Y-6.642
M566 X1200 Y1200
G1 F3000 X-6.461 Y-9.289 E0.11673
M566 X1800 Y1800
G0 F7200 X-6.461 Y-9.997
M566 X1200 Y1200
G1 F3000 X-3.355 Y-6.891 E0.13697
M566 X1800 Y1800
G0 F7200 X-2.868 Y-7.111
M566 X1200 Y1200
G1 F3000 X-6.461 Y-10.704 E0.15844
M566 X1800 Y1800
G0 F7200 X-6.461 Y-11.411
M566 X1200 Y1200
G1 F3000 X-2.351 Y-7.301 E0.18124
M566 X1800 Y1800
G0 F7200 X-1.792 Y-7.449
M566 X1200 Y1200
G1 F3000 X-6.461 Y-12.118 E0.20589
M566 X1800 Y1800
G0 F7200 X-6.461 Y-12.825
M566 X1200 Y1200
G1 F3000 X-1.204 Y-7.568 E0.23182
M566 X1800 Y1800
G0 F7200 X-.542 Y-7.613
M566 X1200 Y1200
G1 F3000 X-3.36 Y-10.431 E0.12427
G1 X-3.448 Y-10.519
M566 X1800 Y1800
G0 F7200 X-2.212 Y-9.99
M566 X1200 Y1200
G1 F3000 X0.166 Y-7.611 E0.10489
M566 X1800 Y1800
G0 F7200 X0.953 Y-7.532
M566 X1200 Y1200
G1 F3000 X-1.298 Y-9.783 E0.09926
M566 X1800 Y1800
G0 F7200 X-.511 Y-9.704
M566 X1200 Y1200
G1 F3000 X1.902 Y-7.29 E0.10643
G1 X1.99 Y-7.202
M566 X1800 Y1800
G0 F7200 X3.191 Y-6.707
M566 X1200 Y1200
G1 F3000 X0.174 Y-9.724 E0.13304
M566 X1800 Y1800
G0 F7200 X0.818 Y-9.787
M566 X1200 Y1200
G1 F3000 X6.462 Y-4.144 E0.24886
M566 X1800 Y1800
G0 F7200 X5.809 Y-4.089
M566 X1200 Y1200
G1 F3000 X6.462 Y-3.437 E0.02877
M566 X1800 Y1800
G0 F7200 X6.359 Y-2.833
M566 X1200 Y1200
G1 F3000 X6.462 Y-2.73 E0.00454
M566 X1800 Y1800
G0 F7200 X6.462 Y-4.851
M566 X1200 Y1200
G1 F3000 X1.407 Y-9.906 E0.22291
M566 X1800 Y1800
G0 F7200 X1.951 Y-10.069
M566 X1200 Y1200
G1 F3000 X6.462 Y-5.558 E0.19892
M566 X1800 Y1800
G0 F7200 X6.462 Y-6.265
M566 X1200 Y1200
G1 F3000 X2.468 Y-10.259 E0.17612
M566 X1800 Y1800
G0 F7200 X2.942 Y-10.492
M566 X1200 Y1200
G1 F3000 X6.462 Y-6.972 E0.15522
M566 X1800 Y1800
G0 F7200 X6.462 Y-7.679
M566 X1200 Y1200
G1 F3000 X3.401 Y-10.74 E0.13498
M566 X1800 Y1800
G0 F7200 X3.82 Y-11.028
M566 X1200 Y1200
G1 F3000 X6.462 Y-8.386 E0.1165
M566 X1800 Y1800
G0 F7200 X6.462 Y-9.094
M566 X1200 Y1200
G1 F3000 X4.222 Y-11.333 E0.09876
M566 X1800 Y1800
G0 F7200 X4.589 Y-11.673
M566 X1200 Y1200
G1 F3000 X6.462 Y-9.801 E0.08257
M566 X1800 Y1800
G0 F7200 X6.462 Y-10.508
M566 X1200 Y1200
G1 F3000 X4.938 Y-12.032 E0.0672
M566 X1800 Y1800
G0 F7200 X5.256 Y-12.421
M566 X1200 Y1200
G1 F3000 X6.462 Y-11.215 E0.05318
M566 X1800 Y1800
G0 F7200 X6.462 Y-11.922
M566 X1200 Y1200
G1 F3000 X5.552 Y-12.831 E0.04011
M566 X1800 Y1800
G0 F7200 X5.82 Y-13.271
M566 X1200 Y1200
G1 F3000 X6.462 Y-12.629 E0.02831
M566 X1800 Y1800
G0 F7200 X6.462 Y-13.336
M566 X1200 Y1200
G1 F3000 X6.059 Y-13.739 E0.01777
M566 X1800 Y1800
G0 F7200 X6.462 Y-14.043
M566 X1200 Y1200
G1 F3000 X6.265 Y-14.24 E0.00869
M566 X1800 Y1800
G0 F7200 X6.462 Y-18.993
M566 X1200 Y1200
G1 F3000 X6.209 Y-19.246 E0.01116
M566 X1800 Y1800
G0 F7200 X6.462 Y-19.7
M566 X1200 Y1200
G1 F3000 X5.963 Y-20.199 E0.022
M566 X1800 Y1800
G0 F7200 X6.376 Y1.426
M566 X1200 Y1200
G1 F3000 X6.461 Y1.511 E0.00375
M566 X1800 Y1800
G0 F7200 X6.198 Y1.955
M566 X1200 Y1200
G1 F3000 X6.461 Y2.218 E0.0116
M566 X1800 Y1800
G0 F7200 X5.969 Y2.433
M566 X1200 Y1200
G1 F3000 X6.404 Y2.869 E0.0192
M566 X1800 Y1800
G0 F7200 X1.18 Y4.427
G0 X0.403 Y4.584
G0 X-.385 Y4.622
G0 X-1.171 Y4.544
G0 X-1.937 Y4.348
G0 X-2.667 Y4.042
G0 X-3.213 Y3.709
G0 X-6.523 Y0.901
M566 X1200 Y1200
;TYPE:SKIN
G1 F3000 X-6.951 Y0.473 E0.00944
M566 X1800 Y1800
G0 F7200 X-6.625 Y0.445
M566 X1200 Y1200
G1 F3000 X-6.951 Y0.119 E0.00719
M566 X1800 Y1800
G0 F7200 X-6.675 Y0.041
M566 X1200 Y1200
G1 F3000 X-6.951 Y-.234 E0.00607
M566 X1800 Y1800
G0 F7200 X-6.723 Y-.359
M566 X1200 Y1200
G1 F3000 X-6.951 Y-.587 E0.00503
M566 X1800 Y1800
G0 F7200 X-6.715 Y-.704
M566 X1200 Y1200
G1 F3000 X-6.951 Y-.941 E0.00521
M566 X1800 Y1800
G0 F7200 X-6.706 Y-1.05
M566 X1200 Y1200
G1 F3000 X-6.951 Y-1.294 E0.00539
M566 X1800 Y1800
G0 F7200 X-6.687 Y-1.383
M566 X1200 Y1200
G1 F3000 X-6.951 Y-1.648 E0.00583
M566 X1800 Y1800
G0 F7200 X-6.634 Y-1.684
M566 X1200 Y1200
G1 F3000 X-6.951 Y-2.001 E0.00699
M566 X1800 Y1800
G0 F7200 X-6.951 Y-2.355
M566 X1200 Y1200
G1 F3000 X-6.581 Y-1.984 E0.00817
M566 X1800 Y1800
G0 F7200 X-6.525 Y-2.283
M566 X1200 Y1200
G1 F3000 X-6.627 Y-2.384 E0.00224
M566 X1800 Y1800
G0 F7200 X-6.951 Y0.826
M566 X1200 Y1200
G1 F3000 X-6.713 Y1.064 E0.00525
M566 X1800 Y1800
G0 F7200 X-6.792 Y-14.924
M566 X1200 Y1200
G1 F3000 X-6.952 Y-15.084 E0.00353
M566 X1800 Y1800
G0 F7200 X-6.952 Y-15.437
M566 X1200 Y1200
G1 F3000 X-6.489 Y-14.974 E0.01021
M566 X1800 Y1800
G0 F7200 X-6.612 Y-15.451
M566 X1200 Y1200
G1 F3000 X-6.952 Y-15.791 E0.0075
M566 X1800 Y1800
G0 F7200 X-6.663 Y-15.856
M566 X1200 Y1200
G1 F3000 X-6.952 Y-16.144 E0.00636
M566 X1800 Y1800
G0 F7200 X-6.713 Y-16.259
M566 X1200 Y1200
G1 F3000 X-6.952 Y-16.498 E0.00527
M566 X1800 Y1800
G0 F7200 X-6.717 Y-16.617
M566 X1200 Y1200
G1 F3000 X-6.952 Y-16.851 E0.00517
M566 X1800 Y1800
G0 F7200 X-6.709 Y-16.962
M566 X1200 Y1200
G1 F3000 X-6.952 Y-17.205 E0.00536
M566 X1800 Y1800
G0 F7200 X-6.701 Y-17.307
M566 X1200 Y1200
G1 F3000 X-6.952 Y-17.558 E0.00553
M566 X1800 Y1800
G0 F7200 X-6.648 Y-17.608
M566 X1200 Y1200
G1 F3000 X-6.952 Y-17.912 E0.0067
M566 X1800 Y1800
G0 F7200 X-6.952 Y-18.265
M566 X1200 Y1200
G1 F3000 X-6.595 Y-17.908 E0.00787
M566 X1800 Y1800
G0 F7200 X-6.542 Y-18.209
M566 X1200 Y1200
G1 F3000 X-6.733 Y-18.401 E0.00422
M566 X1800 Y1800
G1 F1500 E-6.5
G0 F7200 X-7.177 Y-21.896
G0 X-7.177 Y-23.331
G0 X-7.177 Y-26.001
G0 X-7.177 Y-27.436
G0 X-7.177 Y-28.416
M566 X1200 Y1200
;TYPE:WALL-INNER
G1 F1500 E6.5
G1 F6000 X-7.178 Y-32.916 E0.14032
G1 X7.177 Y-32.916 E0.44761
G1 X7.177 Y-28.416 E0.14032
G1 X-7.177 Y-28.416 E0.44758
M566 X1800 Y1800
G0 F7200 X-7.677 Y-27.916
M566 X1200 Y1200
G1 F6000 X-7.678 Y-33.416 E0.1715
G1 X7.677 Y-33.416 E0.47879
G1 X7.677 Y-27.916 E0.1715
G1 X-7.677 Y-27.916 E0.47876
M566 X1800 Y1800
G0 F7200 X-8.177 Y-27.416
M566 X1200 Y1200
G1 F6000 X-8.178 Y-33.916 E0.20268
G1 X8.177 Y-33.916 E0.50997
G1 X8.177 Y-27.416 E0.20268
G1 X-8.177 Y-27.416 E0.50994
M566 X1800 Y1800
G0 F7200 X-8.677 Y-26.916
M566 X1200 Y1200
;TYPE:WALL-OUTER
G1 F3000 X-8.678 Y-34.416 E0.23386
G1 X8.677 Y-34.416 E0.54115
G1 X8.677 Y-26.916 E0.23386
G1 X-8.677 Y-26.916 E0.54112
M566 X1800 Y1800
G0 F7200 X-8.677 Y-27.166
G0 X-8.107 Y-27.486
G0 X-6.687 Y-28.906
M566 X1200 Y1200
;TYPE:SKIN
G1 F3000 X-6.688 Y-32.426 E0.10976
G1 X6.687 Y-32.426 E0.41705
G1 X6.687 Y-28.906 E0.10976
G1 X-6.687 Y-28.906 E0.41702
M566 X1800 Y1800
G0 F7200 X-6.462 Y-29.797
M566 X1200 Y1200
G1 F3000 X-5.796 Y-29.13 E0.02939
M566 X1800 Y1800
G0 F7200 X-5.089 Y-29.13
M566 X1200 Y1200
G1 F3000 X-6.462 Y-30.504 E0.06057
M566 X1800 Y1800
G0 F7200 X-6.462 Y-31.211
M566 X1200 Y1200
G1 F3000 X-4.381 Y-29.13 E0.09177
M566 X1800 Y1800
G0 F7200 X-3.674 Y-29.13
M566 X1200 Y1200
G1 F3000 X-6.462 Y-31.918 E0.12294
M566 X1800 Y1800
G0 F7200 X-6.037 Y-32.2
M566 X1200 Y1200
G1 F3000 X-2.967 Y-29.13 E0.13538
M566 X1800 Y1800
G0 F7200 X-2.26 Y-29.13
M566 X1200 Y1200
G1 F3000 X-5.33 Y-32.2 E0.13538
M566 X1800 Y1800
G0 F7200 X-4.623 Y-32.2
M566 X1200 Y1200
G1 F3000 X-1.553 Y-29.13 E0.13538
M566 X1800 Y1800
G0 F7200 X-.846 Y-29.13
M566 X1200 Y1200
G1 F3000 X-3.915 Y-32.2 E0.13536
M566 X1800 Y1800
G0 F7200 X-3.208 Y-32.2
M566 X1200 Y1200
G1 F3000 X-.139 Y-29.13 E0.13536
M566 X1800 Y1800
G0 F7200 X0.567 Y-29.13
M566 X1200 Y1200
G1 F3000 X-2.501 Y-32.2 E0.13533
M566 X1800 Y1800
G0 F7200 X-1.794 Y-32.2
M566 X1200 Y1200
G1 F3000 X1.274 Y-29.13 E0.13533
M566 X1800 Y1800
G0 F7200 X1.982 Y-29.13
M566 X1200 Y1200
G1 F3000 X-1.087 Y-32.2 E0.13536
M566 X1800 Y1800
G0 F7200 X-.38 Y-32.2
M566 X1200 Y1200
G1 F3000 X2.689 Y-29.13 E0.13536
M566 X1800 Y1800
G0 F7200 X3.396 Y-29.13
M566 X1200 Y1200
G1 F3000 X0.326 Y-32.2 E0.13538
M566 X1800 Y1800
G0 F7200 X1.033 Y-32.2
M566 X1200 Y1200
G1 F3000 X4.103 Y-29.13 E0.13538
M566 X1800 Y1800
G0 F7200 X4.81 Y-29.13
M566 X1200 Y1200
G1 F3000 X1.74 Y-32.2 E0.13538
M566 X1800 Y1800
G0 F7200 X2.448 Y-32.2
M566 X1200 Y1200
G1 F3000 X5.517 Y-29.13 E0.13536
M566 X1800 Y1800
G0 F7200 X6.224 Y-29.13
M566 X1200 Y1200
G1 F3000 X3.155 Y-32.2 E0.13536
M566 X1800 Y1800
G0 F7200 X3.862 Y-32.2
M566 X1200 Y1200
G1 F3000 X6.462 Y-29.6 E0.11465
M566 X1800 Y1800
G0 F7200 X6.462 Y-30.307
M566 X1200 Y1200
G1 F3000 X4.569 Y-32.2 E0.08348
M566 X1800 Y1800
G0 F7200 X5.276 Y-32.2
M566 X1200 Y1200
G1 F3000 X6.462 Y-31.014 E0.0523
M566 X1800 Y1800
G0 F7200 X6.462 Y-31.721
M566 X1200 Y1200
G1 F3000 X5.983 Y-32.2 E0.02112
M566 X1800 Y1800
G1 F1500 E-6.5
;MESH:NONMESH
G0 F600 X5.983 Y-32.2 Z6.55
G0 F7200 X4.314 Y-27.436
G0 X4.314 Y-26.001
G0 X4.314 Y-23.331
G0 X4.314 Y-21.896
G0 X5.031 Y-16.929
G0 X5.012 Y-.14
G0 X4.314 Y3.584
;TIME_ELAPSED:918.877039
;LAYER:41
M566 X1200 Y1200
;TYPE:WALL-INNER
;MESH:Roborama2026-Lasermount.3mf
G1 F1500 E6.5
G1 F6000 X4.538 Y3.353 E0.01003
G1 X5.084 Y2.597 E0.02908
G1 X5.51 Y1.765 E0.02915
G1 X5.808 Y0.878 E0.02918
G1 X5.971 Y-0.043 E0.02916
G1 X5.994 Y-.978 E0.02916
G1 X5.877 Y-1.905 E0.02913
G1 X5.624 Y-2.806 E0.02918
G1 X5.239 Y-3.658 E0.02915
G1 X4.733 Y-4.444 E0.02915
G1 X4.114 Y-5.144 E0.02914
G1 X3.399 Y-5.744 E0.0291
G1 X2.6 Y-6.232 E0.02919
G1 X1.737 Y-6.594 E0.02918
G1 X0.832 Y-6.826 E0.02913
G1 X-0.096 Y-6.918 E0.02908
G1 X-1.031 Y-6.874 E0.02919
G1 X-1.948 Y-6.688 E0.02918
G1 X-2.825 Y-6.367 E0.02912
G1 X-3.647 Y-5.92 E0.02918
G1 X-4.393 Y-5.355 E0.02918
G1 X-5.044 Y-4.686 E0.02911
G1 X-5.59 Y-3.928 E0.02913
G1 X-6.016 Y-3.097 E0.02912
G1 X-6.314 Y-2.211 E0.02915
G1 X-6.477 Y-1.29 E0.02916
G1 X-6.5 Y-.355 E0.02916
G1 X-6.383 Y0.572 E0.02913
G1 X-6.13 Y1.473 E0.02918
G1 X-5.745 Y2.325 E0.02915
G1 X-5.239 Y3.111 E0.02915
G1 X-4.821 Y3.584 E0.01968
G1 X-7.027 Y3.584 E0.06879
G1 X-7.027 Y-20.916 E0.76394
G1 X-4.82 Y-20.916 E0.06882
G1 X-5.044 Y-20.686 E0.01001
G1 X-5.59 Y-19.928 E0.02913
G1 X-6.016 Y-19.097 E0.02912
G1 X-6.314 Y-18.211 E0.02915
G1 X-6.477 Y-17.29 E0.02916
G1 X-6.5 Y-16.355 E0.02916
G1 X-6.383 Y-15.427 E0.02917
G1 X-6.133 Y-14.541 E0.02871
G1 X-5.851 Y-13.883 E0.02232
G1 X-5.418 Y-13.14 E0.02681
G1 X-4.839 Y-12.413 E0.02898
G1 X-4.154 Y-11.776 E0.02917
G1 X-3.378 Y-11.25 E0.02923
G1 X-2.537 Y-10.844 E0.02912
G1 X-1.644 Y-10.568 E0.02914
G1 X-.718 Y-10.43 E0.02919
G1 X0.212 Y-10.43 E0.029
G1 X1.138 Y-10.568 E0.02919
G1 X2.031 Y-10.844 E0.02914
G1 X2.872 Y-11.25 E0.02912
G1 X3.648 Y-11.776 E0.02923
G1 X4.333 Y-12.413 E0.02917
G1 X4.914 Y-13.145 E0.02914
G1 X5.382 Y-13.951 E0.02906
G1 X5.723 Y-14.822 E0.02917
G1 X5.932 Y-15.734 E0.02917
G1 X6 Y-16.666 E0.02914
G1 X5.932 Y-17.599 E0.02917
G1 X5.723 Y-18.511 E0.02917
G1 X5.382 Y-19.381 E0.02914
G1 X4.914 Y-20.188 E0.02909
G1 X4.336 Y-20.916 E0.02898
G1 X4.853 Y-20.916 E0.00588
G1 X7.027 Y-20.916 E0.06779
G1 X7.027 Y3.584 E0.76394
G1 X4.314 Y3.584 E0.0846
M566 X1800 Y1800
G0 F7200 X4.154 Y3.031
M566 X1200 Y1200
G1 F6000 X4.656 Y2.335 E0.02676
G1 X5.048 Y1.57 E0.0268
G1 X5.322 Y0.754 E0.02684
G1 X5.472 Y-0.093 E0.02682
G1 X5.493 Y-.953 E0.02682
G1 X5.386 Y-1.806 E0.02681
G1 X5.153 Y-2.634 E0.02682
G1 X4.799 Y-3.418 E0.02682
G1 X4.333 Y-4.141 E0.02682
G1 X3.764 Y-4.785 E0.0268
G1 X3.106 Y-5.337 E0.02678
G1 X2.372 Y-5.786 E0.02683
G1 X1.578 Y-6.119 E0.02685
G1 X0.745 Y-6.332 E0.02681
G1 X-.109 Y-6.417 E0.02676
G1 X-.969 Y-6.376 E0.02685
G1 X-1.812 Y-6.205 E0.02682
G1 X-2.619 Y-5.91 E0.02679
G1 X-3.375 Y-5.499 E0.02683
G1 X-4.061 Y-4.979 E0.02684
G1 X-4.66 Y-4.364 E0.02677
G1 X-5.162 Y-3.666 E0.02681
G1 X-5.554 Y-2.902 E0.02678
G1 X-5.828 Y-2.087 E0.02681
G1 X-5.978 Y-1.24 E0.02682
G1 X-5.999 Y-.38 E0.02682
G1 X-5.892 Y0.473 E0.02681
G1 X-5.659 Y1.301 E0.02682
G1 X-5.305 Y2.085 E0.02682
G1 X-4.839 Y2.808 E0.02682
G1 X-4.27 Y3.452 E0.0268
G1 X-3.612 Y4.004 E0.02678
G1 X-3.481 Y4.084 E0.00479
G1 X-4.058 Y4.084 E0.01317
G1 X-7.527 Y4.084 E0.10817
G1 X-7.527 Y-21.416 E0.79513
G1 X-4.061 Y-21.416 E0.10807
G1 X-3.484 Y-21.416 E0.01799
G1 X-4.061 Y-20.979 E0.01173
G1 X-4.66 Y-20.364 E0.02677
G1 X-5.162 Y-19.666 E0.02681
G1 X-5.554 Y-18.902 E0.02678
G1 X-5.828 Y-18.087 E0.02681
G1 X-5.978 Y-17.24 E0.02682
G1 X-5.999 Y-16.38 E0.02682
G1 X-5.892 Y-15.527 E0.02681
G1 X-5.661 Y-14.708 E0.02653
G1 X-5.404 Y-14.108 E0.02035
G1 X-5.004 Y-13.423 E0.02473
G1 X-4.471 Y-12.754 E0.02667
G1 X-3.841 Y-12.168 E0.02683
G1 X-3.128 Y-11.684 E0.02687
G1 X-2.354 Y-11.311 E0.02679
G1 X-1.533 Y-11.057 E0.0268
G1 X-.681 Y-10.93 E0.02686
G1 X0.175 Y-10.93 E0.02669
G1 X1.027 Y-11.057 E0.02686
G1 X1.848 Y-11.311 E0.0268
G1 X2.622 Y-11.684 E0.02679
G1 X3.335 Y-12.168 E0.02687
G1 X3.965 Y-12.754 E0.02683
G1 X4.5 Y-13.427 E0.02681
G1 X4.93 Y-14.169 E0.02674
G1 X5.244 Y-14.97 E0.02683
G1 X5.436 Y-15.809 E0.02684
G1 X5.499 Y-16.666 E0.02679
G1 X5.436 Y-17.524 E0.02683
G1 X5.244 Y-18.363 E0.02684
G1 X4.93 Y-19.163 E0.0268
G1 X4.5 Y-19.906 E0.02677
G1 X3.965 Y-20.579 E0.02681
G1 X3.335 Y-21.165 E0.02683
G1 X2.965 Y-21.416 E0.01394
G1 X7.527 Y-21.416 E0.14225
G1 X7.527 Y4.084 E0.79513
G1 X3.555 Y4.084 E0.12385
G1 X2.977 Y4.084 E0.01802
G1 X3.555 Y3.647 E0.01174
G1 X4.154 Y3.031 E0.02679
M566 X1800 Y1800
G0 F7200 X3.77 Y2.709
M566 X1200 Y1200
G1 F6000 X4.228 Y2.073 E0.02444
G1 X4.586 Y1.375 E0.02446
G1 X4.836 Y0.63 E0.0245
G1 X4.973 Y-.143 E0.02448
G1 X4.992 Y-.928 E0.02448
G1 X4.895 Y-1.707 E0.02448
G1 X4.682 Y-2.462 E0.02446
G1 X4.359 Y-3.178 E0.02449
G1 X3.933 Y-3.838 E0.02449
G1 X3.414 Y-4.426 E0.02446
G1 X2.813 Y-4.93 E0.02446
G1 X2.143 Y-5.34 E0.02449
G1 X1.419 Y-5.644 E0.02448
G1 X0.658 Y-5.838 E0.02449
G1 X-.122 Y-5.916 E0.02444
G1 X-.907 Y-5.878 E0.02451
G1 X-1.676 Y-5.722 E0.02447
G1 X-2.413 Y-5.453 E0.02446
G1 X-3.103 Y-5.078 E0.02449
G1 X-3.729 Y-4.603 E0.0245
G1 X-4.276 Y-4.042 E0.02443
G1 X-4.734 Y-3.405 E0.02446
G1 X-5.092 Y-2.707 E0.02446
G1 X-5.342 Y-1.963 E0.02447
G1 X-5.479 Y-1.19 E0.02448
G1 X-5.498 Y-.405 E0.02448
G1 X-5.401 Y0.374 E0.02448
G1 X-5.188 Y1.129 E0.02446
G1 X-4.865 Y1.845 E0.02449
G1 X-4.439 Y2.505 E0.02449
G1 X-3.92 Y3.093 E0.02446
G1 X-3.319 Y3.597 E0.02446
G1 X-2.649 Y4.007 E0.02449
G1 X-1.925 Y4.311 E0.02448
G1 X-1.165 Y4.505 E0.02446
G1 X-.384 Y4.583 E0.02447
G1 X0.399 Y4.545 E0.02444
G1 X1.17 Y4.389 E0.02453
G1 X1.907 Y4.12 E0.02446
G1 X2.596 Y3.745 E0.02446
G1 X3.223 Y3.271 E0.02451
G1 X3.77 Y2.709 E0.02445
M566 X1800 Y1800
G0 F7200 X3.846 Y2.773
G0 X1.907 Y4.484
G0 X1.907 Y4.584
M566 X1200 Y1200
G1 F6000 X1.17 Y4.584 E0.01502
G1 X0.399 Y4.584 E0.00554
G1 X-.384 Y4.584 E0.00098
G1 X-1.165 Y4.584 E0.00193
G1 X-1.925 Y4.584 E0.00822
G1 X-2.488 Y4.584 E0.0141
G1 X-8.027 Y4.584 E0.17271
G1 X-8.027 Y-21.916 E0.82631
G1 X-2.413 Y-21.916 E0.17505
G1 X-1.676 Y-21.916 E0.02298
G1 X-.906 Y-21.916 E0.02401
G1 X0.151 Y-21.916 E0.03296
G1 X0.916 Y-21.916 E0.02385
G1 X1.665 Y-21.916 E0.02335
G1 X8.027 Y-21.916 E0.19838
G1 X8.027 Y4.584 E0.82631
G1 X1.907 Y4.584 E0.19083
M566 X1800 Y1800
G0 F7200 X1.907 Y4.484
G0 X3.249 Y3.3
G0 X3.8 Y2.734
G0 X4.262 Y2.093
G0 X4.622 Y1.39
G0 X4.874 Y0.639
G0 X5.012 Y-.14
G0 X5.031 Y-.929
G0 X4.934 Y-1.714
G0 X4.761 Y-2.329
G0 X0.938 Y-11.449
G0 X0.916 Y-11.546
M566 X1200 Y1200
G1 F6000 X1.665 Y-11.778 E0.02445
G1 X2.372 Y-12.118 E0.02446
G1 X3.022 Y-12.56 E0.02451
G1 X3.597 Y-13.095 E0.02449
G1 X4.086 Y-13.709 E0.02448
G1 X4.478 Y-14.387 E0.02442
G1 X4.765 Y-15.118 E0.02449
G1 X4.94 Y-15.884 E0.0245
G1 X4.998 Y-16.666 E0.02445
G1 X4.94 Y-17.449 E0.02448
G1 X4.765 Y-18.215 E0.0245
G1 X4.478 Y-18.945 E0.02446
G1 X4.086 Y-19.624 E0.02445
G1 X3.597 Y-20.238 E0.02448
G1 X3.022 Y-20.773 E0.02449
G1 X2.372 Y-21.215 E0.02451
G1 X1.665 Y-21.555 E0.02446
G1 X0.916 Y-21.787 E0.0124
G1 X0.151 Y-21.901 E0.00363
G1 X-.135 Y-21.916 E0.00453
G1 X-.906 Y-21.878
G1 X-1.676 Y-21.722 E0.00596
G1 X-2.413 Y-21.453 E0.01645
G1 X-3.103 Y-21.078 E0.02449
G1 X-3.729 Y-20.603 E0.0245
G1 X-4.276 Y-20.042 E0.02443
G1 X-4.734 Y-19.405 E0.02446
G1 X-5.092 Y-18.707 E0.02446
G1 X-5.342 Y-17.963 E0.02447
G1 X-5.479 Y-17.19 E0.02448
G1 X-5.498 Y-16.405 E0.02448
G1 X-5.401 Y-15.626 E0.02448
G1 X-5.189 Y-14.875 E0.02433
G1 X-4.957 Y-14.333 E0.01838
G1 X-4.591 Y-13.707 E0.02261
G1 X-4.103 Y-13.095 E0.02441
G1 X-3.528 Y-12.56 E0.02449
G1 X-2.878 Y-12.118 E0.02451
G1 X-2.171 Y-11.778 E0.02446
G1 X-1.422 Y-11.546 E0.02445
G1 X-.644 Y-11.43 E0.02453
G1 X0.138 Y-11.43 E0.02438
G1 X0.916 Y-11.546 E0.02453
M566 X1800 Y1800
G0 F7200 X0.804 Y-12.035
M566 X1200 Y1200
;TYPE:WALL-OUTER
G1 F3000 X1.482 Y-12.245 E0.02213
G1 X2.122 Y-12.552 E0.02213
G1 X2.709 Y-12.952 E0.02215
G1 X3.229 Y-13.436 E0.02215
G1 X3.672 Y-13.991 E0.02214
G1 X4.026 Y-14.605 E0.0221
G1 X4.286 Y-15.266 E0.02215
G1 X4.444 Y-15.959 E0.02216
G1 X4.497 Y-16.666 E0.02211
G1 X4.444 Y-17.374 E0.02214
G1 X4.286 Y-18.067 E0.02216
G1 X4.026 Y-18.727 E0.02212
G1 X3.672 Y-19.342 E0.02213
G1 X3.229 Y-19.897 E0.02214
G1 X2.709 Y-20.381 E0.02215
G1 X2.122 Y-20.781 E0.02215
G1 X1.482 Y-21.088 E0.02213
G1 X0.804 Y-21.298 E0.02213
G1 X0.101 Y-21.403 E0.02216
G1 X-.135 Y-21.415 E0.00737
G1 X-.844 Y-21.38 E0.02213
G1 X-1.54 Y-21.239 E0.02214
G1 X-2.207 Y-20.996 E0.02214
G1 X-2.831 Y-20.657 E0.02214
G1 X-3.397 Y-20.227 E0.02216
G1 X-3.892 Y-19.72 E0.02209
G1 X-4.306 Y-19.144 E0.02212
G1 X-4.63 Y-18.512 E0.02215
G1 X-4.856 Y-17.839 E0.02214
G1 X-4.98 Y-17.14 E0.02214
G1 X-4.997 Y-16.43 E0.02215
G1 X-4.909 Y-15.725 E0.02215
G1 X-4.717 Y-15.042 E0.02212
G1 X-4.51 Y-14.559 E0.01639
G1 X-4.178 Y-13.991 E0.02051
G1 X-3.735 Y-13.436 E0.02214
G1 X-3.215 Y-12.952 E0.02215
G1 X-2.628 Y-12.552 E0.02215
G1 X-1.988 Y-12.245 E0.02213
G1 X-1.31 Y-12.035 E0.02213
G1 X-.607 Y-11.93 E0.02216
G1 X0.101 Y-11.93 E0.02208
G1 X0.804 Y-12.035 E0.02216
M566 X1800 Y1800
G0 F7200 X1.043 Y-12.109
G0 X1.22 Y-11.536
G0 X0.63 Y-5.94
G0 X0.571 Y-5.344
M566 X1200 Y1200
G1 F3000 X-.135 Y-5.415 E0.02213
G1 X-.845 Y-5.38 E0.02217
G1 X-1.54 Y-5.239 E0.02211
G1 X-2.207 Y-4.996 E0.02214
G1 X-2.831 Y-4.657 E0.02214
G1 X-3.397 Y-4.227 E0.02216
G1 X-3.892 Y-3.72 E0.02209
G1 X-4.306 Y-3.144 E0.02212
G1 X-4.63 Y-2.512 E0.02215
G1 X-4.856 Y-1.839 E0.02214
G1 X-4.98 Y-1.14 E0.02214
G1 X-4.997 Y-.43 E0.02215
G1 X-4.909 Y0.275 E0.02215
G1 X-4.717 Y0.958 E0.02212
G1 X-4.425 Y1.605 E0.02213
G1 X-4.039 Y2.202 E0.02217
G1 X-3.57 Y2.734 E0.02211
G1 X-3.026 Y3.19 E0.02213
G1 X-2.42 Y3.561 E0.02216
G1 X-1.766 Y3.836 E0.02212
G1 X-1.078 Y4.011 E0.02214
G1 X-.371 Y4.082 E0.02216
G1 X0.337 Y4.047 E0.0221
G1 X1.034 Y3.906 E0.02217
G1 X1.701 Y3.663 E0.02214
G1 X2.324 Y3.324 E0.02212
G1 X2.891 Y2.895 E0.02217
G1 X3.386 Y2.387 E0.02212
G1 X3.8 Y1.811 E0.02212
G1 X4.124 Y1.18 E0.02212
G1 X4.35 Y0.506 E0.02217
G1 X4.474 Y-.193 E0.02214
G1 X4.491 Y-.903 E0.02215
G1 X4.403 Y-1.608 E0.02215
G1 X4.211 Y-2.291 E0.02212
G1 X3.919 Y-2.938 E0.02213
G1 X3.533 Y-3.535 E0.02217
G1 X3.064 Y-4.067 E0.02211
G1 X2.52 Y-4.523 E0.02213
G1 X1.914 Y-4.894 E0.02216
G1 X1.26 Y-5.169 E0.02212
G1 X0.571 Y-5.344 E0.02217
M566 X1800 Y1800
G0 F7200 X0.323 Y-5.369
G0 X0.382 Y-5.965
G0 X3.728 Y-12.772
G0 X7.957 Y-21.846
G0 X8.527 Y-22.416
M566 X1200 Y1200
G1 F3000 X8.527 Y5.084 E0.85749
G1 X-8.527 Y5.084 E0.53177
G1 X-8.527 Y-22.416 E0.85749
G1 X8.527 Y-22.416 E0.53177
M566 X1800 Y1800
G0 F7200 X8.527 Y-22.166
G0 X7.957 Y-21.846
G0 X6.537 Y-20.426
M566 X1200 Y1200
;TYPE:SKIN
G1 F3000 X6.537 Y3.094 E0.73339
G1 X5.33 Y3.094 E0.03764
G1 X5.503 Y2.854 E0.00923
G1 X5.963 Y1.955 E0.03149
G1 X6.284 Y0.999 E0.03144
G1 X6.459 Y0.006 E0.03144
G1 X6.484 Y-1.003 E0.03147
G1 X6.359 Y-2.003 E0.03142
G1 X6.086 Y-2.974 E0.03145
G1 X5.67 Y-3.893 E0.03145
G1 X5.125 Y-4.74 E0.03141
G1 X4.457 Y-5.496 E0.03146
G1 X3.685 Y-6.143 E0.03141
G1 X2.824 Y-6.669 E0.03146
G1 X1.894 Y-7.06 E0.03146
G1 X0.918 Y-7.31 E0.03142
G1 X-0.084 Y-7.41 E0.0314
G1 X-1.092 Y-7.362 E0.03147
G1 X-2.082 Y-7.161 E0.0315
G1 X-3.027 Y-6.814 E0.03139
G1 X-3.913 Y-6.333 E0.03144
G1 X-4.718 Y-5.723 E0.03149
G1 X-5.42 Y-5.002 E0.03138
G1 X-6.009 Y-4.185 E0.03141
G1 X-6.469 Y-3.287 E0.03146
G1 X-6.537 Y-3.085 E0.00665
G1 X-6.537 Y-14.239 E0.3478
G1 X-6.29 Y-13.662 E0.01957
G1 X-5.824 Y-12.862 E0.02887
G1 X-5.2 Y-12.079 E0.03122
G1 X-4.46 Y-11.392 E0.03148
G1 X-3.623 Y-10.824 E0.03154
G1 X-2.717 Y-10.387 E0.03136
G1 X-1.753 Y-10.089 E0.03146
G1 X-.755 Y-9.94 E0.03146
G1 X0.249 Y-9.94 E0.03131
G1 X1.247 Y-10.089 E0.03146
G1 X2.211 Y-10.387 E0.03146
G1 X3.117 Y-10.824 E0.03136
G1 X3.954 Y-11.392 E0.03154
G1 X4.694 Y-12.08 E0.03151
G1 X5.32 Y-12.868 E0.03138
G1 X5.825 Y-13.737 E0.03134
G1 X6.193 Y-14.677 E0.03148
G1 X6.418 Y-15.661 E0.03147
G1 X6.492 Y-16.666 E0.03142
G1 X6.418 Y-17.672 E0.03145
G1 X6.193 Y-18.656 E0.03147
G1 X5.825 Y-19.595 E0.03145
G1 X5.343 Y-20.426 E0.02995
G1 X6.537 Y-20.426 E0.03723
M566 X1800 Y1800
G0 F7200 X0.924 Y-21.826
G0 X0.154 Y-21.94
G0 X-.91 Y-21.917
G0 X-5.835 Y-20.426
M566 X1200 Y1200
G1 F3000 X-6.009 Y-20.185 E0.00927
G1 X-6.469 Y-19.287 E0.03146
G1 X-6.537 Y-19.085 E0.00665
G1 X-6.537 Y-20.426 E0.04181
G1 X-5.835 Y-20.426 E0.02189
M566 X1800 Y1800
G0 F7200 X-6.537 Y1.763
M566 X1200 Y1200
G1 F3000 X-6.176 Y2.56 E0.02728
G1 X-5.833 Y3.094 E0.01979
G1 X-6.537 Y3.094 E0.02195
G1 X-6.537 Y1.763 E0.0415
M566 X1800 Y1800
G0 F7200 X-2.667 Y4.042
G0 X-1.937 Y4.348
G0 X-1.171 Y4.544
G0 X-.385 Y4.622
G0 X0.403 Y4.584
G0 X1.032 Y4.458
G0 X5.885 Y2.6
M566 X1200 Y1200
G1 F3000 X6.31 Y2.174 E0.01876
M566 X1800 Y1800
G0 F7200 X6.168 Y-3.339
M566 X1200 Y1200
G1 F3000 X6.311 Y-3.483 E0.00633
M566 X1800 Y1800
G0 F7200 X5.947 Y-3.826
M566 X1200 Y1200
G1 F3000 X6.311 Y-4.19 E0.01605
M566 X1800 Y1800
G0 F7200 X5.69 Y-4.275
M566 X1200 Y1200
G1 F3000 X6.311 Y-4.897 E0.02741
M566 X1800 Y1800
G0 F7200 X6.311 Y-5.604
M566 X1200 Y1200
G1 F3000 X5.413 Y-4.706 E0.0396
M566 X1800 Y1800
G0 F7200 X5.103 Y-5.103
M566 X1200 Y1200
G1 F3000 X6.311 Y-6.311 E0.05327
M566 X1800 Y1800
G0 F7200 X6.311 Y-7.018
M566 X1200 Y1200
G1 F3000 X4.772 Y-5.479 E0.06787
M566 X1800 Y1800
G0 F7200 X4.412 Y-5.826
M566 X1200 Y1200
G1 F3000 X6.311 Y-7.725 E0.08374
M566 X1800 Y1800
G0 F7200 X6.311 Y-8.432
M566 X1200 Y1200
G1 F3000 X4.027 Y-6.149 E0.1007
M566 X1800 Y1800
G0 F7200 X3.618 Y-6.446
M566 X1200 Y1200
G1 F3000 X6.311 Y-9.14 E0.11878
M566 X1800 Y1800
G0 F7200 X6.311 Y-9.847
M566 X1200 Y1200
G1 F3000 X3.179 Y-6.714 E0.13813
M566 X1800 Y1800
G0 F7200 X2.714 Y-6.957
M566 X1200 Y1200
G1 F3000 X6.311 Y-10.554 E0.15862
M566 X1800 Y1800
G0 F7200 X6.311 Y-11.261
M566 X1200 Y1200
G1 F3000 X2.216 Y-7.166 E0.18058
M566 X1800 Y1800
G0 F7200 X1.687 Y-7.344
M566 X1200 Y1200
G1 F3000 X6.311 Y-11.968 E0.20391
M566 X1800 Y1800
G0 F7200 X6.311 Y-12.675
M566 X1200 Y1200
G1 F3000 X1.125 Y-7.488 E0.22871
M566 X1800 Y1800
G0 F7200 X0.505 Y-7.576
M566 X1200 Y1200
G1 F3000 X4.798 Y-11.869 E0.18931
G1 X4.875 Y-11.946
G1 X6.311 Y-13.382 E0.06332
M566 X1800 Y1800
G0 F7200 X6.136 Y-13.915
M566 X1200 Y1200
G1 F3000 X6.311 Y-14.089 E0.00769
M566 X1800 Y1800
G0 F7200 X2.496 Y-10.274
M566 X1200 Y1200
G1 F3000 X-.146 Y-7.631 E0.11653
M566 X1800 Y1800
G0 F7200 X-.889 Y-7.595
M566 X1200 Y1200
G1 F3000 X1.421 Y-9.907 E0.10191
M566 X1800 Y1800
G0 F7200 X0.567 Y-9.76
M566 X1200 Y1200
G1 F3000 X-1.73 Y-7.461 E0.10134
G1 X-1.818 Y-7.373
M566 X1800 Y1800
G0 F7200 X-2.742 Y-7.157
M566 X1200 Y1200
G1 F3000 X-.184 Y-9.714 E0.11278
M566 X1800 Y1800
G0 F7200 X-.875 Y-9.731
M566 X1200 Y1200
G1 F3000 X-4.236 Y-6.37 E0.14821
G1 X-4.324 Y-6.282
M566 X1800 Y1800
G0 F7200 X-6.31 Y-6.416
M566 X1200 Y1200
G1 F3000 X-2.609 Y-10.117 E0.1632
M566 X1800 Y1800
G0 F7200 X-3.108 Y-10.326
M566 X1200 Y1200
G1 F3000 X-6.31 Y-7.124 E0.1412
M566 X1800 Y1800
G0 F7200 X-6.31 Y-7.831
M566 X1200 Y1200
G1 F3000 X-3.585 Y-10.557 E0.12019
M566 X1800 Y1800
G0 F7200 X-4.024 Y-10.825
M566 X1200 Y1200
G1 F3000 X-6.31 Y-8.538 E0.10083
M566 X1800 Y1800
G0 F7200 X-6.311 Y-9.244
M566 X1200 Y1200
G1 F3000 X-4.445 Y-11.11 E0.08229
M566 X1800 Y1800
G0 F7200 X-4.832 Y-11.431
M566 X1200 Y1200
G1 F3000 X-6.311 Y-9.951 E0.06524
M566 X1800 Y1800
G0 F7200 X-6.311 Y-10.658
M566 X1200 Y1200
G1 F3000 X-5.198 Y-11.771 E0.04908
M566 X1800 Y1800
G0 F7200 X-5.537 Y-12.14
M566 X1200 Y1200
G1 F3000 X-6.311 Y-11.366 E0.03413
M566 X1800 Y1800
G0 F7200 X-6.311 Y-12.073
M566 X1200 Y1200
G1 F3000 X-5.85 Y-12.534 E0.02033
M566 X1800 Y1800
G0 F7200 X-6.138 Y-12.953
M566 X1200 Y1200
G1 F3000 X-6.311 Y-12.78 E0.00763
M566 X1800 Y1800
G0 F7200 X-2.069 Y-9.951
M566 X1200 Y1200
G1 F3000 X-6.31 Y-5.709 E0.18704
M566 X1800 Y1800
G0 F7200 X-6.31 Y-5.002
M566 X1200 Y1200
G1 F3000 X-1.491 Y-9.822 E0.21253
G1 X-1.403 Y-9.91
M566 X1800 Y1800
G0 F7200 X-5.935 Y-4.671
M566 X1200 Y1200
G1 F3000 X-6.31 Y-4.295 E0.01656
M566 X1800 Y1800
G0 F7200 X3.626 Y-13.068
G0 X4.119 Y-13.687
G0 X4.514 Y-14.37
G0 X6.093 Y-19.528
M566 X1200 Y1200
G1 F3000 X6.311 Y-19.746 E0.00961
M566 X1800 Y1800
G0 F7200 X6.058 Y-20.2
M566 X1200 Y1200
G1 F3000 X5.852 Y-19.994 E0.00908
M566 X1800 Y1800
G0 F7200 X1.679 Y-21.592
G0 X0.924 Y-21.826
G0 X0.154 Y-21.94
G0 X-.91 Y-21.917
G0 X-1.686 Y-21.76
G0 X-2.429 Y-21.489
G0 X-2.991 Y-21.183
G0 X-6.379 Y-18.722
M566 X1200 Y1200
;TYPE:SKIN
G1 F3000 X-6.801 Y-18.3 E0.0093
M566 X1800 Y1800
G0 F7200 X-6.543 Y-18.205
M566 X1200 Y1200
G1 F3000 X-6.801 Y-17.947 E0.00569
M566 X1800 Y1800
G0 F7200 X-6.619 Y-17.775
M566 X1200 Y1200
G1 F3000 X-6.801 Y-17.593 E0.00401
M566 X1800 Y1800
G0 F7200 X-6.694 Y-17.346
M566 X1200 Y1200
G1 F3000 X-6.801 Y-17.239 E0.00236
M566 X1800 Y1800
G0 F7200 X-6.709 Y-16.978
M566 X1200 Y1200
G1 F3000 X-6.801 Y-16.886 E0.00203
M566 X1800 Y1800
G0 F7200 X-6.718 Y-16.616
M566 X1200 Y1200
G1 F3000 X-6.801 Y-16.532 E0.00184
M566 X1800 Y1800
G0 F7200 X-6.715 Y-16.265
M566 X1200 Y1200
G1 F3000 X-6.801 Y-16.179 E0.0019
M566 X1800 Y1800
G0 F7200 X-6.675 Y-15.951
M566 X1200 Y1200
G1 F3000 X-6.801 Y-15.825 E0.00278
M566 X1800 Y1800
G0 F7200 X-6.636 Y-15.636
M566 X1200 Y1200
G1 F3000 X-6.801 Y-15.472 E0.00363
M566 X1800 Y1800
G0 F7200 X-6.59 Y-15.33
M566 X1200 Y1200
G1 F3000 X-6.801 Y-15.118 E0.00466
M566 X1800 Y1800
G0 F7200 X-6.512 Y-15.054
M566 X1200 Y1200
G1 F3000 X-6.801 Y-14.765 E0.00637
M566 X1800 Y1800
G0 F7200 X-6.78 Y-14.432
M566 X1200 Y1200
G1 F3000 X-6.434 Y-14.778 E0.00763
M566 X1800 Y1800
G0 F7200 X-6.801 Y-18.654
M566 X1200 Y1200
G1 F3000 X-6.603 Y-18.852 E0.00437
M566 X1800 Y1800
G0 F7200 X-6.68 Y-2.865
M566 X1200 Y1200
G1 F3000 X-6.8 Y-2.744 E0.00266
M566 X1800 Y1800
G0 F7200 X-6.8 Y-2.391
M566 X1200 Y1200
G1 F3000 X-6.376 Y-2.815 E0.00935
M566 X1800 Y1800
G0 F7200 X-6.511 Y-2.327
M566 X1200 Y1200
G1 F3000 X-6.8 Y-2.037 E0.00638
M566 X1800 Y1800
G0 F7200 X-6.599 Y-1.885
M566 X1200 Y1200
G1 F3000 X-6.8 Y-1.684 E0.00443
M566 X1800 Y1800
G0 F7200 X-6.675 Y-1.456
M566 X1200 Y1200
G1 F3000 X-6.8 Y-1.33 E0.00277
M566 X1800 Y1800
G0 F7200 X-6.706 Y-1.071
M566 X1200 Y1200
G1 F3000 X-6.8 Y-.977 E0.00207
M566 X1800 Y1800
G0 F7200 X-6.716 Y-.708
M566 X1200 Y1200
G1 F3000 X-6.8 Y-.623 E0.00186
M566 X1800 Y1800
G0 F7200 X-6.724 Y-.346
M566 X1200 Y1200
G1 F3000 X-6.8 Y-.27 E0.00168
M566 X1800 Y1800
G0 F7200 X-6.685 Y-0.031
M566 X1200 Y1200
G1 F3000 X-6.8 Y0.083 E0.00252
M566 X1800 Y1800
G0 F7200 X-6.646 Y0.282
M566 X1200 Y1200
G1 F3000 X-6.8 Y0.436 E0.0034
M566 X1800 Y1800
G0 F7200 X-6.607 Y0.596
M566 X1200 Y1200
G1 F3000 X-6.8 Y0.79 E0.00427
M566 X1800 Y1800
G0 F7200 X-6.532 Y0.875
M566 X1200 Y1200
G1 F3000 X-6.8 Y1.144 E0.00592
M566 X1800 Y1800
G0 F7200 X-6.454 Y1.151
M566 X1200 Y1200
G1 F3000 X-6.8 Y1.497 E0.00763
M566 X1800 Y1800
G0 F7200 X-6.448 Y1.499
M566 X1200 Y1200
G1 F3000 X-6.377 Y1.427 E0.00158
M566 X1800 Y1800
G1 F1500 E-6.5
G0 F7200 X-7.027 Y-21.896
G0 X-7.027 Y-23.331
G0 X-7.027 Y-26.001
G0 X-7.027 Y-27.436
G0 X-7.027 Y-28.416
M566 X1200 Y1200
;TYPE:WALL-INNER
G1 F1500 E6.5
G1 F6000 X-7.028 Y-32.916 E0.14032
G1 X7.027 Y-32.916 E0.43825
G1 X7.027 Y-28.416 E0.14032
G1 X-7.027 Y-28.416 E0.43822
M566 X1800 Y1800
G0 F7200 X-7.527 Y-27.916
M566 X1200 Y1200
G1 F6000 X-7.528 Y-33.416 E0.1715
G1 X7.527 Y-33.416 E0.46944
G1 X7.527 Y-27.916 E0.1715
G1 X-7.527 Y-27.916 E0.4694
M566 X1800 Y1800
G0 F7200 X-8.027 Y-27.416
M566 X1200 Y1200
G1 F6000 X-8.028 Y-33.916 E0.20268
G1 X8.027 Y-33.916 E0.50062
G1 X8.027 Y-27.416 E0.20268
G1 X-8.027 Y-27.416 E0.50059
M566 X1800 Y1800
G0 F7200 X-8.527 Y-26.916
M566 X1200 Y1200
;TYPE:WALL-OUTER
G1 F3000 X-8.528 Y-34.416 E0.23386
G1 X8.527 Y-34.416 E0.5318
G1 X8.527 Y-26.916 E0.23386
G1 X-8.527 Y-26.916 E0.53177
M566 X1800 Y1800
G0 F7200 X-8.527 Y-27.166
G0 X-7.957 Y-27.486
G0 X-6.537 Y-28.906
M566 X1200 Y1200
;TYPE:SKIN
G1 F3000 X-6.538 Y-32.426 E0.10976
G1 X6.537 Y-32.426 E0.4077
G1 X6.537 Y-28.906 E0.10976
G1 X-6.537 Y-28.906 E0.40767
M566 X1800 Y1800
G0 F7200 X-6.312 Y-31.871
M566 X1200 Y1200
G1 F3000 X-5.983 Y-32.2 E0.01451
M566 X1800 Y1800
G0 F7200 X-5.276 Y-32.2
M566 X1200 Y1200
G1 F3000 X-6.312 Y-31.164 E0.04568
M566 X1800 Y1800
G0 F7200 X-6.311 Y-30.457
M566 X1200 Y1200
G1 F3000 X-4.569 Y-32.2 E0.07684
M566 X1800 Y1800
G0 F7200 X-3.862 Y-32.2
M566 X1200 Y1200
G1 F3000 X-6.311 Y-29.75 E0.10802
M566 X1800 Y1800
G0 F7200 X-6.225 Y-29.129
M566 X1200 Y1200
G1 F3000 X-3.155 Y-32.2 E0.1354
M566 X1800 Y1800
G0 F7200 X-2.448 Y-32.2
M566 X1200 Y1200
G1 F3000 X-5.518 Y-29.129 E0.1354
M566 X1800 Y1800
G0 F7200 X-4.811 Y-29.129
M566 X1200 Y1200
G1 F3000 X-1.74 Y-32.2 E0.13542
M566 X1800 Y1800
G0 F7200 X-1.033 Y-32.2
M566 X1200 Y1200
G1 F3000 X-4.104 Y-29.129 E0.13542
M566 X1800 Y1800
G0 F7200 X-3.396 Y-29.129
M566 X1200 Y1200
G1 F3000 X-.326 Y-32.2 E0.1354
M566 X1800 Y1800
G0 F7200 X0.38 Y-32.2
M566 X1200 Y1200
G1 F3000 X-2.689 Y-29.129 E0.13538
M566 X1800 Y1800
G0 F7200 X-1.982 Y-29.129
M566 X1200 Y1200
G1 F3000 X1.087 Y-32.2 E0.13538
M566 X1800 Y1800
G0 F7200 X1.794 Y-32.2
M566 X1200 Y1200
G1 F3000 X-1.275 Y-29.129 E0.13538
M566 X1800 Y1800
G0 F7200 X-.568 Y-29.129
M566 X1200 Y1200
G1 F3000 X2.501 Y-32.2 E0.13538
M566 X1800 Y1800
G0 F7200 X3.208 Y-32.2
M566 X1200 Y1200
G1 F3000 X0.138 Y-29.129 E0.1354
M566 X1800 Y1800
G0 F7200 X0.845 Y-29.129
M566 X1200 Y1200
G1 F3000 X3.915 Y-32.2 E0.1354
M566 X1800 Y1800
G0 F7200 X4.623 Y-32.2
M566 X1200 Y1200
G1 F3000 X1.552 Y-29.129 E0.13542
M566 X1800 Y1800
G0 F7200 X2.259 Y-29.129
M566 X1200 Y1200
G1 F3000 X5.33 Y-32.2 E0.13542
M566 X1800 Y1800
G0 F7200 X6.037 Y-32.2
M566 X1200 Y1200
G1 F3000 X2.967 Y-29.129 E0.1354
M566 X1800 Y1800
G0 F7200 X3.674 Y-29.129
M566 X1200 Y1200
G1 F3000 X6.311 Y-31.767 E0.11631
M566 X1800 Y1800
G0 F7200 X6.311 Y-31.06
M566 X1200 Y1200
G1 F3000 X4.381 Y-29.129 E0.08513
M566 X1800 Y1800
G0 F7200 X5.088 Y-29.129
M566 X1200 Y1200
G1 F3000 X6.311 Y-30.353 E0.05395
M566 X1800 Y1800
G0 F7200 X6.311 Y-29.646
M566 X1200 Y1200
G1 F3000 X5.795 Y-29.129 E0.02278
M566 X1800 Y1800
G1 F1500 E-6.5
;MESH:NONMESH
G0 F600 X5.795 Y-29.129 Z6.7
G0 F7200 X4.333 Y-27.436
G0 X4.333 Y-26.001
G0 X4.333 Y-23.331
G0 X4.333 Y-21.896
G0 X4.979 Y-17.454
G0 X5.038 Y-16.666
G0 X5.012 Y-.14
G0 X4.333 Y3.584
;TIME_ELAPSED:940.827149
;LAYER:42
M566 X1200 Y1200
;TYPE:WALL-INNER
;MESH:Roborama2026-Lasermount.3mf
G1 F1500 E6.5
G1 F6000 X4.914 Y2.857 E0.02902
G1 X5.382 Y2.049 E0.02912
G1 X5.723 Y1.178 E0.02917
G1 X5.932 Y0.266 E0.02917
G1 X6 Y-.666 E0.02914
G1 X5.932 Y-1.599 E0.02917
G1 X5.726 Y-2.496 E0.0287
G1 X5.481 Y-3.159 E0.02204
G1 X5.081 Y-3.93 E0.02708
G1 X4.538 Y-4.686 E0.02902
G1 X3.887 Y-5.355 E0.02911
G1 X3.14 Y-5.92 E0.0292
G1 X2.319 Y-6.367 E0.02915
G1 X1.442 Y-6.688 E0.02912
G1 X0.542 Y-6.868 E0.02862
G1 X-.102 Y-6.918 E0.02014
G1 X-.79 Y-6.896 E0.02146
G1 X-1.652 Y-6.762 E0.0272
G1 X-2.584 Y-6.469 E0.03046
G1 X-3.381 Y-6.083 E0.02761
G1 X-4.154 Y-5.557 E0.02915
G1 X-4.839 Y-4.92 E0.02917
G1 X-5.42 Y-4.188 E0.02914
G1 X-5.888 Y-3.381 E0.02909
G1 X-6.229 Y-2.511 E0.02914
G1 X-6.438 Y-1.599 E0.02917
G1 X-6.506 Y-.666 E0.02917
G1 X-6.438 Y0.266 E0.02914
G1 X-6.232 Y1.163 E0.0287
G1 X-5.987 Y1.826 E0.02204
G1 X-5.587 Y2.598 E0.02711
G1 X-5.044 Y3.353 E0.029
G1 X-4.82 Y3.584 E0.01003
G1 X-6.877 Y3.584 E0.06414
G1 X-6.877 Y0.266 E0.10346
G1 X-6.877 Y-.666 E0.02354
G1 X-6.877 Y-1.599 E0.02356
G1 X-6.877 Y-15.731 E0.44066
G1 X-6.877 Y-16.616 E0.0276
G1 X-6.877 Y-17.595 E0.03053
G1 X-6.877 Y-20.916 E0.10355
G1 X-5.359 Y-20.916 E0.04733
G1 X-4.841 Y-20.916 E0.01615
G1 X-5.42 Y-20.189 E0.01872
G1 X-5.888 Y-19.381 E0.02912
G1 X-6.229 Y-18.511 E0.02914
G1 X-6.438 Y-17.595 E0.0293
G1 X-6.506 Y-16.616 E0.0248
G1 X-6.438 Y-15.731 E0.02243
G1 X-6.229 Y-14.819 E0.02917
G1 X-5.866 Y-13.906 E0.03064
G1 X-5.42 Y-13.142 E0.02758
G1 X-4.839 Y-12.413 E0.02907
G1 X-4.154 Y-11.776 E0.02917
G1 X-3.378 Y-11.25 E0.02923
G1 X-2.537 Y-10.844 E0.02912
G1 X-1.643 Y-10.568 E0.02917
G1 X-.734 Y-10.433 E0.02865
G1 X-0.027 Y-10.416 E0.02205
G1 X0.837 Y-10.51 E0.0271
G1 X1.737 Y-10.739 E0.02896
G1 X2.6 Y-11.101 E0.02918
G1 X3.399 Y-11.589 E0.02919
G1 X4.114 Y-12.189 E0.0291
G1 X4.733 Y-12.889 E0.02914
G1 X5.239 Y-13.675 E0.02915
G1 X5.624 Y-14.527 E0.02915
G1 X5.877 Y-15.428 E0.02918
G1 X5.994 Y-16.355 E0.02913
G1 X5.971 Y-17.29 E0.02916
G1 X5.808 Y-18.214 E0.02926
G1 X5.49 Y-19.143 E0.03062
G1 X5.081 Y-19.93 E0.02766
G1 X4.538 Y-20.686 E0.02902
G1 X4.314 Y-20.916 E0.01001
G1 X6.877 Y-20.916 E0.07992
G1 X6.877 Y3.584 E0.76394
G1 X4.852 Y3.584 E0.06314
G1 X4.333 Y3.584 E0.00591
M566 X1800 Y1800
G0 F7200 X3.965 Y3.244
M566 X1200 Y1200
G1 F6000 X4.5 Y2.574 E0.02673
G1 X4.93 Y1.831 E0.02677
G1 X5.244 Y1.03 E0.02683
G1 X5.436 Y0.191 E0.02684
G1 X5.499 Y-.666 E0.02679
G1 X5.436 Y-1.524 E0.02683
G1 X5.246 Y-2.353 E0.02652
G1 X5.023 Y-2.956 E0.02005
G1 X4.654 Y-3.668 E0.02501
G1 X4.154 Y-4.364 E0.02672
G1 X3.555 Y-4.979 E0.02677
G1 X2.868 Y-5.499 E0.02687
G1 X2.113 Y-5.91 E0.0268
G1 X1.306 Y-6.205 E0.02679
G1 X0.473 Y-6.372 E0.02649
G1 X-.113 Y-6.417 E0.01833
G1 X-.744 Y-6.397 E0.01969
G1 X-1.538 Y-6.274 E0.02505
G1 X-2.399 Y-6.003 E0.02815
G1 X-3.13 Y-5.649 E0.02533
G1 X-3.841 Y-5.165 E0.02682
G1 X-4.471 Y-4.579 E0.02683
G1 X-5.006 Y-3.906 E0.02681
G1 X-5.436 Y-3.163 E0.02677
G1 X-5.75 Y-2.363 E0.0268
G1 X-5.942 Y-1.524 E0.02684
G1 X-6.005 Y-.666 E0.02683
G1 X-5.942 Y0.191 E0.02679
G1 X-5.752 Y1.02 E0.02652
G1 X-5.529 Y1.624 E0.02008
G1 X-5.16 Y2.336 E0.02501
G1 X-4.66 Y3.031 E0.0267
G1 X-4.061 Y3.647 E0.02679
G1 X-3.483 Y4.084 E0.02259
G1 X-4.061 Y4.084 E0.00718
G1 X-7.377 Y4.084 E0.1034
G1 X-7.377 Y-21.416 E0.79513
G1 X-3.471 Y-21.416 E0.12179
G1 X-3.879 Y-21.133 E0.01548
G1 X-4.471 Y-20.577 E0.02532
G1 X-5.006 Y-19.906 E0.02676
G1 X-5.436 Y-19.163 E0.02677
G1 X-5.75 Y-18.363 E0.0268
G1 X-5.942 Y-17.522 E0.0269
G1 X-6.005 Y-16.618 E0.02826
G1 X-5.942 Y-15.807 E0.02536
G1 X-5.75 Y-14.968 E0.02684
G1 X-5.415 Y-14.126 E0.02826
G1 X-5.006 Y-13.425 E0.02531
G1 X-4.471 Y-12.754 E0.02676
G1 X-3.841 Y-12.168 E0.02683
G1 X-3.128 Y-11.684 E0.02687
G1 X-2.354 Y-11.311 E0.02679
G1 X-1.532 Y-11.057 E0.02683
G1 X-.691 Y-10.932 E0.02651
G1 X-0.048 Y-10.917 E0.02006
G1 X0.748 Y-11.003 E0.02496
G1 X1.578 Y-11.214 E0.0267
G1 X2.372 Y-11.547 E0.02685
G1 X3.106 Y-11.996 E0.02683
G1 X3.764 Y-12.548 E0.02678
G1 X4.333 Y-13.192 E0.0268
G1 X4.799 Y-13.915 E0.02682
G1 X5.153 Y-14.699 E0.02682
G1 X5.386 Y-15.527 E0.02682
G1 X5.493 Y-16.38 E0.02681
G1 X5.472 Y-17.24 E0.02682
G1 X5.322 Y-18.089 E0.02688
G1 X5.029 Y-18.946 E0.02824
G1 X4.654 Y-19.668 E0.02537
G1 X4.154 Y-20.364 E0.02672
G1 X3.555 Y-20.979 E0.02677
G1 X2.978 Y-21.416 E0.02257
G1 X3.555 Y-21.416 E0.00717
G1 X7.377 Y-21.416 E0.11918
G1 X7.377 Y4.084 E0.79513
G1 X2.98 Y4.084 E0.1371
G1 X3.38 Y3.792 E0.01544
G1 X3.965 Y3.244 E0.02499
M566 X1800 Y1800
G0 F7200 X3.597 Y2.904
M566 X1200 Y1200
G1 F6000 X4.086 Y2.291 E0.02445
G1 X4.478 Y1.613 E0.02442
G1 X4.765 Y0.882 E0.02449
G1 X4.94 Y0.116 E0.0245
G1 X4.998 Y-.666 E0.02445
G1 X4.94 Y-1.449 E0.02448
G1 X4.766 Y-2.21 E0.02434
G1 X4.565 Y-2.754 E0.01808
G1 X4.227 Y-3.406 E0.0229
G1 X3.77 Y-4.042 E0.02442
G1 X3.223 Y-4.603 E0.02443
G1 X2.596 Y-5.078 E0.02453
G1 X1.907 Y-5.453 E0.02446
G1 X1.17 Y-5.722 E0.02446
G1 X0.405 Y-5.876 E0.02433
G1 X-.124 Y-5.916 E0.01654
G1 X-.698 Y-5.898 E0.01791
G1 X-1.424 Y-5.786 E0.02291
G1 X-2.214 Y-5.537 E0.02583
G1 X-2.879 Y-5.215 E0.02304
G1 X-3.528 Y-4.773 E0.02448
G1 X-4.103 Y-4.238 E0.02449
G1 X-4.592 Y-3.624 E0.02448
G1 X-4.984 Y-2.945 E0.02445
G1 X-5.271 Y-2.215 E0.02446
G1 X-5.446 Y-1.449 E0.0245
G1 X-5.504 Y-.666 E0.02448
G1 X-5.446 Y0.116 E0.02445
G1 X-5.272 Y0.877 E0.02434
G1 X-5.071 Y1.422 E0.01811
G1 X-4.733 Y2.074 E0.0229
G1 X-4.276 Y2.709 E0.02439
G1 X-3.729 Y3.271 E0.02445
G1 X-3.103 Y3.745 E0.02448
G1 X-2.413 Y4.12 E0.02449
G1 X-1.676 Y4.389 E0.02446
G1 X-.911 Y4.544 E0.02434
G1 X-.331 Y4.583 E0.01813
G1 X0.4 Y4.544 E0.02283
G1 X1.17 Y4.389 E0.02449
G1 X1.907 Y4.12 E0.02446
G1 X2.592 Y3.748 E0.02431
G1 X3.061 Y3.406 E0.0181
G1 X3.597 Y2.904 E0.0229
M566 X1800 Y1800
G0 F7200 X3.67 Y2.971
G0 X1.907 Y4.484
G0 X1.907 Y4.584
M566 X1200 Y1200
G1 F6000 X1.17 Y4.584 E0.01502
G1 X0.4 Y4.584 E0.00556
G1 X-.331 Y4.584 E0.00093
G1 X-.911 Y4.584 E0.00074
G1 X-1.676 Y4.584 E0.00552
G1 X-2.413 Y4.584 E0.01502
G1 X-7.877 Y4.584 E0.17038
G1 X-7.877 Y-21.916 E0.82631
G1 X-2.222 Y-21.916 E0.17633
G1 X-1.672 Y-21.916 E0.01715
G1 X-.907 Y-21.916 E0.02385
G1 X-.129 Y-21.916 E0.02426
G1 X0.405 Y-21.916 E0.01665
G1 X1.17 Y-21.916 E0.02385
G1 X1.907 Y-21.916 E0.02298
G1 X7.877 Y-21.916 E0.18615
G1 X7.877 Y4.584 E0.82631
G1 X1.907 Y4.584 E0.18615
M566 X1800 Y1800
G0 F7200 X1.907 Y4.484
G0 X3.626 Y2.931
G0 X4.119 Y2.313
G0 X4.514 Y1.63
G0 X4.803 Y0.893
G0 X4.979 Y0.121
G0 X5.038 Y-.666
G0 X4.979 Y-1.454
G0 X4.804 Y-2.221
G0 X0.676 Y-11.398
G0 X0.659 Y-11.496
M566 X1200 Y1200
G1 F6000 X1.419 Y-11.689 E0.02445
G1 X2.143 Y-11.993 E0.02448
G1 X2.813 Y-12.403 E0.02449
G1 X3.414 Y-12.907 E0.02446
G1 X3.933 Y-13.495 E0.02446
G1 X4.359 Y-14.155 E0.02449
G1 X4.682 Y-14.871 E0.02449
G1 X4.895 Y-15.626 E0.02446
G1 X4.992 Y-16.405 E0.02448
G1 X4.973 Y-17.19 E0.02448
G1 X4.836 Y-17.964 E0.02451
G1 X4.568 Y-18.749 E0.02586
G1 X4.227 Y-19.406 E0.02308
G1 X3.77 Y-20.042 E0.02442
G1 X3.223 Y-20.603 E0.02443
G1 X2.596 Y-21.078 E0.02453
G1 X1.907 Y-21.453 E0.02446
G1 X1.17 Y-21.722 E0.01645
G1 X0.405 Y-21.876 E0.00597
G1 X-.129 Y-21.916 E0.0007
G1 X-.907 Y-21.878 E0.02429
G1 X-1.672 Y-21.722 E0.00592
G1 X-2.222 Y-21.534 E0.01075
G1 X-2.92 Y-21.19 E0.02426
G1 X-3.564 Y-20.743 E0.02444
G1 X-4.103 Y-20.237 E0.02305
G1 X-4.592 Y-19.624 E0.02445
G1 X-4.984 Y-18.945 E0.02445
G1 X-5.271 Y-18.215 E0.02446
G1 X-5.446 Y-17.448 E0.02453
G1 X-5.504 Y-16.62 E0.02588
G1 X-5.446 Y-15.883 E0.02305
G1 X-5.271 Y-15.117 E0.0245
G1 X-4.964 Y-14.346 E0.02588
G1 X-4.592 Y-13.708 E0.02303
G1 X-4.103 Y-13.095 E0.02445
G1 X-3.528 Y-12.56 E0.02449
G1 X-2.878 Y-12.118 E0.02451
G1 X-2.171 Y-11.778 E0.02446
G1 X-1.421 Y-11.546 E0.02448
G1 X-.648 Y-11.431 E0.02437
G1 X-0.069 Y-11.418 E0.01806
G1 X0.659 Y-11.496 E0.02283
M566 X1800 Y1800
G0 F7200 X0.571 Y-11.989
M566 X1200 Y1200
;TYPE:WALL-OUTER
G1 F3000 X1.26 Y-12.164 E0.02217
G1 X1.914 Y-12.439 E0.02212
G1 X2.52 Y-12.81 E0.02216
G1 X3.064 Y-13.266 E0.02213
G1 X3.533 Y-13.798 E0.02211
G1 X3.919 Y-14.395 E0.02217
G1 X4.211 Y-15.042 E0.02213
G1 X4.403 Y-15.725 E0.02212
G1 X4.491 Y-16.43 E0.02215
G1 X4.474 Y-17.14 E0.02215
G1 X4.35 Y-17.839 E0.02214
G1 X4.107 Y-18.552 E0.02349
G1 X3.8 Y-19.144 E0.02079
G1 X3.386 Y-19.72 E0.02212
G1 X2.891 Y-20.227 E0.02209
G1 X2.324 Y-20.657 E0.02219
G1 X1.701 Y-20.996 E0.02212
G1 X1.034 Y-21.239 E0.02214
G1 X0.337 Y-21.38 E0.02217
G1 X-.135 Y-21.415 E0.01476
G1 X-.844 Y-21.38 E0.02213
G1 X-1.541 Y-21.238 E0.02218
G1 X-2.03 Y-21.071 E0.01611
G1 X-2.666 Y-20.758 E0.0221
G1 X-3.249 Y-20.353 E0.02213
G1 X-3.735 Y-19.897 E0.02078
G1 X-4.178 Y-19.342 E0.02214
G1 X-4.532 Y-18.727 E0.02213
G1 X-4.792 Y-18.067 E0.02212
G1 X-4.95 Y-17.374 E0.02216
G1 X-5.003 Y-16.622 E0.02351
G1 X-4.95 Y-15.959 E0.02074
G1 X-4.792 Y-15.266 E0.02216
G1 X-4.513 Y-14.566 E0.0235
G1 X-4.178 Y-13.991 E0.02075
G1 X-3.735 Y-13.436 E0.02214
G1 X-3.215 Y-12.952 E0.02215
G1 X-2.628 Y-12.552 E0.02215
G1 X-1.988 Y-12.245 E0.02213
G1 X-1.31 Y-12.035 E0.02213
G1 X-.606 Y-11.93 E0.02219
G1 X-0.09 Y-11.919 E0.01609
G1 X0.571 Y-11.989 E0.02073
M566 X1800 Y1800
G0 F7200 X0.813 Y-12.05
G0 X0.959 Y-11.47
G0 X0.455 Y-5.967
G0 X0.337 Y-5.38
M566 X1200 Y1200
G1 F3000 X-.135 Y-5.415 E0.01476
G1 X-.652 Y-5.399 E0.01613
G1 X-1.31 Y-5.298 E0.02076
G1 X-2.029 Y-5.071 E0.02351
G1 X-2.628 Y-4.781 E0.02075
G1 X-3.215 Y-4.381 E0.02215
G1 X-3.735 Y-3.897 E0.02215
G1 X-4.178 Y-3.342 E0.02214
G1 X-4.532 Y-2.727 E0.02213
G1 X-4.792 Y-2.067 E0.02212
G1 X-4.95 Y-1.374 E0.02216
G1 X-5.003 Y-.666 E0.02214
G1 X-4.95 Y0.041 E0.02211
G1 X-4.792 Y0.734 E0.02216
G1 X-4.613 Y1.22 E0.01615
G1 X-4.306 Y1.811 E0.02077
G1 X-3.892 Y2.387 E0.02212
G1 X-3.397 Y2.895 E0.02212
G1 X-2.831 Y3.324 E0.02215
G1 X-2.207 Y3.663 E0.02214
G1 X-1.54 Y3.906 E0.02214
G1 X-.844 Y4.047 E0.02214
G1 X-.327 Y4.082 E0.01616
G1 X0.337 Y4.047 E0.02073
G1 X1.034 Y3.906 E0.02217
G1 X1.701 Y3.663 E0.02214
G1 X2.324 Y3.324 E0.02212
G1 X2.742 Y3.02 E0.01612
G1 X3.229 Y2.564 E0.0208
G1 X3.672 Y2.009 E0.02214
G1 X4.026 Y1.395 E0.0221
G1 X4.286 Y0.734 E0.02215
G1 X4.444 Y0.041 E0.02216
G1 X4.497 Y-.666 E0.02211
G1 X4.444 Y-1.374 E0.02214
G1 X4.286 Y-2.067 E0.02216
G1 X4.107 Y-2.552 E0.01612
G1 X3.8 Y-3.144 E0.02079
G1 X3.386 Y-3.72 E0.02212
G1 X2.891 Y-4.227 E0.02209
G1 X2.324 Y-4.657 E0.02219
G1 X1.701 Y-4.996 E0.02212
G1 X1.034 Y-5.239 E0.02214
G1 X0.337 Y-5.38 E0.02217
M566 X1800 Y1800
G0 F7200 X0.088 Y-5.398
G0 X0.133 Y-5.996
G0 X4.394 Y-14.136
G0 X7.807 Y-21.846
G0 X8.377 Y-22.416
M566 X1200 Y1200
G1 F3000 X8.377 Y5.084 E0.85749
G1 X-8.377 Y5.084 E0.52241
G1 X-8.377 Y-22.416 E0.85749
G1 X8.377 Y-22.416 E0.52241
M566 X1800 Y1800
G0 F7200 X8.377 Y-22.166
G0 X7.807 Y-21.846
G0 X6.387 Y-20.426
M566 X1200 Y1200
;TYPE:SKIN
G1 F3000 X6.387 Y-17.75 E0.08344
G1 X6.284 Y-18.337 E0.01858
G1 X5.941 Y-19.337 E0.03296
G1 X5.5 Y-20.187 E0.02986
G1 X5.328 Y-20.426 E0.00918
G1 X6.387 Y-20.426 E0.03302
M566 X1800 Y1800
G0 F7200 X6.387 Y-15.554
M566 X1200 Y1200
G1 F3000 X6.387 Y-1.807 E0.42865
G1 X6.196 Y-2.637 E0.02656
G1 X5.93 Y-3.357 E0.02393
G1 X5.5 Y-4.187 E0.02915
G1 X4.914 Y-5.002 E0.0313
G1 X4.212 Y-5.723 E0.03138
G1 X3.406 Y-6.333 E0.03152
G1 X2.521 Y-6.814 E0.03141
G1 X1.575 Y-7.161 E0.03142
G1 X0.609 Y-7.354 E0.03072
G1 X-0.091 Y-7.408 E0.02189
G1 X-.835 Y-7.384 E0.02321
G1 X-1.764 Y-7.24 E0.02931
G1 X-2.765 Y-6.926 E0.03271
G1 X-3.626 Y-6.508 E0.02984
G1 X-4.46 Y-5.941 E0.03145
G1 X-5.2 Y-5.253 E0.03151
G1 X-5.826 Y-4.465 E0.03138
G1 X-6.331 Y-3.595 E0.03137
G1 X-6.387 Y-3.452 E0.00479
G1 X-6.387 Y-13.892 E0.32553
G1 X-6.307 Y-13.691 E0.00675
G1 X-5.826 Y-12.864 E0.02983
G1 X-5.199 Y-12.079 E0.03133
G1 X-4.46 Y-11.392 E0.03146
G1 X-3.623 Y-10.824 E0.03154
G1 X-2.717 Y-10.387 E0.03136
G1 X-1.752 Y-10.089 E0.03149
G1 X-.776 Y-9.943 E0.03077
G1 X-0.006 Y-9.926 E0.02402
G1 X0.925 Y-10.026 E0.0292
G1 X1.894 Y-10.273 E0.03118
G1 X2.824 Y-10.664 E0.03146
G1 X3.685 Y-11.19 E0.03146
G1 X4.457 Y-11.837 E0.03141
G1 X5.125 Y-12.593 E0.03146
G1 X5.67 Y-13.44 E0.03141
G1 X6.086 Y-14.359 E0.03145
G1 X6.359 Y-15.33 E0.03145
G1 X6.387 Y-15.554 E0.00704
M566 X1800 Y1800
G0 F7200 X6.387 Y0.475
M566 X1200 Y1200
G1 F3000 X6.387 Y3.094 E0.08166
G1 X5.343 Y3.094 E0.03255
G1 X5.825 Y2.263 E0.02995
G1 X6.193 Y1.323 E0.03148
G1 X6.387 Y0.475 E0.02712
M566 X1800 Y1800
G0 F7200 X4.261 Y-3.426
G0 X3.8 Y-4.067
G0 X3.249 Y-4.632
G0 X2.617 Y-5.111
G0 X1.923 Y-5.489
G0 X1.18 Y-5.76
G0 X0.41 Y-5.915
G0 X-.701 Y-5.937
G0 X-6.008 Y-4.594
M566 X1200 Y1200
G1 F3000 X-6.162 Y-4.748 E0.00679
M566 X1800 Y1800
G0 F7200 X-5.695 Y-4.988
M566 X1200 Y1200
G1 F3000 X-6.162 Y-5.455 E0.02059
M566 X1800 Y1800
G0 F7200 X-6.162 Y-6.162
M566 X1200 Y1200
G1 F3000 X-5.382 Y-5.382 E0.0344
M566 X1800 Y1800
G0 F7200 X-5.019 Y-5.726
M566 X1200 Y1200
G1 F3000 X-6.162 Y-6.869 E0.0504
M566 X1800 Y1800
G0 F7200 X-6.162 Y-7.576
M566 X1200 Y1200
G1 F3000 X-4.653 Y-6.067 E0.06654
M566 X1800 Y1800
G0 F7200 X-4.24 Y-6.361
M566 X1200 Y1200
G1 F3000 X-6.162 Y-8.283 E0.08475
M566 X1800 Y1800
G0 F7200 X-6.162 Y-8.99
M566 X1200 Y1200
G1 F3000 X-3.819 Y-6.648 E0.1033
M566 X1800 Y1800
G0 F7200 X-3.354 Y-6.89
M566 X1200 Y1200
G1 F3000 X-6.162 Y-9.697 E0.1238
M566 X1800 Y1800
G0 F7200 X-6.162 Y-10.405
M566 X1200 Y1200
G1 F3000 X-2.879 Y-7.121 E0.14479
M566 X1800 Y1800
G0 F7200 X-2.344 Y-7.293
M566 X1200 Y1200
G1 F3000 X-6.162 Y-11.112 E0.16838
M566 X1800 Y1800
G0 F7200 X-6.162 Y-11.819
M566 X1200 Y1200
G1 F3000 X-1.803 Y-7.46 E0.19222
M566 X1800 Y1800
G0 F7200 X-1.191 Y-7.555
M566 X1200 Y1200
G1 F3000 X-6.162 Y-12.526 E0.21921
G1 X-6.25 Y-12.614
M566 X1800 Y1800
G0 F7200 X-3.391 Y-10.463
M566 X1200 Y1200
G1 F3000 X-.546 Y-7.617 E0.12548
M566 X1800 Y1800
G0 F7200 X0.164 Y-7.613
M566 X1200 Y1200
G1 F3000 X-2.218 Y-9.997 E0.10508
M566 X1800 Y1800
G0 F7200 X-1.308 Y-9.794
M566 X1200 Y1200
G1 F3000 X0.976 Y-7.508 E0.10076
M566 X1800 Y1800
G0 F7200 X1.919 Y-7.273
M566 X1200 Y1200
G1 F3000 X-.518 Y-9.71 E0.10746
M566 X1800 Y1800
G0 F7200 X0.181 Y-9.718
M566 X1200 Y1200
G1 F3000 X3.198 Y-6.7 E0.13306
G1 X3.286 Y-6.612
M566 X1800 Y1800
G0 F7200 X6.161 Y-6.566
M566 X1200 Y1200
G1 F3000 X2.461 Y-10.266 E0.16316
M566 X1800 Y1800
G0 F7200 X2.955 Y-10.479
M566 X1200 Y1200
G1 F3000 X6.161 Y-7.273 E0.14138
M566 X1800 Y1800
G0 F7200 X6.161 Y-7.98
M566 X1200 Y1200
G1 F3000 X3.394 Y-10.747 E0.12202
M566 X1800 Y1800
G0 F7200 X3.831 Y-11.018
M566 X1200 Y1200
G1 F3000 X6.162 Y-8.686 E0.10281
M566 X1800 Y1800
G0 F7200 X6.162 Y-9.393
M566 X1200 Y1200
G1 F3000 X4.216 Y-11.339 E0.08581
M566 X1800 Y1800
G0 F7200 X4.601 Y-11.662
M566 X1200 Y1200
G1 F3000 X6.162 Y-10.101 E0.06884
M566 X1800 Y1800
G0 F7200 X6.162 Y-10.808
M566 X1200 Y1200
G1 F3000 X4.933 Y-12.037 E0.0542
M566 X1800 Y1800
G0 F7200 X5.265 Y-12.412
M566 X1200 Y1200
G1 F3000 X6.162 Y-11.515 E0.03956
M566 X1800 Y1800
G0 F7200 X6.162 Y-12.222
M566 X1200 Y1200
G1 F3000 X5.548 Y-12.836 E0.02708
M566 X1800 Y1800
G0 F7200 X5.825 Y-13.266
M566 X1200 Y1200
G1 F3000 X6.162 Y-12.929 E0.01486
M566 X1800 Y1800
G0 F7200 X6.162 Y-13.636
M566 X1200 Y1200
G1 F3000 X6.054 Y-13.744 E0.00476
M566 X1800 Y1800
G0 F7200 X1.963 Y-10.057
M566 X1200 Y1200
G1 F3000 X6.161 Y-5.859 E0.18512
M566 X1800 Y1800
G0 F7200 X6.161 Y-5.151
M566 X1200 Y1200
G1 F3000 X1.4 Y-9.913 E0.20997
M566 X1800 Y1800
G0 F7200 X0.819 Y-9.787
M566 X1200 Y1200
G1 F3000 X6.161 Y-4.444 E0.23559
M566 X1800 Y1800
G0 F7200 X5.796 Y-4.103
M566 X1200 Y1200
G1 F3000 X6.161 Y-3.737 E0.01612
M566 X1800 Y1800
G0 F7200 X5.979 Y2.443
M566 X1200 Y1200
G1 F3000 X6.161 Y2.626 E0.00805
M566 X1800 Y1800
G0 F7200 X6.162 Y-20
M566 X1200 Y1200
G1 F3000 X5.962 Y-20.2 E0.00882
M566 X1800 Y1800
G0 F7200 X6.196 Y-17.491
M566 X1200 Y1200
;TYPE:SKIN
G1 F3000 X6.651 Y-17.036 E0.01003
M566 X1800 Y1800
G0 F7200 X6.651 Y-17.389
M566 X1200 Y1200
G1 F3000 X6.521 Y-17.519 E0.00287
M566 X1800 Y1800
G0 F7200 X6.199 Y-17.135
M566 X1200 Y1200
G1 F3000 X6.651 Y-16.682 E0.00998
M566 X1800 Y1800
G0 F7200 X6.651 Y-16.329
M566 X1200 Y1200
G1 F3000 X6.207 Y-16.773 E0.00979
M566 X1800 Y1800
G0 F7200 X6.216 Y-16.41
M566 X1200 Y1200
G1 F3000 X6.651 Y-15.975 E0.00959
M566 X1800 Y1800
G0 F7200 X6.485 Y-15.788
M566 X1200 Y1200
G1 F3000 X6.186 Y-16.087 E0.00659
M566 X1800 Y1800
G0 F7200 X6.548 Y-1.583
M566 X1200 Y1200
G1 F3000 X6.651 Y-1.48 E0.00227
M566 X1800 Y1800
G0 F7200 X6.651 Y-1.127
M566 X1200 Y1200
G1 F3000 X6.231 Y-1.547 E0.00926
M566 X1800 Y1800
G0 F7200 X6.182 Y-1.241
M566 X1200 Y1200
G1 F3000 X6.651 Y-.773 E0.01033
M566 X1800 Y1800
G0 F7200 X6.651 Y-.42
M566 X1200 Y1200
G1 F3000 X6.211 Y-.859 E0.00969
M566 X1800 Y1800
G0 F7200 X6.213 Y-.504
M566 X1200 Y1200
G1 F3000 X6.651 Y-0.066 E0.00966
M566 X1800 Y1800
G0 F7200 X6.623 Y0.259
M566 X1200 Y1200
G1 F3000 X6.189 Y-.174 E0.00956
M566 X1800 Y1800
G0 F7200 X6.165 Y0.154
M566 X1200 Y1200
G1 F3000 X6.225 Y0.214 E0.00132
M566 X1800 Y1800
G0 F7200 X4.261 Y-3.426
G0 X-2.185 Y-11.741
G0 X-2.897 Y-12.084
G0 X-3.552 Y-12.529
G0 X-4.132 Y-13.068
G0 X-4.624 Y-13.686
G0 X-4.999 Y-14.329
G0 X-5.25 Y-14.958
G0 X-6.387 Y-19.452
M566 X1200 Y1200
;TYPE:SKIN
G1 F3000 X-6.387 Y-20.426 E0.03037
G1 X-5.849 Y-20.426 E0.01678
G1 X-6.331 Y-19.595 E0.02995
G1 X-6.387 Y-19.452 E0.00479
M566 X1800 Y1800
G0 F7200 X-6.387 Y2.119
M566 X1200 Y1200
G1 F3000 X-6.006 Y2.855 E0.02584
G1 X-5.834 Y3.094 E0.00918
G1 X-6.387 Y3.094 E0.01724
G1 X-6.387 Y2.119 E0.0304
M566 X1800 Y1800
G1 F1500 E-6.5
G0 F7200 X-6.877 Y-21.896
G0 X-6.877 Y-23.331
G0 X-6.877 Y-26.001
G0 X-6.877 Y-27.436
G0 X-6.877 Y-28.416
M566 X1200 Y1200
;TYPE:WALL-INNER
G1 F1500 E6.5
G1 F6000 X-6.878 Y-32.916 E0.14032
G1 X6.877 Y-32.916 E0.4289
G1 X6.877 Y-28.416 E0.14032
G1 X-6.877 Y-28.416 E0.42887
M566 X1800 Y1800
G0 F7200 X-7.377 Y-27.916
M566 X1200 Y1200
G1 F6000 X-7.378 Y-33.416 E0.1715
G1 X7.377 Y-33.416 E0.46008
G1 X7.377 Y-27.916 E0.1715
G1 X-7.377 Y-27.916 E0.46005
M566 X1800 Y1800
G0 F7200 X-7.877 Y-27.416
M566 X1200 Y1200
G1 F6000 X-7.878 Y-33.916 E0.20268
G1 X7.877 Y-33.916 E0.49126
G1 X7.877 Y-27.416 E0.20268
G1 X-7.877 Y-27.416 E0.49123
M566 X1800 Y1800
G0 F7200 X-8.377 Y-26.916
M566 X1200 Y1200
;TYPE:WALL-OUTER
G1 F3000 X-8.378 Y-34.416 E0.23386
G1 X8.377 Y-34.416 E0.52244
G1 X8.377 Y-26.916 E0.23386
G1 X-8.377 Y-26.916 E0.52241
M566 X1800 Y1800
G0 F7200 X-8.377 Y-27.166
G0 X-7.807 Y-27.486
G0 X-6.387 Y-28.906
M566 X1200 Y1200
;TYPE:SKIN
G1 F3000 X-6.388 Y-32.426 E0.10976
G1 X6.387 Y-32.426 E0.39834
G1 X6.387 Y-28.906 E0.10976
G1 X-6.387 Y-28.906 E0.39831
M566 X1800 Y1800
G0 F7200 X-6.162 Y-29.496
M566 X1200 Y1200
G1 F3000 X-5.795 Y-29.129 E0.01618
M566 X1800 Y1800
G0 F7200 X-5.088 Y-29.129
M566 X1200 Y1200
G1 F3000 X-6.162 Y-30.204 E0.04738
M566 X1800 Y1800
G0 F7200 X-6.163 Y-30.911
M566 X1200 Y1200
G1 F3000 X-4.381 Y-29.129 E0.07858
M566 X1800 Y1800
G0 F7200 X-3.674 Y-29.129
M566 X1200 Y1200
G1 F3000 X-6.163 Y-31.618 E0.10976
M566 X1800 Y1800
G0 F7200 X-6.037 Y-32.2
M566 X1200 Y1200
G1 F3000 X-2.967 Y-29.129 E0.1354
M566 X1800 Y1800
G0 F7200 X-2.259 Y-29.129
M566 X1200 Y1200
G1 F3000 X-5.33 Y-32.2 E0.13542
M566 X1800 Y1800
G0 F7200 X-4.623 Y-32.2
M566 X1200 Y1200
G1 F3000 X-1.552 Y-29.129 E0.13542
M566 X1800 Y1800
G0 F7200 X-.845 Y-29.129
M566 X1200 Y1200
G1 F3000 X-3.915 Y-32.2 E0.1354
M566 X1800 Y1800
G0 F7200 X-3.208 Y-32.2
M566 X1200 Y1200
G1 F3000 X-.138 Y-29.129 E0.1354
M566 X1800 Y1800
G0 F7200 X0.568 Y-29.129
M566 X1200 Y1200
G1 F3000 X-2.501 Y-32.2 E0.13538
M566 X1800 Y1800
G0 F7200 X-1.794 Y-32.2
M566 X1200 Y1200
G1 F3000 X1.275 Y-29.129 E0.13538
M566 X1800 Y1800
G0 F7200 X1.982 Y-29.129
M566 X1200 Y1200
G1 F3000 X-1.087 Y-32.2 E0.13538
M566 X1800 Y1800
G0 F7200 X-.38 Y-32.2
M566 X1200 Y1200
G1 F3000 X2.689 Y-29.129 E0.13538
M566 X1800 Y1800
G0 F7200 X3.396 Y-29.129
M566 X1200 Y1200
G1 F3000 X0.326 Y-32.2 E0.1354
M566 X1800 Y1800
G0 F7200 X1.033 Y-32.2
M566 X1200 Y1200
G1 F3000 X4.104 Y-29.129 E0.13542
M566 X1800 Y1800
G0 F7200 X4.811 Y-29.129
M566 X1200 Y1200
G1 F3000 X1.74 Y-32.2 E0.13542
M566 X1800 Y1800
G0 F7200 X2.448 Y-32.2
M566 X1200 Y1200
G1 F3000 X5.518 Y-29.129 E0.1354
M566 X1800 Y1800
G0 F7200 X6.161 Y-29.193
M566 X1200 Y1200
G1 F3000 X3.155 Y-32.2 E0.13258
M566 X1800 Y1800
G0 F7200 X3.862 Y-32.2
M566 X1200 Y1200
G1 F3000 X6.161 Y-29.9 E0.1014
M566 X1800 Y1800
G0 F7200 X6.161 Y-30.607
M566 X1200 Y1200
G1 F3000 X4.569 Y-32.2 E0.07022
M566 X1800 Y1800
G0 F7200 X5.276 Y-32.2
M566 X1200 Y1200
G1 F3000 X6.161 Y-31.314 E0.03905
M566 X1800 Y1800
G0 F7200 X6.161 Y-32.022
M566 X1200 Y1200
G1 F3000 X5.983 Y-32.2 E0.00785
M566 X1800 Y1800
G1 F1500 E-6.5
;MESH:NONMESH
G0 F600 X5.983 Y-32.2 Z6.85
G0 F7200 X4.316 Y-27.436
G0 X4.316 Y-26.001
G0 X4.316 Y-23.331
G0 X4.316 Y-21.896
G0 X5.012 Y-17.193
G0 X5.038 Y-.666
G0 X4.316 Y3.584
;TIME_ELAPSED:962.149125
;LAYER:43
M566 X1200 Y1200
;TYPE:WALL-INNER
;MESH:Roborama2026-Lasermount.3mf
G1 F1500 E6.5
G1 F6000 X4.737 Y3.104 E0.01991
G1 X5.261 Y2.285 E0.03032
G1 X5.641 Y1.427 E0.02926
G1 X5.885 Y0.529 E0.02902
G1 X5.991 Y-.34 E0.0273
G1 X5.989 Y-1.039 E0.0218
G1 X5.876 Y-1.908 E0.02732
G1 X5.624 Y-2.808 E0.02914
G1 X5.239 Y-3.658 E0.0291
G1 X4.733 Y-4.444 E0.02915
G1 X4.111 Y-5.147 E0.02927
G1 X3.363 Y-5.768 E0.03031
G1 X2.598 Y-6.235 E0.02795
G1 X1.737 Y-6.594 E0.02909
G1 X0.832 Y-6.826 E0.02913
G1 X-0.081 Y-6.918 E0.02861
G1 X-.781 Y-6.897 E0.02184
G1 X-1.653 Y-6.762 E0.02751
G1 X-2.577 Y-6.472 E0.0302
G1 X-3.381 Y-6.082 E0.02786
G1 X-4.154 Y-5.557 E0.02914
G1 X-4.839 Y-4.92 E0.02917
G1 X-5.423 Y-4.186 E0.02925
G1 X-5.905 Y-3.343 E0.03028
G1 X-6.229 Y-2.508 E0.02793
G1 X-6.438 Y-1.599 E0.02908
G1 X-6.506 Y-.665 E0.0292
G1 X-6.438 Y0.267 E0.02914
G1 X-6.232 Y1.162 E0.02864
G1 X-5.99 Y1.819 E0.02183
G1 X-5.587 Y2.597 E0.02732
G1 X-5.044 Y3.353 E0.02902
G1 X-4.819 Y3.584 E0.01006
G1 X-6.727 Y3.584 E0.05949
G1 X-6.727 Y1.162 E0.07552
G1 X-6.727 Y0.267 E0.02184
G1 X-6.727 Y-.665 E0.01481
G1 X-6.727 Y-1.599 E0.01485
G1 X-6.727 Y-2.508 E0.02227
G1 X-6.727 Y-15.065 E0.39154
G1 X-6.727 Y-15.746 E0.02123
G1 X-6.727 Y-16.624 E0.02738
G1 X-6.727 Y-17.596 E0.03031
G1 X-6.727 Y-18.508 E0.02844
G1 X-6.727 Y-20.916 E0.07508
G1 X-5.357 Y-20.916 E0.04272
G1 X-4.842 Y-20.916 E0.01606
G1 X-5.445 Y-20.151 E0.01982
G1 X-5.906 Y-19.34 E0.02909
G1 X-6.229 Y-18.508 E0.02783
G1 X-6.438 Y-17.596 E0.02308
G1 X-6.506 Y-16.624 E0.01552
G1 X-6.438 Y-15.746 E0.01403
G1 X-6.296 Y-15.065 E0.01571
G1 X-6.019 Y-14.249 E0.02687
G1 X-5.715 Y-13.622 E0.02173
G1 X-5.236 Y-12.885 E0.02741
G1 X-4.617 Y-12.186 E0.02911
G1 X-3.866 Y-11.563 E0.03043
G1 X-3.066 Y-11.083 E0.02909
G1 X-2.243 Y-10.739 E0.02781
G1 X-1.336 Y-10.507 E0.02919
G1 X-.365 Y-10.415 E0.03041
G1 X0.572 Y-10.467 E0.02926
G1 X1.49 Y-10.662 E0.02926
G1 X2.361 Y-10.985 E0.02897
G1 X3.129 Y-11.408 E0.02734
G1 X3.694 Y-11.817 E0.02175
G1 X4.366 Y-12.449 E0.02876
G1 X4.939 Y-13.183 E0.02904
G1 X5.373 Y-13.942 E0.02726
G1 X5.644 Y-14.589 E0.02187
G1 X5.885 Y-15.47 E0.02848
G1 X5.994 Y-16.355 E0.0278
G1 X5.971 Y-17.293 E0.02926
G1 X5.796 Y-18.255 E0.03049
G1 X5.49 Y-19.138 E0.02914
G1 X5.06 Y-19.965 E0.02906
G1 X4.537 Y-20.689 E0.02785
G1 X4.315 Y-20.916 E0.0099
G1 X6.727 Y-20.916 E0.07521
G1 X6.727 Y3.584 E0.76394
G1 X4.316 Y3.584 E0.07518
M566 X1800 Y1800
G0 F7200 X3.794 Y3.421
M566 X1200 Y1200
G1 F6000 X4.336 Y2.803 E0.02563
G1 X4.819 Y2.048 E0.02795
G1 X5.168 Y1.259 E0.0269
G1 X5.393 Y0.433 E0.02669
G1 X5.491 Y-.37 E0.02522
G1 X5.489 Y-1.006 E0.01983
G1 X5.385 Y-1.808 E0.02522
G1 X5.153 Y-2.636 E0.02681
G1 X4.799 Y-3.418 E0.02677
G1 X4.333 Y-4.141 E0.02682
G1 X3.762 Y-4.787 E0.02688
G1 X3.072 Y-5.36 E0.02797
G1 X2.37 Y-5.788 E0.02564
G1 X1.578 Y-6.119 E0.02677
G1 X0.745 Y-6.332 E0.02681
G1 X-0.099 Y-6.417 E0.02645
G1 X-.735 Y-6.398 E0.01984
G1 X-1.539 Y-6.274 E0.02537
G1 X-2.392 Y-6.006 E0.02788
G1 X-3.13 Y-5.648 E0.02558
G1 X-3.841 Y-5.165 E0.0268
G1 X-4.471 Y-4.579 E0.02683
G1 X-5.008 Y-3.905 E0.02687
G1 X-5.452 Y-3.127 E0.02793
G1 X-5.75 Y-2.361 E0.02563
G1 X-5.942 Y-1.524 E0.02678
G1 X-6.005 Y-.665 E0.02686
G1 X-5.942 Y0.192 E0.02679
G1 X-5.752 Y1.019 E0.02646
G1 X-5.532 Y1.617 E0.01987
G1 X-5.16 Y2.335 E0.02521
G1 X-4.66 Y3.031 E0.02672
G1 X-4.067 Y3.64 E0.0265
G1 X-3.567 Y4.034 E0.01985
G1 X-3.485 Y4.084 E0.00299
G1 X-4.067 Y4.084 E0.00907
G1 X-7.227 Y4.084 E0.09853
G1 X-7.227 Y-21.416 E0.79513
G1 X-3.473 Y-21.416 E0.11705
G1 X-3.841 Y-21.162 E0.01394
G1 X-4.473 Y-20.577 E0.02685
G1 X-5.029 Y-19.871 E0.02802
G1 X-5.453 Y-19.125 E0.02676
G1 X-5.75 Y-18.361 E0.02556
G1 X-5.942 Y-17.522 E0.02684
G1 X-6.005 Y-16.626 E0.02801
G1 X-5.942 Y-15.817 E0.0253
G1 X-5.813 Y-15.197 E0.01975
G1 X-5.556 Y-14.439 E0.02496
G1 X-5.279 Y-13.868 E0.01979
G1 X-4.837 Y-13.189 E0.02526
G1 X-4.268 Y-12.546 E0.02677
G1 X-3.576 Y-11.972 E0.02803
G1 X-2.84 Y-11.53 E0.02677
G1 X-2.084 Y-11.214 E0.02555
G1 X-1.25 Y-11.001 E0.02684
G1 X-.355 Y-10.916 E0.02803
G1 X0.506 Y-10.964 E0.02689
G1 X1.35 Y-11.143 E0.0269
G1 X2.152 Y-11.441 E0.02668
G1 X2.861 Y-11.831 E0.02523
G1 X3.375 Y-12.203 E0.01978
G1 X3.996 Y-12.787 E0.02658
G1 X4.523 Y-13.462 E0.0267
G1 X4.924 Y-14.163 E0.02518
G1 X5.17 Y-14.752 E0.0199
G1 X5.393 Y-15.567 E0.02635
G1 X5.493 Y-16.38 E0.02554
G1 X5.472 Y-17.242 E0.02689
G1 X5.311 Y-18.128 E0.02808
G1 X5.03 Y-18.94 E0.02679
G1 X4.633 Y-19.702 E0.02679
G1 X4.154 Y-20.366 E0.02553
G1 X3.561 Y-20.971 E0.02642
G1 X3.062 Y-21.366 E0.01984
G1 X2.98 Y-21.416 E0.00299
G1 X3.561 Y-21.416 E0.00907
G1 X7.227 Y-21.416 E0.11431
G1 X7.227 Y4.084 E0.79513
G1 X2.97 Y4.084 E0.13274
G1 X3.141 Y3.977 E0.00629
G1 X3.794 Y3.421 E0.02674
M566 X1800 Y1800
G0 F7200 X3.442 Y3.064
M566 X1200 Y1200
G1 F6000 X3.935 Y2.502 E0.02331
G1 X4.377 Y1.811 E0.02558
G1 X4.695 Y1.091 E0.02454
G1 X4.901 Y0.336 E0.0244
G1 X4.991 Y-.4 E0.02312
G1 X4.989 Y-.973 E0.01787
G1 X4.894 Y-1.708 E0.02311
G1 X4.682 Y-2.464 E0.02448
G1 X4.359 Y-3.178 E0.02444
G1 X3.933 Y-3.838 E0.02449
G1 X3.413 Y-4.427 E0.0245
G1 X2.781 Y-4.952 E0.02562
G1 X2.142 Y-5.341 E0.02333
G1 X1.419 Y-5.644 E0.02444
G1 X0.658 Y-5.838 E0.02449
G1 X-.117 Y-5.916 E0.02429
G1 X-.689 Y-5.899 E0.01784
G1 X-1.425 Y-5.786 E0.02322
G1 X-2.207 Y-5.54 E0.02556
G1 X-2.879 Y-5.214 E0.02329
G1 X-3.528 Y-4.773 E0.02447
G1 X-4.103 Y-4.238 E0.02449
G1 X-4.593 Y-3.624 E0.02449
G1 X-4.999 Y-2.911 E0.02558
G1 X-5.271 Y-2.214 E0.02333
G1 X-5.446 Y-1.449 E0.02447
G1 X-5.504 Y-.665 E0.02451
G1 X-5.446 Y0.117 E0.02445
G1 X-5.272 Y0.876 E0.02428
G1 X-5.074 Y1.415 E0.0179
G1 X-4.733 Y2.073 E0.02311
G1 X-4.276 Y2.709 E0.02442
G1 X-3.732 Y3.268 E0.02432
G1 X-3.282 Y3.622 E0.01785
G1 X-2.652 Y4.005 E0.02299
G1 X-2.13 Y4.236 E0.0178
G1 X-1.42 Y4.454 E0.02316
G1 X-.65 Y4.569 E0.02428
G1 X-0.077 Y4.582 E0.01787
G1 X0.699 Y4.498 E0.02434
G1 X1.457 Y4.297 E0.02445
G1 X2.179 Y3.989 E0.02448
G1 X2.845 Y3.573 E0.02449
G1 X3.442 Y3.064 E0.02446
M566 X1800 Y1800
G0 F7200 X3.512 Y3.135
G0 X1.978 Y4.484
G0 X1.978 Y4.584
M566 X1200 Y1200
G1 F6000 X1.457 Y4.584 E0.0133
G1 X0.699 Y4.584 E0.00869
G1 X-0.077 Y4.584 E0.0021
G1 X-.65 Y4.584 E0.0003
G1 X-1.42 Y4.584 E0.00343
G1 X-2.13 Y4.584 E0.01045
G1 X-7.727 Y4.584 E0.17452
G1 X-7.727 Y-21.916 E0.82631
G1 X-2.215 Y-21.916 E0.17187
G1 X-1.671 Y-21.916 E0.01696
G1 X-.906 Y-21.916 E0.02385
G1 X-.123 Y-21.916 E0.02442
G1 X0.621 Y-21.916 E0.0232
G1 X1.418 Y-21.916 E0.02485
G1 X1.986 Y-21.916 E0.01771
G1 X7.727 Y-21.916 E0.17901
G1 X7.727 Y4.584 E0.82631
G1 X1.978 Y4.584 E0.17926
M566 X1800 Y1800
G0 F7200 X1.978 Y4.484
G0 X3.47 Y3.092
G0 X3.966 Y2.526
G0 X4.412 Y1.829
G0 X4.732 Y1.104
G0 X4.94 Y0.343
G0 X5.03 Y-.398
G0 X4.933 Y-1.715
G0 X4.741 Y-2.4
G0 X0.453 Y-11.362
G0 X0.44 Y-11.461
M566 X1200 Y1200
G1 F6000 X1.21 Y-11.624 E0.02454
G1 X1.943 Y-11.897 E0.02439
G1 X2.593 Y-12.254 E0.02312
G1 X3.056 Y-12.589 E0.01782
G1 X3.625 Y-13.125 E0.02437
G1 X4.107 Y-13.742 E0.02441
G1 X4.475 Y-14.384 E0.02307
G1 X4.696 Y-14.915 E0.01793
G1 X4.901 Y-15.664 E0.02421
G1 X4.992 Y-16.405 E0.02328
G1 X4.973 Y-17.191 E0.02452
G1 X4.826 Y-18.001 E0.02567
G1 X4.57 Y-18.742 E0.02445
G1 X4.206 Y-19.439 E0.02452
G1 X3.77 Y-20.043 E0.02323
G1 X3.226 Y-20.599 E0.02425
G1 X2.776 Y-20.955 E0.01789
G1 X2.142 Y-21.341 E0.02314
G1 X1.418 Y-21.645 E0.02096
G1 X0.621 Y-21.843 E0.00918
G1 X-.123 Y-21.916 E0.00177
G1 X-.906 Y-21.878 E0.02444
G1 X-1.671 Y-21.723 E0.0059
G1 X-2.215 Y-21.537 E0.01055
G1 X-2.912 Y-21.195 E0.02421
G1 X-3.528 Y-20.771 E0.02332
G1 X-4.104 Y-20.237 E0.02449
G1 X-4.613 Y-19.591 E0.02564
G1 X-5 Y-18.91 E0.02442
G1 X-5.271 Y-18.214 E0.02329
G1 X-5.446 Y-17.448 E0.0245
G1 X-5.504 Y-16.628 E0.02563
G1 X-5.446 Y-15.888 E0.02314
G1 X-5.33 Y-15.328 E0.01783
G1 X-5.093 Y-14.629 E0.02301
G1 X-4.843 Y-14.115 E0.01782
G1 X-4.438 Y-13.493 E0.02314
G1 X-3.919 Y-12.906 E0.02443
G1 X-3.286 Y-12.381 E0.02564
G1 X-2.614 Y-11.977 E0.02445
G1 X-1.925 Y-11.689 E0.02329
G1 X-1.164 Y-11.495 E0.02449
G1 X-.345 Y-11.417 E0.02565
G1 X0.44 Y-11.461 E0.02452
M566 X1800 Y1800
G0 F7200 X0.374 Y-11.958
M566 X1200 Y1200
;TYPE:WALL-OUTER
G1 F3000 X1.07 Y-12.105 E0.02218
G1 X1.734 Y-12.353 E0.0221
G1 X2.325 Y-12.677 E0.02102
G1 X2.737 Y-12.975 E0.01585
G1 X3.254 Y-13.463 E0.02217
G1 X3.691 Y-14.022 E0.02212
G1 X4.026 Y-14.605 E0.02097
G1 X4.222 Y-15.077 E0.01594
G1 X4.409 Y-15.761 E0.02211
G1 X4.491 Y-16.43 E0.02102
G1 X4.474 Y-17.14 E0.02215
G1 X4.341 Y-17.874 E0.02326
G1 X4.11 Y-18.544 E0.0221
G1 X3.78 Y-19.175 E0.0222
G1 X3.386 Y-19.72 E0.02097
G1 X2.891 Y-20.227 E0.02209
G1 X2.49 Y-20.544 E0.01594
G1 X1.914 Y-20.894 E0.02102
G1 X1.26 Y-21.169 E0.02212
G1 X0.536 Y-21.349 E0.02326
G1 X-.135 Y-21.415 E0.02102
G1 X-.844 Y-21.38 E0.02213
G1 X-1.54 Y-21.239 E0.02214
G1 X-2.023 Y-21.074 E0.01592
G1 X-2.659 Y-20.762 E0.02209
G1 X-3.215 Y-20.38 E0.02103
G1 X-3.735 Y-19.897 E0.02213
G1 X-4.197 Y-19.311 E0.02327
G1 X-4.547 Y-18.695 E0.02209
G1 X-4.792 Y-18.067 E0.02102
G1 X-4.95 Y-17.374 E0.02216
G1 X-5.003 Y-16.63 E0.02326
G1 X-4.95 Y-15.958 E0.02102
G1 X-4.847 Y-15.459 E0.01589
G1 X-4.63 Y-14.82 E0.02104
G1 X-4.407 Y-14.362 E0.01588
G1 X-4.039 Y-13.797 E0.02102
G1 X-3.57 Y-13.266 E0.02209
G1 X-2.996 Y-12.79 E0.02325
G1 X-2.387 Y-12.424 E0.02215
G1 X-1.766 Y-12.164 E0.02099
G1 X-1.078 Y-11.989 E0.02214
G1 X-.335 Y-11.918 E0.02327
G1 X0.374 Y-11.958 E0.02214
M566 X1800 Y1800
G0 F7200 X0.618 Y-12.009
G0 X0.741 Y-11.423
G0 X-0.074 Y-6.011
G0 X-.135 Y-5.415
M566 X1200 Y1200
G1 F3000 X-.644 Y-5.4 E0.01588
G1 X-1.311 Y-5.298 E0.02104
G1 X-2.022 Y-5.074 E0.02324
G1 X-2.628 Y-4.78 E0.021
G1 X-3.215 Y-4.381 E0.02213
G1 X-3.735 Y-3.897 E0.02215
G1 X-4.178 Y-3.342 E0.02214
G1 X-4.547 Y-2.695 E0.02322
G1 X-4.792 Y-2.067 E0.02102
G1 X-4.95 Y-1.374 E0.02216
G1 X-5.003 Y-.665 E0.02217
G1 X-4.95 Y0.042 E0.02211
G1 X-4.792 Y0.734 E0.02213
G1 X-4.616 Y1.213 E0.01591
G1 X-4.306 Y1.811 E0.021
G1 X-3.892 Y2.387 E0.02212
G1 X-3.397 Y2.895 E0.02212
G1 X-2.996 Y3.21 E0.0159
G1 X-2.42 Y3.561 E0.02103
G1 X-1.955 Y3.767 E0.01586
G1 X-1.309 Y3.965 E0.02107
G1 X-.607 Y4.07 E0.02213
G1 X-0.098 Y4.081 E0.01588
G1 X0.608 Y4.005 E0.02214
G1 X1.294 Y3.823 E0.02213
G1 X1.947 Y3.544 E0.02214
G1 X2.549 Y3.168 E0.02213
G1 X3.09 Y2.707 E0.02216
G1 X3.534 Y2.201 E0.02099
G1 X3.935 Y1.574 E0.02321
G1 X4.222 Y0.923 E0.02218
G1 X4.409 Y0.239 E0.02211
G1 X4.491 Y-.43 E0.02102
G1 X4.489 Y-.94 E0.0159
G1 X4.403 Y-1.608 E0.021
G1 X4.211 Y-2.292 E0.02215
G1 X3.919 Y-2.938 E0.02211
G1 X3.533 Y-3.535 E0.02217
G1 X3.064 Y-4.067 E0.02211
G1 X2.49 Y-4.544 E0.02327
G1 X1.914 Y-4.894 E0.02102
G1 X1.26 Y-5.169 E0.02212
G1 X0.571 Y-5.344 E0.02217
G1 X-.135 Y-5.415 E0.02213
M566 X1800 Y1800
G0 F7200 X-.385 Y-5.408
G0 X-.401 Y-6.008
G0 X4.51 Y-14.367
G0 X7.657 Y-21.846
G0 X8.227 Y-22.416
M566 X1200 Y1200
G1 F3000 X8.227 Y5.084 E0.85749
G1 X-8.227 Y5.084 E0.51306
G1 X-8.227 Y-22.416 E0.85749
G1 X8.227 Y-22.416 E0.51306
M566 X1800 Y1800
G0 F7200 X8.227 Y-22.166
G0 X7.657 Y-21.846
G0 X6.237 Y-20.426
M566 X1200 Y1200
;TYPE:SKIN
G1 F3000 X6.237 Y-18.481 E0.06065
G1 X5.941 Y-19.332 E0.02809
G1 X5.478 Y-20.223 E0.03131
G1 X5.332 Y-20.426 E0.0078
G1 X6.237 Y-20.426 E0.02822
M566 X1800 Y1800
G0 F7200 X6.237 Y-14.9
M566 X1200 Y1200
G1 F3000 X6.237 Y-2.438 E0.38858
G1 X6.086 Y-2.976 E0.01742
G1 X5.67 Y-3.893 E0.0314
G1 X5.125 Y-4.74 E0.03141
G1 X4.453 Y-5.5 E0.03163
G1 X3.649 Y-6.168 E0.03259
G1 X2.821 Y-6.672 E0.03023
G1 X1.893 Y-7.06 E0.03136
G1 X0.918 Y-7.31 E0.03139
G1 X-0.064 Y-7.408 E0.03077
G1 X-.826 Y-7.385 E0.02377
G1 X-1.765 Y-7.24 E0.02963
G1 X-2.758 Y-6.929 E0.03245
G1 X-3.626 Y-6.507 E0.03009
G1 X-4.46 Y-5.941 E0.03143
G1 X-5.2 Y-5.254 E0.03148
G1 X-5.83 Y-4.462 E0.03156
G1 X-6.237 Y-3.749 E0.0256
G1 X-6.237 Y-13.577 E0.30645
G1 X-6.142 Y-13.381 E0.00679
G1 X-5.626 Y-12.587 E0.02953
G1 X-4.958 Y-11.833 E0.03141
G1 X-4.15 Y-11.162 E0.03275
G1 X-3.288 Y-10.644 E0.03136
G1 X-2.399 Y-10.273 E0.03004
G1 X-1.42 Y-10.023 E0.03151
G1 X-.375 Y-9.923 E0.03273
G1 X0.637 Y-9.979 E0.0316
G1 X1.627 Y-10.19 E0.03156
G1 X2.565 Y-10.538 E0.0312
G1 X3.392 Y-10.993 E0.02943
G1 X4.007 Y-11.439 E0.02369
G1 X4.729 Y-12.118 E0.0309
G1 X5.347 Y-12.909 E0.0313
G1 X5.814 Y-13.725 E0.02932
G1 X6.108 Y-14.429 E0.02379
G1 X6.237 Y-14.9 E0.01523
M566 X1800 Y1800
G0 F7200 X6.237 Y1.101
M566 X1200 Y1200
G1 F3000 X6.237 Y3.094 E0.06214
G1 X5.325 Y3.094 E0.02844
G1 X5.694 Y2.518 E0.02133
G1 X6.104 Y1.591 E0.03161
G1 X6.237 Y1.101 E0.01583
M566 X1800 Y1800
G0 F7200 X5.917 Y2.567
M566 X1200 Y1200
G1 F3000 X6.011 Y2.474 E0.00412
M566 X1800 Y1800
G0 F7200 X5.69 Y-4.275
M566 X1200 Y1200
G1 F3000 X6.011 Y-4.596 E0.01416
M566 X1800 Y1800
G0 F7200 X5.413 Y-4.706
M566 X1200 Y1200
G1 F3000 X6.011 Y-5.304 E0.02637
M566 X1800 Y1800
G0 F7200 X6.011 Y-6.011
M566 X1200 Y1200
G1 F3000 X5.103 Y-5.103 E0.04004
M566 X1800 Y1800
G0 F7200 X4.771 Y-5.478
M566 X1200 Y1200
G1 F3000 X6.011 Y-6.718 E0.05468
M566 X1800 Y1800
G0 F7200 X6.011 Y-7.425
M566 X1200 Y1200
G1 F3000 X4.411 Y-5.825 E0.07056
M566 X1800 Y1800
G0 F7200 X4.025 Y-6.146
M566 X1200 Y1200
G1 F3000 X6.011 Y-8.132 E0.08758
M566 X1800 Y1800
G0 F7200 X6.011 Y-8.839
M566 X1200 Y1200
G1 F3000 X3.62 Y-6.448 E0.10544
M566 X1800 Y1800
G0 F7200 X3.179 Y-6.715
M566 X1200 Y1200
G1 F3000 X6.011 Y-9.546 E0.12486
M566 X1800 Y1800
G0 F7200 X6.011 Y-10.253
M566 X1200 Y1200
G1 F3000 X2.715 Y-6.958 E0.14532
M566 X1800 Y1800
G0 F7200 X2.217 Y-7.167
M566 X1200 Y1200
G1 F3000 X6.011 Y-10.96 E0.16728
M566 X1800 Y1800
G0 F7200 X6.011 Y-11.667
M566 X1200 Y1200
G1 F3000 X1.687 Y-7.344 E0.19065
M566 X1800 Y1800
G0 F7200 X1.125 Y-7.488
M566 X1200 Y1200
G1 F3000 X6.011 Y-12.375 E0.21548
M566 X1800 Y1800
G0 F7200 X6.011 Y-13.082
M566 X1200 Y1200
G1 F3000 X4.9 Y-11.971 E0.04899
G1 X4.871 Y-11.942
G1 X0.504 Y-7.575 E0.19257
M566 X1800 Y1800
G0 F7200 X-.149 Y-7.628
M566 X1200 Y1200
G1 F3000 X2.491 Y-10.27 E0.11646
G1 X2.579 Y-10.358
M566 X1800 Y1800
G0 F7200 X1.431 Y-9.916
M566 X1200 Y1200
G1 F3000 X-.883 Y-7.601 E0.10206
M566 X1800 Y1800
G0 F7200 X-1.719 Y-7.472
M566 X1200 Y1200
G1 F3000 X0.555 Y-9.748 E0.10032
M566 X1800 Y1800
G0 F7200 X-.193 Y-9.706
M566 X1200 Y1200
G1 F3000 X-2.725 Y-7.174 E0.11165
G1 X-2.813 Y-7.086
M566 X1800 Y1800
G0 F7200 X-4.258 Y-6.348
M566 X1200 Y1200
G1 F3000 X-.863 Y-9.743 E0.14971
M566 X1800 Y1800
G0 F7200 X-1.501 Y-9.811
M566 X1200 Y1200
G1 F3000 X-6.011 Y-5.302 E0.19886
M566 X1800 Y1800
G0 F7200 X-6.011 Y-6.009
M566 X1200 Y1200
G1 F3000 X-2.065 Y-9.955 E0.17401
M566 X1800 Y1800
G0 F7200 X-2.61 Y-10.117
M566 X1200 Y1200
G1 F3000 X-6.011 Y-6.716 E0.14997
M566 X1800 Y1800
G0 F7200 X-6.011 Y-7.423
M566 X1200 Y1200
G1 F3000 X-3.109 Y-10.325 E0.12797
M566 X1800 Y1800
G0 F7200 X-3.583 Y-10.558
M566 X1200 Y1200
G1 F3000 X-6.011 Y-8.131 E0.10705
M566 X1800 Y1800
G0 F7200 X-6.011 Y-8.838
M566 X1200 Y1200
G1 F3000 X-4.024 Y-10.824 E0.0876
M566 X1800 Y1800
G0 F7200 X-4.442 Y-11.113
M566 X1200 Y1200
G1 F3000 X-6.011 Y-9.545 E0.06917
M566 X1800 Y1800
G0 F7200 X-6.011 Y-10.252
M566 X1200 Y1200
G1 F3000 X-4.828 Y-11.434 E0.05214
M566 X1800 Y1800
G0 F7200 X-5.201 Y-11.769
M566 X1200 Y1200
G1 F3000 X-6.011 Y-10.959 E0.03572
M566 X1800 Y1800
G0 F7200 X-6.011 Y-11.666
M566 X1200 Y1200
G1 F3000 X-5.533 Y-12.143 E0.02106
M566 X1800 Y1800
G0 F7200 X-5.856 Y-12.527
M566 X1200 Y1200
G1 F3000 X-6.011 Y-12.373 E0.00681
M566 X1800 Y1800
G0 F7200 X-1.17 Y-11.456
G0 X-.345 Y-11.378
G0 X0.445 Y-11.422
G0 X1.221 Y-11.586
G0 X1.959 Y-11.861
G0 X2.614 Y-12.221
G0 X3.654 Y-13.099
G0 X4.14 Y-13.72
G0 X4.51 Y-14.367
G0 X4.791 Y-15.116
G0 X5.851 Y-19.993
M566 X1200 Y1200
G1 F3000 X6.011 Y-20.153 E0.00706
M566 X1800 Y1800
G0 F7200 X6.211 Y-18.232
M566 X1200 Y1200
;TYPE:SKIN
G1 F3000 X6.057 Y-18.077 E0.00341
M566 X1800 Y1800
G0 F7200 X6.111 Y-17.778
M566 X1200 Y1200
G1 F3000 X6.501 Y-18.169 E0.00861
M566 X1800 Y1800
G0 F7200 X6.501 Y-17.815
M566 X1200 Y1200
G1 F3000 X6.165 Y-17.479 E0.00741
M566 X1800 Y1800
G0 F7200 X6.199 Y-17.159
M566 X1200 Y1200
G1 F3000 X6.501 Y-17.462 E0.00667
M566 X1800 Y1800
G0 F7200 X6.501 Y-17.108
M566 X1200 Y1200
G1 F3000 X6.207 Y-16.814 E0.00648
M566 X1800 Y1800
G0 F7200 X6.501 Y-16.754
M566 X1200 Y1200
G1 F3000 X6.216 Y-16.469 E0.00628
M566 X1800 Y1800
G0 F7200 X6.501 Y-16.401
M566 X1200 Y1200
G1 F3000 X6.187 Y-16.087 E0.00692
M566 X1800 Y1800
G0 F7200 X6.501 Y-16.047
M566 X1200 Y1200
G1 F3000 X6.138 Y-15.684 E0.008
M566 X1800 Y1800
G0 F7200 X6.501 Y-15.694
M566 X1200 Y1200
G1 F3000 X6.058 Y-15.25 E0.00978
M566 X1800 Y1800
G0 F7200 X6.294 Y-15.133
M566 X1200 Y1200
G1 F3000 X6.501 Y-15.34 E0.00456
M566 X1800 Y1800
G0 F7200 X6.472 Y-2.229
M566 X1200 Y1200
G1 F3000 X6.107 Y-1.865 E0.00804
M566 X1800 Y1800
G0 F7200 X6.149 Y-1.552
M566 X1200 Y1200
G1 F3000 X6.501 Y-1.904 E0.00776
M566 X1800 Y1800
G0 F7200 X6.501 Y-1.551
M566 X1200 Y1200
G1 F3000 X6.19 Y-1.24 E0.00686
M566 X1800 Y1800
G0 F7200 X6.501 Y-1.197
M566 X1200 Y1200
G1 F3000 X6.214 Y-.91 E0.00633
M566 X1800 Y1800
G0 F7200 X6.501 Y-.844
M566 X1200 Y1200
G1 F3000 X6.215 Y-.558 E0.00631
M566 X1800 Y1800
G0 F7200 X6.501 Y-.49
M566 X1200 Y1200
G1 F3000 X6.198 Y-.188 E0.00667
M566 X1800 Y1800
G0 F7200 X6.501 Y-.137
M566 X1200 Y1200
G1 F3000 X6.149 Y0.214 E0.00775
M566 X1800 Y1800
G0 F7200 X6.501 Y0.216
M566 X1200 Y1200
G1 F3000 X6.09 Y0.627 E0.00906
M566 X1800 Y1800
G0 F7200 X6.214 Y0.856
M566 X1200 Y1200
G1 F3000 X6.501 Y0.569 E0.00633
M566 X1800 Y1800
G0 F7200 X4.394 Y-3.197
G0 X-1.17 Y-11.456
G0 X-1.937 Y-11.652
G0 X-2.632 Y-11.942
G0 X-3.309 Y-12.349
G0 X-3.946 Y-12.878
G0 X-4.469 Y-13.469
G0 X-4.877 Y-14.096
G0 X-5.322 Y-15.183
G0 X-6.237 Y-19.748
M566 X1200 Y1200
;TYPE:SKIN
G1 F3000 X-6.237 Y-20.426 E0.02114
G1 X-5.852 Y-20.426 E0.012
G1 X-6.237 Y-19.748 E0.02431
M566 X1800 Y1800
G0 F7200 X-6.237 Y2.407
M566 X1200 Y1200
G1 F3000 X-6.006 Y2.854 E0.01569
G1 X-5.833 Y3.094 E0.00923
G1 X-6.237 Y3.094 E0.0126
G1 X-6.237 Y2.407 E0.02142
M566 X1800 Y1800
G1 F1500 E-6.5
G0 F7200 X-6.727 Y-21.896
G0 X-6.727 Y-23.331
G0 X-6.727 Y-26.001
G0 X-6.727 Y-27.436
G0 X-6.727 Y-28.416
M566 X1200 Y1200
;TYPE:WALL-INNER
G1 F1500 E6.5
G1 F6000 X-6.728 Y-32.916 E0.14032
G1 X6.727 Y-32.916 E0.41955
G1 X6.727 Y-28.416 E0.14032
G1 X-6.727 Y-28.416 E0.41951
M566 X1800 Y1800
G0 F7200 X-7.227 Y-27.916
M566 X1200 Y1200
G1 F6000 X-7.228 Y-33.416 E0.1715
G1 X7.227 Y-33.416 E0.45073
G1 X7.227 Y-27.916 E0.1715
G1 X-7.227 Y-27.916 E0.4507
M566 X1800 Y1800
G0 F7200 X-7.727 Y-27.416
M566 X1200 Y1200
G1 F6000 X-7.728 Y-33.916 E0.20268
G1 X7.727 Y-33.916 E0.48191
G1 X7.727 Y-27.416 E0.20268
G1 X-7.727 Y-27.416 E0.48188
M566 X1800 Y1800
G0 F7200 X-8.227 Y-26.916
M566 X1200 Y1200
;TYPE:WALL-OUTER
G1 F3000 X-8.228 Y-34.416 E0.23386
G1 X8.227 Y-34.416 E0.51309
G1 X8.227 Y-26.916 E0.23386
G1 X-8.227 Y-26.916 E0.51306
M566 X1800 Y1800
G0 F7200 X-8.227 Y-27.166
G0 X-7.657 Y-27.486
G0 X-6.237 Y-28.906
M566 X1200 Y1200
;TYPE:SKIN
G1 F3000 X-6.238 Y-32.426 E0.10976
G1 X6.237 Y-32.426 E0.38899
G1 X6.237 Y-28.906 E0.10976
G1 X-6.237 Y-28.906 E0.38896
M566 X1800 Y1800
G0 F7200 X-6.012 Y-31.464
M566 X1200 Y1200
G1 F3000 X-5.276 Y-32.2 E0.03246
M566 X1800 Y1800
G0 F7200 X-4.569 Y-32.2
M566 X1200 Y1200
G1 F3000 X-6.012 Y-30.757 E0.06363
M566 X1800 Y1800
G0 F7200 X-6.011 Y-30.05
M566 X1200 Y1200
G1 F3000 X-3.862 Y-32.2 E0.09479
M566 X1800 Y1800
G0 F7200 X-3.155 Y-32.2
M566 X1200 Y1200
G1 F3000 X-6.011 Y-29.343 E0.12596
M566 X1800 Y1800
G0 F7200 X-5.518 Y-29.129
M566 X1200 Y1200
G1 F3000 X-2.448 Y-32.2 E0.1354
M566 X1800 Y1800
G0 F7200 X-1.74 Y-32.2
M566 X1200 Y1200
G1 F3000 X-4.811 Y-29.129 E0.13542
M566 X1800 Y1800
G0 F7200 X-4.104 Y-29.129
M566 X1200 Y1200
G1 F3000 X-1.033 Y-32.2 E0.13542
M566 X1800 Y1800
G0 F7200 X-.326 Y-32.2
M566 X1200 Y1200
G1 F3000 X-3.396 Y-29.129 E0.1354
M566 X1800 Y1800
G0 F7200 X-2.689 Y-29.129
M566 X1200 Y1200
G1 F3000 X0.38 Y-32.2 E0.13538
M566 X1800 Y1800
G0 F7200 X1.087 Y-32.2
M566 X1200 Y1200
G1 F3000 X-1.982 Y-29.129 E0.13538
M566 X1800 Y1800
G0 F7200 X-1.275 Y-29.129
M566 X1200 Y1200
G1 F3000 X1.794 Y-32.2 E0.13538
M566 X1800 Y1800
G0 F7200 X2.501 Y-32.2
M566 X1200 Y1200
G1 F3000 X-.568 Y-29.129 E0.13538
M566 X1800 Y1800
G0 F7200 X0.138 Y-29.129
M566 X1200 Y1200
G1 F3000 X3.208 Y-32.2 E0.1354
M566 X1800 Y1800
G0 F7200 X3.915 Y-32.2
M566 X1200 Y1200
G1 F3000 X0.845 Y-29.129 E0.1354
M566 X1800 Y1800
G0 F7200 X1.552 Y-29.129
M566 X1200 Y1200
G1 F3000 X4.623 Y-32.2 E0.13542
M566 X1800 Y1800
G0 F7200 X5.33 Y-32.2
M566 X1200 Y1200
G1 F3000 X2.259 Y-29.129 E0.13542
M566 X1800 Y1800
G0 F7200 X2.967 Y-29.129
M566 X1200 Y1200
G1 F3000 X6.011 Y-32.174 E0.13425
M566 X1800 Y1800
G0 F7200 X6.011 Y-31.467
M566 X1200 Y1200
G1 F3000 X3.674 Y-29.129 E0.10308
M566 X1800 Y1800
G0 F7200 X4.381 Y-29.129
M566 X1200 Y1200
G1 F3000 X6.011 Y-30.76 E0.0719
M566 X1800 Y1800
G0 F7200 X6.011 Y-30.053
M566 X1200 Y1200
G1 F3000 X5.088 Y-29.129 E0.04072
M566 X1800 Y1800
G0 F7200 X5.795 Y-29.129
M566 X1200 Y1200
G1 F3000 X6.011 Y-29.346 E0.00955
M566 X1800 Y1800
G1 F1500 E-6.5
;MESH:NONMESH
G0 F600 X6.011 Y-29.346 Z7
G0 F7200 X4.329 Y-27.436
G0 X4.329 Y-26.001
G0 X4.329 Y-23.331
G0 X4.329 Y-21.896
G0 X5.012 Y-17.195
G0 X5.03 Y-.398
G0 X4.329 Y3.584
;TIME_ELAPSED:982.922473
;LAYER:44
M566 X1200 Y1200
;TYPE:WALL-INNER
;MESH:Roborama2026-Lasermount.3mf
G1 F1500 E6.5
G1 F6000 X4.355 Y3.56 E0.0011
G1 X4.935 Y2.825 E0.02919
G1 X5.396 Y2.014 E0.02909
G1 X5.733 Y1.141 E0.02918
G1 X5.935 Y0.232 E0.02904
G1 X6 Y-.649 E0.02755
G1 X5.965 Y-1.343 E0.02167
G1 X5.798 Y-2.248 E0.0287
G1 X5.496 Y-3.128 E0.02901
G1 X5.081 Y-3.93 E0.02816
G1 X4.537 Y-4.686 E0.02904
G1 X3.884 Y-5.358 E0.02922
G1 X3.112 Y-5.937 E0.03009
G1 X2.319 Y-6.367 E0.02813
G1 X1.442 Y-6.688 E0.02912
G1 X0.542 Y-6.868 E0.02862
G1 X-0.099 Y-6.918 E0.02005
G1 X-.771 Y-6.898 E0.02096
G1 X-1.649 Y-6.765 E0.02769
G1 X-2.569 Y-6.476 E0.03007
G1 X-3.381 Y-6.083 E0.02813
G1 X-4.154 Y-5.557 E0.02915
G1 X-4.839 Y-4.92 E0.02917
G1 X-5.42 Y-4.188 E0.02914
G1 X-5.888 Y-3.381 E0.02909
G1 X-6.223 Y-2.524 E0.02869
G1 X-6.389 Y-1.853 E0.02155
G1 X-6.497 Y-.995 E0.02696
G1 X-6.496 Y-.302 E0.02161
G1 X-6.376 Y0.608 E0.02862
G1 X-6.117 Y1.508 E0.0292
G1 X-5.727 Y2.359 E0.02919
G1 X-5.216 Y3.14 E0.0291
G1 X-4.821 Y3.584 E0.01853
G1 X-6.577 Y3.584 E0.05475
G1 X-6.577 Y1.508 E0.06473
G1 X-6.577 Y0.608 E0.01845
G1 X-6.577 Y-.302 E0.00797
G1 X-6.577 Y-.995 E0.00348
G1 X-6.577 Y-1.853 E0.00714
G1 X-6.577 Y-2.524 E0.01127
G1 X-6.577 Y-14.401 E0.37034
G1 X-6.577 Y-15.088 E0.02142
G1 X-6.577 Y-16.008 E0.02869
G1 X-6.577 Y-16.976 E0.03018
G1 X-6.577 Y-17.855 E0.02741
G1 X-6.577 Y-18.523 E0.02083
G1 X-6.577 Y-20.916 E0.07462
G1 X-5.357 Y-20.916 E0.03804
G1 X-4.842 Y-20.916 E0.01606
G1 X-5.438 Y-20.161 E0.01951
G1 X-5.889 Y-19.378 E0.02818
G1 X-6.223 Y-18.523 E0.02862
G1 X-6.389 Y-17.855 E0.01185
G1 X-6.5 Y-16.976 E0.00742
G1 X-6.474 Y-16.008 E0.00544
G1 X-6.304 Y-15.088 E0.01119
G1 X-6.019 Y-14.248 E0.02324
G1 X-5.718 Y-13.628 E0.02149
G1 X-5.216 Y-12.86 E0.02861
G1 X-4.593 Y-12.163 E0.02915
G1 X-3.913 Y-11.597 E0.02759
G1 X-3.331 Y-11.225 E0.02154
G1 X-2.505 Y-10.835 E0.02848
G1 X-1.639 Y-10.568 E0.02826
G1 X-.683 Y-10.429 E0.03012
G1 X0.251 Y-10.432 E0.02912
G1 X1.177 Y-10.578 E0.02923
G1 X2.068 Y-10.858 E0.02912
G1 X2.906 Y-11.268 E0.02909
G1 X3.651 Y-11.78 E0.02819
G1 X4.355 Y-12.44 E0.03009
G1 X4.935 Y-13.175 E0.02919
G1 X5.396 Y-13.986 E0.02909
G1 X5.733 Y-14.859 E0.02918
G1 X5.935 Y-15.768 E0.02904
G1 X6 Y-16.649 E0.02755
G1 X5.965 Y-17.342 E0.02164
G1 X5.798 Y-18.248 E0.02873
G1 X5.496 Y-19.128 E0.02901
G1 X5.084 Y-19.93 E0.02811
G1 X4.547 Y-20.674 E0.02861
G1 X4.321 Y-20.916 E0.01032
G1 X6.577 Y-20.916 E0.07035
G1 X6.577 Y3.584 E0.76394
G1 X4.329 Y3.584 E0.0701
M566 X1800 Y1800
G0 F7200 X3.986 Y3.221
M566 X1200 Y1200
G1 F6000 X4.519 Y2.545 E0.02684
G1 X4.943 Y1.799 E0.02676
G1 X5.253 Y0.996 E0.02684
G1 X5.439 Y0.159 E0.02674
G1 X5.499 Y-.655 E0.02545
G1 X5.467 Y-1.285 E0.01967
G1 X5.313 Y-2.121 E0.02651
G1 X5.035 Y-2.931 E0.0267
G1 X4.654 Y-3.668 E0.02587
G1 X4.153 Y-4.364 E0.02674
G1 X3.553 Y-4.981 E0.02684
G1 X2.841 Y-5.515 E0.02775
G1 X2.113 Y-5.91 E0.02583
G1 X1.306 Y-6.205 E0.02679
G1 X0.473 Y-6.372 E0.02649
G1 X-.111 Y-6.417 E0.01826
G1 X-.726 Y-6.399 E0.01918
G1 X-1.536 Y-6.276 E0.02555
G1 X-2.384 Y-6.01 E0.02771
G1 X-3.13 Y-5.649 E0.02584
G1 X-3.841 Y-5.165 E0.02682
G1 X-4.471 Y-4.579 E0.02683
G1 X-5.006 Y-3.906 E0.02681
G1 X-5.436 Y-3.163 E0.02677
G1 X-5.746 Y-2.372 E0.02649
G1 X-5.897 Y-1.762 E0.01959
G1 X-5.997 Y-.964 E0.02508
G1 X-5.996 Y-.335 E0.01961
G1 X-5.885 Y0.506 E0.02645
G1 X-5.647 Y1.334 E0.02686
G1 X-5.288 Y2.117 E0.02686
G1 X-4.818 Y2.835 E0.02676
G1 X-4.267 Y3.454 E0.02584
G1 X-3.61 Y4.006 E0.02676
G1 X-3.481 Y4.084 E0.0047
G1 X-4.06 Y4.084 E0.01316
G1 X-7.077 Y4.084 E0.09407
G1 X-7.077 Y-21.416 E0.79513
G1 X-3.473 Y-21.416 E0.11238
G1 X-3.841 Y-21.164 E0.01391
G1 X-4.472 Y-20.577 E0.02687
G1 X-5.023 Y-19.88 E0.0277
G1 X-5.437 Y-19.161 E0.02587
G1 X-5.746 Y-18.371 E0.02645
G1 X-5.897 Y-17.763 E0.01953
G1 X-5.999 Y-16.951 E0.02552
G1 X-5.975 Y-16.06 E0.02779
G1 X-5.819 Y-15.214 E0.02682
G1 X-5.556 Y-14.438 E0.02555
G1 X-5.282 Y-13.875 E0.01952
G1 X-4.818 Y-13.165 E0.02645
G1 X-4.245 Y-12.524 E0.02681
G1 X-3.617 Y-12.001 E0.02548
G1 X-3.089 Y-11.663 E0.01955
G1 X-2.324 Y-11.302 E0.02638
G1 X-1.529 Y-11.057 E0.02594
G1 X-.648 Y-10.929 E0.02776
G1 X0.211 Y-10.932 E0.02678
G1 X1.062 Y-11.066 E0.02686
G1 X1.882 Y-11.324 E0.0268
G1 X2.653 Y-11.701 E0.02676
G1 X3.337 Y-12.171 E0.02588
G1 X3.986 Y-12.779 E0.02773
G1 X4.519 Y-13.455 E0.02684
G1 X4.943 Y-14.201 E0.02676
G1 X5.253 Y-15.004 E0.02684
G1 X5.439 Y-15.841 E0.02674
G1 X5.499 Y-16.655 E0.02545
G1 X5.467 Y-17.284 E0.01964
G1 X5.313 Y-18.121 E0.02654
G1 X5.035 Y-18.931 E0.0267
G1 X4.656 Y-19.668 E0.02584
G1 X4.16 Y-20.356 E0.02645
G1 X3.731 Y-20.815 E0.01959
G1 X3.102 Y-21.339 E0.02553
G1 X2.975 Y-21.416 E0.00463
G1 X3.559 Y-21.416 E0.0132
G1 X7.077 Y-21.416 E0.1097
G1 X7.077 Y4.084 E0.79513
G1 X2.966 Y4.084 E0.12819
G1 X3.337 Y3.829 E0.01404
G1 X3.986 Y3.221 E0.02773
M566 X1800 Y1800
G0 F7200 X3.617 Y2.882
M566 X1200 Y1200
G1 F6000 X4.103 Y2.265 E0.02449
G1 X4.49 Y1.584 E0.02442
G1 X4.773 Y0.851 E0.0245
G1 X4.943 Y0.086 E0.02444
G1 X4.998 Y-.661 E0.02336
G1 X4.969 Y-1.227 E0.01767
G1 X4.828 Y-1.994 E0.02432
G1 X4.574 Y-2.734 E0.0244
G1 X4.227 Y-3.406 E0.02358
G1 X3.769 Y-4.042 E0.02444
G1 X3.222 Y-4.604 E0.02445
G1 X2.57 Y-5.093 E0.02541
G1 X1.907 Y-5.453 E0.02352
G1 X1.17 Y-5.722 E0.02446
G1 X0.405 Y-5.876 E0.02433
G1 X-.123 Y-5.916 E0.01651
G1 X-.681 Y-5.9 E0.01741
G1 X-1.423 Y-5.787 E0.0234
G1 X-2.199 Y-5.544 E0.02536
G1 X-2.879 Y-5.215 E0.02355
G1 X-3.528 Y-4.773 E0.02448
G1 X-4.103 Y-4.238 E0.02449
G1 X-4.592 Y-3.624 E0.02448
G1 X-4.984 Y-2.945 E0.02445
G1 X-5.269 Y-2.22 E0.02429
G1 X-5.405 Y-1.671 E0.01764
G1 X-5.497 Y-.933 E0.02319
G1 X-5.496 Y-.368 E0.01762
G1 X-5.394 Y0.404 E0.02428
G1 X-5.177 Y1.16 E0.02453
G1 X-4.849 Y1.874 E0.0245
G1 X-4.42 Y2.53 E0.02444
G1 X-3.918 Y3.094 E0.02354
G1 X-3.318 Y3.598 E0.02443
G1 X-2.621 Y4.02 E0.02541
G1 X-1.93 Y4.309 E0.02335
G1 X-1.384 Y4.46 E0.01766
G1 X-.613 Y4.571 E0.02429
G1 X0.171 Y4.568 E0.02445
G1 X0.947 Y4.446 E0.02449
G1 X1.696 Y4.21 E0.02449
G1 X2.4 Y3.866 E0.02443
G1 X3.023 Y3.438 E0.02357
G1 X3.617 Y2.882 E0.02537
M566 X1800 Y1800
G0 F7200 X3.69 Y2.949
G0 X1.696 Y4.484
G0 X1.696 Y4.584
M566 X1200 Y1200
G1 F6000 X0.947 Y4.584 E0.01182
G1 X0.171 Y4.584 E0.00367
G1 X-.613 Y4.584 E0.00071
G1 X-1.384 Y4.584 E0.00325
G1 X-1.93 Y4.584 E0.0067
G1 X-2.49 Y4.584 E0.01406
G1 X-7.577 Y4.584 E0.15862
G1 X-7.577 Y-21.916 E0.82631
G1 X-2.207 Y-21.916 E0.16744
G1 X-1.671 Y-21.916 E0.01671
G1 X-.906 Y-21.916 E0.02385
G1 X-.122 Y-21.916 E0.02445
G1 X0.659 Y-21.916 E0.02435
G1 X1.39 Y-21.916 E0.02279
G1 X1.985 Y-21.916 E0.01855
G1 X7.577 Y-21.916 E0.17437
G1 X7.577 Y4.584 E0.82631
G1 X1.696 Y4.584 E0.18338
M566 X1800 Y1800
G0 F7200 X1.696 Y4.484
G0 X3.048 Y3.469
G0 X3.646 Y2.909
G0 X4.136 Y2.287
G0 X4.526 Y1.601
G0 X4.811 Y0.862
G0 X4.982 Y0.091
G0 X5.037 Y-.661
G0 X4.866 Y-2.004
G0 X0.969 Y-11.457
G0 X0.947 Y-11.554
M566 X1200 Y1200
G1 F6000 X1.696 Y-11.79 E0.02449
G1 X2.4 Y-12.134 E0.02443
G1 X3.023 Y-12.562 E0.02357
G1 X3.617 Y-13.118 E0.02537
G1 X4.103 Y-13.735 E0.02449
G1 X4.49 Y-14.416 E0.02442
G1 X4.773 Y-15.149 E0.0245
G1 X4.943 Y-15.914 E0.02444
G1 X4.998 Y-16.661 E0.02336
G1 X4.969 Y-17.226 E0.01764
G1 X4.828 Y-17.994 E0.02435
G1 X4.574 Y-18.734 E0.0244
G1 X4.228 Y-19.406 E0.02357
G1 X3.773 Y-20.038 E0.02428
G1 X3.387 Y-20.451 E0.01763
G1 X2.811 Y-20.931 E0.02338
G1 X2.114 Y-21.353 E0.02541
G1 X1.39 Y-21.653 E0.02058
G1 X0.659 Y-21.838 E0.00838
G1 X-.122 Y-21.916 E0.00198
G1 X-.906 Y-21.878 E0.02447
G1 X-1.671 Y-21.723 E0.0059
G1 X-2.207 Y-21.54 E0.01035
G1 X-2.905 Y-21.199 E0.02422
G1 X-3.528 Y-20.772 E0.02355
G1 X-4.104 Y-20.237 E0.02451
G1 X-4.608 Y-19.599 E0.02535
G1 X-4.985 Y-18.944 E0.02357
G1 X-5.269 Y-18.219 E0.02428
G1 X-5.405 Y-17.671 E0.01761
G1 X-5.498 Y-16.927 E0.02338
G1 X-5.476 Y-16.112 E0.02542
G1 X-5.334 Y-15.34 E0.02448
G1 X-5.093 Y-14.629 E0.02341
G1 X-4.846 Y-14.122 E0.01759
G1 X-4.42 Y-13.47 E0.02429
G1 X-3.897 Y-12.885 E0.02447
G1 X-3.321 Y-12.405 E0.02338
G1 X-2.846 Y-12.101 E0.01758
G1 X-2.143 Y-11.769 E0.02424
G1 X-1.419 Y-11.546 E0.02362
G1 X-.613 Y-11.429 E0.0254
G1 X0.171 Y-11.432 E0.02445
G1 X0.947 Y-11.554 E0.02449
M566 X1800 Y1800
G0 F7200 X0.832 Y-12.042
M566 X1200 Y1200
;TYPE:WALL-OUTER
G1 F3000 X1.51 Y-12.256 E0.02217
G1 X2.147 Y-12.567 E0.0221
G1 X2.709 Y-12.953 E0.02126
G1 X3.248 Y-13.457 E0.02301
G1 X3.687 Y-14.015 E0.02214
G1 X4.037 Y-14.631 E0.02209
G1 X4.293 Y-15.294 E0.02216
G1 X4.447 Y-15.987 E0.02214
G1 X4.497 Y-16.666 E0.02123
G1 X4.471 Y-17.168 E0.01567
G1 X4.343 Y-17.867 E0.02216
G1 X4.113 Y-18.537 E0.02209
G1 X3.8 Y-19.144 E0.0213
G1 X3.386 Y-19.72 E0.02212
G1 X3.043 Y-20.087 E0.01566
G1 X2.52 Y-20.523 E0.02123
G1 X1.888 Y-20.906 E0.02304
G1 X1.232 Y-21.177 E0.02213
G1 X0.572 Y-21.344 E0.02123
G1 X-.135 Y-21.415 E0.02216
G1 X-.844 Y-21.38 E0.02213
G1 X-1.54 Y-21.239 E0.02214
G1 X-2.016 Y-21.077 E0.01568
G1 X-2.653 Y-20.766 E0.0221
G1 X-3.215 Y-20.381 E0.02124
G1 X-3.735 Y-19.897 E0.02215
G1 X-4.193 Y-19.318 E0.02302
G1 X-4.533 Y-18.727 E0.02126
G1 X-4.792 Y-18.067 E0.02211
G1 X-4.913 Y-17.58 E0.01565
G1 X-4.997 Y-16.903 E0.02127
G1 X-4.977 Y-16.164 E0.02305
G1 X-4.849 Y-15.466 E0.02213
G1 X-4.63 Y-14.82 E0.02127
G1 X-4.41 Y-14.369 E0.01565
G1 X-4.022 Y-13.775 E0.02212
G1 X-3.549 Y-13.246 E0.02213
G1 X-3.025 Y-12.809 E0.02128
G1 X-2.603 Y-12.539 E0.01562
G1 X-1.962 Y-12.236 E0.02211
G1 X-1.309 Y-12.035 E0.0213
G1 X-.578 Y-11.929 E0.02303
G1 X0.131 Y-11.932 E0.02211
G1 X0.832 Y-12.042 E0.02213
M566 X1800 Y1800
G0 F7200 X1.07 Y-12.117
G0 X1.25 Y-11.545
G0 X0.455 Y-5.967
G0 X0.337 Y-5.38
M566 X1200 Y1200
G1 F3000 X-.135 Y-5.415 E0.01476
G1 X-.636 Y-5.401 E0.01563
G1 X-1.31 Y-5.298 E0.02126
G1 X-2.015 Y-5.078 E0.02303
G1 X-2.628 Y-4.781 E0.02124
G1 X-3.215 Y-4.381 E0.02215
G1 X-3.735 Y-3.897 E0.02215
G1 X-4.178 Y-3.342 E0.02214
G1 X-4.532 Y-2.727 E0.02213
G1 X-4.792 Y-2.067 E0.02212
G1 X-4.913 Y-1.58 E0.01565
G1 X-4.997 Y-.903 E0.02127
G1 X-4.996 Y-.401 E0.01565
G1 X-4.903 Y0.302 E0.02211
G1 X-4.707 Y0.986 E0.02219
G1 X-4.41 Y1.631 E0.02214
G1 X-4.022 Y2.225 E0.02212
G1 X-3.569 Y2.734 E0.02125
G1 X-3.026 Y3.19 E0.02211
G1 X-2.394 Y3.573 E0.02304
G1 X-1.766 Y3.836 E0.02123
G1 X-1.281 Y3.97 E0.01569
G1 X-.578 Y4.071 E0.02215
G1 X0.131 Y4.068 E0.02211
G1 X0.832 Y3.958 E0.02213
G1 X1.51 Y3.744 E0.02217
G1 X2.147 Y3.433 E0.0221
G1 X2.709 Y3.047 E0.02126
G1 X3.248 Y2.543 E0.02301
G1 X3.687 Y1.985 E0.02214
G1 X4.037 Y1.369 E0.02209
G1 X4.293 Y0.706 E0.02216
G1 X4.447 Y0.013 E0.02214
G1 X4.497 Y-.666 E0.02123
G1 X4.471 Y-1.169 E0.01571
G1 X4.343 Y-1.867 E0.02213
G1 X4.113 Y-2.537 E0.02209
G1 X3.8 Y-3.144 E0.0213
G1 X3.385 Y-3.72 E0.02214
G1 X2.891 Y-4.227 E0.02207
G1 X2.299 Y-4.671 E0.02307
G1 X1.701 Y-4.996 E0.02122
G1 X1.034 Y-5.239 E0.02214
G1 X0.337 Y-5.38 E0.02217
M566 X1800 Y1800
G0 F7200 X0.088 Y-5.398
G0 X0.133 Y-5.996
G0 X4.526 Y-14.399
G0 X7.507 Y-21.846
G0 X8.077 Y-22.416
M566 X1200 Y1200
G1 F3000 X8.077 Y5.084 E0.85749
G1 X-8.077 Y5.084 E0.5037
G1 X-8.077 Y-22.416 E0.85749
G1 X8.077 Y-22.416 E0.5037
M566 X1800 Y1800
G0 F7200 X8.077 Y-22.166
G0 X7.507 Y-21.846
G0 X6.087 Y-20.426
M566 X1200 Y1200
;TYPE:SKIN
G1 F3000 X6.087 Y-18.915 E0.04712
G1 X5.948 Y-19.32 E0.01335
G1 X5.503 Y-20.187 E0.03039
G1 X5.331 Y-20.426 E0.00918
G1 X6.087 Y-20.426 E0.02357
M566 X1800 Y1800
G0 F7200 X6.087 Y-14.416
M566 X1200 Y1200
G1 F3000 X6.087 Y-2.914 E0.35865
G1 X5.947 Y-3.322 E0.01345
G1 X5.5 Y-4.187 E0.03036
G1 X4.913 Y-5.002 E0.03132
G1 X4.209 Y-5.727 E0.03151
G1 X3.377 Y-6.351 E0.03243
G1 X2.521 Y-6.814 E0.03035
G1 X1.575 Y-7.161 E0.03142
G1 X0.609 Y-7.354 E0.03072
G1 X-0.087 Y-7.408 E0.02177
G1 X-.816 Y-7.386 E0.02274
G1 X-1.76 Y-7.244 E0.02977
G1 X-2.75 Y-6.933 E0.03236
G1 X-3.626 Y-6.508 E0.03036
G1 X-4.46 Y-5.941 E0.03145
G1 X-5.2 Y-5.253 E0.03151
G1 X-5.826 Y-4.465 E0.03138
G1 X-6.087 Y-4.015 E0.01622
G1 X-6.087 Y-13.297 E0.28943
G1 X-5.606 Y-12.561 E0.02742
G1 X-4.934 Y-11.81 E0.03142
G1 X-4.203 Y-11.201 E0.02967
G1 X-3.568 Y-10.796 E0.02348
G1 X-2.683 Y-10.377 E0.03053
G1 X-1.747 Y-10.088 E0.03055
G1 X-.718 Y-9.939 E0.03242
G1 X0.29 Y-9.942 E0.03143
G1 X1.289 Y-10.1 E0.03154
G1 X2.25 Y-10.401 E0.0314
G1 X3.153 Y-10.844 E0.03136
G1 X3.959 Y-11.397 E0.03048
G1 X4.717 Y-12.107 E0.03238
G1 X5.343 Y-12.901 E0.03153
G1 X5.84 Y-13.776 E0.03138
G1 X6.087 Y-14.416 E0.02139
M566 X1800 Y1800
G0 F7200 X6.087 Y1.584
M566 X1200 Y1200
G1 F3000 X6.087 Y3.094 E0.04708
G1 X5.346 Y3.094 E0.02311
G1 X5.84 Y2.224 E0.0312
G1 X6.087 Y1.584 E0.02139
M566 X1800 Y1800
G0 F7200 X4.61 Y-2.749
G0 X4.261 Y-3.426
G0 X3.799 Y-4.067
G0 X3.248 Y-4.634
G0 X2.591 Y-5.126
G0 X1.923 Y-5.489
G0 X1.18 Y-5.76
G0 X0.41 Y-5.915
G0 X-.684 Y-5.939
G0 X-5.695 Y-4.988
M566 X1200 Y1200
G1 F3000 X-5.861 Y-5.154 E0.00732
M566 X1800 Y1800
G0 F7200 X-5.382 Y-5.382
M566 X1200 Y1200
G1 F3000 X-5.861 Y-5.861 E0.02112
M566 X1800 Y1800
G0 F7200 X-5.861 Y-6.569
M566 X1200 Y1200
G1 F3000 X-5.019 Y-5.726 E0.03715
M566 X1800 Y1800
G0 F7200 X-4.653 Y-6.067
M566 X1200 Y1200
G1 F3000 X-5.861 Y-7.276 E0.05329
M566 X1800 Y1800
G0 F7200 X-5.861 Y-7.983
M566 X1200 Y1200
G1 F3000 X-4.24 Y-6.361 E0.0715
M566 X1800 Y1800
G0 F7200 X-3.819 Y-6.648
M566 X1200 Y1200
G1 F3000 X-5.861 Y-8.69 E0.09005
M566 X1800 Y1800
G0 F7200 X-5.861 Y-9.397
M566 X1200 Y1200
G1 F3000 X-3.354 Y-6.89 E0.11055
M566 X1800 Y1800
G0 F7200 X-2.878 Y-7.121
M566 X1200 Y1200
G1 F3000 X-5.861 Y-10.104 E0.13154
M566 X1800 Y1800
G0 F7200 X-5.861 Y-10.811
M566 X1200 Y1200
G1 F3000 X-2.345 Y-7.295 E0.15505
M566 X1800 Y1800
G0 F7200 X-1.806 Y-7.463
M566 X1200 Y1200
G1 F3000 X-5.861 Y-11.518 E0.17881
M566 X1800 Y1800
G0 F7200 X-5.861 Y-12.225
M566 X1200 Y1200
G1 F3000 X-1.191 Y-7.555 E0.20593
M566 X1800 Y1800
G0 F7200 X-.547 Y-7.618
M566 X1200 Y1200
G1 F3000 X-3.392 Y-10.463 E0.12546
G1 X-3.48 Y-10.551
M566 X1800 Y1800
G0 F7200 X-2.218 Y-9.997
M566 X1200 Y1200
G1 F3000 X0.164 Y-7.613 E0.10508
M566 X1800 Y1800
G0 F7200 X0.976 Y-7.508
M566 X1200 Y1200
G1 F3000 X-1.311 Y-9.796 E0.10087
M566 X1800 Y1800
G0 F7200 X-.521 Y-9.713
M566 X1200 Y1200
G1 F3000 X1.919 Y-7.273 E0.1076
G1 X2.007 Y-7.185
M566 X1800 Y1800
G0 F7200 X3.195 Y-6.704
M566 X1200 Y1200
G1 F3000 X0.183 Y-9.715 E0.1328
M566 X1800 Y1800
G0 F7200 X0.811 Y-9.795
M566 X1200 Y1200
G1 F3000 X5.861 Y-4.744 E0.22271
M566 X1800 Y1800
G0 F7200 X5.861 Y-5.451
M566 X1200 Y1200
G1 F3000 X1.412 Y-9.901 E0.19621
M566 X1800 Y1800
G0 F7200 X1.95 Y-10.069
M566 X1200 Y1200
G1 F3000 X5.861 Y-6.158 E0.17246
M566 X1800 Y1800
G0 F7200 X5.861 Y-6.866
M566 X1200 Y1200
G1 F3000 X2.47 Y-10.257 E0.14953
M566 X1800 Y1800
G0 F7200 X2.944 Y-10.49
M566 X1200 Y1200
G1 F3000 X5.861 Y-7.573 E0.12863
M566 X1800 Y1800
G0 F7200 X5.861 Y-8.28
M566 X1200 Y1200
G1 F3000 X3.401 Y-10.74 E0.10848
M566 X1800 Y1800
G0 F7200 X3.82 Y-11.028
M566 X1200 Y1200
G1 F3000 X5.861 Y-8.987 E0.09
M566 X1800 Y1800
G0 F7200 X5.861 Y-9.694
M566 X1200 Y1200
G1 F3000 X4.222 Y-11.334 E0.0723
M566 X1800 Y1800
G0 F7200 X4.587 Y-11.675
M566 X1200 Y1200
G1 F3000 X5.861 Y-10.401 E0.05618
M566 X1800 Y1800
G0 F7200 X5.861 Y-11.108
M566 X1200 Y1200
G1 F3000 X4.941 Y-12.028 E0.04057
M566 X1800 Y1800
G0 F7200 X5.253 Y-12.423
M566 X1200 Y1200
G1 F3000 X5.861 Y-11.815 E0.02681
M566 X1800 Y1800
G0 F7200 X5.861 Y-12.522
M566 X1200 Y1200
G1 F3000 X5.559 Y-12.825 E0.01334
M566 X1800 Y1800
G0 F7200 X6.225 Y-14.634
M566 X1200 Y1200
;TYPE:SKIN
G1 F3000 X5.97 Y-14.889 E0.00562
M566 X1800 Y1800
G0 F7200 X6.034 Y-15.178
M566 X1200 Y1200
G1 F3000 X6.352 Y-14.86 E0.00701
M566 X1800 Y1800
G0 F7200 X6.352 Y-15.214
M566 X1200 Y1200
G1 F3000 X6.098 Y-15.467 E0.00559
M566 X1800 Y1800
G0 F7200 X6.352 Y-15.567
M566 X1200 Y1200
G1 F3000 X6.159 Y-15.76 E0.00426
M566 X1800 Y1800
G0 F7200 X6.352 Y-15.921
M566 X1200 Y1200
G1 F3000 X6.183 Y-16.09 E0.00373
M566 X1800 Y1800
G0 F7200 X6.352 Y-16.274
M566 X1200 Y1200
G1 F3000 X6.207 Y-16.419 E0.0032
M566 X1800 Y1800
G0 F7200 X6.352 Y-16.628
M566 X1200 Y1200
G1 F3000 X6.218 Y-16.762 E0.00295
M566 X1800 Y1800
G0 F7200 X6.352 Y-16.981
M566 X1200 Y1200
G1 F3000 X6.199 Y-17.134 E0.00337
M566 X1800 Y1800
G0 F7200 X6.352 Y-17.335
M566 X1200 Y1200
G1 F3000 X6.158 Y-17.529 E0.00428
M566 X1800 Y1800
G0 F7200 X6.352 Y-17.688
M566 X1200 Y1200
G1 F3000 X6.078 Y-17.963 E0.00605
M566 X1800 Y1800
G0 F7200 X6.352 Y-18.042
M566 X1200 Y1200
G1 F3000 X5.976 Y-18.418 E0.00829
M566 X1800 Y1800
G0 F7200 X6.078 Y-18.669
M566 X1200 Y1200
G1 F3000 X6.352 Y-18.396 E0.00603
M566 X1800 Y1800
G0 F7200 X6.156 Y-2.682
M566 X1200 Y1200
G1 F3000 X6.351 Y-2.486 E0.00431
M566 X1800 Y1800
G0 F7200 X6.351 Y-2.133
M566 X1200 Y1200
G1 F3000 X5.928 Y-2.556 E0.00933
M566 X1800 Y1800
G0 F7200 X6.056 Y-2.075
M566 X1200 Y1200
G1 F3000 X6.351 Y-1.779 E0.00652
M566 X1800 Y1800
G0 F7200 X6.136 Y-1.641
M566 X1200 Y1200
G1 F3000 X6.351 Y-1.426 E0.00474
M566 X1800 Y1800
G0 F7200 X6.194 Y-1.23
M566 X1200 Y1200
G1 F3000 X6.351 Y-1.072 E0.00347
M566 X1800 Y1800
G0 F7200 X6.213 Y-.857
M566 X1200 Y1200
G1 F3000 X6.351 Y-.719 E0.00304
M566 X1800 Y1800
G0 F7200 X6.213 Y-.504
M566 X1200 Y1200
G1 F3000 X6.351 Y-.365 E0.00305
M566 X1800 Y1800
G0 F7200 X6.189 Y-.174
M566 X1200 Y1200
G1 F3000 X6.351 Y-0.012 E0.00357
M566 X1800 Y1800
G0 F7200 X6.165 Y0.154
M566 X1200 Y1200
G1 F3000 X6.351 Y0.341 E0.00411
M566 X1800 Y1800
G0 F7200 X6.115 Y0.458
M566 X1200 Y1200
G1 F3000 X6.351 Y0.695 E0.00521
M566 X1800 Y1800
G0 F7200 X6.05 Y0.747
M566 X1200 Y1200
G1 F3000 X6.351 Y1.048 E0.00664
M566 X1800 Y1800
G0 F7200 X6.334 Y1.385
M566 X1200 Y1200
G1 F3000 X5.986 Y1.036 E0.00768
M566 X1800 Y1800
G0 F7200 X4.61 Y-2.749
G0 X4.261 Y-3.426
G0 X-2.157 Y-11.732
G0 X-2.865 Y-12.066
G0 X-3.924 Y-12.857
G0 X-4.451 Y-13.446
G0 X-4.88 Y-14.103
G0 X-5.347 Y-15.258
G0 X-6.087 Y-20.016
M566 X1200 Y1200
;TYPE:SKIN
G1 F3000 X-6.087 Y-20.426 E0.01278
G1 X-5.851 Y-20.426 E0.00736
G1 X-6.087 Y-20.016 E0.01475
M566 X1800 Y1800
G0 F7200 X-6.087 Y2.703
M566 X1200 Y1200
G1 F3000 X-5.831 Y3.094 E0.01457
G1 X-6.087 Y3.094 E0.00798
G1 X-6.087 Y2.703 E0.01219
M566 X1800 Y1800
G1 F1500 E-6.5
G0 F7200 X-6.577 Y-21.896
G0 X-6.577 Y-23.331
G0 X-6.577 Y-26.001
G0 X-6.577 Y-27.436
G0 X-6.577 Y-28.416
M566 X1200 Y1200
;TYPE:WALL-INNER
G1 F1500 E6.5
G1 F6000 X-6.578 Y-32.916 E0.14032
G1 X6.577 Y-32.916 E0.41019
G1 X6.577 Y-28.416 E0.14032
G1 X-6.577 Y-28.416 E0.41016
M566 X1800 Y1800
G0 F7200 X-7.077 Y-27.916
M566 X1200 Y1200
G1 F6000 X-7.078 Y-33.416 E0.1715
G1 X7.077 Y-33.416 E0.44137
G1 X7.077 Y-27.916 E0.1715
G1 X-7.077 Y-27.916 E0.44134
M566 X1800 Y1800
G0 F7200 X-7.577 Y-27.416
M566 X1200 Y1200
G1 F6000 X-7.578 Y-33.916 E0.20268
G1 X7.577 Y-33.916 E0.47255
G1 X7.577 Y-27.416 E0.20268
G1 X-7.577 Y-27.416 E0.47252
M566 X1800 Y1800
G0 F7200 X-8.077 Y-26.916
M566 X1200 Y1200
;TYPE:WALL-OUTER
G1 F3000 X-8.078 Y-34.416 E0.23386
G1 X8.077 Y-34.416 E0.50374
G1 X8.077 Y-26.916 E0.23386
G1 X-8.077 Y-26.916 E0.5037
M566 X1800 Y1800
G0 F7200 X-8.077 Y-27.166
G0 X-7.507 Y-27.486
G0 X-6.087 Y-28.906
M566 X1200 Y1200
;TYPE:SKIN
G1 F3000 X-6.088 Y-32.426 E0.10976
G1 X6.087 Y-32.426 E0.37963
G1 X6.087 Y-28.906 E0.10976
G1 X-6.087 Y-28.906 E0.3796
M566 X1800 Y1800
G0 F7200 X-5.862 Y-29.904
M566 X1200 Y1200
G1 F3000 X-5.088 Y-29.129 E0.03415
M566 X1800 Y1800
G0 F7200 X-4.381 Y-29.129
M566 X1200 Y1200
G1 F3000 X-5.862 Y-30.611 E0.06533
M566 X1800 Y1800
G0 F7200 X-5.863 Y-31.319
M566 X1200 Y1200
G1 F3000 X-3.674 Y-29.129 E0.09655
M566 X1800 Y1800
G0 F7200 X-2.967 Y-29.129
M566 X1200 Y1200
G1 F3000 X-5.863 Y-32.026 E0.12773
M566 X1800 Y1800
G0 F7200 X-5.33 Y-32.2
M566 X1200 Y1200
G1 F3000 X-2.259 Y-29.129 E0.13542
M566 X1800 Y1800
G0 F7200 X-1.552 Y-29.129
M566 X1200 Y1200
G1 F3000 X-4.623 Y-32.2 E0.13542
M566 X1800 Y1800
G0 F7200 X-3.915 Y-32.2
M566 X1200 Y1200
G1 F3000 X-.845 Y-29.129 E0.1354
M566 X1800 Y1800
G0 F7200 X-.138 Y-29.129
M566 X1200 Y1200
G1 F3000 X-3.208 Y-32.2 E0.1354
M566 X1800 Y1800
G0 F7200 X-2.501 Y-32.2
M566 X1200 Y1200
G1 F3000 X0.568 Y-29.129 E0.13538
M566 X1800 Y1800
G0 F7200 X1.275 Y-29.129
M566 X1200 Y1200
G1 F3000 X-1.794 Y-32.2 E0.13538
M566 X1800 Y1800
G0 F7200 X-1.087 Y-32.2
M566 X1200 Y1200
G1 F3000 X1.982 Y-29.129 E0.13538
M566 X1800 Y1800
G0 F7200 X2.689 Y-29.129
M566 X1200 Y1200
G1 F3000 X-.38 Y-32.2 E0.13538
M566 X1800 Y1800
G0 F7200 X0.326 Y-32.2
M566 X1200 Y1200
G1 F3000 X3.396 Y-29.129 E0.1354
M566 X1800 Y1800
G0 F7200 X4.104 Y-29.129
M566 X1200 Y1200
G1 F3000 X1.033 Y-32.2 E0.13542
M566 X1800 Y1800
G0 F7200 X1.74 Y-32.2
M566 X1200 Y1200
G1 F3000 X4.811 Y-29.129 E0.13542
M566 X1800 Y1800
G0 F7200 X5.518 Y-29.129
M566 X1200 Y1200
G1 F3000 X2.448 Y-32.2 E0.1354
M566 X1800 Y1800
G0 F7200 X3.155 Y-32.2
M566 X1200 Y1200
G1 F3000 X5.861 Y-29.493 E0.11935
M566 X1800 Y1800
G0 F7200 X5.861 Y-30.2
M566 X1200 Y1200
G1 F3000 X3.862 Y-32.2 E0.08817
M566 X1800 Y1800
G0 F7200 X4.569 Y-32.2
M566 X1200 Y1200
G1 F3000 X5.861 Y-30.907 E0.057
M566 X1800 Y1800
G0 F7200 X5.861 Y-31.614
M566 X1200 Y1200
G1 F3000 X5.276 Y-32.2 E0.02582
M566 X1800 Y1800
G1 F1500 E-6.5
;MESH:NONMESH
G0 F600 X5.276 Y-32.2 Z7.15
G0 F7200 X4.314 Y-27.436
G0 X4.314 Y-26.001
G0 X4.314 Y-23.331
G0 X4.314 Y-21.896
G0 X5.008 Y-17.23
G0 X5.037 Y-.661
G0 X4.314 Y3.584
;TIME_ELAPSED:1003.193932
;LAYER:45
M566 X1200 Y1200
;TYPE:WALL-INNER
;MESH:Roborama2026-Lasermount.3mf
G1 F1500 E6.5
G1 F6000 X4.541 Y3.349 E0.01019
G1 X5.095 Y2.575 E0.02968
G1 X5.513 Y1.758 E0.02862
G1 X5.812 Y0.854 E0.02969
G1 X5.971 Y-0.047 E0.02853
G1 X5.993 Y-1.002 E0.02979
G1 X5.876 Y-1.908 E0.02848
G1 X5.624 Y-2.808 E0.02914
G1 X5.228 Y-3.68 E0.02986
G1 X4.73 Y-4.444 E0.02844
G1 X4.114 Y-5.145 E0.0291
G1 X3.378 Y-5.759 E0.02989
G1 X2.596 Y-6.235 E0.02855
G1 X1.714 Y-6.602 E0.02979
G1 X0.832 Y-6.826 E0.02838
G1 X-0.096 Y-6.918 E0.02908
G1 X-1.034 Y-6.874 E0.02928
G1 X-1.971 Y-6.68 E0.02984
G1 X-2.827 Y-6.367 E0.02842
G1 X-3.65 Y-5.92 E0.0292
G1 X-4.411 Y-5.338 E0.02987
G1 X-5.044 Y-4.686 E0.02834
G1 X-5.59 Y-3.928 E0.02913
G1 X-6.016 Y-3.097 E0.02912
G1 X-6.315 Y-2.207 E0.02928
G1 X-6.427 Y-1.558 E0.02054
G1 X-6.427 Y-2.207 E0.00221
G1 X-6.427 Y-3.097 E0.01434
G1 X-6.427 Y-14.524 E0.35631
G1 X-6.427 Y-15.784 E0.03929
G1 X-6.378 Y-15.404 E0.01195
G1 X-6.13 Y-14.524 E0.01776
G1 X-5.733 Y-13.653 E0.02985
G1 X-5.221 Y-12.866 E0.02928
G1 X-4.598 Y-12.169 E0.02915
G1 X-3.881 Y-11.574 E0.02905
G1 X-3.082 Y-11.09 E0.02913
G1 X-2.242 Y-10.739 E0.02839
G1 X-1.336 Y-10.507 E0.02916
G1 X-.384 Y-10.415 E0.02982
G1 X0.55 Y-10.464 E0.02916
G1 X1.468 Y-10.654 E0.02923
G1 X2.344 Y-10.977 E0.02911
G1 X3.164 Y-11.428 E0.02918
G1 X3.905 Y-11.994 E0.02907
G1 X4.541 Y-12.651 E0.02851
G1 X5.095 Y-13.425 E0.02968
G1 X5.513 Y-14.242 E0.02862
G1 X5.812 Y-15.146 E0.02969
G1 X5.971 Y-16.044 E0.02844
G1 X5.994 Y-16.979 E0.02916
G1 X5.877 Y-17.905 E0.0291
G1 X5.624 Y-18.806 E0.02918
G1 X5.239 Y-19.659 E0.02918
G1 X4.73 Y-20.445 E0.0292
G1 X4.313 Y-20.916 E0.01962
G1 X6.427 Y-20.916 E0.06592
G1 X6.427 Y-17.511 E0.10617
G1 X6.427 Y-16.979 E0.01554
G1 X6.427 Y-16.044 E0.02592
G1 X6.427 Y-1.515 E0.45303
G1 X6.427 Y-1.002 E0.015
G1 X6.427 Y-0.047 E0.0265
G1 X6.427 Y3.584 E0.11322
G1 X4.314 Y3.584 E0.06589
M566 X1800 Y1800
G0 F7200 X0.427 Y4.581
G0 X-.362 Y4.622
G0 X-.998 Y4.561
G0 X-4.821 Y3.584
M566 X1200 Y1200
G1 F6000 X-6.427 Y3.584 E0.05008
G1 X-6.427 Y1.5 E0.06498
G1 X-6.427 Y0.224 E0.03979
G1 X-6.378 Y0.599 E0.01179
G1 X-6.12 Y1.5 E0.00721
G1 X-5.731 Y2.35 E0.02915
G1 X-5.224 Y3.131 E0.02903
G1 X-4.821 Y3.584 E0.01891
M566 X1800 Y1800
G0 F7200 X-5.435 Y0.404
G0 X-6.427 Y-17.573
M566 X1200 Y1200
G1 F6000 X-6.427 Y-18.21 E0.01986
G1 X-6.427 Y-19.074 E0.02694
G1 X-6.427 Y-20.916 E0.05744
G1 X-4.82 Y-20.916 E0.05011
G1 X-5.044 Y-20.687 E0.00999
G1 X-5.59 Y-19.927 E0.02918
G1 X-6.023 Y-19.074 E0.02983
G1 X-6.315 Y-18.21 E0.01522
G1 X-6.427 Y-17.573 E0.00245
M566 X1800 Y1800
G0 F7200 X-5.978 Y-17.239
M566 X1200 Y1200
G1 F6000 X-5.999 Y-16.377 E0.02689
G1 X-5.887 Y-15.504 E0.02744
G1 X-5.659 Y-14.696 E0.02618
G1 X-5.294 Y-13.894 E0.02748
G1 X-4.823 Y-13.171 E0.02691
G1 X-4.25 Y-12.53 E0.02681
G1 X-3.59 Y-11.982 E0.02675
G1 X-2.855 Y-11.537 E0.02679
G1 X-2.083 Y-11.214 E0.02609
G1 X-1.249 Y-11.001 E0.02684
G1 X-.373 Y-10.916 E0.02744
G1 X0.486 Y-10.961 E0.02682
G1 X1.33 Y-11.136 E0.02688
G1 X2.136 Y-11.433 E0.02678
G1 X2.89 Y-11.848 E0.02684
G1 X3.572 Y-12.369 E0.02676
G1 X4.156 Y-12.972 E0.02617
G1 X4.667 Y-13.686 E0.02738
G1 X5.05 Y-14.435 E0.02623
G1 X5.326 Y-15.269 E0.02739
G1 X5.472 Y-16.094 E0.02612
G1 X5.493 Y-16.954 E0.02682
G1 X5.386 Y-17.806 E0.02678
G1 X5.153 Y-18.635 E0.02685
G1 X4.799 Y-19.419 E0.02682
G1 X4.331 Y-20.142 E0.02685
G1 X3.746 Y-20.802 E0.0275
G1 X3.085 Y-21.35 E0.02677
G1 X2.977 Y-21.416 E0.00395
G1 X3.578 Y-21.416 E0.01312
G1 X6.927 Y-21.416 E0.10443
G1 X6.927 Y4.084 E0.79513
G1 X3.572 Y4.084 E0.10461
G1 X2.979 Y4.084 E0.01849
G1 X3.572 Y3.631 E0.01244
G1 X4.156 Y3.028 E0.02617
G1 X4.667 Y2.314 E0.02738
G1 X5.05 Y1.565 E0.02623
G1 X5.326 Y0.731 E0.02739
G1 X5.472 Y-0.096 E0.02619
G1 X5.492 Y-.976 E0.02745
G1 X5.385 Y-1.808 E0.02616
G1 X5.153 Y-2.636 E0.02681
G1 X4.788 Y-3.439 E0.0275
G1 X4.331 Y-4.141 E0.02612
G1 X3.764 Y-4.786 E0.02678
G1 X3.086 Y-5.351 E0.02752
G1 X2.369 Y-5.788 E0.02618
G1 X1.556 Y-6.126 E0.02745
G1 X0.745 Y-6.332 E0.02609
G1 X-.109 Y-6.417 E0.02676
G1 X-.971 Y-6.376 E0.02691
G1 X-1.834 Y-6.198 E0.02748
G1 X-2.621 Y-5.91 E0.02613
G1 X-3.377 Y-5.499 E0.02683
G1 X-4.078 Y-4.963 E0.02752
G1 X-4.66 Y-4.364 E0.02604
G1 X-5.162 Y-3.666 E0.02681
G1 X-5.554 Y-2.902 E0.02678
G1 X-5.829 Y-2.084 E0.02691
G1 X-5.979 Y-1.215 E0.0275
G1 X-5.998 Y-.355 E0.02682
G1 X-5.887 Y0.497 E0.02679
G1 X-5.65 Y1.326 E0.02688
G1 X-5.292 Y2.108 E0.02682
G1 X-4.825 Y2.827 E0.02673
G1 X-4.268 Y3.454 E0.02615
G1 X-3.593 Y4.017 E0.02741
G1 X-3.483 Y4.084 E0.00402
G1 X-4.08 Y4.084 E0.01309
G1 X-6.927 Y4.084 E0.08877
G1 X-6.927 Y-21.416 E0.79513
G1 X-4.061 Y-21.416 E0.08937
G1 X-3.487 Y-21.416 E0.0179
G1 X-4.061 Y-20.977 E0.01177
G1 X-4.66 Y-20.364 E0.02672
G1 X-5.162 Y-19.666 E0.02681
G1 X-5.561 Y-18.88 E0.02749
G1 X-5.829 Y-18.086 E0.02613
G1 X-5.978 Y-17.239 E0.02682
M566 X1800 Y1800
G0 F7200 X-5.479 Y-17.189
M566 X1200 Y1200
G1 F6000 X-5.498 Y-16.403 E0.02452
G1 X-5.396 Y-15.604 E0.02512
G1 X-5.188 Y-14.869 E0.02382
G1 X-4.854 Y-14.135 E0.02515
G1 X-4.425 Y-13.476 E0.02452
G1 X-3.902 Y-12.891 E0.02447
G1 X-3.299 Y-12.39 E0.02445
G1 X-2.628 Y-11.984 E0.02445
G1 X-1.924 Y-11.689 E0.0238
G1 X-1.163 Y-11.495 E0.02449
G1 X-.362 Y-11.417 E0.02509
G1 X0.422 Y-11.458 E0.02448
G1 X1.192 Y-11.618 E0.02452
G1 X1.928 Y-11.889 E0.02446
G1 X2.616 Y-12.268 E0.02449
G1 X3.239 Y-12.744 E0.02445
G1 X3.771 Y-13.293 E0.02384
G1 X4.239 Y-13.947 E0.02508
G1 X4.587 Y-14.628 E0.02385
G1 X4.84 Y-15.392 E0.02509
G1 X4.973 Y-16.144 E0.02381
G1 X4.992 Y-16.929 E0.02448
G1 X4.895 Y-17.707 E0.02445
G1 X4.682 Y-18.463 E0.02449
G1 X4.359 Y-19.179 E0.02449
G1 X3.932 Y-19.839 E0.02451
G1 X3.397 Y-20.442 E0.02514
G1 X2.794 Y-20.942 E0.02443
G1 X2.143 Y-21.34 E0.02379
G1 X1.417 Y-21.645 E0.02455
G1 X0.637 Y-21.84 E0.02507
G1 X-.122 Y-21.916 E0.00188
G1 X-.906 Y-21.878 E0.02447
G1 X-1.677 Y-21.722 E0.02453
G1 X-2.434 Y-21.444 E0.02515
G1 X-3.123 Y-21.065 E0.02452
G1 X-3.729 Y-20.602 E0.02378
G1 X-4.276 Y-20.042 E0.02441
G1 X-4.734 Y-19.405 E0.02446
G1 X-5.099 Y-18.686 E0.02514
G1 X-5.343 Y-17.962 E0.02382
G1 X-5.479 Y-17.189 E0.02447
M566 X1800 Y1800
G0 F7200 X-5.578 Y-17.198
G0 X-7.357 Y-21.846
G0 X-7.427 Y-21.916
M566 X1200 Y1200
G1 F6000 X-2.434 Y-21.916 E0.15569
G1 X-1.677 Y-21.916 E0.01559
G1 X-.906 Y-21.916 E0.00549
G1 X-.122 Y-21.916 E0.02445
G1 X0.637 Y-21.916 E0.00178
G1 X1.417 Y-21.916 E0.00832
G1 X1.985 Y-21.916 E0.01419
G1 X7.427 Y-21.916 E0.16969
G1 X7.427 Y4.584 E0.82631
G1 X1.928 Y4.584 E0.17147
G1 X1.192 Y4.584 E0.02295
G1 X0.422 Y4.584 E0.02401
G1 X-.362 Y4.584 E0.02445
G1 X-1.142 Y4.584 E0.02432
G1 X-1.923 Y4.584 E0.02435
G1 X-2.487 Y4.584 E0.01759
G1 X-7.427 Y4.584 E0.15404
G1 X-7.427 Y-21.916 E0.82631
M566 X1800 Y1800
G0 F7200 X-7.357 Y-21.846
G0 X-5.225 Y-14.856
G0 X-1.724 Y-5.812
G0 X-1.697 Y-5.716
M566 X1200 Y1200
G1 F6000 X-2.414 Y-5.453 E0.02381
G1 X-3.104 Y-5.078 E0.02449
G1 X-3.745 Y-4.588 E0.02516
G1 X-4.276 Y-4.042 E0.02375
G1 X-4.734 Y-3.405 E0.02446
G1 X-5.092 Y-2.707 E0.02446
G1 X-5.343 Y-1.961 E0.02454
G1 X-5.48 Y-1.167 E0.02512
G1 X-5.497 Y-.382 E0.02448
G1 X-5.396 Y0.396 E0.02446
G1 X-5.18 Y1.152 E0.02452
G1 X-4.853 Y1.866 E0.02449
G1 X-4.426 Y2.523 E0.02443
G1 X-3.919 Y3.094 E0.02381
G1 X-3.301 Y3.609 E0.02508
G1 X-2.647 Y4.007 E0.02387
G1 X-1.923 Y4.312 E0.02102
G1 X-1.142 Y4.507 E0.00911
G1 X-.362 Y4.583 E0.00198
G1 X0.422 Y4.542 E0.00108
G1 X1.192 Y4.382 E0.00627
G1 X1.928 Y4.111 E0.01687
G1 X2.616 Y3.732 E0.02449
G1 X3.239 Y3.256 E0.02445
G1 X3.771 Y2.707 E0.02384
G1 X4.239 Y2.053 E0.02508
G1 X4.587 Y1.372 E0.02385
G1 X4.84 Y0.608 E0.02509
G1 X4.973 Y-.145 E0.02384
G1 X4.991 Y-.95 E0.02511
G1 X4.894 Y-1.708 E0.02383
G1 X4.682 Y-2.464 E0.02448
G1 X4.348 Y-3.198 E0.02515
G1 X3.932 Y-3.838 E0.0238
G1 X3.414 Y-4.427 E0.02446
G1 X2.794 Y-4.943 E0.02515
G1 X2.142 Y-5.341 E0.02382
G1 X1.398 Y-5.65 E0.02512
G1 X0.658 Y-5.838 E0.02381
G1 X-.122 Y-5.916 E0.02444
G1 X-.908 Y-5.878 E0.02454
G1 X-1.697 Y-5.716 E0.02512
M566 X1800 Y1800
G0 F7200 X-1.56 Y-5.234
M566 X1200 Y1200
;TYPE:WALL-OUTER
G1 F3000 X-2.207 Y-4.996 E0.0215
G1 X-2.831 Y-4.657 E0.02214
G1 X-3.412 Y-4.213 E0.0228
G1 X-3.892 Y-3.72 E0.02146
G1 X-4.306 Y-3.144 E0.02212
G1 X-4.63 Y-2.512 E0.02215
G1 X-4.857 Y-1.838 E0.02218
G1 X-4.981 Y-1.119 E0.02275
G1 X-4.996 Y-.409 E0.02214
G1 X-4.905 Y0.295 E0.02213
G1 X-4.71 Y0.978 E0.02215
G1 X-4.414 Y1.624 E0.02216
G1 X-4.027 Y2.219 E0.02213
G1 X-3.57 Y2.734 E0.02147
G1 X-3.009 Y3.201 E0.02276
G1 X-2.419 Y3.561 E0.02155
G1 X-1.765 Y3.836 E0.02212
G1 X-1.057 Y4.013 E0.02276
G1 X-.351 Y4.082 E0.02212
G1 X0.358 Y4.045 E0.02214
G1 X1.054 Y3.9 E0.02217
G1 X1.72 Y3.655 E0.02213
G1 X2.342 Y3.312 E0.02215
G1 X2.906 Y2.881 E0.02213
G1 X3.386 Y2.386 E0.0215
G1 X3.811 Y1.792 E0.02277
G1 X4.124 Y1.179 E0.02146
G1 X4.354 Y0.485 E0.0228
G1 X4.474 Y-.194 E0.0215
G1 X4.49 Y-.924 E0.02277
G1 X4.403 Y-1.608 E0.0215
G1 X4.211 Y-2.292 E0.02215
G1 X3.908 Y-2.957 E0.02279
G1 X3.533 Y-3.535 E0.02148
G1 X3.064 Y-4.067 E0.02211
G1 X2.502 Y-4.535 E0.0228
G1 X1.914 Y-4.894 E0.02148
G1 X1.24 Y-5.174 E0.02276
G1 X0.571 Y-5.344 E0.02152
G1 X-.135 Y-5.415 E0.02213
G1 X-.845 Y-5.38 E0.02217
G1 X-1.56 Y-5.234 E0.02275
M566 X1800 Y1800
G0 F7200 X-1.794 Y-5.148
G0 X-2 Y-5.711
G0 X-1.135 Y-11.393
G0 X-1.077 Y-11.989
M566 X1200 Y1200
G1 F3000 X-.351 Y-11.918 E0.02275
G1 X0.358 Y-11.955 E0.02214
G1 X1.054 Y-12.1 E0.02217
G1 X1.72 Y-12.345 E0.02213
G1 X2.342 Y-12.688 E0.02215
G1 X2.906 Y-13.119 E0.02213
G1 X3.386 Y-13.614 E0.0215
G1 X3.811 Y-14.208 E0.02277
G1 X4.124 Y-14.821 E0.02146
G1 X4.354 Y-15.515 E0.0228
G1 X4.474 Y-16.194 E0.0215
G1 X4.491 Y-16.904 E0.02215
G1 X4.403 Y-17.608 E0.02212
G1 X4.211 Y-18.292 E0.02215
G1 X3.919 Y-18.939 E0.02213
G1 X3.533 Y-19.535 E0.02214
G1 X3.048 Y-20.081 E0.02277
G1 X2.502 Y-20.534 E0.02212
G1 X1.914 Y-20.894 E0.0215
G1 X1.259 Y-21.169 E0.02215
G1 X0.551 Y-21.346 E0.02276
G1 X-.135 Y-21.415 E0.0215
G1 X-.844 Y-21.38 E0.02213
G1 X-1.541 Y-21.239 E0.02217
G1 X-2.226 Y-20.988 E0.02275
G1 X-2.849 Y-20.645 E0.02218
G1 X-3.397 Y-20.227 E0.02149
G1 X-3.892 Y-19.72 E0.02209
G1 X-4.306 Y-19.144 E0.02212
G1 X-4.637 Y-18.492 E0.0228
G1 X-4.857 Y-17.838 E0.02152
G1 X-4.98 Y-17.139 E0.02213
G1 X-4.997 Y-16.429 E0.02215
G1 X-4.905 Y-15.704 E0.02279
G1 X-4.717 Y-15.042 E0.02146
G1 X-4.414 Y-14.376 E0.02281
G1 X-4.027 Y-13.781 E0.02213
G1 X-3.554 Y-13.252 E0.02213
G1 X-3.008 Y-12.798 E0.02214
G1 X-2.401 Y-12.431 E0.02212
G1 X-1.765 Y-12.164 E0.02151
G1 X-1.077 Y-11.989 E0.02214
M566 X1800 Y1800
G0 F7200 X-.829 Y-11.965
G0 X-.887 Y-11.369
G0 X-5.128 Y-2.722
G0 X-7.357 Y4.514
G0 X-7.927 Y5.084
M566 X1200 Y1200
G1 F3000 X-7.927 Y-22.416 E0.85749
G1 X7.927 Y-22.416 E0.49435
G1 X7.927 Y5.084 E0.85749
G1 X-7.927 Y5.084 E0.49435
M566 X1800 Y1800
G0 F7200 X-7.927 Y4.834
G0 X-7.357 Y4.514
G0 X-5.937 Y3.094
M566 X1200 Y1200
;TYPE:SKIN
G1 F3000 X-5.937 Y2.933 E0.00502
G1 X-5.833 Y3.094 E0.00598
G1 X-5.937 Y3.094 E0.00324
M566 X1800 Y1800
G0 F7200 X-5.937 Y-4.285
M566 X1200 Y1200
G1 F3000 X-5.937 Y-13.068 E0.27387
G1 X-5.611 Y-12.568 E0.01861
G1 X-4.939 Y-11.816 E0.03145
G1 X-4.166 Y-11.174 E0.03133
G1 X-3.305 Y-10.653 E0.03138
G1 X-2.398 Y-10.273 E0.03066
G1 X-1.421 Y-10.023 E0.03145
G1 X-.395 Y-9.923 E0.03214
G1 X0.613 Y-9.976 E0.03147
G1 X1.603 Y-10.182 E0.03153
G1 X2.548 Y-10.53 E0.0314
G1 X3.432 Y-11.016 E0.03146
G1 X4.232 Y-11.627 E0.03139
G1 X4.919 Y-12.336 E0.03078
G1 X5.515 Y-13.17 E0.03196
G1 X5.937 Y-13.995 E0.02889
G1 X5.937 Y-3.304 E0.33336
G1 X5.659 Y-3.917 E0.02099
G1 X5.122 Y-4.741 E0.03067
G1 X4.457 Y-5.497 E0.0314
G1 X3.664 Y-6.159 E0.03221
G1 X2.819 Y-6.673 E0.03084
G1 X1.869 Y-7.068 E0.03208
G1 X0.917 Y-7.31 E0.03063
G1 X-0.083 Y-7.41 E0.03134
G1 X-1.095 Y-7.362 E0.03159
G1 X-2.106 Y-7.152 E0.0322
G1 X-3.029 Y-6.814 E0.03065
G1 X-3.917 Y-6.332 E0.03151
G1 X-4.738 Y-5.705 E0.03221
G1 X-5.42 Y-5.002 E0.03054
G1 X-5.937 Y-4.285 E0.02756
M566 X1800 Y1800
G0 F7200 X-5.534 Y-12.143
M566 X1200 Y1200
G1 F3000 X-5.711 Y-11.966 E0.00781
M566 X1800 Y1800
G0 F7200 X-5.2 Y-11.769
M566 X1200 Y1200
G1 F3000 X-5.711 Y-11.259 E0.02251
M566 X1800 Y1800
G0 F7200 X-5.711 Y-10.552
M566 X1200 Y1200
G1 F3000 X-4.83 Y-11.433 E0.03885
M566 X1800 Y1800
G0 F7200 X-4.443 Y-11.112
M566 X1200 Y1200
G1 F3000 X-5.711 Y-9.845 E0.05589
M566 X1800 Y1800
G0 F7200 X-5.711 Y-9.137
M566 X1200 Y1200
G1 F3000 X-4.024 Y-10.825 E0.07441
M566 X1800 Y1800
G0 F7200 X-3.583 Y-10.558
M566 X1200 Y1200
G1 F3000 X-5.711 Y-8.43 E0.09384
M566 X1800 Y1800
G0 F7200 X-5.711 Y-7.723
M566 X1200 Y1200
G1 F3000 X-3.108 Y-10.326 E0.11478
M566 X1800 Y1800
G0 F7200 X-2.61 Y-10.117
M566 X1200 Y1200
G1 F3000 X-5.711 Y-7.016 E0.13675
M566 X1800 Y1800
G0 F7200 X-5.711 Y-6.309
M566 X1200 Y1200
G1 F3000 X-2.066 Y-9.954 E0.16073
M566 X1800 Y1800
G0 F7200 X-1.502 Y-9.811
M566 X1200 Y1200
G1 F3000 X-5.711 Y-5.602 E0.1856
G1 X-5.799 Y-5.514
M566 X1800 Y1800
G0 F7200 X-4.238 Y-6.368
M566 X1200 Y1200
G1 F3000 X-.864 Y-9.741 E0.14876
M566 X1800 Y1800
G0 F7200 X-.192 Y-9.707
M566 X1200 Y1200
G1 F3000 X-2.74 Y-7.158 E0.11238
G1 X-2.828 Y-7.07
M566 X1800 Y1800
G0 F7200 X-1.733 Y-7.459
M566 X1200 Y1200
G1 F3000 X0.555 Y-9.747 E0.10089
M566 X1800 Y1800
G0 F7200 X1.429 Y-9.914
M566 X1200 Y1200
G1 F3000 X-.888 Y-7.596 E0.1022
M566 X1800 Y1800
G0 F7200 X-.146 Y-7.631
M566 X1200 Y1200
G1 F3000 X2.491 Y-10.269 E0.11631
G1 X2.579 Y-10.357
M566 X1800 Y1800
G0 F7200 X1.688 Y-7.345
M566 X1200 Y1200
G1 F3000 X5.711 Y-11.368 E0.1774
M566 X1800 Y1800
G0 F7200 X5.711 Y-12.075
M566 X1200 Y1200
G1 F3000 X1.125 Y-7.488 E0.20225
M566 X1800 Y1800
G0 F7200 X0.505 Y-7.576
M566 X1200 Y1200
G1 F3000 X5.711 Y-12.782 E0.22957
G1 X5.799 Y-12.87
M566 X1800 Y1800
G0 F7200 X5.711 Y-10.661
M566 X1200 Y1200
G1 F3000 X2.216 Y-7.166 E0.15412
M566 X1800 Y1800
G0 F7200 X2.715 Y-6.958
M566 X1200 Y1200
G1 F3000 X5.711 Y-9.953 E0.13209
M566 X1800 Y1800
G0 F7200 X5.711 Y-9.246
M566 X1200 Y1200
G1 F3000 X3.18 Y-6.716 E0.11159
M566 X1800 Y1800
G0 F7200 X3.62 Y-6.448
M566 X1200 Y1200
G1 F3000 X5.711 Y-8.539 E0.09221
M566 X1800 Y1800
G0 F7200 X5.711 Y-7.832
M566 X1200 Y1200
G1 F3000 X4.026 Y-6.148 E0.07428
M566 X1800 Y1800
G0 F7200 X4.412 Y-5.826
M566 X1200 Y1200
G1 F3000 X5.711 Y-7.125 E0.05728
M566 X1800 Y1800
G0 F7200 X5.711 Y-6.418
M566 X1200 Y1200
G1 F3000 X4.772 Y-5.479 E0.04141
M566 X1800 Y1800
G0 F7200 X5.103 Y-5.103
M566 X1200 Y1200
G1 F3000 X5.711 Y-5.711 E0.02681
M566 X1800 Y1800
G0 F7200 X5.711 Y-5.004
M566 X1200 Y1200
G1 F3000 X5.413 Y-4.706 E0.01314
M566 X1800 Y1800
G0 F7200 X5.937 Y2.005
M566 X1200 Y1200
G1 F3000 X5.937 Y3.094 E0.03396
G1 X5.326 Y3.094 E0.01905
G1 X5.515 Y2.83 E0.01012
G1 X5.937 Y2.005 E0.02889
M566 X1800 Y1800
G0 F7200 X5.937 Y-19.304
M566 X1200 Y1200
G1 F3000 X5.67 Y-19.894 E0.02019
G1 X5.326 Y-20.426 E0.01975
G1 X5.937 Y-20.426 E0.01905
G1 X5.937 Y-19.304 E0.03499
M566 X1800 Y1800
G0 F7200 X2.161 Y-21.375
G0 X1.429 Y-21.682
G0 X0.643 Y-21.879
G0 X-.121 Y-21.955
G0 X-.91 Y-21.917
G0 X-5.835 Y-20.426
M566 X1200 Y1200
G1 F3000 X-5.937 Y-20.284 E0.00545
G1 X-5.937 Y-20.426 E0.00443
G1 X-5.835 Y-20.426 E0.00318
M566 X1800 Y1800
G0 F7200 X-6.348 Y-17.339
G0 X-6.517 Y-17.17
M566 X1200 Y1200
;TYPE:SKIN
G1 F3000 X-6.453 Y-16.88 E0.01007
G1 X-6.435 Y-16.19 E0.0234
G1 X-6.227 Y-16.045 E0.0086
M566 X1800 Y1800
G0 F7200 X-6.253 Y-16.02
G0 X-6.444 Y-1.333
G0 X-6.565 Y-1.212
M566 X1200 Y1200
G1 F3000 X-6.452 Y-.972 E0.00891
G1 X-6.46 Y-.256 E0.02405
G1 X-6.285 Y-0.077 E0.00841
M566 X1800 Y1800
G0 F7200 X-6.358 Y-0.005
G1 F1500 E-6.5
G0 F7200 X-6.427 Y-21.896
G0 X-6.427 Y-23.331
G0 X-6.427 Y-26.001
G0 X-6.427 Y-27.436
G0 X-6.427 Y-28.416
M566 X1200 Y1200
;TYPE:WALL-INNER
G1 F1500 E6.5
G1 F6000 X-6.428 Y-32.916 E0.14032
G1 X6.427 Y-32.916 E0.40084
G1 X6.427 Y-28.416 E0.14032
G1 X-6.427 Y-28.416 E0.40081
M566 X1800 Y1800
G0 F7200 X-6.927 Y-27.916
M566 X1200 Y1200
G1 F6000 X-6.928 Y-33.416 E0.1715
G1 X6.927 Y-33.416 E0.43202
G1 X6.927 Y-27.916 E0.1715
G1 X-6.927 Y-27.916 E0.43199
M566 X1800 Y1800
G0 F7200 X-7.427 Y-27.416
M566 X1200 Y1200
G1 F6000 X-7.428 Y-33.916 E0.20268
G1 X7.427 Y-33.916 E0.4632
G1 X7.427 Y-27.416 E0.20268
G1 X-7.427 Y-27.416 E0.46317
M566 X1800 Y1800
G0 F7200 X-7.927 Y-26.916
M566 X1200 Y1200
;TYPE:WALL-OUTER
G1 F3000 X-7.928 Y-34.416 E0.23386
G1 X7.927 Y-34.416 E0.49438
G1 X7.927 Y-26.916 E0.23386
G1 X-7.927 Y-26.916 E0.49435
M566 X1800 Y1800
G0 F7200 X-7.927 Y-27.166
G0 X-7.357 Y-27.486
G0 X-5.937 Y-28.906
M566 X1200 Y1200
;TYPE:SKIN
G1 F3000 X-5.938 Y-32.426 E0.10976
G1 X5.937 Y-32.426 E0.37028
G1 X5.937 Y-28.906 E0.10976
G1 X-5.937 Y-28.906 E0.37025
M566 X1800 Y1800
G0 F7200 X-5.276 Y-32.2
M566 X1200 Y1200
G1 F3000 X-5.712 Y-31.763 E0.01925
M566 X1800 Y1800
G0 F7200 X-5.712 Y-31.056
M566 X1200 Y1200
G1 F3000 X-4.569 Y-32.2 E0.05043
M566 X1800 Y1800
G0 F7200 X-3.862 Y-32.2
M566 X1200 Y1200
G1 F3000 X-5.712 Y-30.35 E0.08158
M566 X1800 Y1800
G0 F7200 X-5.712 Y-29.643
M566 X1200 Y1200
G1 F3000 X-3.155 Y-32.2 E0.11276
M566 X1800 Y1800
G0 F7200 X-2.448 Y-32.2
M566 X1200 Y1200
G1 F3000 X-5.518 Y-29.129 E0.1354
M566 X1800 Y1800
G0 F7200 X-4.811 Y-29.129
M566 X1200 Y1200
G1 F3000 X-1.74 Y-32.2 E0.13542
M566 X1800 Y1800
G0 F7200 X-1.033 Y-32.2
M566 X1200 Y1200
G1 F3000 X-4.104 Y-29.129 E0.13542
M566 X1800 Y1800
G0 F7200 X-3.396 Y-29.129
M566 X1200 Y1200
G1 F3000 X-.326 Y-32.2 E0.1354
M566 X1800 Y1800
G0 F7200 X0.38 Y-32.2
M566 X1200 Y1200
G1 F3000 X-2.689 Y-29.129 E0.13538
M566 X1800 Y1800
G0 F7200 X-1.982 Y-29.129
M566 X1200 Y1200
G1 F3000 X1.087 Y-32.2 E0.13538
M566 X1800 Y1800
G0 F7200 X1.794 Y-32.2
M566 X1200 Y1200
G1 F3000 X-1.275 Y-29.129 E0.13538
M566 X1800 Y1800
G0 F7200 X-.568 Y-29.129
M566 X1200 Y1200
G1 F3000 X2.501 Y-32.2 E0.13538
M566 X1800 Y1800
G0 F7200 X3.208 Y-32.2
M566 X1200 Y1200
G1 F3000 X0.138 Y-29.129 E0.1354
M566 X1800 Y1800
G0 F7200 X0.845 Y-29.129
M566 X1200 Y1200
G1 F3000 X3.915 Y-32.2 E0.1354
M566 X1800 Y1800
G0 F7200 X4.623 Y-32.2
M566 X1200 Y1200
G1 F3000 X1.552 Y-29.129 E0.13542
M566 X1800 Y1800
G0 F7200 X2.259 Y-29.129
M566 X1200 Y1200
G1 F3000 X5.33 Y-32.2 E0.13542
M566 X1800 Y1800
G0 F7200 X5.712 Y-31.874
M566 X1200 Y1200
G1 F3000 X2.967 Y-29.129 E0.12105
M566 X1800 Y1800
G0 F7200 X3.674 Y-29.129
M566 X1200 Y1200
G1 F3000 X5.712 Y-31.167 E0.08987
M566 X1800 Y1800
G0 F7200 X5.712 Y-30.46
M566 X1200 Y1200
G1 F3000 X4.381 Y-29.129 E0.05869
M566 X1800 Y1800
G0 F7200 X5.088 Y-29.129
M566 X1200 Y1200
G1 F3000 X5.712 Y-29.753 E0.02752
M566 X1800 Y1800
G1 F1500 E-6.5
;MESH:NONMESH
G0 F600 X5.712 Y-29.753 Z7.3
G0 F7200 X4.312 Y-27.436
G0 X4.312 Y-26.001
G0 X4.312 Y-23.331
G0 X4.312 Y-21.896
G0 X5.031 Y-16.93
G0 X5.012 Y-.142
G0 X4.312 Y3.584
;TIME_ELAPSED:1022.729336
;LAYER:46
M566 X1200 Y1200
;TYPE:WALL-INNER
;MESH:Roborama2026-Lasermount.3mf
G1 F1500 E6.5
G1 F6000 X4.549 Y3.339 E0.01063
G1 X5.094 Y2.579 E0.02916
G1 X5.514 Y1.749 E0.02901
G1 X5.808 Y0.878 E0.02866
G1 X5.971 Y-0.044 E0.0292
G1 X5.994 Y-.995 E0.02966
G1 X5.876 Y-1.908 E0.02871
G1 X5.624 Y-2.807 E0.02911
G1 X5.233 Y-3.673 E0.02963
G1 X4.73 Y-4.444 E0.0287
G1 X4.114 Y-5.144 E0.02907
G1 X3.384 Y-5.752 E0.02962
G1 X2.598 Y-6.234 E0.02875
G1 X1.724 Y-6.6 E0.02955
G1 X0.832 Y-6.826 E0.02869
G1 X-0.095 Y-6.918 E0.02905
G1 X-1.032 Y-6.874 E0.02925
G1 X-1.963 Y-6.682 E0.02964
G1 X-2.825 Y-6.367 E0.02862
G1 X-3.65 Y-5.92 E0.02926
G1 X-4.403 Y-5.343 E0.02958
G1 X-5.044 Y-4.686 E0.02862
G1 X-5.59 Y-3.928 E0.02913
G1 X-6.016 Y-3.097 E0.02912
G1 X-6.277 Y-2.318 E0.02562
G1 X-6.277 Y-3.097 E0.0061
G1 X-6.277 Y-13.709 E0.3309
G1 X-6.277 Y-14.526 E0.02548
G1 X-6.276 Y-15.044 E0.01615
G1 X-6.13 Y-14.526 E0.00287
G1 X-5.738 Y-13.66 E0.02137
G1 X-5.228 Y-12.876 E0.02916
G1 X-4.607 Y-12.177 E0.02915
G1 X-3.887 Y-11.578 E0.0292
G1 X-3.088 Y-11.093 E0.02914
G1 X-2.227 Y-10.733 E0.0291
G1 X-1.322 Y-10.506 E0.02909
G1 X-.394 Y-10.415 E0.02908
G1 X0.543 Y-10.463 E0.02926
G1 X1.458 Y-10.652 E0.02913
G1 X2.336 Y-10.974 E0.02916
G1 X3.155 Y-11.424 E0.02914
G1 X3.899 Y-11.989 E0.02913
G1 X4.549 Y-12.661 E0.02915
G1 X5.094 Y-13.421 E0.02916
G1 X5.514 Y-14.251 E0.02901
G1 X5.808 Y-15.122 E0.02866
G1 X5.971 Y-16.044 E0.0292
G1 X5.994 Y-16.978 E0.02913
G1 X5.879 Y-17.905 E0.02913
G1 X5.624 Y-18.807 E0.02923
G1 X5.239 Y-19.659 E0.02915
G1 X4.73 Y-20.444 E0.02917
G1 X4.313 Y-20.916 E0.01964
G1 X6.277 Y-20.916 E0.06124
G1 X6.277 Y-17.905 E0.09389
G1 X6.277 Y-16.978 E0.01967
G1 X6.277 Y-16.044 E0.01715
G1 X6.277 Y-15.122 E0.02226
G1 X6.277 Y-1.908 E0.41203
G1 X6.277 Y-.995 E0.01946
G1 X6.277 Y-0.044 E0.01747
G1 X6.277 Y0.878 E0.02226
G1 X6.277 Y3.584 E0.08438
G1 X4.312 Y3.584 E0.06127
M566 X1800 Y1800
G0 F7200 X0.42 Y4.582
G0 X-.37 Y4.622
G0 X-1.018 Y4.559
G0 X-4.822 Y3.584
M566 X1200 Y1200
G1 F6000 X-6.277 Y3.584 E0.04537
G1 X-6.277 Y2.288 E0.04041
G1 X-6.277 Y1.49 E0.02488
G1 X-6.277 Y0.956 E0.01665
G1 X-6.126 Y1.49 E0.00301
G1 X-5.735 Y2.342 E0.02128
G1 X-5.228 Y3.121 E0.02898
G1 X-4.822 Y3.584 E0.0192
M566 X1800 Y1800
G0 F7200 X-5.437 Y0.397
G0 X-6.276 Y-18.322
M566 X1200 Y1200
G1 F6000 X-6.276 Y-19.081 E0.02367
G1 X-6.276 Y-19.59 E0.01587
G1 X-6.276 Y-20.916 E0.04135
G1 X-4.819 Y-20.916 E0.04543
G1 X-5.044 Y-20.685 E0.01006
G1 X-5.59 Y-19.927 E0.02913
G1 X-6.02 Y-19.081 E0.02637
G1 X-6.276 Y-18.322 E0.00712
M566 X1800 Y1800
G0 F7200 X-5.828 Y-18.086
M566 X1200 Y1200
G1 F6000 X-5.978 Y-17.239 E0.02682
G1 X-5.999 Y-16.379 E0.02682
G1 X-5.889 Y-15.512 E0.02725
G1 X-5.659 Y-14.698 E0.02638
G1 X-5.298 Y-13.901 E0.02728
G1 X-4.829 Y-13.18 E0.02682
G1 X-4.258 Y-12.537 E0.02681
G1 X-3.596 Y-11.986 E0.02686
G1 X-2.861 Y-11.54 E0.02681
G1 X-2.069 Y-11.209 E0.02677
G1 X-1.236 Y-11 E0.02678
G1 X-.382 Y-10.916 E0.02676
G1 X0.479 Y-10.96 E0.02688
G1 X1.321 Y-11.134 E0.02681
G1 X2.128 Y-11.43 E0.0268
G1 X2.882 Y-11.844 E0.02682
G1 X3.566 Y-12.364 E0.02679
G1 X4.164 Y-12.982 E0.02681
G1 X4.665 Y-13.681 E0.02682
G1 X5.052 Y-14.445 E0.0267
G1 X5.322 Y-15.246 E0.02636
G1 X5.472 Y-16.094 E0.02685
G1 X5.493 Y-16.953 E0.02679
G1 X5.387 Y-17.806 E0.0268
G1 X5.153 Y-18.635 E0.02686
G1 X4.799 Y-19.419 E0.02682
G1 X4.331 Y-20.141 E0.02683
G1 X3.752 Y-20.796 E0.02726
G1 X3.091 Y-21.346 E0.02681
G1 X2.976 Y-21.416 E0.0042
G1 X3.57 Y-21.416 E0.01315
G1 X6.777 Y-21.416 E0.1
G1 X6.777 Y4.084 E0.79513
G1 X3.566 Y4.084 E0.10012
G1 X2.977 Y4.084 E0.01837
G1 X3.566 Y3.636 E0.01223
G1 X4.164 Y3.018 E0.02681
G1 X4.665 Y2.319 E0.02682
G1 X5.052 Y1.555 E0.0267
G1 X5.322 Y0.754 E0.02636
G1 X5.472 Y-0.094 E0.02685
G1 X5.493 Y-.969 E0.02729
G1 X5.385 Y-1.808 E0.02638
G1 X5.153 Y-2.636 E0.02681
G1 X4.793 Y-3.432 E0.02724
G1 X4.331 Y-4.141 E0.02639
G1 X3.764 Y-4.785 E0.02675
G1 X3.092 Y-5.345 E0.02728
G1 X2.37 Y-5.788 E0.02641
G1 X1.565 Y-6.124 E0.0272
G1 X0.745 Y-6.332 E0.02638
G1 X-.108 Y-6.417 E0.02673
G1 X-.969 Y-6.376 E0.02688
G1 X-1.826 Y-6.2 E0.02728
G1 X-2.619 Y-5.91 E0.02633
G1 X-3.377 Y-5.499 E0.02689
G1 X-4.07 Y-4.968 E0.02722
G1 X-4.66 Y-4.364 E0.02633
G1 X-5.162 Y-3.666 E0.02681
G1 X-5.554 Y-2.902 E0.02678
G1 X-5.828 Y-2.084 E0.0269
G1 X-5.978 Y-1.224 E0.02722
G1 X-5.999 Y-.364 E0.02682
G1 X-5.889 Y0.49 E0.02685
G1 X-5.655 Y1.317 E0.0268
G1 X-5.296 Y2.1 E0.02686
G1 X-4.829 Y2.818 E0.02671
G1 X-4.27 Y3.454 E0.0264
G1 X-3.597 Y4.013 E0.02728
G1 X-3.48 Y4.084 E0.00427
G1 X-4.073 Y4.084 E0.01316
G1 X-6.777 Y4.084 E0.08431
G1 X-6.776 Y-21.416 E0.79513
G1 X-4.061 Y-21.416 E0.08466
G1 X-3.485 Y-21.416 E0.01796
G1 X-4.061 Y-20.977 E0.0118
G1 X-4.66 Y-20.363 E0.02675
G1 X-5.162 Y-19.666 E0.02678
G1 X-5.558 Y-18.887 E0.02725
G1 X-5.828 Y-18.086 E0.02636
M566 X1800 Y1800
G0 F7200 X-5.342 Y-17.962
M566 X1200 Y1200
G1 F6000 X-5.479 Y-17.189 E0.02448
G1 X-5.498 Y-16.404 E0.02448
G1 X-5.398 Y-15.612 E0.02489
G1 X-5.188 Y-14.87 E0.02405
G1 X-4.858 Y-14.142 E0.02492
G1 X-4.43 Y-13.484 E0.02448
G1 X-3.909 Y-12.897 E0.02447
G1 X-3.305 Y-12.394 E0.02451
G1 X-2.634 Y-11.987 E0.02447
G1 X-1.911 Y-11.685 E0.02443
G1 X-1.15 Y-11.494 E0.02447
G1 X-.37 Y-11.417 E0.02444
G1 X0.415 Y-11.457 E0.02451
G1 X1.184 Y-11.616 E0.02449
G1 X1.92 Y-11.886 E0.02445
G1 X2.609 Y-12.264 E0.0245
G1 X3.233 Y-12.739 E0.02445
G1 X3.779 Y-13.303 E0.02448
G1 X4.236 Y-13.941 E0.02447
G1 X4.59 Y-14.639 E0.0244
G1 X4.836 Y-15.37 E0.02405
G1 X4.973 Y-16.144 E0.02451
G1 X4.992 Y-16.928 E0.02445
G1 X4.895 Y-17.707 E0.02448
G1 X4.682 Y-18.463 E0.02449
G1 X4.359 Y-19.179 E0.02449
G1 X3.932 Y-19.838 E0.02449
G1 X3.403 Y-20.436 E0.0249
G1 X2.8 Y-20.938 E0.02447
G1 X2.129 Y-21.346 E0.02449
G1 X1.406 Y-21.648 E0.02443
G1 X0.659 Y-21.838 E0.02403
G1 X-.122 Y-21.916 E0.00198
G1 X-.906 Y-21.878 E0.02447
G1 X-1.676 Y-21.722 E0.0245
G1 X-2.426 Y-21.448 E0.0249
G1 X-3.116 Y-21.069 E0.02455
G1 X-3.729 Y-20.602 E0.02403
G1 X-4.276 Y-20.041 E0.02443
G1 X-4.734 Y-19.405 E0.02444
G1 X-5.096 Y-18.693 E0.02491
G1 X-5.342 Y-17.962 E0.02405
M566 X1800 Y1800
G0 F7200 X-5.438 Y-17.986
G0 X-7.206 Y-21.846
G0 X-7.276 Y-21.916
M566 X1200 Y1200
G1 F6000 X-2.426 Y-21.916 E0.15123
G1 X-1.676 Y-21.916 E0.01536
G1 X-.906 Y-21.916 E0.00549
G1 X-.122 Y-21.916 E0.02445
G1 X0.659 Y-21.916 E0.00189
G1 X1.406 Y-21.916 E0.00794
G1 X1.984 Y-21.916 E0.01438
G1 X7.277 Y-21.916 E0.16504
G1 X7.277 Y4.584 E0.82631
G1 X1.92 Y4.584 E0.16704
G1 X1.184 Y4.584 E0.02295
G1 X0.415 Y4.584 E0.02398
G1 X-.37 Y4.584 E0.02448
G1 X-1.164 Y4.584 E0.02476
G1 X-1.912 Y4.584 E0.02332
G1 X-2.487 Y4.584 E0.01793
G1 X-7.277 Y4.584 E0.14936
G1 X-7.276 Y-21.916 E0.82631
M566 X1800 Y1800
G0 F7200 X-7.206 Y-21.846
G0 X-5.225 Y-14.857
G0 X-1.716 Y-5.814
G0 X-1.689 Y-5.718
M566 X1200 Y1200
G1 F6000 X-2.413 Y-5.453 E0.02404
G1 X-3.104 Y-5.078 E0.02451
G1 X-3.738 Y-4.593 E0.02489
G1 X-4.276 Y-4.042 E0.02401
G1 X-4.734 Y-3.405 E0.02446
G1 X-5.092 Y-2.707 E0.02446
G1 X-5.342 Y-1.961 E0.02453
G1 X-5.479 Y-1.175 E0.02488
G1 X-5.498 Y-.39 E0.02448
G1 X-5.398 Y0.389 E0.02449
G1 X-5.184 Y1.144 E0.02447
G1 X-4.857 Y1.858 E0.02449
G1 X-4.43 Y2.515 E0.02443
G1 X-3.92 Y3.094 E0.02406
G1 X-3.306 Y3.605 E0.02491
G1 X-2.634 Y4.013 E0.02451
G1 X-1.912 Y4.315 E0.0208
G1 X-1.164 Y4.505 E0.00872
G1 X-.37 Y4.583 E0.00206
G1 X0.415 Y4.543 E0.00106
G1 X1.184 Y4.384 E0.00619
G1 X1.92 Y4.114 E0.01674
G1 X2.609 Y3.736 E0.0245
G1 X3.233 Y3.261 E0.02445
G1 X3.779 Y2.697 E0.02448
G1 X4.236 Y2.059 E0.02447
G1 X4.59 Y1.361 E0.0244
G1 X4.836 Y0.63 E0.02405
G1 X4.973 Y-.144 E0.02451
G1 X4.992 Y-.943 E0.02492
G1 X4.894 Y-1.708 E0.02405
G1 X4.682 Y-2.464 E0.02448
G1 X4.353 Y-3.191 E0.02488
G1 X3.932 Y-3.838 E0.02407
G1 X3.414 Y-4.426 E0.02443
G1 X2.8 Y-4.938 E0.02493
G1 X2.142 Y-5.341 E0.02406
G1 X1.406 Y-5.648 E0.02487
G1 X0.658 Y-5.838 E0.02406
G1 X-.121 Y-5.916 E0.02441
G1 X-.906 Y-5.878 E0.02451
G1 X-1.689 Y-5.718 E0.02492
M566 X1800 Y1800
G0 F7200 X-1.552 Y-5.236
M566 X1200 Y1200
;TYPE:WALL-OUTER
G1 F3000 X-2.207 Y-4.996 E0.02175
G1 X-2.831 Y-4.657 E0.02214
G1 X-3.406 Y-4.218 E0.02256
G1 X-3.892 Y-3.72 E0.0217
G1 X-4.306 Y-3.144 E0.02212
G1 X-4.63 Y-2.512 E0.02215
G1 X-4.856 Y-1.838 E0.02217
G1 X-4.98 Y-1.126 E0.02254
G1 X-4.997 Y-.416 E0.02215
G1 X-4.907 Y0.288 E0.02213
G1 X-4.713 Y0.971 E0.02214
G1 X-4.418 Y1.617 E0.02214
G1 X-4.031 Y2.212 E0.02213
G1 X-3.57 Y2.734 E0.02172
G1 X-3.015 Y3.197 E0.02254
G1 X-2.407 Y3.566 E0.02218
G1 X-1.753 Y3.839 E0.0221
G1 X-1.077 Y4.011 E0.02175
G1 X-.358 Y4.082 E0.02253
G1 X0.351 Y4.046 E0.02214
G1 X1.047 Y3.902 E0.02216
G1 X1.713 Y3.658 E0.02212
G1 X2.336 Y3.316 E0.02216
G1 X2.9 Y2.886 E0.02211
G1 X3.394 Y2.376 E0.02214
G1 X3.807 Y1.799 E0.02213
G1 X4.128 Y1.167 E0.0221
G1 X4.35 Y0.506 E0.02174
G1 X4.474 Y-.194 E0.02217
G1 X4.491 Y-.917 E0.02255
G1 X4.403 Y-1.608 E0.02172
G1 X4.211 Y-2.292 E0.02215
G1 X3.913 Y-2.95 E0.02252
G1 X3.533 Y-3.535 E0.02175
G1 X3.064 Y-4.067 E0.02211
G1 X2.508 Y-4.531 E0.02258
G1 X1.914 Y-4.894 E0.02171
G1 X1.247 Y-5.172 E0.02253
G1 X0.571 Y-5.344 E0.02175
G1 X-.134 Y-5.415 E0.02209
G1 X-.844 Y-5.38 E0.02217
G1 X-1.552 Y-5.236 E0.02253
M566 X1800 Y1800
G0 F7200 X-1.786 Y-5.15
G0 X-1.991 Y-5.714
G0 X-1.123 Y-11.392
G0 X-1.064 Y-11.988
M566 X1200 Y1200
G1 F3000 X-.358 Y-11.918 E0.02212
G1 X0.351 Y-11.954 E0.02214
G1 X1.047 Y-12.098 E0.02216
G1 X1.713 Y-12.342 E0.02212
G1 X2.336 Y-12.684 E0.02216
G1 X2.9 Y-13.114 E0.02211
G1 X3.394 Y-13.624 E0.02214
G1 X3.807 Y-14.201 E0.02213
G1 X4.128 Y-14.833 E0.0221
G1 X4.35 Y-15.494 E0.02174
G1 X4.474 Y-16.194 E0.02217
G1 X4.491 Y-16.903 E0.02211
G1 X4.403 Y-17.608 E0.02215
G1 X4.211 Y-18.292 E0.02215
G1 X3.919 Y-18.939 E0.02213
G1 X3.533 Y-19.535 E0.02214
G1 X3.054 Y-20.076 E0.02253
G1 X2.509 Y-20.53 E0.02212
G1 X1.902 Y-20.899 E0.02215
G1 X1.247 Y-21.172 E0.02213
G1 X0.572 Y-21.344 E0.02172
G1 X-.135 Y-21.415 E0.02216
G1 X-.844 Y-21.38 E0.02213
G1 X-1.54 Y-21.239 E0.02214
G1 X-2.219 Y-20.991 E0.02254
G1 X-2.843 Y-20.649 E0.02219
G1 X-3.397 Y-20.227 E0.02172
G1 X-3.892 Y-19.719 E0.02212
G1 X-4.306 Y-19.144 E0.02209
G1 X-4.634 Y-18.499 E0.02256
G1 X-4.856 Y-17.838 E0.02174
G1 X-4.98 Y-17.139 E0.02214
G1 X-4.997 Y-16.429 E0.02215
G1 X-4.907 Y-15.712 E0.02253
G1 X-4.717 Y-15.042 E0.02172
G1 X-4.418 Y-14.383 E0.02256
G1 X-4.031 Y-13.788 E0.02213
G1 X-3.56 Y-13.257 E0.02213
G1 X-3.014 Y-12.802 E0.02216
G1 X-2.407 Y-12.434 E0.02213
G1 X-1.753 Y-12.161 E0.0221
G1 X-1.064 Y-11.988 E0.02215
M566 X1800 Y1800
G0 F7200 X-.816 Y-11.964
G0 X-.875 Y-11.367
G0 X-5.128 Y-2.722
G0 X-7.207 Y4.514
G0 X-7.777 Y5.084
M566 X1200 Y1200
G1 F3000 X-7.776 Y-22.416 E0.85749
G1 X7.777 Y-22.416 E0.48496
G1 X7.777 Y5.084 E0.85749
G1 X-7.777 Y5.084 E0.485
M566 X1800 Y1800
G0 F7200 X-7.777 Y4.834
G0 X-7.207 Y4.514
G0 X-6.051 Y3.14
M566 X1200 Y1200
;TYPE:SKIN
G1 F3000 X-5.833 Y3.358 E0.00961
M566 X1800 Y1800
G0 F7200 X-5.74 Y2.744
M566 X1200 Y1200
G1 F3000 X-6.051 Y2.433 E0.01371
M566 X1800 Y1800
G0 F7200 X-5.787 Y-4.493
M566 X1200 Y1200
G1 F3000 X-5.786 Y-12.836 E0.26015
G1 X-5.618 Y-12.578 E0.0096
G1 X-4.948 Y-11.824 E0.03145
G1 X-4.173 Y-11.178 E0.03146
G1 X-3.311 Y-10.656 E0.03142
G1 X-2.382 Y-10.267 E0.0314
G1 X-1.406 Y-10.022 E0.03138
G1 X-.406 Y-9.923 E0.03133
G1 X0.606 Y-9.975 E0.0316
G1 X1.593 Y-10.18 E0.03143
G1 X2.54 Y-10.527 E0.03145
G1 X3.423 Y-11.012 E0.03141
G1 X4.225 Y-11.621 E0.0314
G1 X4.926 Y-12.346 E0.03145
G1 X5.514 Y-13.166 E0.03146
G1 X5.787 Y-13.705 E0.01884
G1 X5.787 Y-3.637 E0.31393
G1 X5.664 Y-3.909 E0.00931
G1 X5.122 Y-4.742 E0.03099
G1 X4.457 Y-5.497 E0.03137
G1 X3.67 Y-6.152 E0.03193
G1 X2.822 Y-6.671 E0.031
G1 X1.879 Y-7.066 E0.03188
G1 X0.917 Y-7.31 E0.03095
G1 X-0.082 Y-7.41 E0.03131
G1 X-1.093 Y-7.362 E0.03156
G1 X-2.098 Y-7.154 E0.032
G1 X-3.027 Y-6.815 E0.03084
G1 X-3.917 Y-6.332 E0.03157
G1 X-4.729 Y-5.71 E0.03189
G1 X-5.42 Y-5.002 E0.03085
G1 X-5.787 Y-4.493 E0.01957
M566 X1800 Y1800
G0 F7200 X-5.371 Y-5.371
M566 X1200 Y1200
G1 F3000 X-5.561 Y-5.561 E0.00838
M566 X1800 Y1800
G0 F7200 X-5.023 Y-5.73
M566 X1200 Y1200
G1 F3000 X-5.561 Y-6.268 E0.02372
M566 X1800 Y1800
G0 F7200 X-5.561 Y-6.975
M566 X1200 Y1200
G1 F3000 X-4.644 Y-6.058 E0.04044
M566 X1800 Y1800
G0 F7200 X-4.243 Y-6.364
M566 X1200 Y1200
G1 F3000 X-5.561 Y-7.682 E0.05812
M566 X1800 Y1800
G0 F7200 X-5.561 Y-8.389
M566 X1200 Y1200
G1 F3000 X-3.814 Y-6.642 E0.07704
M566 X1800 Y1800
G0 F7200 X-3.356 Y-6.892
M566 X1200 Y1200
G1 F3000 X-5.561 Y-9.096 E0.09721
M566 X1800 Y1800
G0 F7200 X-5.561 Y-9.804
M566 X1200 Y1200
G1 F3000 X-2.87 Y-7.112 E0.11869
M566 X1800 Y1800
G0 F7200 X-2.351 Y-7.301
M566 X1200 Y1200
G1 F3000 X-5.561 Y-10.511 E0.14155
M566 X1800 Y1800
G0 F7200 X-5.561 Y-11.218
M566 X1200 Y1200
G1 F3000 X-1.791 Y-7.447 E0.16627
M566 X1800 Y1800
G0 F7200 X-1.205 Y-7.569
M566 X1200 Y1200
G1 F3000 X-5.561 Y-11.925 E0.19209
G1 X-5.649 Y-12.013
M566 X1800 Y1800
G0 F7200 X-3.361 Y-10.432
M566 X1200 Y1200
G1 F3000 X-.542 Y-7.613 E0.12431
M566 X1800 Y1800
G0 F7200 X0.166 Y-7.611
M566 X1200 Y1200
G1 F3000 X-2.212 Y-9.99 E0.10489
M566 X1800 Y1800
G0 F7200 X-1.298 Y-9.784
M566 X1200 Y1200
G1 F3000 X0.953 Y-7.532 E0.09928
M566 X1800 Y1800
G0 F7200 X1.899 Y-7.293
M566 X1200 Y1200
G1 F3000 X-.514 Y-9.706 E0.10641
M566 X1800 Y1800
G0 F7200 X0.173 Y-9.726
M566 X1200 Y1200
G1 F3000 X3.191 Y-6.708 E0.13309
G1 X3.279 Y-6.62
M566 X1800 Y1800
G0 F7200 X5.562 Y-6.458
M566 X1200 Y1200
G1 F3000 X1.95 Y-10.069 E0.15926
M566 X1800 Y1800
G0 F7200 X2.467 Y-10.26
M566 X1200 Y1200
G1 F3000 X5.562 Y-7.165 E0.13648
M566 X1800 Y1800
G0 F7200 X5.562 Y-7.872
M566 X1200 Y1200
G1 F3000 X2.943 Y-10.491 E0.11549
M566 X1800 Y1800
G0 F7200 X3.4 Y-10.741
M566 X1200 Y1200
G1 F3000 X5.562 Y-8.58 E0.09532
M566 X1800 Y1800
G0 F7200 X5.562 Y-9.287
M566 X1200 Y1200
G1 F3000 X3.819 Y-11.029 E0.07684
M566 X1800 Y1800
G0 F7200 X4.221 Y-11.334
M566 X1200 Y1200
G1 F3000 X5.562 Y-9.994 E0.05911
M566 X1800 Y1800
G0 F7200 X5.562 Y-10.701
M566 X1200 Y1200
G1 F3000 X4.589 Y-11.674 E0.04291
M566 X1800 Y1800
G0 F7200 X4.937 Y-12.033
M566 X1200 Y1200
G1 F3000 X5.562 Y-11.408 E0.02756
M566 X1800 Y1800
G0 F7200 X5.562 Y-12.115
M566 X1200 Y1200
G1 F3000 X5.256 Y-12.421 E0.01349
M566 X1800 Y1800
G0 F7200 X1.405 Y-9.908
M566 X1200 Y1200
G1 F3000 X5.562 Y-5.751 E0.18331
M566 X1800 Y1800
G0 F7200 X5.562 Y-5.044
M566 X1200 Y1200
G1 F3000 X0.818 Y-9.787 E0.20917
G1 X0.73 Y-9.875
M566 X1800 Y1800
G0 F7200 X4.388 Y-3.21
G0 X4.719 Y-2.477
G0 X5.787 Y2.295
M566 X1200 Y1200
G1 F3000 X5.787 Y3.094 E0.02491
G1 X5.328 Y3.094 E0.01431
G1 X5.514 Y2.834 E0.00997
G1 X5.787 Y2.295 E0.01884
M566 X1800 Y1800
G0 F7200 X5.787 Y-19.635
M566 X1200 Y1200
G1 F3000 X5.67 Y-19.894 E0.00886
G1 X5.326 Y-20.426 E0.01975
G1 X5.787 Y-20.426 E0.01437
G1 X5.787 Y-19.635 E0.02466
M566 X1800 Y1800
G0 F7200 X1.418 Y-21.685
G0 X0.665 Y-21.877
G0 X-.121 Y-21.955
G0 X-.91 Y-21.917
G0 X-1.538 Y-21.791
G0 X-5.535 Y-20.385
M566 X1200 Y1200
G1 F3000 X-5.841 Y-20.69 E0.01347
M566 X1800 Y1800
G0 F7200 X-6.05 Y-20.192
M566 X1200 Y1200
G1 F3000 X-5.822 Y-19.964 E0.01005
M566 X1800 Y1800
G0 F7200 X-6.455 Y-18.123
G0 X-6.288 Y-17.956
M566 X1200 Y1200
;TYPE:SKIN
G1 F3000 X-6.355 Y-17.669 E0.00743
G1 X-6.344 Y-15.89 E0.04483
G1 X-6.473 Y-15.312 E0.01492
M566 X1800 Y1800
G0 F7200 X-6.535 Y-15.374
G0 X-6.342 Y-2.1
G0 X-6.225 Y-1.983
M566 X1200 Y1200
G1 F3000 X-6.348 Y-1.752 E0.0064
G1 X-6.352 Y0.011 E0.04314
G1 X-6.435 Y0.635 E0.01541
M566 X1800 Y1800
G0 F7200 X-6.536 Y0.534
G1 F1500 E-6.5
G0 F7200 X-6.277 Y-21.896
G0 X-6.277 Y-23.331
G0 X-6.277 Y-26.001
G0 X-6.277 Y-27.436
G0 X-6.277 Y-28.416
M566 X1200 Y1200
;TYPE:WALL-INNER
G1 F1500 E6.5
G1 F6000 X-6.277 Y-32.916 E0.14032
G1 X6.277 Y-32.916 E0.39145
G1 X6.276 Y-28.416 E0.14032
G1 X-6.277 Y-28.416 E0.39142
M566 X1800 Y1800
G0 F7200 X-6.777 Y-27.916
M566 X1200 Y1200
G1 F6000 X-6.777 Y-33.416 E0.1715
G1 X6.777 Y-33.416 E0.42263
G1 X6.776 Y-27.916 E0.1715
G1 X-6.777 Y-27.916 E0.4226
M566 X1800 Y1800
G0 F7200 X-7.277 Y-27.416
M566 X1200 Y1200
G1 F6000 X-7.277 Y-33.916 E0.20268
G1 X7.277 Y-33.916 E0.45381
G1 X7.276 Y-27.416 E0.20268
G1 X-7.277 Y-27.416 E0.45378
M566 X1800 Y1800
G0 F7200 X-7.777 Y-26.916
M566 X1200 Y1200
;TYPE:WALL-OUTER
G1 F3000 X-7.777 Y-34.416 E0.23386
G1 X7.777 Y-34.416 E0.485
G1 X7.776 Y-26.916 E0.23386
G1 X-7.777 Y-26.916 E0.48496
M566 X1800 Y1800
G0 F7200 X-7.777 Y-27.166
G0 X-7.207 Y-27.486
G0 X-5.787 Y-28.906
M566 X1200 Y1200
;TYPE:SKIN
G1 F3000 X-5.787 Y-32.426 E0.10976
G1 X5.787 Y-32.426 E0.36089
G1 X5.786 Y-28.906 E0.10976
G1 X-5.787 Y-28.906 E0.36086
M566 X1800 Y1800
G0 F7200 X-5.562 Y-29.603
M566 X1200 Y1200
G1 F3000 X-5.088 Y-29.129 E0.0209
M566 X1800 Y1800
G0 F7200 X-4.381 Y-29.129
M566 X1200 Y1200
G1 F3000 X-5.562 Y-30.31 E0.05208
M566 X1800 Y1800
G0 F7200 X-5.562 Y-31.017
M566 X1200 Y1200
G1 F3000 X-3.674 Y-29.129 E0.08326
M566 X1800 Y1800
G0 F7200 X-2.967 Y-29.129
M566 X1200 Y1200
G1 F3000 X-5.562 Y-31.725 E0.11445
M566 X1800 Y1800
G0 F7200 X-5.33 Y-32.2
M566 X1200 Y1200
G1 F3000 X-2.259 Y-29.129 E0.13542
M566 X1800 Y1800
G0 F7200 X-1.552 Y-29.129
M566 X1200 Y1200
G1 F3000 X-4.623 Y-32.2 E0.13542
M566 X1800 Y1800
G0 F7200 X-3.915 Y-32.2
M566 X1200 Y1200
G1 F3000 X-.845 Y-29.129 E0.1354
M566 X1800 Y1800
G0 F7200 X-.138 Y-29.129
M566 X1200 Y1200
G1 F3000 X-3.208 Y-32.2 E0.1354
M566 X1800 Y1800
G0 F7200 X-2.501 Y-32.2
M566 X1200 Y1200
G1 F3000 X0.568 Y-29.129 E0.13538
M566 X1800 Y1800
G0 F7200 X1.275 Y-29.129
M566 X1200 Y1200
G1 F3000 X-1.794 Y-32.2 E0.13538
M566 X1800 Y1800
G0 F7200 X-1.087 Y-32.2
M566 X1200 Y1200
G1 F3000 X1.982 Y-29.129 E0.13538
M566 X1800 Y1800
G0 F7200 X2.689 Y-29.129
M566 X1200 Y1200
G1 F3000 X-.38 Y-32.2 E0.13538
M566 X1800 Y1800
G0 F7200 X0.326 Y-32.2
M566 X1200 Y1200
G1 F3000 X3.396 Y-29.129 E0.1354
M566 X1800 Y1800
G0 F7200 X4.104 Y-29.129
M566 X1200 Y1200
G1 F3000 X1.033 Y-32.2 E0.13542
M566 X1800 Y1800
G0 F7200 X1.74 Y-32.2
M566 X1200 Y1200
G1 F3000 X4.811 Y-29.129 E0.13542
M566 X1800 Y1800
G0 F7200 X5.518 Y-29.129
M566 X1200 Y1200
G1 F3000 X2.448 Y-32.2 E0.1354
M566 X1800 Y1800
G0 F7200 X3.155 Y-32.2
M566 X1200 Y1200
G1 F3000 X5.561 Y-29.793 E0.10612
M566 X1800 Y1800
G0 F7200 X5.561 Y-30.501
M566 X1200 Y1200
G1 F3000 X3.862 Y-32.2 E0.07492
M566 X1800 Y1800
G0 F7200 X4.569 Y-32.2
M566 X1200 Y1200
G1 F3000 X5.562 Y-31.207 E0.04379
M566 X1800 Y1800
G0 F7200 X5.562 Y-31.914
M566 X1200 Y1200
G1 F3000 X5.276 Y-32.2 E0.01261
M566 X1800 Y1800
G1 F1500 E-6.5
;MESH:NONMESH
G0 F600 X5.276 Y-32.2 Z7.45
G0 F7200 X4.315 Y-27.436
G0 X4.315 Y-26.001
G0 X4.315 Y-23.331
G0 X4.315 Y-21.896
G0 X5.031 Y-16.929
G0 X5.012 Y-.141
G0 X4.315 Y3.584
;TIME_ELAPSED:1041.953997
;LAYER:47
M566 X1200 Y1200
;TYPE:WALL-INNER
;MESH:Roborama2026-Lasermount.3mf
G1 F1500 E6.5
G1 F6000 X4.544 Y3.349 E0.01023
G1 X5.087 Y2.588 E0.02915
G1 X5.512 Y1.756 E0.02913
G1 X5.809 Y0.869 E0.02917
G1 X5.971 Y-0.048 E0.02904
G1 X5.994 Y-.984 E0.02919
G1 X5.876 Y-1.907 E0.02901
G1 X5.624 Y-2.804 E0.02905
G1 X5.237 Y-3.664 E0.02941
G1 X4.73 Y-4.444 E0.02901
G1 X4.114 Y-5.144 E0.02907
G1 X3.393 Y-5.747 E0.02931
G1 X2.598 Y-6.234 E0.02907
G1 X1.732 Y-6.595 E0.02926
G1 X0.832 Y-6.826 E0.02897
G1 X-0.096 Y-6.918 E0.02908
G1 X-1.03 Y-6.874 E0.02916
G1 X-1.954 Y-6.686 E0.0294
G1 X-2.825 Y-6.367 E0.02892
G1 X-3.647 Y-5.92 E0.02918
G1 X-4.397 Y-5.352 E0.02934
G1 X-5.044 Y-4.686 E0.02895
G1 X-5.59 Y-3.928 E0.02913
G1 X-6.016 Y-3.097 E0.02912
G1 X-6.073 Y-2.928 E0.00556
G1 X-6.073 Y-3.928 E0.01771
G1 X-6.073 Y-13.668 E0.30371
G1 X-6.072 Y-14.398 E0.02276
G1 X-5.742 Y-13.668 E0.00937
G1 X-5.233 Y-12.885 E0.02912
G1 X-4.616 Y-12.185 E0.0291
G1 X-3.898 Y-11.586 E0.02916
G1 X-3.1 Y-11.098 E0.02917
G1 X-2.238 Y-10.735 E0.02916
G1 X-1.332 Y-10.507 E0.02913
G1 X-.405 Y-10.415 E0.02905
G1 X0.531 Y-10.459 E0.02922
G1 X1.45 Y-10.649 E0.02926
G1 X2.327 Y-10.968 E0.0291
G1 X3.144 Y-11.416 E0.02905
G1 X3.891 Y-11.981 E0.0292
G1 X4.544 Y-12.651 E0.02917
G1 X5.087 Y-13.412 E0.02915
G1 X5.512 Y-14.244 E0.02913
G1 X5.809 Y-15.131 E0.02917
G1 X5.971 Y-16.048 E0.02904
G1 X5.994 Y-16.978 E0.02901
G1 X5.877 Y-17.905 E0.02913
G1 X5.624 Y-18.805 E0.02915
G1 X5.239 Y-19.659 E0.02921
G1 X4.73 Y-20.444 E0.02917
G1 X4.313 Y-20.916 E0.01964
G1 X6.073 Y-20.916 E0.05488
G1 X6.073 Y-18.805 E0.06582
G1 X6.073 Y-17.905 E0.01801
G1 X6.073 Y-16.978 E0.00792
G1 X6.073 Y-16.048 E0.00525
G1 X6.073 Y-15.131 E0.0104
G1 X6.073 Y-14.407 E0.0177
G1 X6.073 Y-2.804 E0.3618
G1 X6.073 Y-1.907 E0.01797
G1 X6.073 Y-.984 E0.00791
G1 X6.073 Y-0.048 E0.00528
G1 X6.073 Y0.869 E0.0104
G1 X6.073 Y1.593 E0.0177
G1 X6.073 Y3.584 E0.06208
G1 X4.315 Y3.584 E0.05482
M566 X1800 Y1800
G0 F7200 X1.186 Y4.425
G0 X0.409 Y4.584
G0 X-.38 Y4.622
G0 X-1.016 Y4.559
G0 X-4.82 Y3.584
M566 X1200 Y1200
G1 F6000 X-6.073 Y3.584 E0.03907
G1 X-6.073 Y2.333 E0.03901
G1 X-6.073 Y1.601 E0.02282
G1 X-5.743 Y2.333 E0.00935
G1 X-5.233 Y3.115 E0.02911
G1 X-4.82 Y3.584 E0.01949
M566 X1800 Y1800
G0 F7200 X-5.438 Y0.387
G0 X-6.072 Y-18.931
M566 X1200 Y1200
G1 F6000 X-6.072 Y-19.926 E0.03103
G1 X-6.072 Y-20.916 E0.03087
G1 X-4.82 Y-20.916 E0.03904
G1 X-5.044 Y-20.686 E0.01001
G1 X-5.59 Y-19.926 E0.02918
G1 X-6.018 Y-19.092 E0.01564
G1 X-6.072 Y-18.931 E0.0053
M566 X1800 Y1800
G0 F7200 X-5.556 Y-18.897
M566 X1200 Y1200
G1 F6000 X-5.828 Y-18.086 E0.02667
G1 X-5.978 Y-17.24 E0.02679
G1 X-5.999 Y-16.38 E0.02682
G1 X-5.89 Y-15.522 E0.02697
G1 X-5.659 Y-14.698 E0.02668
G1 X-5.302 Y-13.909 E0.027
G1 X-4.834 Y-13.188 E0.0268
G1 X-4.266 Y-12.544 E0.02678
G1 X-3.606 Y-11.993 E0.02681
G1 X-2.871 Y-11.544 E0.02686
G1 X-2.079 Y-11.211 E0.02679
G1 X-1.246 Y-11.001 E0.02679
G1 X-.392 Y-10.916 E0.02676
G1 X0.468 Y-10.957 E0.02685
G1 X1.313 Y-11.131 E0.0269
G1 X2.12 Y-11.425 E0.02678
G1 X2.872 Y-11.837 E0.02674
G1 X3.559 Y-12.357 E0.02687
G1 X4.159 Y-12.973 E0.02681
G1 X4.659 Y-13.673 E0.02682
G1 X5.05 Y-14.438 E0.02679
G1 X5.323 Y-15.254 E0.02683
G1 X5.472 Y-16.098 E0.02672
G1 X5.493 Y-16.953 E0.02667
G1 X5.386 Y-17.806 E0.02681
G1 X5.153 Y-18.634 E0.02682
G1 X4.799 Y-19.419 E0.02685
G1 X4.331 Y-20.141 E0.02683
G1 X3.759 Y-20.788 E0.02693
G1 X3.102 Y-21.34 E0.02676
G1 X2.978 Y-21.416 E0.00453
G1 X3.559 Y-21.416 E0.01311
G1 X6.573 Y-21.416 E0.09398
G1 X6.573 Y4.084 E0.79513
G1 X3.559 Y4.084 E0.09398
G1 X2.976 Y4.084 E0.01818
G1 X3.559 Y3.643 E0.01193
G1 X4.159 Y3.027 E0.02681
G1 X4.659 Y2.327 E0.02682
G1 X5.05 Y1.562 E0.02679
G1 X5.323 Y0.746 E0.02683
G1 X5.472 Y-0.098 E0.02672
G1 X5.493 Y-.958 E0.02682
G1 X5.385 Y-1.807 E0.02669
G1 X5.153 Y-2.633 E0.02675
G1 X4.797 Y-3.424 E0.02705
G1 X4.331 Y-4.141 E0.02666
G1 X3.764 Y-4.785 E0.02675
G1 X3.101 Y-5.34 E0.02696
G1 X2.37 Y-5.787 E0.02672
G1 X1.573 Y-6.12 E0.02693
G1 X0.745 Y-6.332 E0.02665
G1 X-.109 Y-6.417 E0.02676
G1 X-.968 Y-6.376 E0.02682
G1 X-1.817 Y-6.204 E0.02701
G1 X-2.618 Y-5.91 E0.02661
G1 X-3.375 Y-5.499 E0.02686
G1 X-4.065 Y-4.976 E0.027
G1 X-4.66 Y-4.364 E0.02662
G1 X-5.162 Y-3.666 E0.02681
G1 X-5.554 Y-2.902 E0.02678
G1 X-5.828 Y-2.086 E0.02684
G1 X-5.978 Y-1.234 E0.02698
G1 X-5.999 Y-.374 E0.02682
G1 X-5.89 Y0.48 E0.02684
G1 X-5.657 Y1.307 E0.02679
G1 X-5.303 Y2.092 E0.02685
G1 X-4.834 Y2.812 E0.02679
G1 X-4.27 Y3.452 E0.0266
G1 X-3.606 Y4.007 E0.02698
G1 X-3.48 Y4.084 E0.0046
G1 X-4.062 Y4.084 E0.01316
G1 X-6.573 Y4.084 E0.0783
G1 X-6.572 Y-21.416 E0.79513
G1 X-4.061 Y-21.416 E0.0783
G1 X-3.486 Y-21.416 E0.01793
G1 X-4.061 Y-20.979 E0.01172
G1 X-4.66 Y-20.364 E0.02677
G1 X-5.162 Y-19.665 E0.02683
G1 X-5.556 Y-18.897 E0.02691
M566 X1800 Y1800
G0 F7200 X-5.094 Y-18.702
M566 X1200 Y1200
G1 F6000 X-5.342 Y-17.962 E0.02434
G1 X-5.479 Y-17.19 E0.02445
G1 X-5.498 Y-16.405 E0.02448
G1 X-5.399 Y-15.621 E0.02464
G1 X-5.188 Y-14.87 E0.02432
G1 X-4.862 Y-14.149 E0.02467
G1 X-4.435 Y-13.491 E0.02446
G1 X-3.916 Y-12.903 E0.02446
G1 X-3.314 Y-12.4 E0.02446
G1 X-2.643 Y-11.99 E0.02452
G1 X-1.92 Y-11.687 E0.02444
G1 X-1.159 Y-11.495 E0.02447
G1 X-.379 Y-11.417 E0.02444
G1 X0.405 Y-11.455 E0.02447
G1 X1.176 Y-11.613 E0.02454
G1 X1.913 Y-11.882 E0.02446
G1 X2.6 Y-12.258 E0.02442
G1 X3.227 Y-12.733 E0.02453
G1 X3.774 Y-13.295 E0.02445
G1 X4.231 Y-13.934 E0.0245
G1 X4.588 Y-14.632 E0.02445
G1 X4.837 Y-15.377 E0.02449
G1 X4.973 Y-16.148 E0.02441
G1 X4.992 Y-16.928 E0.02433
G1 X4.895 Y-17.707 E0.02448
G1 X4.682 Y-18.462 E0.02446
G1 X4.359 Y-19.179 E0.02452
G1 X3.932 Y-19.838 E0.02449
G1 X3.409 Y-20.429 E0.02461
G1 X2.809 Y-20.933 E0.02443
G1 X2.137 Y-21.343 E0.02455
G1 X1.414 Y-21.646 E0.02444
G1 X0.654 Y-21.838 E0.02444
G1 X-.122 Y-21.916 E0.00197
G1 X-.906 Y-21.878 E0.02447
G1 X-1.676 Y-21.722 E0.0245
G1 X-2.419 Y-21.451 E0.02466
G1 X-3.108 Y-21.075 E0.02447
G1 X-3.729 Y-20.603 E0.02432
G1 X-4.276 Y-20.042 E0.02443
G1 X-4.734 Y-19.404 E0.02449
G1 X-5.094 Y-18.702 E0.0246
M566 X1800 Y1800
G0 F7200 X-5.186 Y-18.74
G0 X-7.002 Y-21.846
G0 X-7.072 Y-21.916
M566 X1200 Y1200
G1 F6000 X-2.419 Y-21.916 E0.14509
G1 X-1.676 Y-21.916 E0.01514
G1 X-.906 Y-21.916 E0.00549
G1 X-.122 Y-21.916 E0.02445
G1 X0.654 Y-21.916 E0.00187
G1 X1.414 Y-21.916 E0.00812
G1 X1.985 Y-21.916 E0.01424
G1 X7.073 Y-21.916 E0.15865
G1 X7.073 Y4.584 E0.82631
G1 X1.913 Y4.584 E0.1609
G1 X1.176 Y4.584 E0.02298
G1 X0.405 Y4.584 E0.02404
G1 X-.379 Y4.584 E0.02445
G1 X-1.16 Y4.584 E0.02435
G1 X-1.92 Y4.584 E0.0237
G1 X-2.489 Y4.584 E0.01774
G1 X-7.073 Y4.584 E0.14294
G1 X-7.072 Y-21.916 E0.82631
M566 X1800 Y1800
G0 F7200 X-7.002 Y-21.846
G0 X-5.225 Y-14.857
G0 X-1.708 Y-5.817
G0 X-1.681 Y-5.721
M566 X1200 Y1200
G1 F6000 X-2.412 Y-5.453 E0.02428
G1 X-3.103 Y-5.078 E0.02451
G1 X-3.733 Y-4.6 E0.02466
G1 X-4.276 Y-4.042 E0.02428
G1 X-4.734 Y-3.405 E0.02446
G1 X-5.092 Y-2.707 E0.02446
G1 X-5.342 Y-1.962 E0.0245
G1 X-5.479 Y-1.184 E0.02463
G1 X-5.498 Y-.4 E0.02445
G1 X-5.399 Y0.38 E0.02452
G1 X-5.186 Y1.135 E0.02446
G1 X-4.863 Y1.851 E0.02449
G1 X-4.435 Y2.509 E0.02448
G1 X-3.92 Y3.093 E0.02428
G1 X-3.314 Y3.6 E0.02464
G1 X-2.643 Y4.01 E0.02452
G1 X-1.92 Y4.313 E0.02091
G1 X-1.16 Y4.505 E0.0089
G1 X-.379 Y4.583 E0.00203
G1 X0.405 Y4.545 E0.00098
G1 X1.176 Y4.387 E0.00608
G1 X1.913 Y4.118 E0.01659
G1 X2.6 Y3.742 E0.02442
G1 X3.227 Y3.267 E0.02453
G1 X3.774 Y2.705 E0.02445
G1 X4.231 Y2.066 E0.0245
G1 X4.588 Y1.368 E0.02445
G1 X4.837 Y0.623 E0.02449
G1 X4.973 Y-.148 E0.02441
G1 X4.992 Y-.933 E0.02448
G1 X4.894 Y-1.707 E0.02433
G1 X4.682 Y-2.462 E0.02445
G1 X4.357 Y-3.184 E0.02469
G1 X3.932 Y-3.838 E0.02432
G1 X3.414 Y-4.426 E0.02443
G1 X2.809 Y-4.933 E0.02461
G1 X2.142 Y-5.34 E0.02436
G1 X1.414 Y-5.645 E0.02461
G1 X0.658 Y-5.838 E0.02433
G1 X-.122 Y-5.916 E0.02444
G1 X-.906 Y-5.878 E0.02447
G1 X-1.681 Y-5.721 E0.02466
M566 X1800 Y1800
G0 F7200 X-1.545 Y-5.238
M566 X1200 Y1200
;TYPE:WALL-OUTER
G1 F3000 X-2.206 Y-4.996 E0.02195
G1 X-2.831 Y-4.657 E0.02217
G1 X-3.401 Y-4.224 E0.02232
G1 X-3.892 Y-3.72 E0.02194
G1 X-4.306 Y-3.144 E0.02212
G1 X-4.63 Y-2.512 E0.02215
G1 X-4.856 Y-1.838 E0.02217
G1 X-4.98 Y-1.134 E0.02229
G1 X-4.997 Y-.425 E0.02211
G1 X-4.908 Y0.28 E0.02216
G1 X-4.715 Y0.963 E0.02213
G1 X-4.423 Y1.611 E0.02216
G1 X-4.036 Y2.206 E0.02213
G1 X-3.57 Y2.734 E0.02196
G1 X-3.022 Y3.193 E0.02229
G1 X-2.415 Y3.563 E0.02217
G1 X-1.761 Y3.837 E0.02211
G1 X-1.073 Y4.011 E0.02213
G1 X-.366 Y4.082 E0.02216
G1 X0.342 Y4.047 E0.0221
G1 X1.039 Y3.905 E0.02218
G1 X1.706 Y3.661 E0.02215
G1 X2.328 Y3.321 E0.0221
G1 X2.895 Y2.891 E0.02219
G1 X3.389 Y2.383 E0.02209
G1 X3.803 Y1.805 E0.02217
G1 X4.126 Y1.174 E0.0221
G1 X4.351 Y0.5 E0.02216
G1 X4.474 Y-.198 E0.0221
G1 X4.491 Y-.908 E0.02215
G1 X4.403 Y-1.608 E0.022
G1 X4.211 Y-2.291 E0.02212
G1 X3.917 Y-2.944 E0.02233
G1 X3.533 Y-3.535 E0.02198
G1 X3.064 Y-4.067 E0.02211
G1 X2.516 Y-4.526 E0.02229
G1 X1.914 Y-4.894 E0.022
G1 X1.255 Y-5.17 E0.02228
G1 X0.571 Y-5.344 E0.02201
G1 X-.135 Y-5.415 E0.02213
G1 X-.844 Y-5.38 E0.02213
G1 X-1.545 Y-5.238 E0.0223
M566 X1800 Y1800
G0 F7200 X-1.78 Y-5.152
G0 X-1.986 Y-5.715
G0 X-1.131 Y-11.393
G0 X-1.072 Y-11.989
M566 X1200 Y1200
G1 F3000 X-.366 Y-11.918 E0.02213
G1 X0.342 Y-11.953 E0.0221
G1 X1.039 Y-12.095 E0.02218
G1 X1.706 Y-12.339 E0.02215
G1 X2.328 Y-12.679 E0.0221
G1 X2.895 Y-13.109 E0.02219
G1 X3.389 Y-13.617 E0.02209
G1 X3.803 Y-14.195 E0.02217
G1 X4.126 Y-14.826 E0.0221
G1 X4.351 Y-15.5 E0.02216
G1 X4.474 Y-16.198 E0.0221
G1 X4.491 Y-16.903 E0.02199
G1 X4.403 Y-17.608 E0.02215
G1 X4.211 Y-18.291 E0.02212
G1 X3.919 Y-18.939 E0.02216
G1 X3.533 Y-19.535 E0.02214
G1 X3.059 Y-20.07 E0.02229
G1 X2.516 Y-20.526 E0.02211
G1 X1.909 Y-20.896 E0.02217
G1 X1.255 Y-21.17 E0.02211
G1 X0.567 Y-21.344 E0.02213
G1 X-.135 Y-21.415 E0.022
G1 X-.844 Y-21.38 E0.02213
G1 X-1.54 Y-21.239 E0.02214
G1 X-2.212 Y-20.994 E0.0223
G1 X-2.835 Y-20.654 E0.02213
G1 X-3.397 Y-20.227 E0.02201
G1 X-3.892 Y-19.72 E0.02209
G1 X-4.306 Y-19.143 E0.02214
G1 X-4.632 Y-18.507 E0.02228
G1 X-4.856 Y-17.838 E0.022
G1 X-4.98 Y-17.14 E0.02211
G1 X-4.997 Y-16.43 E0.02215
G1 X-4.908 Y-15.72 E0.02231
G1 X-4.717 Y-15.042 E0.02196
G1 X-4.422 Y-14.389 E0.02234
G1 X-4.036 Y-13.794 E0.02212
G1 X-3.566 Y-13.262 E0.02213
G1 X-3.022 Y-12.807 E0.02211
G1 X-2.415 Y-12.437 E0.02217
G1 X-1.761 Y-12.163 E0.02211
G1 X-1.072 Y-11.989 E0.02216
M566 X1800 Y1800
G0 F7200 X-.824 Y-11.964
G0 X-.883 Y-11.368
G0 X-5.128 Y-2.722
G0 X-7.003 Y4.514
G0 X-7.573 Y5.084
M566 X1200 Y1200
G1 F3000 X-7.572 Y-22.416 E0.85749
G1 X7.573 Y-22.416 E0.47224
G1 X7.573 Y5.084 E0.85749
G1 X-7.573 Y5.084 E0.47227
M566 X1800 Y1800
G0 F7200 X-7.573 Y4.834
G0 X-7.003 Y4.514
G0 X-5.583 Y-4.776
M566 X1200 Y1200
;TYPE:SKIN
G1 F3000 X-5.582 Y-12.538 E0.24203
G1 X-4.959 Y-11.832 E0.02936
G1 X-4.184 Y-11.186 E0.03146
G1 X-3.324 Y-10.661 E0.03142
G1 X-2.393 Y-10.269 E0.0315
G1 X-1.416 Y-10.023 E0.03142
G1 X-.418 Y-9.923 E0.03127
G1 X0.592 Y-9.971 E0.03153
G1 X1.584 Y-10.177 E0.03159
G1 X2.529 Y-10.521 E0.03136
G1 X3.411 Y-11.004 E0.03136
G1 X4.216 Y-11.612 E0.03146
G1 X4.921 Y-12.336 E0.03151
G1 X5.507 Y-13.157 E0.03145
G1 X5.583 Y-13.306 E0.00522
G1 X5.583 Y-4.03 E0.28924
G1 X5.122 Y-4.741 E0.02642
G1 X4.457 Y-5.496 E0.03137
G1 X3.679 Y-6.146 E0.03161
G1 X2.822 Y-6.671 E0.03134
G1 X1.888 Y-7.061 E0.03156
G1 X0.918 Y-7.31 E0.03123
G1 X-0.084 Y-7.41 E0.0314
G1 X-1.091 Y-7.362 E0.03144
G1 X-2.088 Y-7.159 E0.03173
G1 X-3.027 Y-6.814 E0.03119
G1 X-3.913 Y-6.333 E0.03144
G1 X-4.722 Y-5.72 E0.03165
G1 X-5.42 Y-5.002 E0.03122
G1 X-5.583 Y-4.776 E0.00869
M566 X1800 Y1800
G0 F7200 X-5.203 Y-11.766
M566 X1200 Y1200
G1 F3000 X-5.357 Y-11.613 E0.00677
M566 X1800 Y1800
G0 F7200 X-4.83 Y-11.432
M566 X1200 Y1200
G1 F3000 X-5.357 Y-10.906 E0.02322
M566 X1800 Y1800
G0 F7200 X-5.357 Y-10.199
M566 X1200 Y1200
G1 F3000 X-4.445 Y-11.11 E0.04019
M566 X1800 Y1800
G0 F7200 X-4.024 Y-10.825
M566 X1200 Y1200
G1 F3000 X-5.357 Y-9.492 E0.05878
M566 X1800 Y1800
G0 F7200 X-5.357 Y-8.785
M566 X1200 Y1200
G1 F3000 X-3.585 Y-10.557 E0.07814
M566 X1800 Y1800
G0 F7200 X-3.108 Y-10.326
M566 X1200 Y1200
G1 F3000 X-5.357 Y-8.077 E0.09917
M566 X1800 Y1800
G0 F7200 X-5.357 Y-7.37
M566 X1200 Y1200
G1 F3000 X-2.611 Y-10.116 E0.12109
M566 X1800 Y1800
G0 F7200 X-2.066 Y-9.953
M566 X1200 Y1200
G1 F3000 X-5.357 Y-6.663 E0.1451
M566 X1800 Y1800
G0 F7200 X-5.357 Y-5.956
M566 X1200 Y1200
G1 F3000 X-1.501 Y-9.811 E0.17002
M566 X1800 Y1800
G0 F7200 X-.865 Y-9.741
M566 X1200 Y1200
G1 F3000 X-4.236 Y-6.37 E0.14865
G1 X-4.324 Y-6.282
M566 X1800 Y1800
G0 F7200 X-2.742 Y-7.157
M566 X1200 Y1200
G1 F3000 X-.192 Y-9.707 E0.11245
M566 X1800 Y1800
G0 F7200 X0.55 Y-9.743
M566 X1200 Y1200
G1 F3000 X-1.731 Y-7.46 E0.10063
M566 X1800 Y1800
G0 F7200 X-.889 Y-7.595
M566 X1200 Y1200
G1 F3000 X1.428 Y-9.913 E0.1022
G1 X1.516 Y-10.001
M566 X1800 Y1800
G0 F7200 X2.488 Y-10.266
M566 X1200 Y1200
G1 F3000 X-.146 Y-7.631 E0.11617
M566 X1800 Y1800
G0 F7200 X0.505 Y-7.576
M566 X1200 Y1200
G1 F3000 X5.357 Y-12.428 E0.21396
M566 X1800 Y1800
G0 F7200 X5.357 Y-11.721
M566 X1200 Y1200
G1 F3000 X1.125 Y-7.488 E0.18664
M566 X1800 Y1800
G0 F7200 X1.687 Y-7.344
M566 X1200 Y1200
G1 F3000 X5.357 Y-11.014 E0.16184
M566 X1800 Y1800
G0 F7200 X5.357 Y-10.307
M566 X1200 Y1200
G1 F3000 X2.216 Y-7.166 E0.13851
M566 X1800 Y1800
G0 F7200 X2.715 Y-6.957
M566 X1200 Y1200
G1 F3000 X5.357 Y-9.6 E0.11653
M566 X1800 Y1800
G0 F7200 X5.357 Y-8.893
M566 X1200 Y1200
G1 F3000 X3.179 Y-6.714 E0.09607
M566 X1800 Y1800
G0 F7200 X3.618 Y-6.446
M566 X1200 Y1200
G1 F3000 X5.357 Y-8.185 E0.07668
M566 X1800 Y1800
G0 F7200 X5.357 Y-7.478
M566 X1200 Y1200
G1 F3000 X4.026 Y-6.148 E0.05867
M566 X1800 Y1800
G0 F7200 X4.411 Y-5.825
M566 X1200 Y1200
G1 F3000 X5.357 Y-6.771 E0.04172
M566 X1800 Y1800
G0 F7200 X5.357 Y-6.064
M566 X1200 Y1200
G1 F3000 X4.771 Y-5.478 E0.02584
M566 X1800 Y1800
G0 F7200 X5.102 Y-5.102
M566 X1200 Y1200
G1 F3000 X5.357 Y-5.357 E0.01124
M566 X1800 Y1800
G0 F7200 X5.583 Y2.694
M566 X1200 Y1200
G1 F3000 X5.583 Y3.094 E0.01247
G1 X5.328 Y3.094 E0.00795
G1 X5.583 Y2.694 E0.01479
M566 X1800 Y1800
G0 F7200 X5.583 Y-20.029
M566 X1200 Y1200
G1 F3000 X5.326 Y-20.426 E0.01475
G1 X5.583 Y-20.426 E0.00801
G1 X5.583 Y-20.029 E0.01238
M566 X1800 Y1800
G0 F7200 X1.426 Y-21.683
G0 X0.66 Y-21.877
G0 X-.121 Y-21.955
G0 X-.91 Y-21.917
G0 X-1.686 Y-21.76
G0 X-2.435 Y-21.487
G0 X-3.129 Y-21.108
G0 X-3.635 Y-20.723
G0 X-5.965 Y-18.43
G0 X-6.148 Y-18.246
M566 X1200 Y1200
;TYPE:SKIN
G1 F3000 X-6.214 Y-17.826 E0.00625
G1 X-6.267 Y-16.006 E0.02678
G1 X-6.12 Y-14.738 E0.01877
M566 X1800 Y1800
G0 F7200 X-5.964 Y-14.895
G0 X-6.332 Y-18.416
M566 X1200 Y1200
G1 F3000 X-6.05 Y-18.698 E0.00622
M566 X1800 Y1800
G0 F7200 X-6.129 Y-2.708
G0 X-6.23 Y-2.607
M566 X1200 Y1200
G1 F3000 X-6.126 Y-2.358 E0.00401
G1 X-6.279 Y-.791 E0.02342
G1 X-6.196 Y0.892 E0.02506
G1 X-6.157 Y1.207 E0.00472
M566 X1800 Y1800
G0 F7200 X-6.332 Y1.382
G1 F1500 E-6.5
G0 F7200 X-6.073 Y-21.896
G0 X-6.073 Y-23.331
G0 X-6.073 Y-26.001
G0 X-6.073 Y-27.436
G0 X-6.073 Y-28.416
M566 X1200 Y1200
;TYPE:WALL-INNER
G1 F1500 E6.5
G1 F6000 X-6.073 Y-32.916 E0.14032
G1 X6.073 Y-32.916 E0.37873
G1 X6.072 Y-28.416 E0.14032
G1 X-6.073 Y-28.416 E0.3787
M566 X1800 Y1800
G0 F7200 X-6.573 Y-27.916
M566 X1200 Y1200
G1 F6000 X-6.573 Y-33.416 E0.1715
G1 X6.573 Y-33.416 E0.40991
G1 X6.572 Y-27.916 E0.1715
G1 X-6.573 Y-27.916 E0.40988
M566 X1800 Y1800
G0 F7200 X-7.073 Y-27.416
M566 X1200 Y1200
G1 F6000 X-7.073 Y-33.916 E0.20268
G1 X7.073 Y-33.916 E0.44109
G1 X7.072 Y-27.416 E0.20268
G1 X-7.073 Y-27.416 E0.44106
M566 X1800 Y1800
G0 F7200 X-7.573 Y-26.916
M566 X1200 Y1200
;TYPE:WALL-OUTER
G1 F3000 X-7.573 Y-34.416 E0.23386
G1 X7.573 Y-34.416 E0.47227
G1 X7.572 Y-26.916 E0.23386
G1 X-7.573 Y-26.916 E0.47224
M566 X1800 Y1800
G0 F7200 X-7.573 Y-27.166
G0 X-7.003 Y-27.486
G0 X-5.583 Y-28.906
M566 X1200 Y1200
;TYPE:SKIN
G1 F3000 X-5.583 Y-32.426 E0.10976
G1 X5.583 Y-32.426 E0.34817
G1 X5.582 Y-28.906 E0.10976
G1 X-5.583 Y-28.906 E0.34814
M566 X1800 Y1800
G0 F7200 X-5.276 Y-32.2
M566 X1200 Y1200
G1 F3000 X-5.357 Y-32.118 E0.00359
M566 X1800 Y1800
G0 F7200 X-5.357 Y-31.411
M566 X1200 Y1200
G1 F3000 X-4.569 Y-32.2 E0.03477
M566 X1800 Y1800
G0 F7200 X-3.862 Y-32.2
M566 X1200 Y1200
G1 F3000 X-5.357 Y-30.704 E0.06595
M566 X1800 Y1800
G0 F7200 X-5.357 Y-29.997
M566 X1200 Y1200
G1 F3000 X-3.155 Y-32.2 E0.09712
M566 X1800 Y1800
G0 F7200 X-2.448 Y-32.2
M566 X1200 Y1200
G1 F3000 X-5.357 Y-29.29 E0.1283
M566 X1800 Y1800
G0 F7200 X-4.811 Y-29.129
M566 X1200 Y1200
G1 F3000 X-1.74 Y-32.2 E0.13542
M566 X1800 Y1800
G0 F7200 X-1.033 Y-32.2
M566 X1200 Y1200
G1 F3000 X-4.104 Y-29.129 E0.13542
M566 X1800 Y1800
G0 F7200 X-3.396 Y-29.129
M566 X1200 Y1200
G1 F3000 X-.326 Y-32.2 E0.1354
M566 X1800 Y1800
G0 F7200 X0.38 Y-32.2
M566 X1200 Y1200
G1 F3000 X-2.689 Y-29.129 E0.13538
M566 X1800 Y1800
G0 F7200 X-1.982 Y-29.129
M566 X1200 Y1200
G1 F3000 X1.087 Y-32.2 E0.13538
M566 X1800 Y1800
G0 F7200 X1.794 Y-32.2
M566 X1200 Y1200
G1 F3000 X-1.275 Y-29.129 E0.13538
M566 X1800 Y1800
G0 F7200 X-.568 Y-29.129
M566 X1200 Y1200
G1 F3000 X2.501 Y-32.2 E0.13538
M566 X1800 Y1800
G0 F7200 X3.208 Y-32.2
M566 X1200 Y1200
G1 F3000 X0.138 Y-29.129 E0.1354
M566 X1800 Y1800
G0 F7200 X0.845 Y-29.129
M566 X1200 Y1200
G1 F3000 X3.915 Y-32.2 E0.1354
M566 X1800 Y1800
G0 F7200 X4.623 Y-32.2
M566 X1200 Y1200
G1 F3000 X1.552 Y-29.129 E0.13542
M566 X1800 Y1800
G0 F7200 X2.259 Y-29.129
M566 X1200 Y1200
G1 F3000 X5.33 Y-32.2 E0.13542
M566 X1800 Y1800
G0 F7200 X5.357 Y-31.52
M566 X1200 Y1200
G1 F3000 X2.967 Y-29.129 E0.10541
M566 X1800 Y1800
G0 F7200 X3.674 Y-29.129
M566 X1200 Y1200
G1 F3000 X5.357 Y-30.813 E0.07424
M566 X1800 Y1800
G0 F7200 X5.357 Y-30.105
M566 X1200 Y1200
G1 F3000 X4.381 Y-29.129 E0.04304
M566 X1800 Y1800
G0 F7200 X5.088 Y-29.129
M566 X1200 Y1200
G1 F3000 X5.357 Y-29.398 E0.01186
;TIME_ELAPSED:1060.093737
G1 F1500 E-6.5
M140 S0
M204 P4000
M204 T4000
M82 ;absolute extrusion mode
M107 P1
;M104 S0
;M140 S0
;Retract the filament
G92 E1
G1 E-1 F300
G28 X0 Y0
M84
M83 ;relative extrusion mode
M104 S0
;End of Gcode
;SETTING_3 {"global_quality": "[general]\\nversion = 4\\nname = Draft #2\\ndefin
;SETTING_3 ition = custom\\n\\n[metadata]\\ntype = quality_changes\\nquality_typ
;SETTING_3 e = draft\\nsetting_version = 19\\n\\n[values]\\nacceleration_enabled
;SETTING_3  = True\\nadhesion_type = brim\\njerk_enabled = True\\nlayer_height =
;SETTING_3  0.15\\nlayer_height_0 = 0.4\\nmaterial_bed_temperature = 80\\nsuppor
;SETTING_3 t_enable = True\\nsupport_structure = tree\\nsupport_type = everywher
;SETTING_3 e\\n\\n", "extruder_quality": ["[general]\\nversion = 4\\nname = Draf
;SETTING_3 t #2\\ndefinition = custom\\n\\n[metadata]\\ntype = quality_changes\\
;SETTING_3 nquality_type = draft\\nsetting_version = 19\\nposition = 0\\n\\n[val
;SETTING_3 ues]\\nbrim_width = 10.0\\ncool_fan_full_at_height = 2\\nfill_outline
;SETTING_3 _gaps = True\\ninfill_before_walls = False\\ninfill_pattern = cubicsu
;SETTING_3 bdiv\\ninfill_sparse_density = 50\\nmaterial_print_temperature = 235.
;SETTING_3 0\\nraft_airgap = 0.4\\nskirt_line_count = 2\\nspeed_print = 100.0\\n
;SETTING_3 speed_travel = 120.0\\ntop_bottom_thickness = 2\\nwall_thickness = 2\
;SETTING_3 \nz_seam_corner = z_seam_corner_none\\nz_seam_type = shortest\\n\\n"]
;SETTING_3 }
